Timestamp,d_laser_x,d_laser_z,laser_x,laser_z,X,Y,Z,Yaw,Roll,Pitch
1740983054.381,2.043,4.038,0.272,0.336,-1.0658,-1.1994,-4.8176,34.7586,0.5298,90.3393
1740983054.46,2.043,4.038,0.272,0.336,-1.0656,-1.1995,-4.8177,34.7601,0.5426,90.324
1740983054.54,2.043,4.038,0.272,0.336,-1.0657,-1.1995,-4.8179,34.7496,0.5449,90.3379
1740983054.62,2.043,4.038,0.272,0.336,-1.0657,-1.1995,-4.8177,34.7465,0.5418,90.3374
1740983054.699,2.042,4.04,0.271,0.334,-1.0657,-1.1994,-4.8175,34.7471,0.5535,90.3362
1740983054.779,2.042,4.04,0.271,0.334,-1.0658,-1.1994,-4.8177,34.7466,0.5574,90.3206
1740983054.859,2.043,4.039,0.272,0.335,-1.0657,-1.1995,-4.8178,34.7475,0.5435,90.3272
1740983054.938,2.043,4.039,0.272,0.335,-1.0657,-1.1995,-4.8178,34.7388,0.5416,90.3276
1740983055.018,2.042,4.04,0.271,0.334,-1.0658,-1.1994,-4.8176,34.745,0.5428,90.3329
1740983055.098,2.042,4.039,0.271,0.335,-1.0656,-1.1995,-4.8177,34.7492,0.5351,90.3306
1740983055.177,2.042,4.039,0.271,0.335,-1.0657,-1.1994,-4.8178,34.741,0.5286,90.3331
1740983055.257,2.044,4.039,0.273,0.335,-1.0658,-1.1994,-4.8176,34.7454,0.5219,90.35
1740983055.337,2.043,4.039,0.272,0.335,-1.0658,-1.1995,-4.8177,34.7537,0.5286,90.3454
1740983055.416,2.043,4.04,0.272,0.334,-1.0656,-1.1994,-4.8179,34.7493,0.5305,90.3338
1740983055.496,2.043,4.039,0.272,0.335,-1.0658,-1.1994,-4.8176,34.7552,0.5328,90.3447
1740983055.575,2.044,4.039,0.273,0.335,-1.0658,-1.1994,-4.8177,34.7545,0.5343,90.3307
1740983055.655,2.044,4.038,0.273,0.336,-1.0657,-1.1995,-4.8176,34.7568,0.5334,90.3281
1740983055.735,2.043,4.04,0.272,0.334,-1.0656,-1.1995,-4.8177,34.7501,0.5384,90.3177
1740983055.814,2.044,4.038,0.273,0.336,-1.0659,-1.1994,-4.8176,34.7574,0.5467,90.3226
1740983055.894,2.044,4.039,0.273,0.335,-1.0657,-1.1995,-4.8176,34.751,0.5344,90.3297
1740983055.974,2.043,4.039,0.272,0.335,-1.0657,-1.1994,-4.8176,34.75,0.5364,90.3319
1740983056.053,2.043,4.039,0.272,0.335,-1.0657,-1.1993,-4.8174,34.7477,0.5466,90.3331
1740983056.133,2.043,4.039,0.272,0.335,-1.0656,-1.1994,-4.8178,34.7508,0.5397,90.3275
1740983056.213,2.044,4.039,0.273,0.335,-1.0656,-1.1996,-4.8178,34.7476,0.5474,90.3344
1740983056.294,2.044,4.04,0.273,0.334,-1.0657,-1.1994,-4.8177,34.7459,0.5468,90.3344
1740983056.372,2.043,4.04,0.272,0.334,-1.0656,-1.1994,-4.8177,34.75,0.5459,90.3349
1740983056.452,2.043,4.04,0.272,0.334,-1.0657,-1.1994,-4.8177,34.7519,0.5675,90.3029
1740983056.531,2.042,4.04,0.271,0.334,-1.0691,-1.1993,-4.8122,34.738,0.5513,90.3489
1740983056.611,2.045,4.038,0.275,0.335,-1.0786,-1.1997,-4.7967,34.5579,0.4094,90.4476
1740983056.691,2.045,4.038,0.276,0.333,-1.0952,-1.1999,-4.7722,34.181,0.6039,90.2441
1740983056.77,2.044,4.027,0.275,0.343,-1.1141,-1.2008,-4.7432,33.9387,0.5873,90.3281
1740983056.85,2.041,3.996,0.273,0.372,-1.13,-1.2014,-4.7173,33.6205,0.5334,90.5277
1740983056.929,2.04,3.949,0.272,0.418,-1.1406,-1.2019,-4.7006,33.4384,0.5609,90.5221
1740983057.009,2.035,3.911,0.268,0.456,-1.1469,-1.2015,-4.6904,33.3305,0.5571,90.4277
1740983057.089,2.035,3.911,0.268,0.455,-1.1506,-1.2022,-4.6846,33.2514,0.5339,90.3921
1740983057.168,2.035,3.891,0.268,0.475,-1.1533,-1.2027,-4.6805,33.2808,0.5996,90.2639
1740983057.248,2.03,3.874,0.263,0.492,-1.1583,-1.2026,-4.6725,33.1209,0.5885,90.294
1740983057.328,2.028,3.869,0.261,0.496,-1.1663,-1.2037,-4.6603,33.0208,0.7431,90.2539
1740983057.407,2.027,3.857,0.26,0.508,-1.1766,-1.2041,-4.6436,32.9371,0.6909,90.159
1740983057.487,2.027,3.857,0.261,0.507,-1.1878,-1.2036,-4.6245,32.6524,0.5504,90.3938
1740983057.566,2.024,3.841,0.258,0.522,-1.1986,-1.2042,-4.6058,32.3353,0.4381,90.3613
1740983057.646,2.037,3.813,0.272,0.549,-1.2089,-1.2045,-4.5891,32.0002,0.6155,90.2307
1740983057.726,2.039,3.786,0.274,0.576,-1.2178,-1.2042,-4.5739,31.6669,0.6258,90.2477
1740983057.806,2.033,3.76,0.268,0.601,-1.2251,-1.2048,-4.561,31.5947,0.5773,90.2221
1740983057.885,2.033,3.76,0.268,0.601,-1.2322,-1.2053,-4.5491,31.3591,0.5699,90.2539
1740983057.965,2.035,3.737,0.27,0.624,-1.237,-1.2056,-4.5404,31.3026,0.4758,90.3453
1740983058.044,2.04,3.719,0.275,0.642,-1.2378,-1.2056,-4.539,31.272,0.4733,90.3599
1740983058.124,2.042,3.708,0.277,0.653,-1.2371,-1.2059,-4.54,31.2743,0.4206,90.391
1740983058.204,2.042,3.702,0.278,0.659,-1.237,-1.2056,-4.5406,31.2527,0.4624,90.3798
1740983058.283,2.042,3.702,0.277,0.659,-1.2368,-1.2057,-4.5407,31.2688,0.4317,90.4053
1740983058.363,2.043,3.703,0.279,0.658,-1.2368,-1.2058,-4.5407,31.2661,0.432,90.4153
1740983058.443,2.042,3.707,0.277,0.654,-1.2369,-1.2057,-4.5406,31.2922,0.4448,90.3986
1740983058.522,2.041,3.704,0.276,0.657,-1.2369,-1.2058,-4.5405,31.3036,0.4546,90.3938
1740983058.602,2.042,3.704,0.277,0.657,-1.2368,-1.2057,-4.5405,31.2834,0.4442,90.4055
1740983058.682,2.042,3.704,0.277,0.657,-1.2368,-1.2057,-4.5405,31.2883,0.4465,90.39
1740983058.761,2.041,3.707,0.276,0.654,-1.2369,-1.2057,-4.5407,31.2844,0.447,90.3883
1740983058.841,2.042,3.705,0.277,0.656,-1.2368,-1.2058,-4.5405,31.2812,0.4332,90.4049
1740983058.921,2.042,3.707,0.277,0.654,-1.2369,-1.2057,-4.5405,31.2784,0.4247,90.4131
1740983059.12,2.042,3.708,0.277,0.653,-1.2368,-1.2058,-4.5407,31.2811,0.4194,90.4003
1740983059.199,2.041,3.704,0.276,0.657,-1.2369,-1.2058,-4.5404,31.2933,0.4368,90.391
1740983059.279,2.041,3.704,0.276,0.657,-1.2368,-1.2057,-4.5403,31.2888,0.4361,90.3898
1740983059.359,2.043,3.703,0.278,0.658,-1.2368,-1.2057,-4.5405,31.2931,0.4336,90.3872
1740983059.438,2.042,3.703,0.277,0.658,-1.2368,-1.2057,-4.5405,31.2913,0.4316,90.3951
1740983059.518,2.041,3.703,0.276,0.658,-1.2368,-1.2058,-4.5406,31.2906,0.4314,90.3987
1740983059.598,2.042,3.705,0.277,0.656,-1.2368,-1.2057,-4.5405,31.2905,0.4281,90.402
1740983059.677,2.042,3.705,0.277,0.656,-1.2368,-1.2057,-4.5405,31.2911,0.435,90.3916
1740983059.757,2.042,3.705,0.277,0.656,-1.2368,-1.2059,-4.5406,31.2968,0.4443,90.3762
1740983059.836,2.042,3.705,0.277,0.656,-1.2368,-1.2057,-4.5405,31.2968,0.4471,90.3728
1740983059.916,2.042,3.705,0.277,0.656,-1.2368,-1.2057,-4.5403,31.2959,0.4553,90.3454
1740983059.996,2.042,3.706,0.278,0.655,-1.2389,-1.2057,-4.5366,31.2507,0.4633,90.3309
1740983060.075,2.042,3.706,0.278,0.655,-1.2449,-1.2064,-4.5269,31.0294,0.4567,90.2547
1740983060.155,2.042,3.703,0.278,0.658,-1.2531,-1.2063,-4.5119,30.9612,0.4543,90.24
1740983060.235,2.041,3.694,0.277,0.666,-1.2624,-1.2064,-4.4948,30.6931,0.3276,90.2756
1740983060.314,2.042,3.672,0.278,0.688,-1.2717,-1.2069,-4.4788,30.464,0.4409,90.2273
1740983060.394,2.041,3.648,0.277,0.712,-1.2796,-1.2069,-4.4651,30.3656,0.4747,90.1795
1740983060.474,2.041,3.648,0.277,0.712,-1.286,-1.2073,-4.4529,30.2649,0.3258,90.2534
1740983060.553,2.042,3.623,0.278,0.737,-1.292,-1.2074,-4.4424,30.0647,0.3659,90.2448
1740983060.633,2.044,3.611,0.28,0.749,-1.297,-1.2077,-4.4329,29.9932,0.2271,90.3659
1740983060.713,2.04,3.593,0.276,0.767,-1.2995,-1.2079,-4.4283,29.8934,0.1512,90.4547
1740983060.792,2.036,3.583,0.272,0.777,-1.2994,-1.2083,-4.4285,29.901,0.1581,90.4115
1740983060.872,2.036,3.583,0.272,0.777,-1.2991,-1.2081,-4.4292,29.8732,0.1609,90.4167
1740983060.951,2.039,3.581,0.275,0.779,-1.2991,-1.2081,-4.4295,29.9093,0.1548,90.4329
1740983061.031,2.037,3.581,0.273,0.779,-1.2991,-1.2082,-4.4295,29.9066,0.1519,90.4674
1740983061.111,2.036,3.578,0.272,0.782,-1.2989,-1.2083,-4.4298,29.9419,0.1602,90.4459
1740983061.19,2.036,3.583,0.272,0.777,-1.2991,-1.2083,-4.4298,29.9344,0.1519,90.4664
1740983061.27,2.037,3.583,0.273,0.777,-1.2991,-1.2081,-4.4297,29.9392,0.1376,90.473
1740983061.35,2.036,3.582,0.272,0.778,-1.299,-1.2086,-4.4297,29.8741,0.1433,90.4769
1740983061.429,2.032,3.581,0.268,0.779,-1.2991,-1.2084,-4.4299,29.8678,0.1085,90.522
1740983061.509,2.035,3.581,0.271,0.779,-1.2991,-1.2083,-4.4297,29.9027,0.1143,90.5321
1740983061.589,2.035,3.582,0.271,0.778,-1.2991,-1.2082,-4.4297,29.8909,0.1238,90.5311
1740983061.668,2.037,3.582,0.273,0.778,-1.299,-1.2082,-4.4297,29.8783,0.1194,90.5201
1740983061.748,2.037,3.583,0.273,0.777,-1.299,-1.2084,-4.4301,29.8855,0.1293,90.5208
1740983061.827,2.039,3.582,0.275,0.778,-1.299,-1.2082,-4.4298,29.8893,0.1159,90.531
1740983061.907,2.038,3.579,0.274,0.781,-1.299,-1.2085,-4.4302,29.8866,0.1227,90.5176
1740983061.988,2.038,3.581,0.274,0.779,-1.2991,-1.2083,-4.43,29.8955,0.1243,90.5238
1740983062.066,2.032,3.581,0.268,0.779,-1.2992,-1.2082,-4.43,29.8894,0.119,90.5299
1740983062.146,2.035,3.582,0.271,0.778,-1.2991,-1.2083,-4.4301,29.8892,0.1022,90.5296
1740983062.226,2.037,3.581,0.273,0.779,-1.2992,-1.2084,-4.43,29.8806,0.0997,90.5419
1740983062.305,2.038,3.583,0.274,0.777,-1.2992,-1.2083,-4.4301,29.8783,0.0981,90.5384
1740983062.386,2.038,3.583,0.274,0.777,-1.2991,-1.2085,-4.4302,29.8835,0.0897,90.5516
1740983062.465,2.036,3.581,0.272,0.779,-1.2992,-1.2084,-4.4303,29.8768,0.092,90.5483
1740983062.544,2.04,3.581,0.276,0.779,-1.2991,-1.2085,-4.4303,29.878,0.0903,90.551
1740983062.624,2.035,3.581,0.271,0.779,-1.2992,-1.2084,-4.4302,29.858,0.0926,90.5622
1740983062.704,2.035,3.583,0.271,0.777,-1.3005,-1.2086,-4.4274,29.7658,0.0043,90.6486
1740983062.783,2.035,3.583,0.271,0.777,-1.3058,-1.2086,-4.4184,29.9095,0.0154,90.5724
1740983062.863,2.037,3.579,0.273,0.781,-1.3142,-1.2081,-4.4027,29.6156,0.1645,90.5337
1740983062.943,2.039,3.569,0.275,0.791,-1.3236,-1.209,-4.3855,29.6337,0.1485,90.6224
1740983063.022,2.035,3.55,0.271,0.81,-1.3338,-1.2095,-4.3672,29.5656,0.1566,90.6517
1740983063.102,2.043,3.525,0.279,0.835,-1.3422,-1.21,-4.3517,29.5402,0.1388,90.7436
1740983063.182,2.043,3.525,0.279,0.835,-1.3491,-1.2102,-4.3387,29.4462,0.1041,90.6943
1740983063.261,2.047,3.503,0.283,0.857,-1.3543,-1.2095,-4.3293,29.4634,0.1156,90.7875
1740983063.341,2.049,3.485,0.285,0.875,-1.3549,-1.21,-4.3279,29.469,0.1287,90.6875
1740983063.42,2.049,3.464,0.285,0.896,-1.354,-1.2105,-4.3297,29.4494,0.1307,90.6592
1740983063.5,2.049,3.466,0.285,0.894,-1.3531,-1.2106,-4.3315,29.4633,0.1187,90.6373
1740983063.58,2.049,3.466,0.285,0.894,-1.353,-1.2106,-4.332,29.4647,0.1154,90.6551
1740983063.659,2.049,3.469,0.285,0.891,-1.3529,-1.2106,-4.3321,29.4441,0.1278,90.6396
1740983063.739,2.05,3.467,0.286,0.893,-1.353,-1.2106,-4.332,29.3833,0.1244,90.6772
1740983063.819,2.05,3.47,0.286,0.89,-1.3531,-1.2107,-4.332,29.378,0.2032,90.6222
1740983063.898,2.05,3.469,0.286,0.891,-1.353,-1.2106,-4.332,29.3699,0.2118,90.5892
1740983063.978,2.05,3.469,0.286,0.891,-1.3528,-1.2107,-4.3322,29.3788,0.2083,90.5936
1740983064.058,2.049,3.471,0.285,0.889,-1.353,-1.2106,-4.3321,29.3787,0.2133,90.5998
1740983064.137,2.05,3.468,0.286,0.892,-1.353,-1.2106,-4.3322,29.379,0.2079,90.5985
1740983064.217,2.048,3.469,0.284,0.891,-1.353,-1.2106,-4.3322,29.3788,0.2111,90.5994
1740983064.296,2.05,3.468,0.286,0.892,-1.3529,-1.2107,-4.3324,29.3769,0.2045,90.61
1740983064.376,2.05,3.468,0.286,0.892,-1.3531,-1.2106,-4.3322,29.3736,0.2063,90.6192
1740983064.456,2.049,3.467,0.285,0.893,-1.3529,-1.2106,-4.3322,29.3711,0.221,90.6196
1740983064.535,2.05,3.47,0.286,0.89,-1.3531,-1.2104,-4.3321,29.3769,0.2279,90.6169
1740983064.615,2.049,3.467,0.285,0.893,-1.3532,-1.2104,-4.332,29.3727,0.2215,90.618
1740983064.695,2.049,3.468,0.285,0.892,-1.3529,-1.2106,-4.3324,29.3693,0.2139,90.6096
1740983064.774,2.049,3.468,0.285,0.892,-1.353,-1.2106,-4.3323,29.3675,0.2112,90.6197
1740983064.854,2.049,3.471,0.285,0.889,-1.3531,-1.2106,-4.3322,29.3721,0.2178,90.6265
1740983064.934,2.05,3.467,0.286,0.893,-1.353,-1.2107,-4.3323,29.3726,0.2168,90.6173
1740983065.013,2.049,3.467,0.285,0.893,-1.3529,-1.2109,-4.3325,29.3657,0.2291,90.6039
1740983065.093,2.05,3.471,0.286,0.89,-1.3535,-1.2109,-4.3303,28.7951,0.2355,90.6215
1740983065.173,2.05,3.471,0.282,0.895,-1.3545,-1.2112,-4.3232,26.5813,0.2474,90.4869
1740983066.686,2.3,3.367,0.532,0.998,-1.3958,-1.2138,-4.0918,26.807,0.105,90.5972
1740983066.765,2.205,3.367,0.441,0.993,-1.4064,-1.215,-4.0786,30.3255,-0.0306,90.5701
1740983066.845,2.155,3.272,0.39,1.089,-1.415,-1.215,-4.0662,31.332,0.0028,90.5688
1740983066.925,2.134,3.233,0.37,1.128,-1.4205,-1.2145,-4.0563,31.1901,-0.0689,90.5505
1740983067.004,2.134,3.205,0.369,1.156,-1.4221,-1.2147,-4.053,31.2627,-0.1547,90.5589
1740983067.084,2.134,3.199,0.37,1.162,-1.4224,-1.2152,-4.0532,31.2209,-0.0582,90.4944
1740983067.164,2.135,3.199,0.371,1.162,-1.4221,-1.2153,-4.0534,31.2044,-0.0812,90.5003
1740983067.243,2.132,3.198,0.368,1.163,-1.4223,-1.2153,-4.0531,31.2313,-0.0007,90.4694
1740983067.323,2.132,3.195,0.368,1.165,-1.4236,-1.215,-4.0502,30.8668,-0.0048,90.4791
1740983067.402,2.133,3.197,0.369,1.163,-1.4245,-1.2152,-4.0455,29.6133,0.0162,90.4661
1740983067.482,2.133,3.197,0.367,1.166,-1.4259,-1.2149,-4.0384,27.4795,0.0909,90.4004
1740983067.562,2.133,3.194,0.36,1.18,-1.4273,-1.2154,-4.0291,24.6491,0.0335,90.412
1740983068.119,2.231,3.18,0.458,1.194,-1.4617,-1.2167,-3.9298,24.7174,-0.0502,90.4399
1740983068.199,2.2,3.125,0.431,1.242,-1.4682,-1.2169,-3.9178,26.0593,-0.1508,90.5384
1740983068.279,2.2,3.125,0.43,1.243,-1.4739,-1.2173,-3.9055,25.8472,-0.1478,90.5311
1740983068.358,2.178,3.086,0.408,1.283,-1.4803,-1.2177,-3.8923,25.6585,-0.1064,90.5577
1740983068.438,2.177,3.066,0.406,1.304,-1.4863,-1.2173,-3.8776,25.455,-0.2141,90.5716
1740983068.518,2.179,3.052,0.407,1.319,-1.4936,-1.2169,-3.8619,25.0876,-0.1108,90.5725
1740983068.597,2.184,3.024,0.412,1.348,-1.5007,-1.2176,-3.8456,24.9544,-0.1364,90.5019
1740983068.677,2.184,3.024,0.411,1.349,-1.5076,-1.2182,-3.8298,24.7622,-0.0874,90.4277
1740983068.756,2.191,3.006,0.42,1.364,-1.5156,-1.218,-3.8138,25.2647,-0.0061,90.5421
1740983068.836,2.192,2.988,0.426,1.375,-1.524,-1.2184,-3.7999,27.265,-0.1229,90.5474
1740983068.916,2.195,2.964,0.43,1.398,-1.5317,-1.2185,-3.7865,27.928,-0.0655,90.6538
1740983068.995,2.184,2.931,0.419,1.431,-1.5385,-1.2188,-3.7723,27.8818,-0.1216,90.5692
1740983069.075,2.184,2.931,0.418,1.431,-1.5464,-1.2193,-3.7577,27.8484,-0.0834,90.4375
1740983069.155,2.182,2.916,0.417,1.446,-1.5545,-1.22,-3.7423,27.907,-0.054,90.3221
1740983069.234,2.185,2.898,0.42,1.464,-1.5626,-1.2199,-3.7255,27.9884,-0.0949,90.3313
1740983069.314,2.186,2.867,0.421,1.494,-1.5722,-1.2197,-3.7087,28.5113,-0.0283,90.4374
1740983069.394,2.188,2.85,0.423,1.511,-1.5832,-1.22,-3.6953,31.6603,-0.028,90.3137
1740983069.473,2.188,2.85,0.419,1.517,-1.5946,-1.2207,-3.6815,33.9962,0.0114,90.2745
1740983069.553,2.181,2.824,0.411,1.543,-1.6046,-1.2208,-3.6674,34.1639,0.2529,90.0418
1740983069.632,2.174,2.797,0.405,1.57,-1.6137,-1.2209,-3.6531,34.0329,0.2278,90.0366
1740983069.712,2.173,2.78,0.404,1.586,-1.623,-1.221,-3.6384,33.8058,0.2759,90.0505
1740983069.792,2.174,2.759,0.406,1.606,-1.6326,-1.2216,-3.6236,33.5946,0.4253,89.9655
1740983069.871,2.174,2.759,0.406,1.606,-1.642,-1.2215,-3.6084,33.4125,0.3778,90.0325
1740983069.951,2.172,2.735,0.404,1.63,-1.6511,-1.2215,-3.5931,33.4144,0.2763,90.0113
1740983070.031,2.173,2.708,0.405,1.656,-1.6608,-1.222,-3.5783,33.2748,0.3699,89.873
1740983070.11,2.172,2.692,0.404,1.672,-1.6704,-1.2222,-3.5633,33.2718,0.3971,89.8206
1740983070.19,2.172,2.67,0.405,1.694,-1.6801,-1.2223,-3.5477,33.0352,0.4902,89.8058
1740983070.27,2.172,2.67,0.406,1.693,-1.6896,-1.2221,-3.5324,32.6999,0.5336,89.7941
1740983070.349,2.17,2.642,0.404,1.721,-1.6986,-1.2225,-3.5169,32.6967,0.3792,89.8142
1740983070.429,2.169,2.62,0.402,1.743,-1.7086,-1.2225,-3.5021,32.819,0.4687,89.7876
1740983070.509,2.17,2.599,0.395,1.774,-1.7201,-1.2225,-3.4892,35.6625,0.4992,89.6862
1740983070.588,2.169,2.577,0.389,1.802,-1.7313,-1.2229,-3.476,36.9431,0.5952,89.6096
1740983070.668,2.169,2.577,0.39,1.801,-1.7413,-1.2231,-3.4622,36.7856,0.6729,89.6364
1740983070.748,2.17,2.567,0.391,1.81,-1.7512,-1.2235,-3.4487,36.6418,0.7759,89.553
1740983070.827,2.171,2.548,0.393,1.829,-1.761,-1.2243,-3.4351,36.5461,0.7443,89.7203
1740983070.907,2.165,2.522,0.387,1.854,-1.7705,-1.2235,-3.4207,36.5528,0.6769,89.6833
1740983070.987,2.164,2.498,0.386,1.878,-1.7805,-1.2233,-3.4065,36.5214,0.6898,89.6097
1740983071.066,2.164,2.498,0.386,1.878,-1.7905,-1.2236,-3.3925,36.4955,0.7183,89.4901
1740983071.146,2.162,2.478,0.385,1.897,-1.8005,-1.2236,-3.3783,36.2035,0.7983,89.4956
1740983071.225,2.162,2.461,0.386,1.912,-1.8105,-1.2241,-3.3637,35.9232,0.7401,89.6024
1740983071.305,2.159,2.435,0.384,1.938,-1.8208,-1.2244,-3.349,35.8267,0.6875,89.5864
1740983071.385,2.156,2.412,0.382,1.96,-1.8311,-1.2245,-3.3339,35.6377,0.7417,89.5388
1740983071.464,2.156,2.412,0.382,1.96,-1.8413,-1.2245,-3.3193,35.641,0.7726,89.5668
1740983071.544,2.156,2.391,0.382,1.98,-1.8515,-1.2245,-3.3043,35.5365,0.8073,89.5513
1740983071.624,2.153,2.37,0.38,2.0,-1.862,-1.2249,-3.2891,35.3413,0.8441,89.6809
1740983071.703,2.152,2.346,0.379,2.024,-1.8721,-1.2252,-3.2742,35.3063,0.8395,89.7466
1740983071.783,2.151,2.323,0.378,2.047,-1.8822,-1.2254,-3.259,35.3626,0.7416,89.9319
1740983071.863,2.151,2.323,0.378,2.047,-1.892,-1.2254,-3.2437,35.2429,0.5677,90.0266
1740983071.942,2.149,2.301,0.375,2.069,-1.9025,-1.2258,-3.229,35.4024,0.704,89.9801
1740983072.022,2.148,2.275,0.374,2.095,-1.9104,-1.2261,-3.2174,35.4239,0.7187,89.9898
1740983072.101,2.145,2.253,0.371,2.117,-1.9131,-1.226,-3.2139,35.4583,0.7427,90.1106
1740983072.181,2.145,2.238,0.371,2.132,-1.9119,-1.226,-3.2155,35.5176,0.7569,90.0685
1740983072.261,2.145,2.238,0.371,2.132,-1.9104,-1.2261,-3.2176,35.5178,0.7142,90.0612
1740983072.34,2.144,2.238,0.37,2.133,-1.9094,-1.226,-3.2191,35.5605,0.7013,90.0558
1740983072.42,2.144,2.243,0.37,2.128,-1.9092,-1.226,-3.2193,35.5763,0.6952,90.065
1740983072.5,2.144,2.245,0.37,2.126,-1.9092,-1.2261,-3.2194,35.5803,0.704,90.0636
1740983072.58,2.144,2.246,0.37,2.125,-1.9093,-1.226,-3.2194,35.5858,0.7092,90.0668
1740983072.659,2.144,2.246,0.37,2.125,-1.9093,-1.226,-3.2193,35.5833,0.7117,90.0665
1740983072.739,2.146,2.247,0.372,2.124,-1.9092,-1.2261,-3.2194,35.5807,0.7153,90.0657
1740983072.818,2.145,2.246,0.371,2.125,-1.9092,-1.226,-3.2194,35.5829,0.7062,90.0743
1740983072.898,2.145,2.245,0.371,2.126,-1.9092,-1.226,-3.2194,35.586,0.7072,90.0812
1740983072.978,2.145,2.246,0.371,2.125,-1.9093,-1.2261,-3.2194,35.5908,0.7136,90.0786
1740983073.057,2.145,2.246,0.371,2.125,-1.9093,-1.226,-3.2193,35.596,0.7172,90.0845
1740983073.137,2.145,2.246,0.371,2.125,-1.9092,-1.226,-3.2194,35.5869,0.7186,90.081
1740983073.217,2.145,2.245,0.371,2.126,-1.9092,-1.2261,-3.2195,35.5898,0.7237,90.0804
1740983073.296,2.145,2.245,0.371,2.126,-1.9093,-1.226,-3.2193,35.5839,0.7093,90.0938
1740983073.376,2.145,2.245,0.371,2.126,-1.9092,-1.2261,-3.2195,35.5844,0.7152,90.0839
1740983073.456,2.144,2.246,0.37,2.125,-1.9092,-1.2261,-3.2194,35.595,0.714,90.081
1740983073.535,2.144,2.246,0.37,2.125,-1.9093,-1.226,-3.2194,35.5932,0.7225,90.0797
1740983073.615,2.145,2.246,0.371,2.125,-1.9092,-1.226,-3.2193,35.5921,0.706,90.0777
1740983073.695,2.145,2.245,0.371,2.126,-1.9092,-1.226,-3.2195,35.5909,0.7117,90.0795
1740983073.774,2.145,2.245,0.371,2.126,-1.9092,-1.226,-3.2194,35.596,0.7111,90.0881
1740983073.854,2.145,2.246,0.371,2.125,-1.9093,-1.226,-3.2194,35.5928,0.7094,90.0971
1740983073.933,2.144,2.247,0.37,2.124,-1.9093,-1.2259,-3.2194,35.5987,0.707,90.1139
1740983074.013,2.146,2.246,0.372,2.125,-1.9092,-1.226,-3.2194,35.5978,0.7023,90.1199
1740983074.093,2.144,2.246,0.37,2.125,-1.9092,-1.2259,-3.2194,35.587,0.6882,90.1184
1740983074.173,2.144,2.246,0.37,2.125,-1.9093,-1.2259,-3.2194,35.5815,0.7016,90.1107
1740983074.252,2.145,2.245,0.371,2.126,-1.9092,-1.2261,-3.2195,35.5857,0.7085,90.1047
1740983074.332,2.144,2.245,0.37,2.126,-1.9093,-1.226,-3.2194,35.5866,0.7182,90.0922
1740983074.411,2.145,2.246,0.371,2.125,-1.9092,-1.2261,-3.2194,35.5861,0.7263,90.092
1740983074.491,2.143,2.246,0.369,2.125,-1.9092,-1.226,-3.2193,35.5903,0.7247,90.0914
1740983074.571,2.143,2.246,0.369,2.125,-1.9092,-1.2261,-3.2195,35.5935,0.7247,90.0902
1740983074.65,2.145,2.245,0.371,2.126,-1.9093,-1.226,-3.2195,35.593,0.7282,90.0999
1740983074.73,2.145,2.246,0.371,2.125,-1.9093,-1.226,-3.2194,35.5965,0.7341,90.0968
1740983074.809,2.144,2.246,0.37,2.125,-1.9093,-1.226,-3.2194,35.5923,0.7307,90.0892
1740983074.889,2.145,2.246,0.371,2.125,-1.9092,-1.226,-3.2195,35.5973,0.7195,90.0926
1740983074.969,2.145,2.246,0.371,2.125,-1.9092,-1.2261,-3.2196,35.589,0.719,90.0906
1740983075.048,2.145,2.246,0.371,2.125,-1.908,-1.2262,-3.2214,35.5931,0.7315,90.104
1740983075.128,2.145,2.245,0.371,2.126,-1.9051,-1.2261,-3.2256,35.6607,0.7233,90.1039
1740983075.208,2.146,2.248,0.371,2.123,-1.9016,-1.2258,-3.2303,35.6932,0.664,90.1631
1740983075.287,2.146,2.254,0.371,2.117,-1.8994,-1.2258,-3.2339,35.682,0.6943,90.1376
1740983075.367,2.146,2.254,0.371,2.117,-1.8978,-1.2258,-3.2361,35.735,0.6894,90.1183
1740983075.447,2.146,2.261,0.372,2.11,-1.8958,-1.2258,-3.2389,35.6433,0.7385,90.0889
1740983075.526,2.147,2.266,0.373,2.105,-1.8927,-1.2256,-3.2432,35.6465,0.6601,90.1135
1740983075.606,2.147,2.27,0.372,2.101,-1.8884,-1.2255,-3.2495,35.7255,0.6876,90.069
1740983075.686,2.149,2.274,0.374,2.097,-1.8837,-1.2254,-3.257,35.6939,0.7637,90.0101
1740983075.765,2.149,2.274,0.374,2.097,-1.8785,-1.2252,-3.2653,35.7137,0.8845,89.8665
1740983075.845,2.149,2.288,0.374,2.083,-1.8734,-1.2254,-3.273,35.7146,0.9289,89.7218
1740983075.925,2.149,2.298,0.374,2.074,-1.8686,-1.2253,-3.28,35.7427,0.929,89.693
1740983076.004,2.149,2.311,0.374,2.061,-1.8645,-1.2252,-3.2859,35.7478,0.9462,89.6527
1740983076.084,2.15,2.32,0.375,2.052,-1.8605,-1.2252,-3.2918,35.7848,0.9665,89.6082
1740983076.163,2.15,2.32,0.375,2.052,-1.8566,-1.2253,-3.2974,35.8305,0.9376,89.5581
1740983076.243,2.151,2.331,0.376,2.041,-1.8519,-1.225,-3.3041,35.8535,0.9516,89.5261
1740983076.323,2.152,2.341,0.377,2.031,-1.847,-1.225,-3.3111,35.8829,0.9293,89.4875
1740983076.402,2.153,2.348,0.378,2.024,-1.8418,-1.2251,-3.3184,35.8709,0.8904,89.4644
1740983076.482,2.154,2.361,0.379,2.012,-1.8371,-1.2249,-3.3256,35.9005,0.8569,89.4973
1740983076.562,2.154,2.361,0.379,2.011,-1.8319,-1.2246,-3.3324,35.8728,0.8183,89.5362
1740983076.641,2.155,2.369,0.38,2.004,-1.8272,-1.2246,-3.3393,35.8965,0.7965,89.5306
1740983076.721,2.155,2.378,0.379,1.995,-1.8229,-1.2245,-3.346,35.9236,0.8019,89.5551
1740983076.801,2.155,2.389,0.379,1.984,-1.8179,-1.2247,-3.3532,35.9398,0.813,89.5422
1740983076.88,2.155,2.404,0.379,1.969,-1.8133,-1.2246,-3.36,36.0516,0.8331,89.5928
1740983076.96,2.155,2.404,0.379,1.97,-1.8087,-1.2246,-3.3668,36.1123,0.9112,89.5793
1740983077.159,2.158,2.422,0.381,1.952,-1.7964,-1.2246,-3.3842,36.2226,0.8665,89.5722
1740983077.239,2.158,2.433,0.381,1.942,-1.7914,-1.2245,-3.391,36.2698,0.8066,89.5752
1740983077.318,2.16,2.441,0.383,1.934,-1.7866,-1.2244,-3.3977,36.2713,0.7899,89.5687
1740983077.398,2.16,2.455,0.383,1.92,-1.7821,-1.2242,-3.4041,36.2699,0.7919,89.5867
1740983077.477,2.16,2.466,0.383,1.909,-1.7774,-1.2241,-3.4108,36.2243,0.7925,89.6271
1740983077.557,2.16,2.466,0.383,1.909,-1.7725,-1.2238,-3.4177,36.234,0.7957,89.6351
1740983077.637,2.161,2.476,0.384,1.899,-1.7677,-1.224,-3.4251,36.3073,0.8502,89.6216
1740983077.716,2.161,2.485,0.384,1.89,-1.7627,-1.2241,-3.4325,36.2827,0.8969,89.5917
1740983077.796,2.164,2.492,0.387,1.883,-1.758,-1.2237,-3.4395,36.3193,0.957,89.5587
1740983077.876,2.163,2.505,0.386,1.87,-1.7534,-1.2238,-3.4463,36.3705,0.992,89.5059
1740983077.955,2.163,2.505,0.385,1.871,-1.7487,-1.2235,-3.4529,36.4092,0.9767,89.5166
1740983078.035,2.165,2.512,0.387,1.864,-1.7437,-1.2235,-3.4596,36.4988,0.9519,89.5278
1740983078.115,2.164,2.524,0.386,1.853,-1.7389,-1.2234,-3.4663,36.5719,0.9039,89.5602
1740983078.194,2.167,2.538,0.388,1.839,-1.734,-1.2234,-3.4729,36.6575,0.8794,89.5617
1740983078.274,2.167,2.541,0.388,1.836,-1.7295,-1.2236,-3.4794,36.6674,0.8752,89.5428
1740983078.354,2.169,2.541,0.39,1.836,-1.7253,-1.2233,-3.4853,36.7054,0.8754,89.5579
1740983078.433,2.169,2.56,0.39,1.817,-1.7211,-1.2234,-3.4909,36.683,0.8458,89.5691
1740983078.513,2.17,2.571,0.391,1.806,-1.7168,-1.2232,-3.4969,36.6555,0.8414,89.6169
1740983078.593,2.171,2.573,0.392,1.804,-1.7124,-1.2231,-3.503,36.6448,0.8285,89.645
1740983078.672,2.171,2.573,0.392,1.804,-1.7078,-1.2232,-3.5093,36.6402,0.793,89.6865
1740983078.752,2.17,2.581,0.391,1.797,-1.7031,-1.2229,-3.5158,36.6788,0.7958,89.6973
1740983078.832,2.172,2.595,0.393,1.783,-1.6986,-1.223,-3.5222,36.7076,0.8271,89.669
1740983078.911,2.173,2.605,0.394,1.773,-1.6941,-1.2231,-3.5287,36.7949,0.8284,89.7141
1740983078.991,2.173,2.612,0.394,1.766,-1.6895,-1.2232,-3.5354,36.8154,0.8688,89.7126
1740983079.071,2.173,2.612,0.394,1.767,-1.6852,-1.2227,-3.5414,36.8439,0.8967,89.7227
1740983079.15,2.174,2.62,0.394,1.759,-1.6807,-1.2228,-3.5476,36.8492,0.844,89.761
1740983079.23,2.175,2.636,0.395,1.743,-1.6758,-1.2226,-3.554,36.8978,0.7992,89.7488
1740983079.309,2.176,2.646,0.396,1.733,-1.6712,-1.2225,-3.5603,36.9487,0.7315,89.761
1740983079.389,2.177,2.654,0.397,1.725,-1.6667,-1.2225,-3.5663,36.9139,0.6823,89.785
1740983079.469,2.177,2.654,0.397,1.725,-1.6625,-1.2223,-3.572,36.8666,0.6606,89.7705
1740983079.548,2.177,2.661,0.398,1.718,-1.6582,-1.2223,-3.5778,36.823,0.6015,89.8341
1740983079.628,2.178,2.673,0.399,1.706,-1.6533,-1.2219,-3.5843,36.7902,0.5896,89.8728
1740983079.708,2.181,2.682,0.402,1.697,-1.6483,-1.2218,-3.5916,36.7791,0.5988,89.9186
1740983079.907,2.181,2.697,0.402,1.682,-1.6347,-1.2219,-3.6114,36.7768,0.7465,89.8278
1740983079.986,2.18,2.706,0.4,1.673,-1.6293,-1.2221,-3.6192,36.8498,0.7976,89.8164
1740983080.066,2.18,2.706,0.4,1.674,-1.6241,-1.2219,-3.6265,36.9088,0.8016,89.8231
1740983080.146,2.182,2.727,0.402,1.653,-1.6188,-1.2216,-3.6338,36.9489,0.7824,89.8498
1740983080.225,2.183,2.738,0.403,1.643,-1.6134,-1.221,-3.6408,37.0401,0.7422,89.8332
1740983080.305,2.186,2.748,0.405,1.633,-1.608,-1.2209,-3.6482,37.0577,0.7561,89.8209
1740983080.385,2.189,2.761,0.408,1.62,-1.6027,-1.221,-3.6557,37.0823,0.7368,89.8323
1740983080.464,2.189,2.761,0.408,1.62,-1.5973,-1.2208,-3.6631,37.0825,0.7204,89.8315
1740983080.544,2.189,2.771,0.408,1.61,-1.592,-1.2207,-3.6702,37.068,0.6989,89.862
1740983080.624,2.189,2.785,0.409,1.596,-1.5864,-1.221,-3.6779,37.0263,0.6485,89.9461
1740983080.703,2.19,2.795,0.409,1.586,-1.5812,-1.2209,-3.6852,37.0389,0.6639,89.9649
1740983080.783,2.191,2.809,0.41,1.573,-1.5757,-1.2206,-3.6926,37.1082,0.6104,90.0054
1740983080.862,2.191,2.809,0.41,1.573,-1.5702,-1.2206,-3.7003,37.1419,0.6349,90.0453
1740983080.942,2.193,2.814,0.412,1.568,-1.5652,-1.2201,-3.7075,37.1956,0.6858,90.0662
1740983081.022,2.192,2.829,0.411,1.553,-1.56,-1.2203,-3.7146,37.2131,0.6337,90.1203
1740983081.101,2.195,2.835,0.413,1.548,-1.5546,-1.2204,-3.7218,37.2658,0.573,90.1737
1740983081.181,2.196,2.847,0.414,1.536,-1.5491,-1.2201,-3.7289,37.2847,0.4854,90.1839
1740983081.261,2.196,2.847,0.414,1.536,-1.5437,-1.2201,-3.7361,37.2751,0.4349,90.1876
1740983081.34,2.197,2.858,0.415,1.525,-1.5386,-1.2201,-3.7431,37.241,0.443,90.1764
1740983081.42,2.198,2.868,0.417,1.514,-1.5336,-1.2195,-3.75,37.172,0.4419,90.2323
1740983081.499,2.198,2.879,0.417,1.503,-1.5281,-1.2201,-3.7578,37.1513,0.4367,90.2818
1740983081.579,2.198,2.891,0.417,1.492,-1.5223,-1.2204,-3.7659,37.1653,0.4214,90.3094
1740983081.659,2.198,2.891,0.417,1.491,-1.517,-1.2194,-3.7737,37.1515,0.4965,90.2957
1740983081.738,2.2,2.908,0.419,1.475,-1.5114,-1.2196,-3.7815,37.1548,0.5455,90.2725
1740983081.818,2.201,2.914,0.42,1.469,-1.5061,-1.2189,-3.7892,37.2141,0.6122,90.2312
1740983081.898,2.203,2.926,0.421,1.458,-1.5008,-1.2187,-3.7964,37.2937,0.6055,90.2193
1740983081.977,2.204,2.939,0.422,1.445,-1.4952,-1.2186,-3.8041,37.3393,0.5823,90.2068
1740983082.057,2.204,2.939,0.422,1.446,-1.4899,-1.2188,-3.8115,37.4145,0.5771,90.1889
1740983082.137,2.206,2.948,0.423,1.437,-1.4844,-1.2185,-3.819,37.47,0.5807,90.1728
1740983082.216,2.207,2.966,0.424,1.42,-1.4788,-1.2182,-3.8264,37.5289,0.5496,90.1668
1740983082.296,2.209,2.967,0.426,1.419,-1.4732,-1.2183,-3.8342,37.5306,0.5526,90.1372
1740983082.376,2.211,2.985,0.428,1.401,-1.4677,-1.2181,-3.8415,37.5254,0.5324,90.1707
1740983082.455,2.211,2.985,0.428,1.401,-1.4618,-1.2179,-3.8494,37.5019,0.509,90.1799
1740983082.535,2.21,2.999,0.427,1.387,-1.4565,-1.2178,-3.857,37.4902,0.5524,90.1428
1740983082.615,2.213,3.011,0.43,1.375,-1.4508,-1.218,-3.8648,37.5549,0.5118,90.1515
1740983082.694,2.215,3.016,0.431,1.371,-1.4451,-1.2177,-3.8725,37.6222,0.5242,90.1718
1740983082.774,2.214,3.027,0.43,1.36,-1.4398,-1.2172,-3.8798,37.651,0.5679,90.1851
1740983082.854,2.214,3.027,0.43,1.361,-1.4344,-1.217,-3.8869,37.7386,0.5093,90.2584
1740983082.933,2.217,3.043,0.433,1.345,-1.4288,-1.217,-3.8943,37.7719,0.4773,90.2544
1740983083.013,2.217,3.053,0.433,1.335,-1.4232,-1.217,-3.9016,37.773,0.4005,90.2497
1740983083.092,2.22,3.073,0.435,1.315,-1.4178,-1.2167,-3.9088,37.7934,0.4125,90.2413
1740983083.172,2.222,3.082,0.438,1.306,-1.4123,-1.2165,-3.9159,37.7054,0.3958,90.25
1740983083.252,2.222,3.082,0.438,1.306,-1.4073,-1.2161,-3.9229,37.6922,0.4061,90.2867
1740983083.331,2.223,3.089,0.439,1.299,-1.4017,-1.2159,-3.9304,37.6932,0.4244,90.3198
1740983083.411,2.225,3.106,0.441,1.282,-1.3963,-1.2159,-3.9382,37.72,0.4933,90.2736
1740983083.491,2.225,3.109,0.441,1.279,-1.3911,-1.2162,-3.9462,37.6984,0.596,90.2089
1740983083.57,2.225,3.125,0.441,1.263,-1.3857,-1.2161,-3.9534,37.7235,0.6463,90.2373
1740983083.65,2.226,3.125,0.442,1.264,-1.3808,-1.2159,-3.9609,37.7519,0.703,90.1728
1740983083.73,2.228,3.138,0.443,1.251,-1.3749,-1.2158,-3.9682,37.8245,0.6817,90.1733
1740983083.809,2.229,3.151,0.444,1.239,-1.3697,-1.2154,-3.9752,37.9199,0.6785,90.192
1740983083.889,2.231,3.164,0.445,1.227,-1.3643,-1.2152,-3.9824,37.9967,0.6844,90.1712
1740983083.969,2.231,3.177,0.445,1.214,-1.3587,-1.2148,-3.99,38.0458,0.6819,90.1635
1740983084.048,2.232,3.177,0.446,1.215,-1.3529,-1.2145,-3.9973,38.0874,0.6794,90.0977
1740983084.128,2.234,3.183,0.448,1.209,-1.3472,-1.2145,-4.0048,38.0898,0.6927,90.0977
1740983084.207,2.232,3.2,0.446,1.192,-1.3414,-1.2146,-4.0126,38.0665,0.6125,90.1086
1740983084.287,2.233,3.213,0.447,1.178,-1.3358,-1.2147,-4.0199,38.0185,0.5511,90.169
1740983084.368,2.233,3.218,0.447,1.174,-1.3301,-1.2141,-4.0274,38.0662,0.5663,90.1878
1740983084.446,2.232,3.218,0.446,1.174,-1.3246,-1.2142,-4.0348,38.1272,0.5393,90.2385
1740983084.526,2.233,3.231,0.447,1.161,-1.3204,-1.2141,-4.0403,38.1215,0.5632,90.2453
1740983084.606,2.239,3.246,0.452,1.147,-1.3198,-1.2141,-4.0412,38.144,0.5468,90.2667
1740983084.685,2.237,3.252,0.451,1.141,-1.3202,-1.2141,-4.0408,38.1255,0.5439,90.2606
1740983084.766,2.237,3.252,0.451,1.141,-1.3205,-1.214,-4.0404,38.1163,0.5455,90.274
1740983084.845,2.237,3.257,0.451,1.136,-1.3205,-1.214,-4.0405,38.1242,0.5397,90.2788
1740983084.924,2.238,3.253,0.452,1.14,-1.3206,-1.2138,-4.0402,38.115,0.5419,90.2917
1740983085.004,2.238,3.255,0.452,1.138,-1.3205,-1.2141,-4.0406,38.1141,0.534,90.271
1740983085.083,2.238,3.257,0.452,1.136,-1.3206,-1.2141,-4.0406,38.1095,0.5215,90.2784
1740983085.164,2.238,3.257,0.452,1.136,-1.3206,-1.2141,-4.0406,38.1173,0.5256,90.2975
1740983085.243,2.239,3.252,0.453,1.141,-1.3205,-1.2141,-4.0405,38.1146,0.5126,90.2863
1740983085.322,2.236,3.257,0.45,1.136,-1.3206,-1.2141,-4.0406,38.1228,0.5203,90.2689
1740983085.402,2.237,3.251,0.451,1.142,-1.3207,-1.2141,-4.0406,38.1295,0.5173,90.2752
1740983085.482,2.239,3.252,0.452,1.141,-1.3205,-1.2142,-4.0409,38.1351,0.5296,90.2632
1740983085.562,2.239,3.252,0.452,1.141,-1.3207,-1.2142,-4.0408,38.1371,0.5207,90.2619
1740983085.641,2.237,3.257,0.45,1.136,-1.3206,-1.2141,-4.0407,38.1341,0.5186,90.2596
1740983085.721,2.239,3.255,0.452,1.138,-1.3206,-1.2142,-4.0408,38.1362,0.5168,90.2512
1740983085.8,2.237,3.254,0.45,1.139,-1.3206,-1.2142,-4.0409,38.1398,0.5086,90.2487
1740983085.88,2.242,3.252,0.455,1.141,-1.3207,-1.2142,-4.0407,38.1379,0.5007,90.2589
1740983085.96,2.242,3.252,0.455,1.141,-1.3207,-1.2142,-4.0407,38.1287,0.4977,90.2482
1740983086.039,2.235,3.252,0.449,1.141,-1.3207,-1.2142,-4.0408,38.1327,0.4974,90.2601
1740983086.119,2.238,3.257,0.452,1.136,-1.3205,-1.2142,-4.041,38.1251,0.5015,90.2646
1740983086.199,2.235,3.255,0.449,1.138,-1.3207,-1.2142,-4.0409,38.1323,0.5035,90.2604
1740983086.278,2.236,3.254,0.45,1.139,-1.3206,-1.2142,-4.0409,38.1289,0.4946,90.2569
1740983086.358,2.236,3.254,0.45,1.139,-1.3208,-1.2142,-4.0408,38.1249,0.5003,90.2625
1740983086.438,2.239,3.255,0.452,1.138,-1.3206,-1.2142,-4.041,38.1305,0.5026,90.2469
1740983086.517,2.238,3.254,0.452,1.138,-1.3209,-1.2142,-4.0406,38.0471,0.485,90.2505
1740983086.597,2.24,3.256,0.454,1.136,-1.3226,-1.2142,-4.038,38.0577,0.4907,90.2377
1740983086.677,2.24,3.252,0.454,1.14,-1.3264,-1.2145,-4.0334,38.0817,0.5191,90.1928
1740983086.756,2.24,3.252,0.454,1.139,-1.3318,-1.2142,-4.0261,37.9474,0.562,90.1377
1740983086.836,2.236,3.245,0.45,1.147,-1.3388,-1.2143,-4.0169,37.9924,0.5476,90.1291
1740983086.915,2.234,3.237,0.449,1.153,-1.3464,-1.2149,-4.0069,37.8472,0.5847,90.083
1740983086.995,2.233,3.224,0.449,1.165,-1.3539,-1.2153,-3.9968,37.7431,0.6576,90.0848
1740983087.075,2.233,3.201,0.449,1.187,-1.3609,-1.2154,-3.9874,37.6203,0.6286,90.1793
1740983087.154,2.233,3.201,0.45,1.186,-1.367,-1.2156,-3.9786,37.4009,0.6165,90.1879
1740983087.234,2.232,3.184,0.45,1.202,-1.373,-1.216,-3.9708,37.3254,0.6473,90.2155
1740983087.314,2.23,3.174,0.448,1.211,-1.3786,-1.216,-3.963,37.229,0.6661,90.1391
1740983087.393,2.23,3.156,0.449,1.228,-1.3844,-1.2167,-3.9551,37.1333,0.6507,90.1883
1740983087.473,2.229,3.143,0.448,1.241,-1.3909,-1.2171,-3.9462,37.0941,0.5796,90.2789
1740983087.553,2.229,3.143,0.448,1.241,-1.3971,-1.2171,-3.9368,37.0834,0.4443,90.3519
1740983087.632,2.227,3.135,0.446,1.249,-1.4035,-1.2164,-3.9276,37.0632,0.375,90.3227
1740983087.712,2.225,3.122,0.444,1.261,-1.4094,-1.2169,-3.9198,37.0321,0.4266,90.2193
1740983087.792,2.223,3.105,0.442,1.279,-1.4152,-1.2174,-3.9118,37.1293,0.3715,90.2185
1740983087.871,2.222,3.098,0.441,1.285,-1.4208,-1.2175,-3.9042,37.0306,0.4038,90.2007
1740983087.951,2.222,3.098,0.442,1.285,-1.4267,-1.2173,-3.8957,36.9446,0.4267,90.2261
1740983088.03,2.22,3.085,0.442,1.294,-1.4321,-1.2176,-3.8877,36.34,0.5358,90.2191
1740983088.11,2.219,3.069,0.445,1.305,-1.4373,-1.217,-3.8791,35.4517,0.5332,90.1904
1740983088.19,2.216,3.05,0.443,1.323,-1.4425,-1.2168,-3.8701,35.2549,0.4842,90.2311
1740983088.269,2.213,3.036,0.44,1.337,-1.4484,-1.2176,-3.8616,35.2037,0.4437,90.2141
1740983088.349,2.213,3.036,0.44,1.336,-1.454,-1.2178,-3.8539,35.074,0.4706,90.1561
1740983088.429,2.213,3.02,0.441,1.351,-1.4589,-1.218,-3.846,34.901,0.4494,90.1702
1740983088.508,2.213,3.007,0.441,1.364,-1.4644,-1.2179,-3.8383,34.8621,0.4761,90.1767
1740983088.588,2.21,3.001,0.438,1.37,-1.4694,-1.218,-3.8305,34.8147,0.5496,90.0963
1740983088.667,2.21,2.989,0.44,1.379,-1.4742,-1.2181,-3.8222,34.2912,0.5352,90.1159
1740983088.747,2.21,2.989,0.444,1.374,-1.478,-1.2184,-3.8134,32.5065,0.5569,90.1401
1740983088.827,2.21,2.974,0.445,1.388,-1.4828,-1.2189,-3.8043,31.9927,0.4496,90.2704
1740983088.907,2.209,2.964,0.444,1.398,-1.488,-1.2196,-3.7959,31.8728,0.5102,90.2734
1740983088.986,2.212,2.946,0.447,1.415,-1.4933,-1.2193,-3.787,31.8159,0.4676,90.2934
1740983089.066,2.211,2.934,0.446,1.427,-1.4983,-1.219,-3.7781,31.7931,0.4516,90.3263
1740983089.145,2.211,2.934,0.446,1.427,-1.5033,-1.2194,-3.7697,31.7895,0.4083,90.3883
1740983089.225,2.211,2.924,0.446,1.437,-1.5079,-1.2196,-3.7617,31.744,0.3676,90.3646
1740983089.305,2.212,2.917,0.447,1.444,-1.5126,-1.2195,-3.7537,31.8009,0.3334,90.3232
1740983089.384,2.212,2.906,0.447,1.456,-1.5175,-1.2199,-3.7459,31.8445,0.3263,90.2757
1740983089.464,2.212,2.887,0.447,1.475,-1.5224,-1.2199,-3.7378,31.9058,0.3459,90.2593
1740983089.544,2.213,2.887,0.448,1.475,-1.5272,-1.2202,-3.73,31.965,0.336,90.2063
1740983089.623,2.212,2.874,0.447,1.488,-1.5322,-1.2207,-3.7216,32.0412,0.3121,90.2437
1740983089.703,2.212,2.865,0.447,1.497,-1.5373,-1.2211,-3.7132,32.0092,0.3039,90.2041
1740983089.783,2.211,2.857,0.446,1.505,-1.5426,-1.2207,-3.7046,31.9316,0.4072,90.1722
1740983089.862,2.211,2.857,0.446,1.504,-1.548,-1.2203,-3.6957,31.8496,0.4403,90.2279
1740983089.942,2.213,2.845,0.448,1.516,-1.5528,-1.2205,-3.6871,31.8187,0.3659,90.1895
1740983090.022,2.211,2.833,0.446,1.528,-1.5578,-1.2209,-3.679,31.7515,0.3598,90.1544
1740983090.101,2.213,2.821,0.448,1.54,-1.5624,-1.2212,-3.6716,31.7005,0.3935,90.1341
1740983090.181,2.213,2.805,0.448,1.556,-1.5666,-1.2211,-3.6644,31.7029,0.3729,90.1039
1740983090.261,2.213,2.805,0.448,1.556,-1.571,-1.2214,-3.657,31.7407,0.4352,90.0428
1740983090.34,2.211,2.792,0.446,1.569,-1.5754,-1.2213,-3.6498,31.7558,0.4516,90.0056
1740983090.42,2.212,2.783,0.447,1.578,-1.5799,-1.2214,-3.6423,31.7314,0.4533,89.9627
1740983090.499,2.212,2.777,0.447,1.584,-1.5848,-1.2213,-3.6344,31.6772,0.4483,89.9654
1740983090.579,2.212,2.761,0.447,1.6,-1.5894,-1.2214,-3.6265,31.6633,0.4917,89.9977
1740983090.659,2.212,2.761,0.447,1.6,-1.5943,-1.2219,-3.6186,31.6014,0.5551,89.9529
1740983090.738,2.213,2.754,0.448,1.607,-1.5991,-1.2217,-3.6108,31.6212,0.6002,89.9418
1740983090.818,2.212,2.739,0.447,1.622,-1.6037,-1.222,-3.603,31.6028,0.5937,89.9627
1740983090.898,2.212,2.727,0.447,1.634,-1.6082,-1.2222,-3.5954,31.5998,0.5755,90.0144
1740983090.977,2.211,2.72,0.446,1.641,-1.6127,-1.2221,-3.5877,31.5828,0.557,90.0332
1740983091.057,2.211,2.72,0.446,1.641,-1.617,-1.2223,-3.58,31.6819,0.466,90.0438
1740983091.136,2.213,2.702,0.448,1.659,-1.6217,-1.2226,-3.5724,31.629,0.4949,90.0057
1740983091.216,2.213,2.693,0.448,1.668,-1.6263,-1.2226,-3.5643,31.6886,0.5011,89.9448
1740983091.296,2.212,2.681,0.447,1.68,-1.6312,-1.2227,-3.5562,31.8112,0.503,89.8992
1740983091.376,2.212,2.673,0.447,1.688,-1.6367,-1.2228,-3.5475,31.8609,0.5405,89.8262
1740983091.455,2.212,2.673,0.447,1.688,-1.6421,-1.2226,-3.5384,31.8327,0.5405,89.8402
1740983091.535,2.212,2.664,0.447,1.697,-1.6477,-1.2233,-3.5296,31.6979,0.6104,89.8452
1740983091.614,2.212,2.646,0.447,1.715,-1.6527,-1.2232,-3.5213,31.5437,0.6955,89.803
1740983091.694,2.211,2.64,0.446,1.721,-1.6578,-1.2228,-3.5123,31.5262,0.6138,89.9066
1740983091.774,2.212,2.621,0.447,1.74,-1.6628,-1.2232,-3.5039,31.5993,0.5574,89.8466
1740983091.853,2.212,2.621,0.447,1.74,-1.668,-1.2239,-3.4953,31.5395,0.5597,89.834
1740983091.933,2.212,2.616,0.447,1.745,-1.6732,-1.2239,-3.4864,31.4186,0.5651,89.7939
1740983092.013,2.212,2.598,0.447,1.763,-1.6784,-1.2238,-3.4777,31.4486,0.5853,89.7565
1740983092.092,2.212,2.59,0.447,1.771,-1.6833,-1.2232,-3.4689,31.4242,0.5645,89.72
1740983092.172,2.214,2.572,0.449,1.789,-1.6885,-1.2233,-3.4605,31.3715,0.5955,89.7004
1740983092.252,2.214,2.572,0.449,1.789,-1.6932,-1.2233,-3.4519,31.3435,0.546,89.7216
1740983092.331,2.214,2.564,0.449,1.797,-1.6983,-1.2237,-3.4431,31.2649,0.5883,89.751
1740983092.411,2.212,2.548,0.448,1.813,-1.7033,-1.2236,-3.4347,31.2018,0.6186,89.748
1740983092.49,2.212,2.54,0.447,1.821,-1.7086,-1.2236,-3.4264,31.422,0.6327,89.7169
1740983092.57,2.212,2.528,0.447,1.833,-1.7138,-1.2244,-3.4183,31.7217,0.607,89.7605
1740983092.65,2.212,2.528,0.447,1.833,-1.7187,-1.2247,-3.4102,31.7007,0.6445,89.7354
1740983092.729,2.213,2.51,0.448,1.851,-1.7234,-1.2236,-3.4017,31.7175,0.5736,89.7961
1740983092.809,2.213,2.5,0.448,1.861,-1.7283,-1.2236,-3.3936,31.7218,0.623,89.7572
1740983092.889,2.214,2.489,0.449,1.872,-1.7328,-1.2236,-3.386,31.77,0.6402,89.6866
1740983092.968,2.215,2.482,0.45,1.88,-1.7378,-1.2244,-3.3783,32.0457,0.6321,89.6697
1740983093.048,2.215,2.482,0.447,1.882,-1.7435,-1.2244,-3.3715,33.4094,0.6228,89.6272
1740983093.128,2.213,2.466,0.442,1.902,-1.7495,-1.2245,-3.3646,34.6126,0.7046,89.632
1740983093.207,2.209,2.453,0.438,1.915,-1.7545,-1.2247,-3.3576,34.6374,0.7196,89.665
1740983093.287,2.21,2.448,0.439,1.92,-1.7588,-1.2248,-3.3511,34.5236,0.7232,89.6816
1740983093.367,2.21,2.438,0.44,1.929,-1.7628,-1.2248,-3.345,34.3859,0.7797,89.6495
1740983093.446,2.21,2.438,0.44,1.929,-1.7671,-1.2247,-3.3385,34.3571,0.7622,89.6507
1740983093.526,2.208,2.428,0.438,1.939,-1.7711,-1.2251,-3.3319,34.3913,0.6466,89.668
1740983093.606,2.208,2.414,0.438,1.953,-1.7754,-1.2251,-3.3252,34.2772,0.6959,89.608
1740983093.685,2.209,2.405,0.439,1.961,-1.7797,-1.2252,-3.3184,34.1539,0.6967,89.5938
1740983093.765,2.207,2.399,0.437,1.967,-1.7843,-1.2247,-3.3113,34.107,0.6917,89.5664
1740983093.844,2.207,2.399,0.438,1.967,-1.7888,-1.225,-3.3046,34.0379,0.7648,89.5062
1740983093.924,2.206,2.39,0.437,1.976,-1.7937,-1.2247,-3.297,33.9339,0.7896,89.4916
1740983094.004,2.208,2.375,0.439,1.991,-1.7988,-1.2248,-3.2891,33.9299,0.8662,89.4319
1740983094.083,2.204,2.368,0.435,1.997,-1.8045,-1.2248,-3.2804,33.8248,0.8907,89.4687
1740983094.163,2.203,2.353,0.434,2.012,-1.8102,-1.2245,-3.2711,33.7887,0.8833,89.53
1740983094.243,2.203,2.353,0.434,2.012,-1.8161,-1.2242,-3.2615,33.7452,0.897,89.5755
1740983094.322,2.204,2.343,0.436,2.022,-1.8216,-1.2257,-3.2533,33.6587,0.9198,89.5734
1740983094.402,2.202,2.327,0.434,2.038,-1.8273,-1.2261,-3.2442,33.6573,0.908,89.7081
1740983094.482,2.201,2.314,0.433,2.051,-1.8329,-1.2258,-3.2354,33.6383,0.8983,89.7473
1740983094.561,2.2,2.304,0.431,2.061,-1.8381,-1.2255,-3.2265,33.6843,0.7914,89.8377
1740983094.641,2.2,2.304,0.432,2.061,-1.8437,-1.2257,-3.2176,33.6199,0.7112,89.9854
1740983094.72,2.201,2.289,0.432,2.076,-1.8493,-1.2255,-3.2088,33.7439,0.7919,89.9864
1740983094.8,2.203,2.274,0.434,2.091,-1.8553,-1.2259,-3.1999,33.7624,0.7879,89.9876
1740983094.88,2.202,2.261,0.433,2.104,-1.8607,-1.226,-3.1915,33.8503,0.822,89.9357
1740983094.96,2.202,2.25,0.433,2.115,-1.8667,-1.2257,-3.1822,33.7438,0.8818,89.9419
1740983095.039,2.201,2.25,0.433,2.115,-1.8724,-1.226,-3.1735,33.6288,0.9337,89.9828
1740983095.119,2.2,2.235,0.432,2.129,-1.8781,-1.2262,-3.1651,33.4886,1.0308,89.983
1740983095.198,2.199,2.22,0.431,2.144,-1.8832,-1.2265,-3.1564,33.4952,0.949,90.0217
1740983095.278,2.199,2.209,0.431,2.155,-1.8887,-1.2271,-3.1482,33.3398,1.0019,89.9342
1740983095.359,2.199,2.195,0.432,2.168,-1.8941,-1.227,-3.1397,33.2181,1.0904,89.8926
1740983095.437,2.199,2.195,0.432,2.168,-1.8992,-1.2269,-3.1313,33.2021,1.083,89.921
1740983095.517,2.199,2.182,0.432,2.181,-1.9044,-1.2268,-3.1241,33.1225,1.168,89.6445
1740983095.597,2.195,2.172,0.427,2.192,-1.9082,-1.2264,-3.1209,33.4576,1.7817,88.9353
1740983095.676,2.19,2.16,0.422,2.204,-1.91,-1.2261,-3.1193,33.4834,2.0558,88.677
1740983095.756,2.19,2.16,0.422,2.204,-1.9102,-1.2256,-3.1173,33.4382,1.7477,88.1328
1740983095.836,2.192,2.156,0.424,2.208,-1.9142,-1.2252,-3.1102,33.3192,1.7216,87.7636
1740983095.915,2.193,2.154,0.425,2.209,-1.9211,-1.2246,-3.098,33.2607,1.722,87.7699
1740983095.995,2.193,2.146,0.426,2.217,-1.9299,-1.2259,-3.0851,33.0962,1.8752,87.6731
1740983096.074,2.184,2.129,0.417,2.234,-1.9371,-1.2261,-3.0722,32.9778,1.7249,87.7091
1740983096.154,2.183,2.129,0.416,2.234,-1.9433,-1.2265,-3.0616,33.0745,1.5948,87.7081
1740983096.234,2.183,2.107,0.415,2.256,-1.9483,-1.2264,-3.053,33.2651,1.4977,87.8217
1740983096.313,2.185,2.09,0.417,2.274,-1.9527,-1.226,-3.0457,33.3247,1.4887,87.7958
1740983096.393,2.182,2.077,0.414,2.286,-1.9569,-1.2261,-3.0388,33.3125,1.4531,87.7802
1740983096.473,2.19,2.066,0.422,2.298,-1.9615,-1.2265,-3.0318,33.3975,1.4351,87.7286
1740983096.552,2.19,2.066,0.422,2.298,-1.966,-1.2269,-3.0242,33.4653,1.4089,87.7478
1740983096.632,2.188,2.059,0.42,2.305,-1.9711,-1.227,-3.0169,33.4359,1.5141,87.7948
1740983096.711,2.187,2.046,0.42,2.317,-1.9785,-1.2271,-3.011,33.1772,2.682,88.0508
1740983096.791,2.187,2.036,0.42,2.327,-1.9843,-1.2274,-3.0056,33.0076,3.4953,88.3566
1740983096.871,2.173,2.022,0.407,2.34,-1.9871,-1.2274,-3.0026,32.6818,3.7286,88.5403
1740983096.951,2.173,2.022,0.406,2.34,-1.987,-1.2271,-3.0027,32.7508,3.7719,88.4648
1740983097.03,2.217,2.015,0.45,2.347,-1.987,-1.2271,-3.0027,32.7526,3.7722,88.4353
1740983097.11,2.206,2.014,0.439,2.348,-1.987,-1.2269,-3.0027,32.7551,3.7833,88.4258
1740983097.189,2.207,2.012,0.44,2.35,-1.9869,-1.2271,-3.0028,32.7606,3.7933,88.4014
1740983097.269,2.207,2.012,0.44,2.35,-1.987,-1.2271,-3.0027,32.7643,3.8046,88.3905
1740983097.349,2.207,2.012,0.44,2.35,-1.987,-1.2271,-3.0027,32.7638,3.8041,88.3851
1740983097.428,2.208,2.014,0.441,2.348,-1.987,-1.227,-3.0027,32.7647,3.8093,88.3716
1740983097.508,2.207,2.012,0.44,2.35,-1.9869,-1.2271,-3.0028,32.7653,3.8142,88.3702
1740983097.588,2.209,2.013,0.442,2.349,-1.987,-1.2269,-3.0026,32.7679,3.8194,88.3663
1740983097.667,2.208,2.012,0.441,2.35,-1.987,-1.227,-3.0025,32.7624,3.8046,88.3846
1740983097.747,2.208,2.012,0.441,2.35,-1.988,-1.2271,-3.0015,32.7657,3.8777,88.3612
1740983097.827,2.207,2.012,0.441,2.35,-1.9925,-1.2272,-2.9928,32.2595,3.7179,89.1344
1740983097.906,2.213,2.012,0.448,2.349,-2.0003,-1.2282,-2.979,31.8831,3.8013,89.0936
1740983097.986,2.216,2.003,0.451,2.358,-2.0119,-1.2282,-2.9597,31.382,3.8892,89.4278
1740983098.065,2.218,1.98,0.454,2.38,-2.0235,-1.2283,-2.939,30.7045,3.9804,89.3729
1740983098.145,2.218,1.98,0.454,2.38,-2.0347,-1.2282,-2.9184,30.0171,3.7368,89.7503
1740983098.23,2.218,1.953,0.454,2.407,-2.0444,-1.2285,-2.8994,29.383,3.5849,89.9454
1740983099.877,2.232,1.705,0.468,2.655,-2.1437,-1.233,-2.7156,29.8685,3.123,90.6169
1740983099.957,2.233,1.692,0.469,2.668,-2.1434,-1.2326,-2.717,30.0185,3.2146,90.4184
1740983100.037,2.233,1.692,0.469,2.668,-2.1438,-1.2325,-2.7211,30.069,4.2485,89.1284
1740983100.116,2.235,1.69,0.471,2.67,-2.1426,-1.2326,-2.7216,30.0239,3.7102,89.803
1740983100.196,2.232,1.693,0.468,2.667,-2.1424,-1.2329,-2.7232,30.0539,4.1115,89.3311
1740983100.276,2.232,1.696,0.468,2.664,-2.1427,-1.2326,-2.7227,30.0457,3.9926,89.4978
1740983100.355,2.233,1.699,0.469,2.661,-2.1437,-1.2327,-2.7211,30.0513,4.1395,89.2861
1740983100.435,2.233,1.699,0.469,2.661,-2.1467,-1.2327,-2.7161,29.8852,4.1319,89.2724
1740983100.515,2.231,1.696,0.467,2.664,-2.1514,-1.2334,-2.7064,29.7083,3.9675,89.4427
1740983100.594,2.232,1.688,0.468,2.672,-2.157,-1.2334,-2.6938,29.6739,3.6583,89.4816
1740983100.674,2.233,1.676,0.469,2.684,-2.1635,-1.2343,-2.6805,29.5416,3.5519,89.4187
1740983100.753,2.234,1.659,0.47,2.701,-2.1651,-1.2359,-2.6642,29.8135,1.1267,90.0661
1740983100.833,2.234,1.659,0.47,2.701,-2.1721,-1.2357,-2.6513,29.8919,1.2461,89.8222
1740983100.913,2.237,1.64,0.473,2.72,-2.1785,-1.2361,-2.6406,29.8518,1.3404,89.8658
1740983100.992,2.241,1.62,0.477,2.74,-2.183,-1.2363,-2.6323,29.7199,1.4575,89.8358
1740983101.072,2.242,1.604,0.478,2.756,-2.1863,-1.2364,-2.6265,29.6365,1.4357,89.9137
1740983101.153,2.243,1.593,0.479,2.767,-2.1868,-1.2367,-2.6259,29.6092,1.4833,89.8379
1740983101.231,2.243,1.593,0.479,2.767,-2.1866,-1.2367,-2.626,29.6469,1.473,89.8406
1740983101.311,2.243,1.587,0.479,2.773,-2.1865,-1.2366,-2.626,29.6299,1.4605,89.8383
1740983101.391,2.243,1.586,0.479,2.774,-2.1865,-1.2367,-2.6261,29.6296,1.4768,89.8405
1740983101.47,2.244,1.588,0.48,2.772,-2.1866,-1.2367,-2.6261,29.5998,1.4335,89.855
1740983101.55,2.244,1.588,0.48,2.772,-2.1865,-1.2366,-2.626,29.6144,1.4488,89.8546
1740983101.63,2.243,1.588,0.479,2.772,-2.187,-1.2367,-2.6253,29.4899,1.4841,89.8074
1740983101.709,2.242,1.587,0.478,2.773,-2.1887,-1.2365,-2.6217,29.4589,1.4679,89.8241
1740983101.789,2.244,1.587,0.48,2.773,-2.1917,-1.2368,-2.6158,29.5537,1.3923,89.8074
1740983101.869,2.244,1.585,0.48,2.775,-2.1954,-1.2368,-2.6084,29.517,1.3354,89.8084
1740983101.949,2.244,1.585,0.48,2.775,-2.1994,-1.237,-2.6011,29.4727,1.4055,89.7623
1740983102.028,2.245,1.576,0.481,2.784,-2.2032,-1.237,-2.5939,29.5023,1.342,89.7554
1740983102.107,2.244,1.564,0.48,2.796,-2.2063,-1.2371,-2.5879,29.4965,1.3302,89.7311
1740983102.187,2.246,1.552,0.482,2.808,-2.2091,-1.2371,-2.5822,29.4587,1.3468,89.6864
1740983102.267,2.247,1.545,0.483,2.815,-2.2119,-1.2373,-2.5772,29.5551,1.3807,89.6927
1740983102.347,2.247,1.545,0.483,2.815,-2.2144,-1.2373,-2.5727,29.6331,1.4217,89.6702
1740983102.426,2.248,1.536,0.484,2.824,-2.2168,-1.2375,-2.568,29.5917,1.3626,89.6852
1740983102.506,2.247,1.53,0.483,2.83,-2.2197,-1.2372,-2.5628,29.6332,1.358,89.6788
1740983102.585,2.248,1.522,0.484,2.838,-2.2225,-1.2375,-2.5577,29.6221,1.4114,89.6114
1740983102.665,2.249,1.514,0.485,2.846,-2.2254,-1.2379,-2.5522,29.6669,1.4213,89.6255
1740983102.745,2.249,1.514,0.485,2.846,-2.2286,-1.2377,-2.5463,29.7087,1.4598,89.6169
1740983102.824,2.248,1.506,0.484,2.854,-2.2316,-1.2378,-2.5404,29.7053,1.4568,89.6339
1740983102.904,2.248,1.497,0.484,2.863,-2.235,-1.2377,-2.5343,29.7301,1.4997,89.636
1740983102.984,2.248,1.49,0.484,2.87,-2.2381,-1.238,-2.5286,29.5671,1.542,89.6268
1740983103.063,2.249,1.484,0.485,2.876,-2.2408,-1.2379,-2.523,29.5723,1.5018,89.6507
1740983103.143,2.249,1.484,0.485,2.876,-2.2436,-1.2378,-2.5174,29.5232,1.5247,89.6707
1740983103.223,2.249,1.476,0.485,2.884,-2.2467,-1.2377,-2.5119,29.5083,1.5038,89.685
1740983103.302,2.25,1.467,0.486,2.893,-2.2491,-1.2382,-2.5066,29.4752,1.4545,89.6609
1740983103.382,2.251,1.46,0.487,2.9,-2.252,-1.2384,-2.5011,29.4913,1.3906,89.7044
1740983103.461,2.252,1.453,0.488,2.907,-2.2549,-1.2384,-2.4956,29.5142,1.4203,89.6776
1740983103.541,2.252,1.453,0.488,2.907,-2.2577,-1.2383,-2.4901,29.5056,1.3936,89.6911
1740983103.621,2.252,1.447,0.488,2.913,-2.2605,-1.2383,-2.485,29.5684,1.4329,89.6565
1740983103.7,2.253,1.437,0.489,2.923,-2.263,-1.2385,-2.4802,29.4882,1.4333,89.6241
1740983103.78,2.252,1.429,0.488,2.931,-2.2654,-1.2384,-2.4756,29.5157,1.4428,89.622
1740983103.86,2.251,1.423,0.487,2.937,-2.2676,-1.2384,-2.4715,29.4613,1.4257,89.56
1740983103.939,2.251,1.423,0.487,2.937,-2.2699,-1.2387,-2.4677,29.4587,1.4675,89.5567
1740983104.019,2.252,1.416,0.488,2.944,-2.2719,-1.2387,-2.4637,29.4212,1.5096,89.5345
1740983104.099,2.253,1.411,0.489,2.949,-2.2744,-1.2388,-2.4595,29.4093,1.5571,89.5251
1740983104.178,2.253,1.405,0.489,2.955,-2.2767,-1.2389,-2.4552,29.3609,1.6115,89.5287
1740983104.258,2.254,1.399,0.49,2.961,-2.2792,-1.2389,-2.4506,29.2696,1.6176,89.5392
1740983104.338,2.254,1.399,0.49,2.961,-2.2818,-1.2389,-2.4461,29.205,1.6941,89.5625
1740983104.417,2.254,1.394,0.49,2.966,-2.2842,-1.2391,-2.4413,29.0892,1.6901,89.603
1740983104.497,2.253,1.388,0.489,2.972,-2.2868,-1.2389,-2.4365,29.0137,1.6625,89.6412
1740983104.577,2.254,1.38,0.49,2.98,-2.289,-1.2391,-2.4319,29.0765,1.5997,89.6504
1740983104.656,2.255,1.373,0.491,2.987,-2.2912,-1.2392,-2.4274,28.957,1.5997,89.6282
1740983104.736,2.255,1.373,0.491,2.987,-2.2935,-1.2392,-2.4231,28.9616,1.5931,89.71
1740983104.816,2.255,1.367,0.491,2.993,-2.296,-1.2393,-2.4194,29.3893,1.628,89.7255
1740983104.895,2.256,1.361,0.492,2.999,-2.2987,-1.2394,-2.4161,29.9758,1.668,89.7132
1740983104.975,2.256,1.355,0.492,3.005,-2.3014,-1.2394,-2.4122,30.6294,1.6101,89.7166
1740983105.054,2.253,1.351,0.488,3.009,-2.3046,-1.2395,-2.4081,31.3235,1.6189,89.7174
1740983105.134,2.253,1.351,0.487,3.01,-2.306,-1.2391,-2.4049,32.1979,1.0221,89.6893
1740983105.214,2.252,1.342,0.486,3.019,-2.3061,-1.2388,-2.4056,32.3658,1.3001,89.3824
1740983105.293,2.25,1.336,0.484,3.025,-2.3063,-1.239,-2.4054,32.3495,1.2601,89.4395
1740983105.373,2.25,1.337,0.484,3.024,-2.3063,-1.239,-2.4054,32.3367,1.2346,89.4121
1740983105.453,2.25,1.336,0.484,3.025,-2.3073,-1.2385,-2.4036,32.3418,1.1765,89.0961
1740983105.532,2.25,1.336,0.484,3.025,-2.3097,-1.2384,-2.3994,32.2227,1.1379,88.5521
1740983105.612,2.25,1.335,0.484,3.026,-2.3143,-1.238,-2.3917,32.2261,1.1366,88.4133
1740983105.692,2.25,1.33,0.484,3.031,-2.32,-1.2383,-2.3833,32.0991,1.2837,88.2473
1740983105.771,2.251,1.32,0.485,3.041,-2.3242,-1.2379,-2.3771,32.2907,1.4459,87.8882
1740983105.851,2.25,1.306,0.484,3.055,-2.3271,-1.2381,-2.3722,32.2723,1.4096,87.862
1740983105.931,2.25,1.306,0.484,3.055,-2.3293,-1.2381,-2.3686,32.2464,1.4205,87.7699
1740983106.01,2.249,1.3,0.483,3.061,-2.3316,-1.2381,-2.365,32.1493,1.4878,87.6917
1740983106.09,2.249,1.293,0.484,3.068,-2.3341,-1.2383,-2.3608,32.0569,1.4816,87.6985
1740983106.169,2.25,1.29,0.485,3.071,-2.337,-1.2384,-2.356,31.9692,1.49,87.6909
1740983106.25,2.25,1.284,0.485,3.077,-2.3404,-1.2387,-2.3505,31.9791,1.5129,87.748
1740983106.329,2.25,1.284,0.485,3.077,-2.3445,-1.239,-2.3436,31.9699,1.4642,88.1916
1740983106.408,2.25,1.277,0.485,3.084,-2.3511,-1.2409,-2.332,31.673,1.4418,89.7343
1740983106.488,2.249,1.266,0.484,3.095,-2.3555,-1.2408,-2.3245,31.6898,1.5379,89.6537
1740983106.568,2.249,1.249,0.484,3.111,-2.3578,-1.241,-2.3205,31.6059,1.5179,89.6489
1740983106.648,2.25,1.249,0.485,3.111,-2.3591,-1.241,-2.3179,31.6016,1.4889,89.6272
1740983106.727,2.25,1.241,0.485,3.119,-2.3609,-1.2409,-2.3152,31.6043,1.5007,89.5908
1740983106.807,2.249,1.237,0.484,3.123,-2.363,-1.2411,-2.3113,31.6052,1.481,89.5851
1740983106.886,2.25,1.232,0.485,3.128,-2.366,-1.2412,-2.3062,31.5412,1.4825,89.5876
1740983106.966,2.25,1.226,0.485,3.134,-2.3697,-1.2414,-2.3,31.4789,1.4925,89.5463
1740983107.046,2.25,1.226,0.485,3.134,-2.3732,-1.2417,-2.2935,31.4145,1.4711,89.5809
1740983107.125,2.251,1.218,0.486,3.143,-2.3749,-1.2412,-2.2885,31.6983,1.0108,90.0981
1740983107.205,2.251,1.209,0.486,3.152,-2.3753,-1.2413,-2.2872,32.0326,0.928,90.188
1740983107.284,2.252,1.2,0.487,3.161,-2.3756,-1.2412,-2.2869,32.0284,0.936,90.2053
1740983107.364,2.252,1.198,0.486,3.163,-2.3761,-1.2409,-2.2848,32.2125,0.7592,90.3873
1740983107.444,2.252,1.198,0.486,3.163,-2.3778,-1.2407,-2.2792,32.3833,0.2841,90.9276
1740983107.524,2.252,1.199,0.486,3.162,-2.3806,-1.2403,-2.2708,32.3734,-0.5184,91.2871
1740983107.603,2.253,1.192,0.487,3.169,-2.3866,-1.2399,-2.2604,32.2716,-0.4453,91.313
1740983107.683,2.257,1.184,0.491,3.177,-2.392,-1.2398,-2.2498,32.3139,-0.7464,91.4882
1740983107.762,2.257,1.172,0.493,3.188,-2.3951,-1.2395,-2.2461,31.1947,-0.1735,91.4307
1740983107.842,2.257,1.172,0.492,3.188,-2.3924,-1.2394,-2.2466,31.3582,-0.9689,91.1787
1740983107.922,2.256,1.157,0.491,3.203,-2.393,-1.2399,-2.2463,31.3087,-0.6417,91.2684
1740983108.001,2.259,1.158,0.495,3.202,-2.3929,-1.2394,-2.2458,31.1772,-0.81,91.1696
1740983108.081,2.26,1.156,0.496,3.204,-2.3929,-1.2391,-2.2442,30.9338,-1.0149,90.7023
1740983108.16,2.262,1.155,0.498,3.205,-2.3943,-1.238,-2.2407,30.9513,-1.1399,89.8758
1740983108.241,2.262,1.155,0.498,3.205,-2.3977,-1.2377,-2.2339,31.0441,-1.3341,89.1929
1740983108.32,2.264,1.153,0.499,3.207,-2.4051,-1.2378,-2.2236,31.3073,-0.9184,88.9537
1740983108.399,2.263,1.146,0.499,3.214,-2.4208,-1.2401,-2.2157,30.7987,2.5387,86.9704
1740983108.479,2.262,1.133,0.497,3.227,-2.4321,-1.2416,-2.2022,31.4046,3.8024,87.8987
1740983108.559,2.249,1.111,0.484,3.249,-2.433,-1.2418,-2.1936,31.6954,2.0179,87.7038
1740983108.639,2.249,1.111,0.484,3.25,-2.4386,-1.2417,-2.1888,31.9131,3.1812,88.1724
1740983108.718,2.249,1.094,0.484,3.267,-2.4396,-1.2424,-2.1849,32.0222,2.4478,88.3141
1740983108.798,2.249,1.085,0.483,3.276,-2.442,-1.2431,-2.1782,32.147,2.0867,89.0194
1740983108.877,2.25,1.079,0.485,3.282,-2.4447,-1.2434,-2.171,31.7477,1.7454,89.4262
1740983108.957,2.252,1.072,0.487,3.288,-2.4476,-1.2433,-2.1666,31.7078,1.7993,89.3934
1740983109.037,2.252,1.072,0.487,3.289,-2.4497,-1.2435,-2.1629,31.7908,1.8074,89.3858
1740983109.116,2.252,1.063,0.487,3.298,-2.4519,-1.2434,-2.159,31.8024,1.8029,89.3828
1740983109.196,2.251,1.058,0.486,3.303,-2.4546,-1.2435,-2.1544,31.8621,1.7838,89.3841
1740983109.276,2.252,1.053,0.487,3.308,-2.458,-1.2437,-2.1489,31.8821,1.7466,89.4247
1740983109.355,2.252,1.049,0.487,3.312,-2.4614,-1.2437,-2.1431,32.0108,1.7335,89.4213
1740983109.435,2.252,1.049,0.487,3.312,-2.4648,-1.2438,-2.1373,32.0599,1.7341,89.362
1740983109.514,2.251,1.038,0.486,3.322,-2.4683,-1.2434,-2.1342,31.7322,2.3203,89.3878
1740983109.594,2.252,1.029,0.487,3.331,-2.4691,-1.2432,-2.1335,31.6115,2.4623,89.4015
1740983109.674,2.251,1.023,0.486,3.337,-2.4693,-1.2431,-2.1337,31.659,2.4048,89.4421
1740983109.753,2.25,1.024,0.485,3.336,-2.4708,-1.2428,-2.1319,31.5218,2.6226,89.5171
1740983109.833,2.25,1.024,0.485,3.336,-2.4767,-1.242,-2.1277,31.324,3.7905,88.9083
1740983109.913,2.25,1.023,0.485,3.337,-2.4847,-1.2413,-2.1184,31.2923,4.4872,88.5933
1740983109.992,2.248,1.018,0.484,3.342,-2.4908,-1.2419,-2.107,30.9943,4.3809,88.8771
1740983110.192,2.247,0.987,0.483,3.373,-2.4961,-1.2424,-2.096,30.6785,4.0372,89.2607
1740983110.271,2.249,0.982,0.485,3.378,-2.4962,-1.2422,-2.0979,30.7108,4.4277,88.7741
1740983110.351,2.247,0.98,0.483,3.38,-2.496,-1.2421,-2.0975,30.6967,4.2832,88.9627
1740983110.431,2.247,0.98,0.483,3.38,-2.4961,-1.2423,-2.0977,30.7222,4.3933,88.8462
1740983110.51,2.247,0.98,0.483,3.38,-2.496,-1.2422,-2.0977,30.702,4.3364,88.9015
1740983110.59,2.247,0.98,0.483,3.38,-2.4961,-1.2422,-2.0977,30.6856,4.3528,88.8978
1740983110.669,2.247,0.978,0.483,3.382,-2.4961,-1.2423,-2.0978,30.6822,4.3733,88.8768
1740983110.749,2.246,0.98,0.482,3.38,-2.4961,-1.2422,-2.0977,30.6851,4.3671,88.8926
1740983110.829,2.246,0.98,0.482,3.38,-2.4961,-1.2423,-2.0978,30.6764,4.3625,88.8938
1740983110.908,2.246,0.98,0.482,3.38,-2.496,-1.2423,-2.0977,30.673,4.3615,88.8952
1740983110.988,2.246,0.98,0.482,3.38,-2.4961,-1.2422,-2.0978,30.674,4.3637,88.888
1740983111.068,2.247,0.978,0.483,3.382,-2.4957,-1.2423,-2.0978,30.7235,4.2916,88.9936
1740983111.147,2.247,0.979,0.483,3.381,-2.4948,-1.2422,-2.0998,30.7025,4.2728,89.0658
1740983111.227,2.247,0.979,0.483,3.381,-2.4923,-1.2422,-2.1041,30.7097,4.221,89.1094
1740983111.306,2.248,0.98,0.484,3.38,-2.4896,-1.2419,-2.1094,30.7464,4.2544,88.9558
1740983111.386,2.248,0.987,0.484,3.373,-2.4877,-1.2421,-2.1124,30.7259,4.2529,88.971
1740983111.466,2.246,0.99,0.482,3.37,-2.4876,-1.242,-2.1128,30.7456,4.292,88.9542
1740983111.545,2.247,0.997,0.483,3.363,-2.4876,-1.242,-2.1127,30.7347,4.2567,89.031
1740983111.625,2.247,0.997,0.483,3.363,-2.4876,-1.242,-2.1126,30.7388,4.2604,89.0545
1740983111.705,2.246,0.996,0.482,3.364,-2.4875,-1.242,-2.1127,30.7535,4.2717,89.0158
1740983111.785,2.247,0.998,0.483,3.362,-2.4876,-1.242,-2.1127,30.7439,4.265,89.0327
1740983111.864,2.247,0.996,0.483,3.364,-2.4876,-1.2421,-2.1127,30.7447,4.2659,89.0397
1740983111.944,2.247,0.997,0.483,3.363,-2.4875,-1.2421,-2.1127,30.7502,4.2476,89.0639
1740983112.023,2.247,0.997,0.483,3.363,-2.4877,-1.242,-2.1128,30.7702,4.2449,89.0824
1740983112.103,2.246,0.995,0.482,3.365,-2.4876,-1.242,-2.1127,30.7555,4.2414,89.0784
1740983112.183,2.246,0.997,0.482,3.363,-2.4876,-1.2421,-2.1128,30.7433,4.2481,89.0544
1740983112.262,2.246,0.996,0.482,3.364,-2.4873,-1.242,-2.1133,30.7268,4.2427,89.056
1740983112.342,2.246,0.995,0.482,3.365,-2.4848,-1.2417,-2.1162,30.7065,3.9316,89.4262
1740983112.421,2.246,1.0,0.482,3.36,-2.4806,-1.2423,-2.1234,30.7428,3.896,89.4149
1740983112.501,2.246,1.0,0.482,3.36,-2.4713,-1.2424,-2.1335,30.8508,2.8891,89.4214
1740983112.581,2.247,1.006,0.483,3.354,-2.4609,-1.2434,-2.1466,30.9135,1.6245,89.5383
1740983112.66,2.25,1.019,0.486,3.341,-2.453,-1.2432,-2.1598,30.6042,1.8338,89.4916
1740983112.74,2.25,1.041,0.486,3.319,-2.4468,-1.2431,-2.1715,30.541,1.843,89.4604
1740983112.82,2.252,1.041,0.488,3.319,-2.4426,-1.2429,-2.1821,31.0625,2.224,88.7513
1740983112.899,2.252,1.06,0.488,3.3,-2.4403,-1.2421,-2.1889,31.0295,2.7478,88.2349
1740983112.979,2.248,1.074,0.484,3.286,-2.4387,-1.2419,-2.1941,30.9123,3.213,88.0868
1740983113.059,2.246,1.083,0.482,3.277,-2.4355,-1.2416,-2.2016,30.6401,3.5445,88.0424
1740983113.138,2.246,1.088,0.482,3.272,-2.4291,-1.241,-2.2136,30.3766,3.681,87.9025
1740983113.218,2.246,1.088,0.482,3.272,-2.4181,-1.2397,-2.2269,29.3864,2.3663,88.1327
1740983113.298,2.245,1.101,0.481,3.259,-2.4066,-1.2378,-2.2354,29.5196,0.3164,89.2648
1740983113.377,2.25,1.122,0.486,3.238,-2.3957,-1.2393,-2.245,28.8871,-1.218,90.4953
1740983113.457,2.257,1.14,0.493,3.22,-2.3971,-1.2405,-2.2529,29.0591,0.8517,92.0643
1740983113.537,2.257,1.158,0.493,3.202,-2.3915,-1.2401,-2.2579,29.1857,-0.6807,91.5043
1740983113.616,2.26,1.158,0.496,3.202,-2.3935,-1.24,-2.2576,29.2286,-0.0232,91.5754
1740983113.696,2.256,1.165,0.492,3.195,-2.3956,-1.24,-2.2563,29.1849,0.4333,91.7821
1740983113.776,2.257,1.167,0.493,3.193,-2.3916,-1.2402,-2.2567,29.181,-0.7762,91.4934
1740983113.855,2.255,1.167,0.491,3.193,-2.3931,-1.2401,-2.2563,29.2643,-0.3657,91.6135
1740983113.935,2.255,1.168,0.491,3.192,-2.3934,-1.2402,-2.2562,29.2595,-0.3673,91.6205
1740983114.015,2.261,1.168,0.497,3.192,-2.3921,-1.2402,-2.2568,29.1936,-0.6667,91.5474
1740983114.094,2.256,1.167,0.492,3.193,-2.3928,-1.2402,-2.2564,29.2496,-0.4969,91.6074
1740983114.174,2.26,1.167,0.496,3.193,-2.3924,-1.2402,-2.2566,29.2127,-0.6279,91.587
1740983114.253,2.258,1.166,0.494,3.194,-2.3927,-1.2402,-2.2568,29.2658,-0.4993,91.6089
1740983114.333,2.258,1.168,0.494,3.192,-2.3913,-1.2403,-2.2588,29.2653,-0.5688,91.5253
1740983114.413,2.258,1.168,0.494,3.192,-2.3889,-1.2404,-2.2631,29.2301,-0.6427,91.4721
1740983114.492,2.258,1.166,0.494,3.194,-2.3855,-1.2403,-2.2693,29.1985,-0.7686,91.3701
1740983114.572,2.258,1.171,0.494,3.189,-2.3808,-1.2401,-2.2773,29.0631,-0.7763,91.3966
1740983114.652,2.258,1.181,0.494,3.179,-2.3747,-1.2409,-2.2895,28.9298,-0.7529,91.1831
1740983114.731,2.258,1.194,0.493,3.166,-2.3714,-1.2419,-2.3087,28.7594,1.5907,89.3789
1740983114.811,2.259,1.194,0.494,3.166,-2.364,-1.2412,-2.3248,28.7538,1.4781,89.698
1740983114.89,2.253,1.211,0.488,3.149,-2.3557,-1.2413,-2.3396,28.7145,1.5624,89.7667
1740983114.97,2.25,1.236,0.485,3.124,-2.3499,-1.2404,-2.3514,28.6771,1.4457,88.7121
1740983115.05,2.248,1.258,0.484,3.102,-2.3463,-1.2393,-2.3582,29.0618,1.4533,88.0236
1740983115.129,2.248,1.274,0.484,3.086,-2.3427,-1.239,-2.3652,29.2134,1.3743,87.8848
1740983115.209,2.247,1.274,0.483,3.086,-2.3363,-1.2388,-2.3767,29.3743,1.2979,87.8633
1740983115.289,2.246,1.282,0.482,3.078,-2.3288,-1.2379,-2.3911,29.8044,1.3441,87.8417
1740983115.368,2.244,1.295,0.48,3.065,-2.3206,-1.2379,-2.4055,30.096,1.1227,88.3231
1740983115.448,2.242,1.313,0.478,3.047,-2.3132,-1.2379,-2.4202,30.3761,1.2756,88.1725
1740983115.528,2.242,1.332,0.478,3.028,-2.308,-1.2398,-2.43,30.671,1.2961,89.3953
1740983115.607,2.239,1.332,0.475,3.028,-2.3029,-1.2401,-2.4402,30.8799,1.627,89.7072
1740983115.687,2.237,1.353,0.473,3.007,-2.2975,-1.2395,-2.4501,30.8523,1.638,89.7411
1740983115.767,2.234,1.364,0.47,2.996,-2.2916,-1.24,-2.4597,30.7088,1.4577,89.7637
1740983115.846,2.233,1.378,0.469,2.982,-2.2858,-1.2394,-2.4689,30.5911,1.2915,89.7605
1740983115.926,2.233,1.393,0.469,2.967,-2.28,-1.2386,-2.479,30.4912,1.2603,89.7747
1740983116.006,2.236,1.393,0.472,2.967,-2.2741,-1.2388,-2.4896,30.4522,1.2643,89.7968
1740983116.085,2.235,1.409,0.471,2.951,-2.2682,-1.2386,-2.5002,30.3558,1.3221,89.7582
1740983116.165,2.236,1.422,0.472,2.938,-2.2632,-1.2387,-2.5101,30.3002,1.4236,89.7094
1740983116.245,2.235,1.439,0.471,2.921,-2.2584,-1.2382,-2.5189,30.245,1.4991,89.6587
1740983116.324,2.235,1.45,0.471,2.91,-2.2536,-1.2384,-2.5278,30.1488,1.5281,89.5725
1740983116.404,2.235,1.45,0.471,2.91,-2.2488,-1.2378,-2.5361,30.0946,1.47,89.6025
1740983116.483,2.234,1.465,0.47,2.895,-2.2437,-1.2386,-2.5455,30.0242,1.4562,89.6263
1740983116.563,2.235,1.476,0.471,2.884,-2.2379,-1.2381,-2.555,29.9873,1.3695,89.7114
1740983116.643,2.235,1.488,0.471,2.872,-2.2322,-1.238,-2.5649,29.9088,1.2895,89.8051
1740983116.722,2.235,1.502,0.471,2.858,-2.2266,-1.2376,-2.5751,29.8612,1.2491,89.8189
1740983116.802,2.235,1.502,0.471,2.858,-2.2212,-1.237,-2.5853,29.7846,1.2384,89.8681
1740983116.882,2.234,1.516,0.47,2.844,-2.216,-1.2371,-2.5952,29.7283,1.2581,89.882
1740983116.961,2.234,1.533,0.47,2.827,-2.211,-1.2376,-2.6049,29.6308,1.2962,89.8777
1740983117.041,2.232,1.548,0.468,2.812,-2.2057,-1.2373,-2.6148,29.6235,1.3322,89.9093
1740983117.121,2.232,1.563,0.468,2.797,-2.2007,-1.2372,-2.6248,29.5084,1.4136,89.8816
1740983117.202,2.233,1.563,0.469,2.797,-2.1947,-1.2371,-2.6348,29.5079,1.3048,89.9789
1740983117.28,2.233,1.576,0.469,2.784,-2.1891,-1.2362,-2.6444,29.4127,1.1266,90.0963
1740983117.359,2.232,1.589,0.468,2.771,-2.1833,-1.237,-2.655,29.3125,1.0428,90.1674
1740983117.439,2.232,1.604,0.468,2.756,-2.1772,-1.2362,-2.6657,29.27,0.992,90.324
1740983117.519,2.232,1.62,0.468,2.74,-2.1713,-1.2362,-2.6775,29.1699,1.0353,90.3412
1740983117.598,2.232,1.62,0.468,2.74,-2.1689,-1.2346,-2.6892,29.367,2.1172,90.2334
1740983117.678,2.231,1.637,0.467,2.723,-2.1673,-1.2334,-2.6985,29.2418,3.2522,89.6753
1740983117.758,2.227,1.652,0.463,2.708,-2.1635,-1.2338,-2.7086,29.3944,3.7159,89.4232
1740983117.837,2.223,1.664,0.459,2.696,-2.157,-1.2339,-2.7216,29.622,3.8671,89.3637
1740983117.917,2.223,1.679,0.459,2.681,-2.1504,-1.2329,-2.7355,29.7324,4.1608,89.1701
1740983117.997,2.219,1.679,0.455,2.681,-2.1434,-1.2327,-2.75,29.7333,4.2715,89.1363
1740983118.076,2.218,1.698,0.454,2.662,-2.1362,-1.2323,-2.7634,29.8119,4.2212,89.1614
1740983118.156,2.216,1.718,0.452,2.642,-2.1301,-1.2322,-2.7753,29.8441,4.2056,89.1719
1740983118.236,2.216,1.738,0.452,2.622,-2.1248,-1.2318,-2.7854,29.9323,4.2268,89.2815
1740983118.315,2.214,1.738,0.45,2.622,-2.1196,-1.2315,-2.7952,29.9559,4.1484,89.3435
1740983118.395,2.215,1.751,0.451,2.609,-2.114,-1.2315,-2.8056,30.0449,4.1036,89.4405
1740983118.474,2.214,1.765,0.45,2.595,-2.1079,-1.231,-2.8171,30.1288,4.0432,89.534
1740983118.554,2.212,1.779,0.448,2.581,-2.1016,-1.2311,-2.8304,30.4069,4.3427,89.05
1740983118.634,2.212,1.795,0.448,2.565,-2.0947,-1.2304,-2.8429,30.3335,4.2513,89.002
1740983118.713,2.212,1.795,0.448,2.565,-2.0885,-1.2297,-2.8549,30.3052,4.3173,88.9426
1740983118.793,2.211,1.813,0.447,2.547,-2.0824,-1.2292,-2.8666,30.2587,4.4178,88.6912
1740983118.873,2.208,1.832,0.444,2.528,-2.0768,-1.2285,-2.8775,30.2215,4.4064,88.8576
1740983118.952,2.207,1.846,0.443,2.514,-2.071,-1.229,-2.8895,30.2321,4.6221,88.8106
1740983119.032,2.207,1.864,0.443,2.496,-2.0644,-1.2294,-2.9018,30.2273,4.6158,88.866
1740983119.112,2.207,1.864,0.443,2.496,-2.0578,-1.229,-2.9141,30.2198,4.5864,88.8217
1740983119.191,2.205,1.879,0.441,2.481,-2.0516,-1.2285,-2.926,30.1866,4.5877,88.8277
1740983119.271,2.203,1.895,0.439,2.465,-2.0453,-1.2281,-2.9377,30.1428,4.5193,88.7829
1740983119.351,2.201,1.914,0.437,2.446,-2.0385,-1.228,-2.9494,30.0692,4.3559,88.6934
1740983119.43,2.201,1.931,0.437,2.429,-2.0319,-1.2281,-2.9608,29.9129,4.236,88.6625
1740983119.51,2.202,1.931,0.438,2.429,-2.0256,-1.2278,-2.9722,29.8096,4.108,88.647
1740983119.589,2.201,1.95,0.437,2.41,-2.0159,-1.2279,-2.984,29.5183,3.127,88.4939
1740983119.669,2.202,1.966,0.438,2.394,-2.0059,-1.2283,-2.9964,28.8407,1.9557,88.2413
1740983119.749,2.205,1.983,0.441,2.377,-1.9985,-1.2275,-3.0092,29.3022,1.6701,88.1158
1740983119.829,2.205,2.005,0.441,2.355,-1.9905,-1.2269,-3.0221,29.009,1.3173,88.0081
1740983119.908,2.206,2.005,0.442,2.355,-1.9841,-1.2269,-3.0346,29.0709,1.2968,87.9557
1740983119.988,2.209,2.024,0.445,2.336,-1.9784,-1.2268,-3.0464,29.0473,1.3687,87.9583
1740983120.067,2.206,2.042,0.442,2.318,-1.9723,-1.2267,-3.0583,28.9861,1.3535,87.8496
1740983120.147,2.205,2.059,0.44,2.301,-1.9672,-1.2268,-3.0697,28.7667,1.5826,88.035
1740983120.227,2.205,2.075,0.44,2.286,-1.9614,-1.2267,-3.0814,28.6147,1.7089,88.1593
1740983120.306,2.203,2.075,0.438,2.286,-1.9556,-1.2268,-3.0932,28.4141,1.7177,88.4307
1740983120.386,2.202,2.091,0.437,2.27,-1.948,-1.2279,-3.1033,28.393,1.0113,89.8329
1740983120.466,2.2,2.108,0.435,2.253,-1.9418,-1.2281,-3.1157,28.3792,0.9571,89.8433
1740983120.545,2.196,2.123,0.431,2.238,-1.936,-1.2274,-3.1267,28.6653,0.841,89.9891
1740983120.625,2.196,2.14,0.432,2.22,-1.9316,-1.2273,-3.1368,28.865,1.0055,89.9407
1740983120.705,2.173,2.14,0.409,2.22,-1.9269,-1.2269,-3.1463,28.9868,1.0326,90.0306
1740983120.784,2.175,2.157,0.411,2.203,-1.9216,-1.2273,-3.1568,29.1763,1.0667,90.0641
1740983120.864,2.175,2.169,0.411,2.191,-1.916,-1.2273,-3.1677,29.323,1.0241,90.131
1740983120.943,2.174,2.182,0.41,2.178,-1.9107,-1.2276,-3.1784,29.5363,1.0267,90.247
1740983121.023,2.174,2.198,0.41,2.162,-1.9042,-1.2265,-3.1888,29.7165,0.8176,90.3054
1740983121.103,2.171,2.198,0.407,2.162,-1.898,-1.2267,-3.1998,29.9022,0.7279,90.3032
1740983121.182,2.172,2.214,0.408,2.146,-1.8925,-1.227,-3.2099,30.027,0.6326,90.3569
1740983121.262,2.17,2.228,0.406,2.132,-1.8872,-1.2259,-3.2193,30.1548,0.6304,90.3638
1740983121.342,2.169,2.242,0.405,2.118,-1.8823,-1.2262,-3.2285,30.2289,0.6962,90.2727
1740983121.421,2.169,2.256,0.405,2.104,-1.8779,-1.2266,-3.238,30.3067,0.8234,90.1767
1740983121.501,2.167,2.256,0.403,2.104,-1.8732,-1.2266,-3.2473,30.2682,0.8456,90.0346
1740983121.581,2.167,2.268,0.403,2.092,-1.8683,-1.2263,-3.2561,30.3511,0.8332,90.0762
1740983121.66,2.165,2.281,0.401,2.079,-1.8637,-1.2265,-3.2652,30.4376,0.8463,90.0035
1740983121.74,2.163,2.295,0.399,2.065,-1.8588,-1.2256,-3.2739,30.5905,0.8367,89.9687
1740983121.82,2.163,2.309,0.399,2.051,-1.8543,-1.2257,-3.2823,30.7084,0.8602,89.9094
1740983121.899,2.163,2.309,0.399,2.051,-1.8496,-1.226,-3.2906,30.8455,0.8088,89.8528
1740983121.979,2.164,2.318,0.4,2.042,-1.8452,-1.2261,-3.2983,30.9486,0.771,89.8176
1740983122.058,2.162,2.332,0.398,2.028,-1.8409,-1.2259,-3.3057,31.0815,0.7307,89.7848
1740983122.138,2.16,2.343,0.396,2.018,-1.8368,-1.2259,-3.3131,31.1934,0.7178,89.7334
1740983122.218,2.16,2.35,0.395,2.011,-1.8324,-1.2256,-3.3208,31.2452,0.7378,89.7081
1740983122.297,2.16,2.35,0.395,2.011,-1.8281,-1.2257,-3.3288,31.3319,0.7692,89.6556
1740983122.377,2.161,2.364,0.396,1.997,-1.8238,-1.2259,-3.337,31.3886,0.7985,89.6674
1740983122.457,2.161,2.372,0.396,1.989,-1.8194,-1.2256,-3.3449,31.4869,0.8253,89.706
1740983122.537,2.16,2.385,0.395,1.976,-1.8145,-1.2257,-3.3532,31.5927,0.798,89.7021
1740983122.616,2.16,2.397,0.395,1.964,-1.8099,-1.2257,-3.3615,31.7194,0.8075,89.7099
1740983122.696,2.16,2.397,0.395,1.964,-1.8053,-1.2256,-3.3696,31.8109,0.8364,89.7468
1740983122.775,2.159,2.407,0.394,1.954,-1.8004,-1.2252,-3.3774,31.965,0.7286,89.7699
1740983122.855,2.16,2.416,0.395,1.946,-1.795,-1.2255,-3.3859,32.07,0.6148,89.8023
1740983122.935,2.16,2.427,0.394,1.935,-1.7903,-1.2253,-3.3939,32.1533,0.5991,89.8241
1740983123.014,2.16,2.441,0.394,1.921,-1.7858,-1.2254,-3.4018,32.2826,0.5875,89.8349
1740983123.094,2.159,2.441,0.393,1.921,-1.7812,-1.2254,-3.41,32.3166,0.6767,89.8101
1740983123.174,2.161,2.456,0.395,1.906,-1.7764,-1.2253,-3.4184,32.3716,0.7446,89.7665
1740983123.253,2.16,2.468,0.394,1.894,-1.7717,-1.2253,-3.4271,32.471,0.8493,89.6544
1740983123.333,2.159,2.477,0.393,1.885,-1.7667,-1.2248,-3.4358,32.521,0.92,89.6352
1740983123.412,2.159,2.492,0.393,1.871,-1.7615,-1.2248,-3.4446,32.6116,0.9783,89.6595
1740983123.492,2.157,2.492,0.39,1.871,-1.7562,-1.2246,-3.4535,32.7762,0.9314,89.6951
1740983123.572,2.157,2.505,0.39,1.858,-1.7506,-1.2246,-3.4624,32.9602,0.8858,89.7284
1740983123.651,2.151,2.514,0.384,1.85,-1.7451,-1.2244,-3.4713,33.1115,0.8229,89.7409
1740983123.731,2.153,2.526,0.386,1.838,-1.7395,-1.2245,-3.4801,33.2256,0.7026,89.8086
1740983123.811,2.153,2.526,0.385,1.838,-1.7342,-1.2248,-3.4884,33.3852,0.6583,89.8559
1740983123.89,2.155,2.542,0.387,1.823,-1.7288,-1.2247,-3.4968,33.4789,0.6178,89.8676
1740983123.97,2.159,2.551,0.391,1.814,-1.7238,-1.2243,-3.5052,33.6222,0.6765,89.8027
1740983124.05,2.158,2.568,0.39,1.797,-1.7188,-1.2242,-3.5136,33.6466,0.7506,89.7765
1740983124.129,2.159,2.581,0.391,1.784,-1.7139,-1.2246,-3.5222,33.668,0.8315,89.8235
1740983124.209,2.159,2.581,0.39,1.785,-1.7084,-1.2245,-3.5307,33.8106,0.7676,89.8367
1740983124.289,2.157,2.587,0.388,1.779,-1.7028,-1.2245,-3.5395,33.9301,0.7723,89.8318
1740983124.368,2.159,2.605,0.39,1.761,-1.6977,-1.224,-3.5474,33.9654,0.7926,89.9175
1740983124.448,2.158,2.618,0.389,1.749,-1.6927,-1.2244,-3.5553,34.0726,0.726,89.9213
1740983124.528,2.158,2.623,0.388,1.744,-1.6874,-1.224,-3.563,34.1918,0.6372,89.9641
1740983124.607,2.158,2.623,0.388,1.744,-1.6824,-1.2237,-3.5702,34.3042,0.5244,90.0049
1740983124.687,2.16,2.642,0.39,1.726,-1.6775,-1.2236,-3.5778,34.3209,0.5086,90.0149
1740983124.766,2.16,2.654,0.39,1.714,-1.6728,-1.2233,-3.585,34.3927,0.4809,90.0609
1740983124.846,2.161,2.658,0.39,1.71,-1.6681,-1.2236,-3.5927,34.4517,0.5343,90.0151
1740983124.926,2.161,2.67,0.39,1.698,-1.6635,-1.2235,-3.6004,34.4494,0.5805,89.9884
1740983125.006,2.161,2.67,0.39,1.698,-1.6588,-1.2231,-3.6078,34.4952,0.6603,89.9359
1740983125.085,2.162,2.685,0.391,1.683,-1.6542,-1.223,-3.6153,34.493,0.7053,89.9522
1740983125.165,2.16,2.689,0.389,1.68,-1.6493,-1.223,-3.623,34.5897,0.7159,89.9879
1740983125.244,2.162,2.707,0.391,1.662,-1.6443,-1.2231,-3.6305,34.6892,0.7086,90.041
1740983125.324,2.162,2.716,0.39,1.654,-1.6393,-1.2225,-3.6383,34.8326,0.6904,90.087
1740983125.404,2.163,2.716,0.391,1.654,-1.6342,-1.2225,-3.6462,34.9656,0.675,90.0614
1740983125.483,2.164,2.724,0.391,1.647,-1.6287,-1.2227,-3.6538,35.0841,0.5926,90.121
1740983125.563,2.164,2.736,0.391,1.635,-1.6237,-1.2225,-3.6613,35.1902,0.5511,90.1256
1740983125.643,2.165,2.75,0.392,1.622,-1.6183,-1.2224,-3.6692,35.3359,0.5273,90.1424
1740983125.722,2.165,2.759,0.391,1.613,-1.6135,-1.2225,-3.6767,35.4183,0.5085,90.1518
1740983125.802,2.166,2.759,0.392,1.614,-1.6087,-1.2222,-3.6842,35.4592,0.5817,90.1045
1740983125.882,2.168,2.779,0.394,1.594,-1.604,-1.2222,-3.6917,35.4734,0.6384,90.0974
1740983125.961,2.168,2.783,0.394,1.59,-1.5993,-1.2218,-3.6987,35.5829,0.6698,90.1398
1740983126.041,2.169,2.794,0.395,1.579,-1.594,-1.2214,-3.706,35.571,0.6215,90.1933
1740983126.121,2.169,2.812,0.396,1.56,-1.5885,-1.2215,-3.7135,35.3164,0.5526,90.2599
1740983126.2,2.17,2.812,0.398,1.559,-1.5832,-1.2211,-3.7208,35.0025,0.5436,90.3044
1740983126.28,2.17,2.823,0.399,1.547,-1.5778,-1.2212,-3.728,34.7127,0.4537,90.4158
1740983126.359,2.17,2.831,0.4,1.537,-1.5719,-1.221,-3.7354,34.3702,0.3501,90.4497
1740983126.439,2.172,2.841,0.402,1.526,-1.5665,-1.2208,-3.7431,34.1031,0.2679,90.479
1740983126.519,2.172,2.847,0.403,1.52,-1.5615,-1.2207,-3.7502,33.8988,0.2556,90.4981
1740983126.598,2.173,2.847,0.404,1.519,-1.557,-1.221,-3.7577,33.7966,0.2688,90.4782
1740983126.678,2.173,2.858,0.404,1.508,-1.5524,-1.2206,-3.7649,33.7199,0.3037,90.453
1740983126.758,2.173,2.868,0.405,1.498,-1.5477,-1.2202,-3.7722,33.6256,0.361,90.4203
1740983126.837,2.172,2.879,0.404,1.487,-1.5433,-1.2204,-3.7798,33.5584,0.436,90.3753
1740983126.917,2.172,2.888,0.404,1.477,-1.5385,-1.2204,-3.7877,33.4706,0.4838,90.3807
1740983126.997,2.172,2.888,0.404,1.477,-1.5337,-1.2203,-3.7952,33.3943,0.5082,90.4073
1740983127.076,2.172,2.901,0.404,1.464,-1.5289,-1.22,-3.8028,33.3699,0.4957,90.4279
1740983127.156,2.172,2.918,0.404,1.447,-1.5236,-1.2199,-3.8108,33.3661,0.4701,90.4635
1740983127.235,2.172,2.929,0.404,1.436,-1.5186,-1.2198,-3.8187,33.4311,0.4271,90.458
1740983127.315,2.172,2.94,0.404,1.425,-1.5135,-1.2197,-3.8264,33.4109,0.3632,90.4958
1740983127.395,2.173,2.94,0.405,1.425,-1.5084,-1.2196,-3.8337,33.3919,0.2879,90.5021
1740983127.474,2.175,2.951,0.407,1.414,-1.5037,-1.2195,-3.8411,33.4166,0.279,90.4621
1740983127.554,2.173,2.964,0.405,1.401,-1.4993,-1.2192,-3.8482,33.3882,0.2871,90.4675
1740983127.634,2.174,2.967,0.406,1.398,-1.4948,-1.2193,-3.8552,33.3371,0.327,90.4185
1740983127.713,2.174,2.982,0.406,1.383,-1.4911,-1.219,-3.8615,33.3029,0.4018,90.351
1740983127.793,2.175,2.982,0.408,1.383,-1.4876,-1.2188,-3.8672,33.2453,0.4713,90.3153
1740983127.873,2.173,2.986,0.406,1.379,-1.4839,-1.2189,-3.8734,33.2305,0.494,90.3284
1740983127.952,2.174,3.002,0.407,1.363,-1.4794,-1.2189,-3.8803,33.2114,0.4542,90.3692
1740983128.032,2.174,3.008,0.407,1.357,-1.4745,-1.2185,-3.8875,33.185,0.4559,90.3763
1740983128.112,2.174,3.019,0.407,1.346,-1.4703,-1.2187,-3.895,33.1552,0.4483,90.4236
1740983128.191,2.173,3.019,0.406,1.345,-1.4648,-1.2185,-3.9027,33.0842,0.3255,90.5009
1740983128.271,2.174,3.025,0.407,1.339,-1.4587,-1.2191,-3.9122,33.0272,0.2251,90.5126
1740983128.35,2.175,3.036,0.408,1.328,-1.4515,-1.218,-3.9232,32.9737,0.1516,90.5797
1740983128.43,2.175,3.049,0.408,1.315,-1.4443,-1.2174,-3.9345,32.8669,0.119,90.6175
1740983128.51,2.175,3.069,0.408,1.295,-1.4373,-1.2183,-3.9466,32.7847,0.2464,90.5475
1740983128.589,2.177,3.069,0.411,1.294,-1.4307,-1.2171,-3.9577,32.699,0.3127,90.5098
1740983128.669,2.176,3.084,0.41,1.279,-1.4246,-1.2168,-3.968,32.6107,0.4329,90.4228
1740983128.749,2.178,3.108,0.412,1.255,-1.4188,-1.2167,-3.9778,32.5399,0.4297,90.5201
1740983128.828,2.177,3.121,0.411,1.242,-1.4124,-1.2169,-3.9877,32.5373,0.4016,90.5509
1740983128.908,2.177,3.137,0.411,1.226,-1.4055,-1.2167,-3.9984,32.6116,0.2941,90.5723
1740983128.988,2.178,3.137,0.412,1.226,-1.399,-1.2164,-4.0092,32.5857,0.3091,90.5294
1740983129.067,2.179,3.152,0.413,1.211,-1.392,-1.2164,-4.02,32.6191,0.2083,90.5849
1740983129.147,2.179,3.161,0.413,1.202,-1.3856,-1.2164,-4.031,32.5745,0.2895,90.5045
1740983129.226,2.179,3.183,0.413,1.18,-1.3792,-1.2162,-4.0418,32.5207,0.373,90.4139
1740983129.306,2.179,3.194,0.413,1.169,-1.373,-1.2159,-4.0521,32.5038,0.3901,90.4485
1740983129.386,2.177,3.194,0.411,1.169,-1.3665,-1.2155,-4.0627,32.4548,0.4291,90.4502
1740983129.466,2.179,3.212,0.413,1.151,-1.3596,-1.215,-4.0735,32.476,0.4389,90.5207
1740983129.665,2.178,3.24,0.412,1.123,-1.3428,-1.2145,-4.0998,32.4243,0.1866,90.7025
1740983129.744,2.179,3.261,0.413,1.102,-1.3371,-1.2149,-4.1092,32.3646,0.128,90.8045
1740983129.824,2.179,3.276,0.413,1.087,-1.3321,-1.2144,-4.1175,32.3046,0.1576,90.8185
1740983129.904,2.179,3.276,0.413,1.087,-1.3271,-1.2144,-4.1259,32.2472,0.1812,90.7929
1740983129.983,2.181,3.283,0.415,1.079,-1.322,-1.2136,-4.1348,32.1638,0.2795,90.7866
1740983130.063,2.18,3.3,0.415,1.062,-1.3165,-1.2137,-4.1445,32.0635,0.3522,90.7555
1740983130.142,2.18,3.307,0.415,1.055,-1.3104,-1.2131,-4.1545,32.0399,0.3879,90.7988
1740983130.222,2.18,3.32,0.415,1.042,-1.3041,-1.2127,-4.1646,32.0483,0.3496,90.9283
1740983130.302,2.182,3.32,0.417,1.042,-1.2979,-1.213,-4.1749,32.0515,0.3124,90.9028
1740983130.381,2.182,3.336,0.417,1.026,-1.2922,-1.213,-4.1843,32.086,0.2538,90.9253
1740983130.461,2.18,3.356,0.415,1.006,-1.2866,-1.2125,-4.1933,32.0741,0.2033,90.9082
1740983130.541,2.18,3.367,0.415,0.995,-1.2815,-1.2126,-4.2019,32.0782,0.2022,90.8957
1740983130.62,2.18,3.38,0.415,0.982,-1.2765,-1.2124,-4.2102,32.0151,0.2669,90.8473
1740983130.7,2.18,3.38,0.415,0.982,-1.2723,-1.212,-4.2181,31.9598,0.3206,90.8185
1740983130.78,2.181,3.389,0.416,0.973,-1.2677,-1.2117,-4.2259,31.9615,0.42,90.7468
1740983130.859,2.18,3.403,0.415,0.959,-1.263,-1.2111,-4.2334,31.9403,0.39,90.7845
1740983130.939,2.179,3.418,0.414,0.944,-1.2584,-1.2114,-4.2411,31.9273,0.4133,90.7568
1740983131.018,2.179,3.426,0.414,0.936,-1.2542,-1.2113,-4.249,31.8802,0.541,90.7773
1740983131.098,2.175,3.426,0.409,0.936,-1.2545,-1.21,-4.2546,32.1517,1.559,90.3954
1740983131.178,2.176,3.44,0.41,0.923,-1.2539,-1.2094,-4.2581,32.2677,1.9457,90.2423
1740983131.257,2.147,3.447,0.382,0.915,-1.2533,-1.2092,-4.2601,32.1305,2.2217,90.1248
1740983131.337,2.166,3.447,0.4,0.915,-1.2532,-1.2092,-4.261,32.1725,2.3222,90.0311
1740983131.417,2.166,3.45,0.4,0.912,-1.2531,-1.2091,-4.2611,32.1383,2.315,90.036
1740983131.497,2.142,3.45,0.377,0.912,-1.253,-1.2092,-4.2612,32.1392,2.3,90.061
1740983131.576,2.141,3.451,0.376,0.911,-1.2531,-1.2092,-4.2611,32.1395,2.2961,90.0688
1740983131.656,2.142,3.455,0.377,0.907,-1.2531,-1.2092,-4.261,32.1307,2.2901,90.0793
1740983131.735,2.143,3.45,0.378,0.912,-1.2531,-1.2093,-4.2612,32.1225,2.2932,90.0904
1740983131.815,2.143,3.455,0.378,0.907,-1.2532,-1.2093,-4.2611,32.1257,2.2916,90.0913
1740983131.895,2.142,3.455,0.377,0.907,-1.2531,-1.2093,-4.2614,32.1348,2.2984,90.0826
1740983131.974,2.143,3.455,0.378,0.907,-1.2531,-1.2093,-4.2613,32.1263,2.2908,90.09
1740983132.054,2.143,3.45,0.378,0.912,-1.2532,-1.2092,-4.2612,32.1273,2.292,90.088
1740983132.133,2.14,3.456,0.375,0.906,-1.2532,-1.2092,-4.2613,32.1287,2.2872,90.0861
1740983132.213,2.14,3.455,0.375,0.907,-1.2531,-1.2093,-4.2613,32.1239,2.2942,90.0836
1740983132.293,2.142,3.455,0.377,0.907,-1.2531,-1.2093,-4.2613,32.1185,2.2917,90.0922
1740983132.372,2.142,3.451,0.377,0.911,-1.2531,-1.2094,-4.2615,32.1133,2.28,90.0991
1740983132.452,2.143,3.455,0.378,0.907,-1.2529,-1.2093,-4.2619,32.0982,2.3044,90.1819
1740983132.532,2.142,3.454,0.377,0.908,-1.251,-1.2085,-4.266,32.0619,2.5212,90.177
1740983132.611,2.142,3.454,0.376,0.908,-1.2458,-1.2075,-4.2748,32.157,2.6691,90.0305
1740983132.691,2.153,3.454,0.387,0.909,-1.2387,-1.2074,-4.2864,32.4101,2.6782,89.9448
1740983132.771,2.174,3.465,0.408,0.898,-1.2318,-1.2072,-4.2986,32.5228,2.8076,89.7863
1740983132.85,2.14,3.479,0.374,0.885,-1.2271,-1.2081,-4.3083,32.6445,2.9737,89.7193
1740983132.93,2.178,3.5,0.412,0.864,-1.224,-1.2075,-4.3145,32.6641,3.1737,89.637
1740983133.01,2.178,3.511,0.412,0.853,-1.2216,-1.2067,-4.319,32.7163,3.3165,89.5351
1740983133.089,2.199,3.511,0.432,0.853,-1.2191,-1.2068,-4.3234,32.7843,3.2723,89.667
1740983133.169,2.199,3.522,0.432,0.842,-1.2155,-1.2072,-4.3292,32.8034,3.2578,89.7261
1740983133.249,2.2,3.525,0.433,0.84,-1.2115,-1.207,-4.3368,32.913,3.3425,89.6316
1740983133.328,2.199,3.531,0.432,0.834,-1.2067,-1.2067,-4.3448,33.0482,3.4277,89.5386
1740983133.408,2.199,3.545,0.432,0.82,-1.202,-1.2064,-4.3531,33.1528,3.4934,89.4799
1740983133.487,2.199,3.545,0.431,0.821,-1.1977,-1.2063,-4.361,33.2719,3.5804,89.2749
1740983133.567,2.199,3.557,0.431,0.809,-1.194,-1.2057,-4.3676,33.3803,3.601,89.2122
1740983133.647,2.199,3.564,0.431,0.802,-1.1898,-1.2058,-4.3741,33.4459,3.5533,89.2179
1740983133.726,2.198,3.577,0.43,0.79,-1.1861,-1.206,-4.3812,33.5245,3.6692,89.0974
1740983133.806,2.198,3.586,0.429,0.782,-1.1816,-1.2055,-4.3874,33.7481,3.5197,89.2485
1740983133.886,2.198,3.586,0.428,0.783,-1.1768,-1.2057,-4.3948,34.0721,3.3683,89.0527
1740983133.965,2.199,3.599,0.429,0.772,-1.1698,-1.2057,-4.4023,34.3792,2.7431,88.9029
1740983134.045,2.202,3.609,0.432,0.761,-1.1606,-1.2055,-4.4088,34.3635,1.2258,88.6002
1740983134.125,2.191,3.618,0.421,0.752,-1.1579,-1.2051,-4.4146,34.2032,1.6233,88.6232
1740983134.204,2.191,3.634,0.421,0.736,-1.156,-1.2053,-4.4186,34.1901,1.7998,88.6911
1740983134.284,2.18,3.634,0.411,0.735,-1.1536,-1.2049,-4.4218,34.035,1.6202,88.5417
1740983134.364,2.178,3.637,0.409,0.732,-1.1509,-1.2051,-4.4261,33.959,1.7117,88.535
1740983134.443,2.179,3.644,0.41,0.724,-1.1467,-1.2047,-4.4314,33.8749,1.5644,88.478
1740983134.523,2.178,3.653,0.409,0.715,-1.1416,-1.2045,-4.4376,33.785,1.2575,88.3307
1740983134.603,2.178,3.663,0.409,0.705,-1.1358,-1.2042,-4.4448,33.7071,0.9664,88.3563
1740983134.682,2.18,3.663,0.412,0.704,-1.1307,-1.204,-4.4526,33.6177,0.9169,88.3624
1740983134.762,2.182,3.675,0.414,0.692,-1.1262,-1.2039,-4.4597,33.5108,0.9093,88.4328
1740983134.841,2.182,3.683,0.414,0.683,-1.1225,-1.2036,-4.4656,33.2958,0.9214,88.4904
1740983134.921,2.184,3.694,0.417,0.672,-1.119,-1.2037,-4.4713,33.1991,0.9614,88.4993
1740983135.001,2.184,3.694,0.417,0.672,-1.1156,-1.2035,-4.4769,33.2024,0.9681,88.5219
1740983135.08,2.184,3.701,0.417,0.665,-1.1122,-1.2033,-4.4825,33.1549,1.0062,88.5564
1740983135.16,2.183,3.712,0.416,0.654,-1.1084,-1.2032,-4.4891,33.1434,1.1077,88.5147
1740983135.24,2.181,3.722,0.414,0.644,-1.1059,-1.2029,-4.495,33.2023,1.4841,88.5728
1740983135.319,2.183,3.731,0.416,0.635,-1.1082,-1.2027,-4.4991,33.1706,3.0779,88.7948
1740983135.399,2.183,3.731,0.416,0.634,-1.107,-1.2026,-4.5034,33.0564,3.426,89.0691
1740983135.479,2.196,3.735,0.429,0.63,-1.1046,-1.2024,-4.5075,33.0802,3.5491,89.3775
1740983135.558,2.202,3.736,0.435,0.629,-1.1015,-1.2025,-4.5121,33.1018,3.3453,89.7636
1740983135.638,2.203,3.739,0.436,0.627,-1.0985,-1.2023,-4.5178,33.1238,3.4569,89.6527
1740983135.717,2.203,3.748,0.436,0.618,-1.0945,-1.2021,-4.5248,33.1712,3.6207,89.4325
1740983135.797,2.201,3.748,0.434,0.618,-1.0905,-1.202,-4.5317,33.2201,3.6926,89.3495
1740983135.877,2.204,3.758,0.436,0.608,-1.0865,-1.2018,-4.5383,33.3176,3.7106,89.2704
1740983135.956,2.203,3.769,0.435,0.597,-1.0815,-1.2018,-4.5444,33.3608,3.3439,89.4877
1740983136.036,2.204,3.777,0.436,0.589,-1.075,-1.2024,-4.5511,33.3528,2.673,89.7714
1740983136.116,2.204,3.787,0.436,0.58,-1.0643,-1.2031,-4.5578,33.406,0.6258,90.5152
1740983136.195,2.205,3.787,0.437,0.58,-1.0603,-1.2031,-4.5646,33.5641,0.7612,90.5057
1740983136.275,2.168,3.8,0.4,0.567,-1.0573,-1.203,-4.5698,33.5474,0.7744,90.4722
1740983136.355,2.183,3.814,0.415,0.553,-1.0554,-1.2029,-4.573,33.4774,0.7828,90.4946
1740983136.434,2.18,3.823,0.412,0.544,-1.0529,-1.203,-4.5766,33.4969,0.7489,90.5614
1740983136.514,2.18,3.826,0.412,0.541,-1.0494,-1.2029,-4.5819,33.5445,0.6777,90.5674
1740983136.593,2.178,3.826,0.41,0.541,-1.0456,-1.2028,-4.5882,33.5509,0.752,90.5538
1740983136.673,2.181,3.831,0.413,0.536,-1.041,-1.2026,-4.5956,33.5781,0.8343,90.5319
1740983136.753,2.18,3.842,0.412,0.526,-1.0367,-1.2024,-4.6033,33.6519,0.8808,90.3958
1740983136.833,2.181,3.855,0.414,0.511,-1.0328,-1.2018,-4.6081,33.235,0.9743,89.9114
1740983136.912,2.178,3.865,0.411,0.501,-1.0308,-1.2013,-4.6111,33.185,0.9747,89.5635
1740983136.992,2.178,3.865,0.411,0.501,-1.0294,-1.2005,-4.6131,33.2334,0.993,89.3545
1740983137.072,2.156,3.871,0.389,0.495,-1.0274,-1.2,-4.6171,33.2625,1.0907,89.0152
1740983137.151,2.166,3.872,0.399,0.494,-1.0224,-1.1999,-4.625,33.2354,1.147,88.6244
1740983137.231,2.17,3.878,0.402,0.488,-1.0153,-1.1992,-4.6366,33.3158,1.1115,88.4236
1740983137.31,2.17,3.892,0.403,0.474,-1.0079,-1.1985,-4.6493,33.1088,1.3669,88.5025
1740983137.39,2.172,3.892,0.405,0.473,-1.0002,-1.1988,-4.6611,32.8956,1.3197,88.5543
1740983137.47,2.17,3.908,0.403,0.457,-0.9958,-1.2001,-4.6691,32.9604,1.4229,89.9912
1740983137.549,2.167,3.927,0.4,0.438,-0.9911,-1.2009,-4.6747,32.9711,0.8186,90.4789
1740983137.629,2.174,3.94,0.407,0.426,-0.9873,-1.2007,-4.6804,33.074,0.8385,90.3053
1740983137.709,2.174,3.948,0.407,0.418,-0.9848,-1.2002,-4.6843,33.1067,0.7722,90.3496
1740983137.788,2.181,3.948,0.413,0.418,-0.9824,-1.1999,-4.6881,33.2587,0.7477,90.3442
1740983137.868,2.182,3.956,0.414,0.411,-0.9789,-1.2,-4.6936,33.3398,0.7438,90.3874
1740983137.948,2.175,3.959,0.407,0.409,-0.9744,-1.1998,-4.701,33.5551,0.759,90.3875
1740983138.027,2.181,3.966,0.412,0.402,-0.969,-1.1994,-4.7096,33.7282,0.7341,90.3927
1740983138.107,2.181,3.982,0.412,0.387,-0.9638,-1.1993,-4.718,33.931,0.777,90.3493
1740983138.186,2.182,3.982,0.413,0.388,-0.9591,-1.1991,-4.7255,34.0528,0.8247,90.3409
1740983138.266,2.187,3.993,0.417,0.377,-0.9552,-1.1989,-4.732,34.1331,0.8663,90.3697
1740983138.346,2.186,4.003,0.416,0.368,-0.9514,-1.1987,-4.7378,34.2586,0.8917,90.4041
1740983138.425,2.188,4.018,0.418,0.354,-0.9474,-1.1988,-4.7444,34.3497,0.8841,90.3916
1740983138.505,2.188,4.025,0.417,0.348,-0.943,-1.1987,-4.7513,34.5438,0.8853,90.3941
1740983138.585,2.19,4.025,0.419,0.349,-0.9389,-1.1983,-4.7581,34.7319,0.9121,90.4041
1740983138.664,2.189,4.037,0.417,0.337,-0.9345,-1.1981,-4.7647,34.8146,0.9393,90.3698
1740983138.744,2.191,4.044,0.419,0.331,-0.9295,-1.1983,-4.7721,34.9598,0.8531,90.4298
1740983138.824,2.19,4.058,0.417,0.318,-0.924,-1.1976,-4.7796,35.0831,0.7685,90.4607
1740983138.903,2.19,4.069,0.417,0.308,-0.9191,-1.1975,-4.7867,35.1941,0.6994,90.4948
1740983138.983,2.192,4.069,0.419,0.308,-0.9146,-1.1975,-4.793,35.2427,0.6486,90.5285
1740983139.063,2.193,4.079,0.42,0.299,-0.9118,-1.1972,-4.7974,35.3262,0.643,90.5481
1740983139.142,2.193,4.093,0.42,0.285,-0.911,-1.1973,-4.7984,35.3296,0.6271,90.5746
1740983139.222,2.194,4.102,0.421,0.276,-0.9112,-1.1974,-4.7981,35.3219,0.6312,90.5923
1740983139.302,2.194,4.101,0.421,0.277,-0.9114,-1.1973,-4.798,35.3267,0.6298,90.6043
1740983139.381,2.195,4.101,0.422,0.277,-0.9113,-1.1973,-4.7979,35.329,0.6295,90.6044
1740983139.461,2.194,4.099,0.421,0.279,-0.9113,-1.1973,-4.798,35.3246,0.6366,90.6011
1740983139.541,2.194,4.102,0.421,0.276,-0.9114,-1.1974,-4.7981,35.3296,0.6461,90.5957
1740983139.62,2.194,4.101,0.421,0.277,-0.9115,-1.1973,-4.7978,35.3309,0.6398,90.5974
1740983139.7,2.194,4.101,0.42,0.277,-0.9114,-1.1973,-4.7981,35.3362,0.6437,90.5807
1740983139.779,2.195,4.101,0.422,0.277,-0.9113,-1.1974,-4.798,35.3274,0.6459,90.5808
1740983139.859,2.194,4.1,0.421,0.278,-0.9115,-1.1973,-4.7979,35.3193,0.6425,90.5946
1740983139.939,2.194,4.098,0.421,0.28,-0.9114,-1.1974,-4.798,35.3168,0.6291,90.5907
1740983140.018,2.194,4.099,0.421,0.279,-0.9114,-1.1974,-4.798,35.3093,0.6292,90.5886
1740983140.098,2.194,4.101,0.421,0.277,-0.9114,-1.1972,-4.7978,35.3036,0.6284,90.5992
1740983140.178,2.194,4.101,0.421,0.277,-0.9114,-1.1975,-4.7981,35.3075,0.6244,90.5859
1740983140.257,2.195,4.098,0.422,0.28,-0.9114,-1.1973,-4.7979,35.3071,0.6102,90.5989
1740983140.337,2.194,4.1,0.421,0.278,-0.9114,-1.1973,-4.798,35.313,0.6227,90.584
1740983140.417,2.193,4.099,0.42,0.279,-0.9115,-1.1974,-4.7981,35.3159,0.6206,90.5916
1740983140.496,2.193,4.099,0.42,0.279,-0.9114,-1.1973,-4.7979,35.3179,0.6223,90.5828
1740983140.576,2.195,4.099,0.422,0.279,-0.9114,-1.1974,-4.7983,35.314,0.6272,90.5796
1740983140.656,2.196,4.1,0.423,0.278,-0.9114,-1.1973,-4.7982,35.3139,0.636,90.5938
1740983140.735,2.194,4.101,0.421,0.277,-0.9115,-1.1975,-4.798,35.3026,0.6329,90.5983
1740983140.815,2.194,4.1,0.421,0.277,-0.9115,-1.1974,-4.7981,35.2913,0.6448,90.5851
1740983140.895,2.194,4.1,0.421,0.277,-0.9115,-1.1974,-4.7982,35.2826,0.6359,90.5869
1740983140.974,2.194,4.101,0.421,0.276,-0.9115,-1.1974,-4.7982,35.2844,0.6215,90.5965
1740983153.717,2.568,4.07,0.799,0.298,-0.6011,-1.1908,-4.5811,33.5423,0.2324,90.9669
1740983153.797,2.568,4.069,0.799,0.299,-0.6011,-1.1907,-4.581,33.5465,0.2339,90.9756
1740983153.876,2.563,4.069,0.794,0.299,-0.6011,-1.1908,-4.581,33.5422,0.2314,90.9817
1740983153.956,2.564,4.071,0.795,0.297,-0.6011,-1.1908,-4.581,33.5371,0.2353,90.9806
1740983154.036,2.562,4.071,0.793,0.297,-0.6011,-1.1908,-4.581,33.5304,0.2343,90.9734
1740983154.115,2.563,4.071,0.794,0.297,-0.6011,-1.1908,-4.5811,33.5407,0.2381,90.9656
1740983154.195,2.563,4.071,0.794,0.297,-0.6011,-1.1908,-4.5812,33.5369,0.2336,90.9638
1740983154.275,2.562,4.071,0.793,0.297,-0.6011,-1.1909,-4.5812,33.5429,0.2356,90.9651
1740983154.354,2.568,4.07,0.799,0.298,-0.601,-1.1909,-4.5812,33.5359,0.2238,90.9721
1740983154.434,2.57,4.072,0.801,0.296,-0.6011,-1.1908,-4.581,33.5358,0.2252,90.9747
1740983154.514,2.569,4.07,0.8,0.298,-0.601,-1.1908,-4.5811,33.5337,0.2246,90.9759
1740983154.593,2.569,4.072,0.8,0.296,-0.6012,-1.1908,-4.5812,33.5264,0.2322,90.97
1740983154.673,2.569,4.072,0.8,0.296,-0.601,-1.1908,-4.581,33.5237,0.2283,90.9644
1740983154.753,2.568,4.071,0.799,0.297,-0.601,-1.1909,-4.5815,33.5212,0.2344,90.954
1740983154.832,2.563,4.071,0.794,0.297,-0.6011,-1.191,-4.5815,33.5186,0.2278,90.9678
1740983154.912,2.563,4.071,0.794,0.297,-0.6012,-1.1909,-4.5812,33.5212,0.2214,90.9703
1740983154.992,2.563,4.071,0.794,0.297,-0.6011,-1.1908,-4.5812,33.5163,0.2212,90.9697
1740983155.071,2.563,4.071,0.794,0.297,-0.6011,-1.1909,-4.5813,33.52,0.2256,90.9606
1740983155.151,2.568,4.071,0.799,0.297,-0.6011,-1.1909,-4.5812,33.5221,0.2266,90.9674
1740983155.231,2.563,4.072,0.794,0.296,-0.6011,-1.1909,-4.5812,33.5254,0.2279,90.9685
1740983155.31,2.564,4.07,0.795,0.298,-0.6011,-1.1909,-4.5812,33.5217,0.2163,90.9809
1740983155.39,2.564,4.07,0.795,0.298,-0.6011,-1.1909,-4.5814,33.5153,0.2191,90.978
1740983155.47,2.568,4.07,0.799,0.298,-0.6009,-1.1909,-4.5813,33.5085,0.219,90.9759
1740983155.549,2.563,4.071,0.794,0.297,-0.6011,-1.1909,-4.5814,33.5189,0.2228,90.9709
1740983155.629,2.567,4.07,0.798,0.298,-0.6011,-1.1909,-4.5812,33.5174,0.2302,90.9702
1740983155.708,2.569,4.073,0.8,0.295,-0.6011,-1.1908,-4.5815,33.5233,0.2244,90.9681
1740983155.788,2.569,4.071,0.8,0.297,-0.601,-1.191,-4.5815,33.528,0.2126,90.9789
1740983155.868,2.568,4.071,0.799,0.297,-0.6012,-1.1909,-4.5811,33.5331,0.2173,90.9683
1740983155.947,2.568,4.071,0.799,0.297,-0.6011,-1.1909,-4.5814,33.5381,0.2195,90.9621
1740983156.027,2.564,4.071,0.795,0.297,-0.6011,-1.1909,-4.5814,33.5388,0.2172,90.9601
1740983156.107,2.563,4.073,0.794,0.295,-0.6011,-1.1909,-4.5815,33.5346,0.2158,90.9587
1740983156.186,2.563,4.072,0.794,0.296,-0.6011,-1.191,-4.5815,33.5262,0.2059,90.9785
1740983156.266,2.563,4.072,0.794,0.296,-0.601,-1.191,-4.5814,33.522,0.2031,90.9904
1740983156.346,2.568,4.07,0.799,0.298,-0.6011,-1.1908,-4.5813,33.5323,0.2031,90.9886
1740983156.425,2.563,4.071,0.794,0.297,-0.6011,-1.1908,-4.5813,33.5377,0.2009,90.9887
1740983156.505,2.563,4.07,0.794,0.298,-0.6011,-1.1909,-4.5814,33.5312,0.2025,90.9922
1740983156.585,2.563,4.072,0.794,0.296,-0.6011,-1.191,-4.5814,33.538,0.2003,91.0029
1740983156.664,2.569,4.072,0.8,0.296,-0.601,-1.1909,-4.5815,33.532,0.2017,90.9914
1740983156.744,2.568,4.071,0.799,0.297,-0.6013,-1.1909,-4.581,33.535,0.2118,90.9933
1740983156.824,2.563,4.07,0.794,0.298,-0.6018,-1.1909,-4.5805,33.5517,0.2696,90.9289
1740983156.903,2.57,4.071,0.801,0.297,-0.6043,-1.191,-4.5762,33.4839,0.193,90.9225
1740983156.983,2.57,4.066,0.801,0.302,-0.6097,-1.1912,-4.568,33.5648,0.2573,90.8917
1740983157.062,2.563,4.066,0.794,0.301,-0.6163,-1.1913,-4.5582,33.4596,0.375,90.8825
1740983157.142,2.562,4.058,0.794,0.309,-0.6231,-1.1915,-4.5478,33.3211,0.4791,90.8683
1740983157.222,2.564,4.044,0.796,0.323,-0.6288,-1.1926,-4.539,33.2999,0.3947,90.8657
1740983157.301,2.558,4.027,0.79,0.339,-0.6337,-1.1928,-4.5312,33.2379,0.4314,90.8561
1740983157.381,2.558,4.027,0.79,0.339,-0.6373,-1.1927,-4.5252,33.1926,0.4695,90.8824
1740983157.461,2.557,4.015,0.789,0.351,-0.6403,-1.1924,-4.5207,33.1898,0.4683,90.8857
1740983157.54,2.556,4.003,0.788,0.363,-0.6429,-1.1926,-4.5165,33.2644,0.4484,90.8682
1740983157.62,2.557,3.997,0.789,0.369,-0.6458,-1.1928,-4.5117,33.2291,0.4659,90.8929
1740983157.7,2.561,3.991,0.793,0.375,-0.6496,-1.193,-4.5057,33.1715,0.4421,90.9363
1740983157.779,2.561,3.991,0.793,0.375,-0.6538,-1.1931,-4.4988,33.0627,0.3511,90.9976
1740983157.859,2.56,3.983,0.793,0.382,-0.658,-1.1933,-4.4918,32.9661,0.342,91.0343
1740983157.938,2.562,3.973,0.795,0.392,-0.6622,-1.1935,-4.4852,32.8313,0.3667,91.0612
1740983158.018,2.562,3.962,0.794,0.404,-0.6648,-1.1927,-4.4824,33.2338,0.6382,90.5782
1740983158.098,2.561,3.95,0.793,0.416,-0.6651,-1.193,-4.4819,33.133,0.6457,90.4507
1740983158.178,2.561,3.95,0.793,0.416,-0.665,-1.1932,-4.4819,33.1041,0.6592,90.4133
1740983158.257,2.556,3.95,0.788,0.416,-0.6654,-1.1927,-4.4811,33.0379,0.635,90.022
1740983158.337,2.551,3.951,0.784,0.414,-0.6672,-1.1917,-4.4774,32.9947,0.5072,88.9254
1740983158.416,2.559,3.948,0.792,0.416,-0.674,-1.1923,-4.4669,32.7105,0.5193,88.5357
1740983158.496,2.562,3.946,0.796,0.418,-0.6826,-1.1927,-4.4523,32.4292,0.5283,88.5555
1740983158.576,2.562,3.946,0.796,0.417,-0.6932,-1.1942,-4.4339,32.3253,0.3403,89.9684
1740983158.655,2.565,3.93,0.799,0.433,-0.7022,-1.1951,-4.4187,32.2488,0.2795,90.9471
1740983158.735,2.563,3.906,0.797,0.458,-0.7081,-1.195,-4.4092,32.4669,0.3128,91.0276
1740983158.815,2.564,3.879,0.798,0.484,-0.7109,-1.1956,-4.405,32.4215,0.3118,91.0044
1740983158.894,2.565,3.864,0.799,0.499,-0.7129,-1.196,-4.4015,32.3939,0.3014,90.9829
1740983158.974,2.565,3.864,0.799,0.499,-0.7158,-1.1961,-4.3973,32.3697,0.3264,90.9227
1740983159.053,2.566,3.86,0.8,0.503,-0.7198,-1.1963,-4.3909,32.4054,0.3749,90.8361
1740983159.133,2.566,3.855,0.8,0.508,-0.7249,-1.1963,-4.3829,32.3664,0.4535,90.8428
1740983159.213,2.567,3.846,0.801,0.517,-0.7308,-1.1965,-4.3739,32.3042,0.5763,90.819
1740983159.292,2.566,3.832,0.8,0.531,-0.7365,-1.1962,-4.3652,32.2744,0.7498,91.0225
1740983159.372,2.566,3.832,0.8,0.531,-0.7381,-1.1962,-4.3618,32.2763,0.5867,91.6743
1740983159.452,2.565,3.82,0.799,0.543,-0.7383,-1.1958,-4.3615,32.2761,0.5527,91.6678
1740983159.531,2.566,3.808,0.8,0.555,-0.7386,-1.1956,-4.361,32.2549,0.5584,91.7069
1740983159.611,2.563,3.81,0.797,0.553,-0.7411,-1.1952,-4.3567,32.3416,0.5293,92.2934
1740983159.691,2.56,3.808,0.794,0.555,-0.7458,-1.1934,-4.3469,32.1836,0.0966,92.8624
1740983159.77,2.56,3.808,0.794,0.555,-0.7578,-1.1939,-4.3282,32.0914,0.2678,93.2981
1740983159.85,2.565,3.8,0.799,0.563,-0.7679,-1.1979,-4.3116,32.1247,0.2955,90.9647
1740983159.929,2.566,3.779,0.8,0.584,-0.7795,-1.1997,-4.2946,32.1508,0.625,91.0738
1740983160.009,2.558,3.749,0.793,0.613,-0.7859,-1.1995,-4.283,31.9534,0.4148,91.0548
1740983160.089,2.558,3.723,0.793,0.639,-0.7897,-1.1989,-4.2775,31.8582,0.5851,90.973
1740983160.168,2.562,3.723,0.797,0.639,-0.7902,-1.1992,-4.276,31.8092,0.5728,90.889
1740983160.248,2.563,3.71,0.798,0.652,-0.7921,-1.1991,-4.2737,31.8419,0.6338,90.8029
1740983160.328,2.554,3.709,0.789,0.653,-0.7954,-1.1995,-4.2682,31.7891,0.6031,90.8021
1740983160.407,2.552,3.706,0.787,0.656,-0.8004,-1.1996,-4.2596,31.728,0.6484,90.7859
1740983160.487,2.561,3.696,0.796,0.666,-0.8061,-1.1998,-4.2493,31.8751,0.4393,90.8684
1740983160.567,2.561,3.696,0.795,0.667,-0.8112,-1.2,-4.2387,32.1142,0.0061,91.2346
1740983160.646,2.555,3.681,0.789,0.682,-0.8152,-1.2,-4.2307,32.2872,-0.2156,91.5956
1740983160.726,2.561,3.663,0.795,0.7,-0.8198,-1.2002,-4.2232,32.3169,-0.2498,91.4196
1740983160.806,2.562,3.653,0.796,0.71,-0.8268,-1.2008,-4.2143,32.1548,0.2742,90.9106
1740983160.885,2.562,3.642,0.796,0.72,-0.833,-1.2011,-4.205,32.0629,0.4188,90.8382
1740983160.965,2.562,3.642,0.796,0.72,-0.8383,-1.2013,-4.1968,31.9628,0.5342,90.8312
1740983161.045,2.563,3.63,0.798,0.732,-0.8427,-1.2015,-4.1897,31.9271,0.5621,90.7883
1740983161.124,2.555,3.614,0.79,0.748,-0.8466,-1.202,-4.183,31.9189,0.548,90.753
1740983161.204,2.555,3.605,0.79,0.757,-0.8511,-1.202,-4.1755,31.9189,0.5232,90.717
1740983161.283,2.555,3.595,0.79,0.767,-0.8558,-1.2018,-4.1677,31.893,0.5814,90.6915
1740983161.363,2.557,3.595,0.792,0.767,-0.8606,-1.202,-4.1593,31.855,0.569,90.6978
1740983161.443,2.557,3.586,0.792,0.776,-0.8657,-1.2022,-4.1508,31.9005,0.5628,90.6878
1740983161.522,2.559,3.574,0.794,0.788,-0.8706,-1.2027,-4.1427,31.872,0.5504,90.7092
1740983161.602,2.551,3.558,0.786,0.804,-0.8754,-1.2027,-4.1342,31.8093,0.4888,90.7415
1740983161.682,2.551,3.548,0.786,0.813,-0.8804,-1.2026,-4.1258,31.6658,0.5657,90.7013
1740983161.761,2.549,3.548,0.784,0.813,-0.8854,-1.2028,-4.1178,31.5896,0.6184,90.7099
1740983161.841,2.564,3.534,0.799,0.827,-0.8899,-1.2031,-4.1098,31.535,0.6007,90.7273
1740983161.921,2.556,3.525,0.791,0.836,-0.8948,-1.2034,-4.1021,31.4707,0.6261,90.6886
1740983162.0,2.554,3.51,0.789,0.851,-0.8998,-1.2034,-4.0936,31.3628,0.6753,90.6781
1740983162.08,2.554,3.501,0.789,0.86,-0.9047,-1.204,-4.0853,31.3967,0.6612,90.6653
1740983162.159,2.56,3.501,0.795,0.86,-0.9095,-1.2045,-4.0772,31.4422,0.6209,90.6639
1740983162.239,2.554,3.487,0.789,0.874,-0.914,-1.2044,-4.0688,31.4686,0.5176,90.7009
1740983162.319,2.556,3.472,0.791,0.889,-0.9189,-1.2046,-4.0605,31.5029,0.4574,90.6577
1740983162.398,2.562,3.465,0.797,0.896,-0.924,-1.2049,-4.0518,31.5036,0.4687,90.6573
1740983162.478,2.562,3.454,0.797,0.907,-0.929,-1.2055,-4.0433,31.5043,0.4486,90.6577
1740983162.558,2.56,3.454,0.795,0.907,-0.9343,-1.2056,-4.0347,31.5013,0.4992,90.627
1740983162.637,2.56,3.454,0.795,0.907,-0.9394,-1.2057,-4.0262,31.447,0.5774,90.6068
1740983162.717,2.562,3.425,0.797,0.936,-0.9447,-1.2062,-4.0181,31.4457,0.6784,90.6079
1740983162.797,2.562,3.417,0.797,0.944,-0.9496,-1.2065,-4.0101,31.3461,0.7419,90.5961
1740983162.876,2.562,3.417,0.797,0.944,-0.9542,-1.2064,-4.0018,31.3263,0.66,90.6015
1740983162.956,2.566,3.405,0.802,0.955,-0.9571,-1.2058,-3.9947,30.9674,0.3031,90.2589
1740983163.036,2.566,3.389,0.802,0.971,-0.9585,-1.2056,-3.9914,30.9457,0.1411,89.9355
1740983163.115,2.563,3.382,0.799,0.979,-0.9606,-1.2049,-3.9877,30.9886,0.191,89.3773
1740983163.195,2.563,3.376,0.798,0.985,-0.9652,-1.204,-3.9802,31.1514,0.2487,88.7706
1740983163.275,2.563,3.376,0.799,0.985,-0.9722,-1.2048,-3.9685,31.1075,0.2469,88.7301
1740983163.354,2.567,3.369,0.803,0.991,-0.9796,-1.2043,-3.9573,30.9284,0.5424,88.1828
1740983163.434,2.567,3.363,0.802,0.998,-0.9879,-1.205,-3.9463,31.5559,1.0679,88.2324
1740983163.513,2.568,3.34,0.802,1.023,-0.997,-1.2055,-3.9359,32.3115,1.7869,88.4631
1740983163.593,2.551,3.319,0.784,1.044,-1.0011,-1.2057,-3.9275,32.5765,1.3222,88.4549
1740983163.673,2.551,3.319,0.783,1.046,-1.0089,-1.2071,-3.9156,33.1271,1.4145,89.7593
1740983163.752,2.556,3.307,0.79,1.056,-1.0148,-1.2086,-3.903,32.4966,0.8106,90.4407
1740983163.832,2.553,3.29,0.786,1.074,-1.0195,-1.2082,-3.894,32.6841,0.6025,90.4943
1740983163.912,2.561,3.273,0.794,1.091,-1.024,-1.2084,-3.8869,32.8497,0.5782,90.4626
1740983163.991,2.553,3.265,0.786,1.099,-1.0281,-1.2085,-3.88,32.9197,0.4749,90.5397
1740983164.071,2.553,3.265,0.784,1.101,-1.0295,-1.2083,-3.8742,33.4604,-0.2474,91.3223
1740983164.151,2.557,3.254,0.788,1.112,-1.0302,-1.2075,-3.8699,33.4706,-0.9659,91.6825
1740983164.23,2.565,3.249,0.796,1.117,-1.0323,-1.2067,-3.8624,33.4911,-1.8181,91.9589
1740983164.31,2.563,3.235,0.794,1.132,-1.039,-1.2064,-3.8507,33.7114,-2.0413,92.3225
1740983164.39,2.567,3.232,0.799,1.134,-1.0555,-1.2063,-3.8369,33.3438,0.4596,92.6428
1740983164.469,2.567,3.232,0.8,1.132,-1.0659,-1.207,-3.8247,32.8728,1.033,92.4037
1740983164.549,2.57,3.213,0.804,1.15,-1.0765,-1.2075,-3.8171,32.3104,2.9582,90.121
1740983164.629,2.542,3.189,0.776,1.173,-1.0831,-1.2087,-3.8082,32.2316,3.3879,89.4323
1740983164.708,2.576,3.171,0.809,1.192,-1.0835,-1.2107,-3.7949,32.6484,0.8261,90.5353
1740983164.788,2.552,3.157,0.785,1.206,-1.0884,-1.21,-3.7851,32.6781,0.685,90.4043
1740983164.867,2.552,3.157,0.785,1.207,-1.0926,-1.2108,-3.7794,32.7705,0.7926,90.3311
1740983164.947,2.552,3.138,0.785,1.226,-1.0963,-1.2107,-3.7738,32.7158,0.8204,90.2913
1740983165.027,2.555,3.133,0.788,1.231,-1.1004,-1.2108,-3.7675,32.7872,0.9273,90.2182
1740983165.106,2.542,3.12,0.774,1.245,-1.1047,-1.2105,-3.764,33.1503,1.5175,89.3076
1740983165.186,2.545,3.116,0.777,1.249,-1.1056,-1.2093,-3.7615,33.2748,1.2978,88.5025
1740983165.266,2.545,3.116,0.777,1.249,-1.1094,-1.2094,-3.7552,33.2228,1.2648,88.0891
1740983165.345,2.548,3.112,0.78,1.253,-1.1178,-1.2089,-3.7425,33.2196,1.4938,88.1747
1740983165.425,2.55,3.102,0.782,1.263,-1.1266,-1.2099,-3.7273,33.2742,1.1803,88.3696
1740983165.505,2.549,3.084,0.781,1.281,-1.138,-1.2112,-3.7076,33.1214,0.7879,90.1394
1740983165.584,2.55,3.067,0.782,1.298,-1.1453,-1.2121,-3.695,33.3678,0.7688,90.2988
1740983165.664,2.55,3.067,0.781,1.299,-1.1525,-1.2121,-3.6849,33.4982,0.8933,90.2448
1740983165.744,2.551,3.04,0.782,1.326,-1.1573,-1.2123,-3.6776,33.4846,0.9599,90.2081
1740983165.823,2.55,3.023,0.781,1.342,-1.1622,-1.2128,-3.6709,33.4363,1.0171,90.146
1740983165.903,2.548,3.013,0.78,1.352,-1.167,-1.2128,-3.6633,33.2581,1.1023,90.119
1740983165.982,2.554,3.001,0.786,1.364,-1.1726,-1.213,-3.654,33.2818,1.0826,90.1227
1740983166.062,2.554,3.001,0.788,1.361,-1.181,-1.2127,-3.646,32.2458,2.2697,90.1836
1740983166.142,2.547,2.983,0.781,1.379,-1.1874,-1.2112,-3.6426,32.0164,3.4586,89.3733
1740983166.221,2.544,2.974,0.778,1.388,-1.1931,-1.2113,-3.6354,32.1993,3.8556,89.2739
1740983166.301,2.575,2.966,0.809,1.396,-1.1999,-1.2109,-3.6239,32.0377,3.7369,89.3319
1740983166.381,2.572,2.953,0.807,1.409,-1.2076,-1.2123,-3.61,31.8888,3.607,89.3255
1740983166.46,2.572,2.953,0.806,1.41,-1.2115,-1.2146,-3.5919,32.416,1.1227,90.0231
1740983166.54,2.572,2.93,0.806,1.432,-1.2188,-1.2154,-3.5795,32.3579,1.2003,90.0369
1740983166.62,2.554,2.916,0.788,1.446,-1.225,-1.2149,-3.5698,32.1703,1.3571,89.8965
1740983166.699,2.544,2.898,0.778,1.464,-1.2294,-1.215,-3.5629,32.047,1.3492,89.89
1740983166.779,2.543,2.875,0.777,1.487,-1.2321,-1.2149,-3.5579,32.0412,1.2721,89.9663
1740983166.858,2.543,2.875,0.778,1.487,-1.2355,-1.2147,-3.5523,31.8952,1.2527,89.8648
1740983166.938,2.549,2.869,0.784,1.493,-1.2415,-1.2151,-3.542,31.8865,1.1493,89.9523
1740983167.018,2.551,2.867,0.786,1.494,-1.2491,-1.216,-3.5288,31.8149,1.0631,89.9925
1740983167.097,2.555,2.848,0.79,1.513,-1.2571,-1.2159,-3.5145,31.6693,0.9969,89.9375
1740983167.177,2.551,2.831,0.787,1.529,-1.2633,-1.2152,-3.5054,30.9465,1.5868,88.9175
1740983167.257,2.551,2.831,0.786,1.53,-1.2676,-1.2143,-3.4996,31.3312,1.7412,88.0865
1740983167.336,2.55,2.815,0.785,1.546,-1.2727,-1.2144,-3.4923,31.6228,1.8606,87.8282
1740983167.416,2.558,2.809,0.793,1.553,-1.2799,-1.2147,-3.4805,31.9115,1.9281,87.8509
1740983167.496,2.562,2.793,0.796,1.57,-1.2883,-1.2145,-3.4673,32.5268,1.9532,87.7991
1740983167.575,2.553,2.776,0.786,1.587,-1.2969,-1.2147,-3.453,32.6589,1.9627,87.8234
1740983167.655,2.553,2.776,0.786,1.587,-1.3054,-1.2147,-3.4386,32.7557,1.8462,87.7856
1740983167.735,2.539,2.752,0.771,1.613,-1.3157,-1.2153,-3.4237,33.3127,2.1039,88.1908
1740983167.814,2.542,2.733,0.773,1.632,-1.3265,-1.2158,-3.409,33.5543,2.5567,88.4057
1740983167.894,2.546,2.71,0.777,1.655,-1.338,-1.2157,-3.3953,33.4546,3.2375,88.6525
1740983167.974,2.546,2.689,0.779,1.674,-1.3459,-1.2151,-3.3827,32.5648,3.3,89.5206
1740983168.053,2.553,2.689,0.787,1.673,-1.3537,-1.2146,-3.3713,32.4476,3.5828,89.1704
1740983168.133,2.57,2.667,0.804,1.695,-1.3625,-1.2159,-3.3572,32.2238,3.4423,89.3471
1740983168.213,2.569,2.653,0.803,1.709,-1.3714,-1.2155,-3.3424,31.9609,3.4599,89.3102
1740983168.292,2.57,2.636,0.805,1.725,-1.3778,-1.2161,-3.3296,31.5515,2.974,89.8873
1740983168.372,2.57,2.636,0.805,1.725,-1.3795,-1.2162,-3.3225,31.4154,2.1652,90.9389
1740983168.451,2.57,2.614,0.805,1.747,-1.3789,-1.2156,-3.3225,31.4399,2.0408,91.0611
1740983168.531,2.567,2.596,0.802,1.765,-1.3803,-1.2157,-3.3292,31.5588,3.7064,89.0232
1740983168.611,2.559,2.595,0.794,1.766,-1.3783,-1.2157,-3.3297,31.5825,3.0362,89.7872
1740983168.69,2.574,2.6,0.809,1.761,-1.3776,-1.2157,-3.332,31.5692,3.3453,89.3776
1740983168.77,2.574,2.6,0.809,1.761,-1.3771,-1.2158,-3.3322,31.601,3.1773,89.5467
1740983168.85,2.57,2.606,0.805,1.755,-1.3773,-1.2156,-3.3321,31.5747,3.2475,89.4671
1740983168.929,2.575,2.603,0.81,1.758,-1.3773,-1.2157,-3.3321,31.5688,3.2194,89.5053
1740983169.009,2.576,2.609,0.811,1.752,-1.3773,-1.2156,-3.332,31.57,3.2059,89.4877
1740983169.089,2.571,2.608,0.806,1.753,-1.3772,-1.2158,-3.3322,31.5761,3.2234,89.4721
1740983169.168,2.571,2.608,0.806,1.753,-1.3772,-1.2156,-3.3321,31.5563,3.197,89.5004
1740983169.248,2.576,2.609,0.811,1.752,-1.3771,-1.2158,-3.3322,31.5574,3.1943,89.4891
1740983169.328,2.57,2.603,0.805,1.758,-1.377,-1.2159,-3.3323,31.5544,3.1879,89.4852
1740983169.407,2.576,2.609,0.811,1.752,-1.3772,-1.2158,-3.3322,31.5545,3.1961,89.4788
1740983169.487,2.571,2.609,0.806,1.752,-1.3772,-1.2158,-3.3322,31.5521,3.2025,89.4665
1740983169.566,2.571,2.609,0.806,1.752,-1.3771,-1.2158,-3.3323,31.5537,3.202,89.4626
1740983169.646,2.576,2.61,0.811,1.751,-1.3772,-1.2159,-3.3323,31.5521,3.1952,89.4596
1740983169.726,2.576,2.609,0.811,1.752,-1.3771,-1.2159,-3.3323,31.5526,3.1876,89.445
1740983169.805,2.571,2.608,0.806,1.753,-1.3773,-1.2159,-3.3322,31.5657,3.193,89.456
1740983169.885,2.576,2.603,0.811,1.758,-1.3772,-1.2158,-3.3321,31.56,3.1925,89.4557
1740983169.965,2.576,2.603,0.811,1.758,-1.3772,-1.2159,-3.3323,31.5601,3.1975,89.442
1740983170.044,2.576,2.603,0.811,1.758,-1.3771,-1.2158,-3.3322,31.567,3.2019,89.4314
1740983170.124,2.572,2.608,0.807,1.753,-1.3774,-1.216,-3.3325,31.5445,3.3154,89.2833
1740983170.204,2.575,2.602,0.81,1.759,-1.3778,-1.2159,-3.3325,31.5501,3.4125,89.1323
1740983170.283,2.569,2.604,0.804,1.757,-1.3799,-1.2159,-3.3288,31.5578,3.3569,89.2689
1740983170.363,2.569,2.604,0.804,1.757,-1.3832,-1.2161,-3.3239,31.3679,3.5051,89.065
1740983170.442,2.569,2.6,0.804,1.761,-1.3868,-1.2164,-3.3178,31.276,3.3943,89.0912
1740983170.522,2.575,2.599,0.81,1.762,-1.3911,-1.2165,-3.3115,31.2957,3.5034,88.8716
1740983170.602,2.575,2.592,0.81,1.769,-1.3945,-1.216,-3.3049,31.2845,3.4715,88.8036
1740983170.681,2.574,2.581,0.809,1.78,-1.3982,-1.2164,-3.2986,31.2281,3.4709,88.7834
1740983170.761,2.574,2.581,0.809,1.78,-1.4024,-1.2165,-3.2921,31.1577,3.4912,88.7614
1740983170.841,2.569,2.569,0.804,1.792,-1.4057,-1.2168,-3.2862,31.1663,3.487,88.7687
1740983170.92,2.57,2.559,0.806,1.801,-1.4087,-1.2169,-3.28,31.1097,3.3011,88.8341
1740983171.0,2.576,2.557,0.812,1.803,-1.4113,-1.2174,-3.2723,31.0331,2.735,89.0953
1740983171.08,2.573,2.541,0.809,1.819,-1.4119,-1.2186,-3.2615,30.9969,0.8306,89.8757
1740983171.159,2.573,2.541,0.808,1.82,-1.4153,-1.2185,-3.2538,31.2072,0.7259,89.8645
1740983171.239,2.557,2.536,0.793,1.824,-1.4195,-1.2188,-3.2484,31.1319,0.9567,89.7562
1740983171.318,2.557,2.525,0.792,1.836,-1.4216,-1.2186,-3.2452,31.1779,0.9405,89.7488
1740983171.398,2.551,2.51,0.786,1.851,-1.4237,-1.2188,-3.2419,31.2101,0.9845,89.6728
1740983171.478,2.555,2.514,0.791,1.846,-1.4265,-1.2189,-3.237,31.1,1.024,89.6651
1740983171.557,2.555,2.514,0.791,1.846,-1.43,-1.2189,-3.2308,31.0973,0.9948,89.6928
1740983171.637,2.556,2.506,0.792,1.854,-1.4343,-1.2189,-3.2241,31.1296,1.0812,89.6249
1740983171.717,2.555,2.493,0.79,1.868,-1.4385,-1.2192,-3.217,31.1553,1.064,89.6094
1740983171.797,2.556,2.486,0.792,1.874,-1.4424,-1.2191,-3.2101,31.1204,1.0643,89.633
1740983171.876,2.557,2.48,0.793,1.88,-1.446,-1.2191,-3.2034,31.1006,1.0361,89.6798
1740983171.956,2.557,2.48,0.793,1.88,-1.4493,-1.2191,-3.1974,31.1195,0.9409,89.7801
1740983172.035,2.552,2.466,0.787,1.895,-1.4526,-1.2192,-3.1916,31.1617,0.9466,89.8135
1740983172.115,2.557,2.456,0.793,1.904,-1.456,-1.2192,-3.1855,31.132,0.8719,89.8647
1740983172.195,2.552,2.448,0.787,1.913,-1.4593,-1.2192,-3.1795,31.1771,0.7989,89.9005
1740983172.274,2.551,2.445,0.786,1.915,-1.4625,-1.2193,-3.1737,31.1562,0.7672,89.8716
1740983172.354,2.551,2.445,0.786,1.916,-1.4662,-1.2194,-3.1676,31.3794,0.7778,89.8806
1740983172.434,2.553,2.434,0.788,1.927,-1.4706,-1.2196,-3.1618,31.9463,0.751,89.8803
1740983172.513,2.557,2.422,0.79,1.941,-1.4752,-1.2196,-3.1561,32.9762,0.8001,89.7799
1740983172.593,2.556,2.412,0.786,1.954,-1.4798,-1.2193,-3.1508,33.8809,0.8325,89.7391
1740983172.673,2.54,2.404,0.769,1.963,-1.484,-1.2196,-3.1455,34.2926,0.9039,89.7316
1740983172.752,2.54,2.404,0.769,1.963,-1.4876,-1.2195,-3.1405,34.303,0.9651,89.7045
1740983172.832,2.546,2.398,0.775,1.969,-1.4913,-1.2196,-3.1351,34.2401,1.0388,89.651
1740983172.912,2.546,2.393,0.775,1.974,-1.4949,-1.2196,-3.1296,34.2271,1.0599,89.5856
1740983172.991,2.552,2.381,0.781,1.986,-1.4986,-1.2198,-3.1238,34.2477,0.959,89.6293
1740983173.071,2.551,2.373,0.78,1.994,-1.5025,-1.2196,-3.1175,34.2615,0.8704,89.7242
1740983173.15,2.551,2.373,0.78,1.993,-1.5062,-1.2197,-3.1119,34.2223,0.8744,89.7351
1740983173.23,2.545,2.364,0.774,2.002,-1.5098,-1.2198,-3.1059,34.1879,0.7913,89.7945
1740983173.31,2.545,2.356,0.775,2.01,-1.5134,-1.2199,-3.1002,34.0803,0.7805,89.8149
1740983173.389,2.545,2.349,0.775,2.017,-1.5168,-1.2202,-3.0949,33.9992,0.7209,89.8481
1740983173.469,2.549,2.343,0.779,2.023,-1.5205,-1.2201,-3.0891,33.966,0.8161,89.7932
1740983173.549,2.549,2.343,0.779,2.022,-1.5243,-1.2201,-3.0832,33.8956,0.7723,89.8562
1740983173.628,2.544,2.331,0.774,2.034,-1.5283,-1.2202,-3.0775,33.8348,0.8518,89.8195
1740983173.708,2.544,2.323,0.774,2.042,-1.5319,-1.2202,-3.0718,33.8278,0.8383,89.8329
1740983173.788,2.543,2.313,0.773,2.052,-1.5357,-1.2203,-3.0661,33.8623,0.876,89.8552
1740983173.869,2.543,2.309,0.773,2.056,-1.5393,-1.2203,-3.06,33.8428,0.8938,89.83
1740983173.947,2.543,2.309,0.773,2.056,-1.5433,-1.2202,-3.0544,33.8229,0.9302,89.8142
1740983174.027,2.546,2.298,0.776,2.067,-1.547,-1.2202,-3.0482,33.8207,0.9279,89.8644
1740983174.106,2.542,2.288,0.772,2.077,-1.5515,-1.2207,-3.0418,33.8493,1.0325,89.9804
1740983174.186,2.542,2.281,0.772,2.084,-1.5557,-1.2204,-3.035,33.8685,1.0276,90.0339
1740983174.266,2.542,2.281,0.772,2.084,-1.5597,-1.221,-3.0286,33.8466,0.9646,90.1648
1740983174.345,2.545,2.27,0.775,2.095,-1.5635,-1.2211,-3.0223,33.8052,0.9142,90.2495
1740983174.425,2.545,2.259,0.776,2.106,-1.5673,-1.2211,-3.0161,33.7626,0.8506,90.3383
1740983174.505,2.546,2.252,0.776,2.113,-1.571,-1.2209,-3.0099,33.7751,0.8082,90.3707
1740983174.584,2.545,2.242,0.775,2.123,-1.5748,-1.2214,-3.004,33.7798,0.7907,90.4063
1740983174.664,2.545,2.242,0.775,2.123,-1.5787,-1.2215,-2.9981,33.807,0.7577,90.4356
1740983174.743,2.541,2.233,0.771,2.132,-1.5825,-1.2213,-2.9917,33.797,0.7219,90.4861
1740983174.823,2.541,2.224,0.772,2.141,-1.5869,-1.2216,-2.985,33.7634,0.7256,90.4795
1740983174.903,2.546,2.214,0.777,2.151,-1.5912,-1.2215,-2.9782,33.6969,0.7683,90.4614
1740983174.982,2.541,2.205,0.772,2.159,-1.5955,-1.2219,-2.972,33.6104,0.8679,90.4185
1740983175.063,2.541,2.205,0.772,2.159,-1.5999,-1.222,-2.9658,33.5546,1.0129,90.369
1740983175.142,2.54,2.194,0.771,2.17,-1.6041,-1.2225,-2.96,33.4566,1.1293,90.3143
1740983175.221,2.541,2.186,0.772,2.178,-1.608,-1.2221,-2.9538,33.4521,1.139,90.2884
1740983175.301,2.534,2.176,0.766,2.188,-1.6104,-1.222,-2.9484,33.3415,1.0614,90.1038
1740983175.381,2.532,2.166,0.764,2.197,-1.6111,-1.2216,-2.9459,33.0959,0.7766,90.0804
1740983175.461,2.532,2.166,0.764,2.197,-1.6114,-1.2215,-2.9452,33.0323,0.702,89.9998
1740983175.54,2.539,2.16,0.772,2.203,-1.6123,-1.2211,-2.9438,32.9451,0.7398,89.6276
1740983175.619,2.545,2.158,0.778,2.205,-1.6148,-1.2205,-2.94,32.9097,0.7623,88.9656
1740983175.699,2.546,2.157,0.779,2.206,-1.6201,-1.2211,-2.9312,32.8316,0.6566,88.7329
1740983175.779,2.543,2.151,0.776,2.211,-1.6274,-1.2209,-2.9192,32.6932,0.6802,88.507
1740983175.859,2.543,2.151,0.776,2.211,-1.6341,-1.2209,-2.9087,32.6435,0.7304,88.4143
1740983175.938,2.542,2.136,0.775,2.226,-1.6394,-1.2211,-2.9005,32.6274,0.7745,88.299
1740983176.018,2.542,2.119,0.776,2.243,-1.6429,-1.2214,-2.895,32.4162,0.8108,88.2685
1740983176.097,2.54,2.104,0.774,2.258,-1.6453,-1.2212,-2.8908,32.3446,0.8358,88.2259
1740983176.177,2.541,2.096,0.775,2.266,-1.6479,-1.2215,-2.8866,32.2918,0.8352,88.2305
1740983176.257,2.541,2.096,0.775,2.266,-1.6512,-1.2216,-2.8813,32.1955,0.8605,88.2247
1740983176.336,2.54,2.091,0.774,2.27,-1.6552,-1.2218,-2.8748,32.1501,0.8808,88.2321
1740983176.416,2.544,2.082,0.778,2.279,-1.6597,-1.2218,-2.8676,32.1086,0.9021,88.2349
1740983176.496,2.54,2.075,0.774,2.286,-1.6639,-1.2221,-2.8604,32.0267,0.8716,88.2635
1740983176.575,2.542,2.064,0.776,2.297,-1.6679,-1.2224,-2.8534,32.0343,0.8288,88.4027
1740983176.655,2.542,2.064,0.776,2.297,-1.6728,-1.223,-2.8455,32.0973,0.6771,88.9417
1740983176.734,2.545,2.055,0.779,2.306,-1.6798,-1.2242,-2.8333,31.9932,0.6274,90.5246
1740983176.814,2.545,2.044,0.778,2.318,-1.6842,-1.2245,-2.8247,32.7197,0.4783,91.0224
1740983176.894,2.544,2.024,0.776,2.339,-1.6846,-1.2243,-2.8229,33.1424,0.309,91.2008
1740983176.974,2.546,2.016,0.778,2.347,-1.685,-1.2243,-2.8229,33.2098,0.3603,91.1917
1740983177.053,2.546,2.016,0.778,2.347,-1.685,-1.2243,-2.8221,33.2077,0.2223,91.3306
1740983177.133,2.542,2.015,0.773,2.349,-1.6859,-1.2239,-2.817,33.4263,-0.4124,91.8104
1740983177.212,2.546,2.013,0.777,2.351,-1.6886,-1.2234,-2.8078,33.4944,-1.4213,92.3752
1740983177.292,2.544,2.008,0.775,2.356,-1.6957,-1.224,-2.7958,33.4852,-1.524,92.5677
1740983177.372,2.549,1.997,0.78,2.367,-1.7038,-1.2236,-2.7832,33.546,-1.5219,92.7043
1740983177.451,2.549,1.997,0.78,2.367,-1.7117,-1.2236,-2.7727,33.6424,-1.1135,92.9929
1740983177.531,2.549,1.977,0.78,2.387,-1.7202,-1.2237,-2.765,33.7585,0.1421,93.0418
1740983177.611,2.546,1.961,0.778,2.402,-1.7222,-1.2236,-2.7614,33.3902,0.1657,92.9158
1740983177.69,2.542,1.949,0.774,2.414,-1.7188,-1.2235,-2.7614,33.4039,-0.7978,92.7051
1740983177.77,2.565,1.946,0.797,2.417,-1.7164,-1.2233,-2.7611,33.3634,-1.6809,92.5406
1740983177.849,2.565,1.946,0.798,2.416,-1.7171,-1.2231,-2.7593,32.7378,-1.5078,92.3191
1740983177.929,2.562,1.948,0.796,2.414,-1.7172,-1.2227,-2.7566,32.3494,-1.9584,91.7483
1740983178.009,2.574,1.945,0.808,2.417,-1.7192,-1.2221,-2.7531,32.4279,-1.8929,90.8902
1740983178.089,2.58,1.945,0.813,2.417,-1.7233,-1.2219,-2.7461,32.7642,-2.0607,90.4557
1740983178.168,2.577,1.932,0.809,2.431,-1.7304,-1.222,-2.7359,33.3212,-1.9304,90.4063
1740983178.248,2.577,1.932,0.808,2.432,-1.7392,-1.2225,-2.7258,33.6989,-1.344,90.1431
1740983178.327,2.576,1.923,0.807,2.441,-1.7544,-1.2252,-2.718,33.5,2.162,88.1545
1740983178.407,2.569,1.907,0.799,2.458,-1.766,-1.2259,-2.7065,34.0695,3.1827,88.8163
1740983178.487,2.561,1.889,0.789,2.477,-1.7667,-1.2258,-2.6992,34.5607,1.5694,88.6719
1740983178.566,2.557,1.873,0.784,2.493,-1.7708,-1.2261,-2.6956,34.6858,2.4041,88.8452
1740983178.646,2.557,1.873,0.784,2.493,-1.7715,-1.2265,-2.6942,34.7167,2.3207,88.8714
1740983178.726,2.557,1.867,0.784,2.499,-1.7708,-1.2265,-2.6926,34.7495,1.7116,88.6112
1740983178.805,2.559,1.861,0.786,2.505,-1.7742,-1.2267,-2.6883,34.7664,2.0364,88.8455
1740983178.885,2.564,1.859,0.79,2.508,-1.778,-1.2272,-2.6816,35.0381,1.6911,89.1226
1740983178.965,2.56,1.853,0.786,2.514,-1.784,-1.2285,-2.6693,35.0048,0.9189,90.5632
1740983179.044,2.56,1.853,0.787,2.514,-1.7896,-1.2292,-2.6607,34.8821,1.069,90.3292
1740983179.124,2.565,1.839,0.793,2.527,-1.794,-1.2286,-2.6546,34.5394,1.2315,90.3228
1740983179.203,2.565,1.823,0.793,2.543,-1.796,-1.2283,-2.653,34.4533,1.623,90.3424
1740983179.283,2.56,1.816,0.788,2.55,-1.7963,-1.2283,-2.6529,34.4723,1.7156,90.2706
1740983179.363,2.563,1.812,0.791,2.554,-1.7974,-1.2281,-2.6519,34.4996,1.8602,90.3019
1740983179.442,2.563,1.812,0.792,2.553,-1.8013,-1.2275,-2.6486,34.3256,2.5412,90.1588
1740983179.522,2.559,1.812,0.791,2.551,-1.8081,-1.2274,-2.6426,33.2976,3.7396,89.4035
1740983179.602,2.561,1.806,0.796,2.555,-1.815,-1.227,-2.6308,31.9373,4.1163,89.1406
1740983179.681,2.555,1.795,0.791,2.565,-1.8224,-1.2268,-2.6159,30.5132,3.919,89.6009
1740983179.761,2.555,1.795,0.791,2.565,-1.8288,-1.2278,-2.6038,30.1692,3.9094,89.7414
1740983179.841,2.561,1.776,0.797,2.584,-1.8333,-1.2279,-2.5955,30.0032,3.9771,89.5608
1740983179.92,2.564,1.757,0.8,2.603,-1.8369,-1.2281,-2.5889,29.7955,3.9646,89.616
1740983180.0,2.565,1.744,0.801,2.616,-1.8396,-1.2283,-2.5841,29.7043,3.954,89.4988
1740983180.08,2.562,1.736,0.798,2.624,-1.8417,-1.2282,-2.5791,29.6539,3.8572,89.439
1740983180.16,2.562,1.736,0.798,2.624,-1.8449,-1.2285,-2.573,29.6028,3.8292,89.4109
1740983180.239,2.562,1.733,0.798,2.627,-1.8484,-1.2286,-2.5659,29.4917,3.7941,89.3782
1740983180.319,2.568,1.721,0.804,2.639,-1.8522,-1.229,-2.5584,29.4268,3.7506,89.4077
1740983180.398,2.564,1.713,0.8,2.647,-1.8555,-1.2294,-2.5498,29.4715,3.2741,89.6557
1740983180.478,2.565,1.703,0.801,2.657,-1.8569,-1.2308,-2.5391,30.7601,1.4155,90.1835
1740983180.558,2.565,1.703,0.8,2.658,-1.8617,-1.231,-2.5314,31.4247,1.5162,90.0534
1740983180.637,2.57,1.692,0.805,2.668,-1.8656,-1.2313,-2.5255,31.3454,1.5632,90.1017
1740983180.717,2.569,1.678,0.804,2.682,-1.8677,-1.2311,-2.5215,31.3252,1.4828,90.1154
1740983180.796,2.57,1.667,0.805,2.693,-1.8702,-1.2314,-2.5175,31.277,1.4765,90.1268
1740983180.876,2.57,1.662,0.805,2.698,-1.873,-1.2315,-2.5121,31.1928,1.4959,90.1576
1740983180.956,2.57,1.662,0.806,2.698,-1.8766,-1.2317,-2.5056,31.1104,1.4953,90.1158
1740983181.035,2.564,1.654,0.8,2.706,-1.8806,-1.2318,-2.4985,31.078,1.5054,90.0685
1740983181.115,2.565,1.647,0.801,2.713,-1.8847,-1.2317,-2.4909,31.0454,1.4288,90.0907
1740983181.195,2.571,1.635,0.807,2.725,-1.8884,-1.2318,-2.4835,31.0535,1.3795,90.0862
1740983181.274,2.565,1.623,0.801,2.737,-1.8919,-1.2319,-2.477,31.0558,1.308,90.1108
1740983181.354,2.565,1.623,0.801,2.737,-1.8955,-1.232,-2.4707,31.0314,1.2912,90.0373
1740983181.434,2.566,1.613,0.802,2.747,-1.8991,-1.232,-2.464,30.9785,1.3026,89.9573
1740983181.513,2.567,1.606,0.803,2.754,-1.9029,-1.2322,-2.4574,30.9853,1.3274,89.8992
1740983181.593,2.573,1.596,0.809,2.764,-1.9068,-1.2325,-2.4505,30.9589,1.3689,89.8764
1740983181.673,2.573,1.586,0.809,2.774,-1.9088,-1.2323,-2.4454,30.4526,1.2273,89.587
1740983181.752,2.573,1.586,0.809,2.774,-1.9093,-1.2316,-2.4436,30.389,1.1317,89.3512
1740983181.832,2.574,1.575,0.81,2.785,-1.9097,-1.2314,-2.442,30.3951,0.9757,89.3698
1740983181.911,2.575,1.572,0.811,2.788,-1.9115,-1.2308,-2.4392,30.4156,1.1388,88.6573
1740983181.991,2.575,1.571,0.811,2.789,-1.9157,-1.2307,-2.4327,30.4046,1.225,88.2431
1740983182.071,2.575,1.568,0.811,2.792,-1.9215,-1.2308,-2.4219,30.367,1.229,88.2106
1740983182.15,2.575,1.568,0.811,2.792,-1.9275,-1.2306,-2.4114,30.2831,1.2966,87.8797
1740983182.23,2.572,1.553,0.808,2.807,-1.9327,-1.2312,-2.4017,30.2264,1.2205,87.8625
1740983182.31,2.572,1.54,0.808,2.82,-1.9369,-1.2307,-2.3935,30.152,1.1359,87.9095
1740983182.389,2.577,1.527,0.813,2.833,-1.9402,-1.2312,-2.3873,29.9721,1.114,87.9239
1740983182.469,2.577,1.513,0.813,2.847,-1.943,-1.2313,-2.3821,29.9616,1.1852,87.8168
1740983182.549,2.577,1.513,0.813,2.847,-1.9458,-1.2312,-2.377,29.9538,1.1883,87.8108
1740983182.628,2.577,1.504,0.813,2.856,-1.9491,-1.2313,-2.3709,29.8319,1.1876,87.8209
1740983182.708,2.574,1.497,0.81,2.863,-1.9527,-1.2314,-2.3646,29.846,1.2081,87.7896
1740983182.788,2.578,1.49,0.814,2.87,-1.9568,-1.2314,-2.357,29.7601,1.273,87.8933
1740983182.867,2.58,1.482,0.816,2.878,-1.9628,-1.2325,-2.3464,29.6918,1.2762,88.7513
1740983182.947,2.58,1.482,0.816,2.878,-1.9699,-1.234,-2.3329,29.5052,1.4744,89.8843
1740983183.026,2.575,1.469,0.811,2.891,-1.9736,-1.2339,-2.324,29.5926,1.2692,90.1935
1740983183.106,2.577,1.452,0.813,2.908,-1.9744,-1.2335,-2.3209,29.8774,1.076,90.4013
1740983183.186,2.583,1.439,0.819,2.921,-1.9747,-1.2335,-2.3211,29.8998,1.1801,90.3073
1740983183.265,2.582,1.437,0.818,2.923,-1.9748,-1.2334,-2.3209,29.9222,1.1669,90.3012
1740983183.345,2.582,1.437,0.818,2.923,-1.9759,-1.2333,-2.3175,30.1754,0.868,90.708
1740983183.425,2.582,1.437,0.818,2.923,-1.9769,-1.2322,-2.3096,30.3838,-0.1404,91.2054
1740983183.504,2.582,1.434,0.817,2.927,-1.9824,-1.2317,-2.2983,31.604,-1.0488,91.6107
1740983183.584,2.587,1.422,0.819,2.94,-1.9895,-1.2307,-2.2901,33.0472,-0.8194,90.9768
1740983183.664,2.586,1.406,0.811,2.96,-1.992,-1.2301,-2.2887,35.2223,-1.4134,90.1902
1740983183.743,2.586,1.406,0.81,2.96,-1.9932,-1.23,-2.2851,35.5013,-1.7313,89.9853
1740983183.823,2.581,1.4,0.806,2.966,-1.9967,-1.2293,-2.2791,35.3227,-1.7705,89.7703
1740983183.903,2.586,1.397,0.809,2.97,-2.0036,-1.2294,-2.2703,35.7475,-1.5239,89.7923
1740983183.982,2.589,1.39,0.81,2.978,-2.0118,-1.2296,-2.2599,36.1608,-1.2249,89.912
1740983184.062,2.586,1.375,0.807,2.993,-2.0192,-1.2297,-2.2497,36.1985,-0.9592,89.9321
1740983184.141,2.586,1.375,0.806,2.993,-2.0256,-1.2305,-2.2407,36.2984,-0.9531,89.986
1740983184.221,2.578,1.358,0.8,3.01,-2.0342,-1.2318,-2.2334,36.0535,0.1862,89.2923
1740983184.301,2.579,1.342,0.8,3.026,-2.0484,-1.2329,-2.226,36.2608,3.4218,88.4432
1740983184.38,2.576,1.331,0.796,3.037,-2.0541,-1.236,-2.2161,36.4088,2.1341,89.3132
1740983184.46,2.569,1.314,0.788,3.055,-2.0568,-1.2358,-2.2071,36.5818,1.4573,89.7669
1740983184.54,2.569,1.314,0.79,3.054,-2.0592,-1.2358,-2.2037,36.214,1.6651,89.5733
1740983184.62,2.572,1.301,0.797,3.064,-2.0603,-1.2358,-2.2003,35.2677,1.5888,89.58
1740983184.699,2.565,1.297,0.793,3.067,-2.0632,-1.2355,-2.1951,34.6589,1.6003,89.556
1740983184.779,2.571,1.289,0.799,3.075,-2.0675,-1.236,-2.1882,34.6001,1.6628,89.5289
1740983184.858,2.564,1.281,0.794,3.082,-2.0738,-1.2357,-2.1816,34.0492,2.4736,89.314
1740983184.938,2.564,1.281,0.794,3.082,-2.0785,-1.2345,-2.1792,34.0525,3.371,88.9043
1740983185.018,2.562,1.269,0.792,3.094,-2.0829,-1.2344,-2.1761,34.0118,4.0266,88.5456
1740983185.097,2.562,1.263,0.792,3.1,-2.0891,-1.234,-2.1697,34.0106,4.607,88.1832
1740983185.177,2.558,1.257,0.789,3.106,-2.0957,-1.2343,-2.1586,33.7527,4.427,88.4255
1740983185.257,2.559,1.257,0.79,3.105,-2.1027,-1.235,-2.1468,33.5912,4.3985,88.595
1740983185.457,2.559,1.225,0.791,3.137,-2.1153,-1.2348,-2.1243,33.1468,3.9344,88.9259
1740983185.655,2.556,1.197,0.788,3.165,-2.1236,-1.2355,-2.1104,33.0734,3.9389,88.7335
1740983185.854,2.56,1.179,0.79,3.184,-2.1297,-1.2378,-2.0883,33.7761,1.2475,89.556
1740983185.933,2.561,1.171,0.792,3.191,-2.136,-1.2382,-2.08,33.4373,1.8017,89.3476
1740983186.013,2.559,1.159,0.79,3.203,-2.1405,-1.2379,-2.0728,33.5042,1.7408,89.4201
1740983186.212,2.563,1.137,0.794,3.225,-2.1493,-1.238,-2.059,33.4088,1.8329,89.321
1740983186.292,2.559,1.131,0.791,3.231,-2.1536,-1.2381,-2.052,33.391,1.7945,89.3322
1740983186.371,2.559,1.121,0.791,3.241,-2.1585,-1.2383,-2.0444,33.3329,1.8651,89.307
1740983186.452,2.559,1.121,0.791,3.241,-2.1634,-1.2386,-2.0364,33.2441,1.8487,89.3069
1740983186.531,2.563,1.112,0.795,3.25,-2.1684,-1.2385,-2.0284,33.331,1.9277,89.3029
1740983186.61,2.558,1.1,0.79,3.262,-2.1728,-1.2387,-2.0212,33.3542,1.8433,89.3
1740983186.69,2.562,1.088,0.794,3.274,-2.1757,-1.2387,-2.0164,33.3381,1.8343,89.3245
1740983186.77,2.558,1.078,0.79,3.284,-2.1759,-1.2387,-2.016,33.3184,1.7946,89.3433
1740983186.85,2.558,1.078,0.79,3.284,-2.1754,-1.2386,-2.017,33.3506,1.847,89.2988
1740983186.929,2.562,1.072,0.794,3.29,-2.1754,-1.2385,-2.0171,33.3352,1.8478,89.3024
1740983187.009,2.558,1.075,0.79,3.287,-2.1754,-1.2386,-2.017,33.3372,1.868,89.2919
1740983187.088,2.558,1.073,0.79,3.289,-2.1753,-1.2386,-2.0169,33.3352,1.8556,89.2954
1740983187.168,2.558,1.074,0.79,3.288,-2.1754,-1.2385,-2.0169,33.3372,1.8684,89.2892
1740983187.248,2.558,1.074,0.79,3.288,-2.1753,-1.2386,-2.0169,33.3397,1.8777,89.2775
1740983187.327,2.558,1.075,0.79,3.287,-2.1753,-1.2386,-2.0169,33.3366,1.8773,89.28
1740983187.407,2.559,1.073,0.791,3.289,-2.1752,-1.2387,-2.017,33.3356,1.8852,89.2692
1740983187.487,2.558,1.073,0.79,3.289,-2.1753,-1.2386,-2.0169,33.3283,1.8725,89.2736
1740983187.566,2.561,1.073,0.793,3.289,-2.1754,-1.2385,-2.017,33.3281,1.8979,89.2524
1740983187.646,2.561,1.073,0.793,3.289,-2.1752,-1.2386,-2.0169,33.3325,1.8892,89.2602
1740983187.726,2.558,1.073,0.79,3.289,-2.1753,-1.2385,-2.0169,33.3346,1.8933,89.2609
1740983187.805,2.562,1.073,0.794,3.289,-2.1753,-1.2386,-2.0169,33.3308,1.8918,89.258
1740983187.885,2.559,1.074,0.791,3.288,-2.1754,-1.2386,-2.0169,33.3279,1.8896,89.2671
1740983187.965,2.562,1.075,0.794,3.287,-2.1753,-1.2385,-2.0168,33.3319,1.8782,89.2859
1740983188.044,2.562,1.075,0.794,3.287,-2.1753,-1.2387,-2.0169,33.3361,1.8703,89.2946
1740983188.124,2.557,1.075,0.789,3.287,-2.1753,-1.2386,-2.0169,33.3384,1.8682,89.2953
1740983188.203,2.558,1.074,0.79,3.288,-2.1753,-1.2385,-2.0169,33.3285,1.8657,89.2919
1740983188.283,2.561,1.073,0.793,3.289,-2.1753,-1.2385,-2.0168,33.3265,1.8614,89.2901
1740983188.363,2.558,1.074,0.79,3.288,-2.1753,-1.2386,-2.017,33.3152,1.8609,89.2847
1740983188.442,2.558,1.074,0.79,3.288,-2.1748,-1.2385,-2.0177,33.3008,1.8736,89.2955
1740983188.522,2.557,1.072,0.789,3.29,-2.1736,-1.2385,-2.0196,33.3505,1.8754,89.2879
1740983188.602,2.562,1.073,0.793,3.289,-2.1726,-1.2385,-2.0213,33.4286,1.8726,89.3134
1740983188.681,2.562,1.077,0.793,3.285,-2.1717,-1.2385,-2.0227,33.4331,1.8667,89.3245
1740983188.761,2.562,1.078,0.793,3.284,-2.1699,-1.2386,-2.0256,33.4203,1.8813,89.3396
1740983188.841,2.562,1.078,0.793,3.284,-2.1678,-1.2386,-2.0291,33.4389,1.8984,89.3174
1740983188.92,2.562,1.081,0.793,3.281,-2.1666,-1.2386,-2.031,33.5037,1.8785,89.3216
1740983189.0,2.562,1.086,0.793,3.276,-2.1666,-1.2385,-2.0312,33.4863,1.9017,89.3208
1740983189.079,2.562,1.09,0.793,3.272,-2.1665,-1.2385,-2.0312,33.4757,1.8585,89.3509
1740983189.159,2.558,1.09,0.789,3.272,-2.1665,-1.2386,-2.0312,33.4816,1.8418,89.3602
1740983189.239,2.558,1.09,0.789,3.272,-2.1665,-1.2385,-2.0312,33.4637,1.823,89.386
1740983189.318,2.562,1.089,0.793,3.273,-2.1665,-1.2386,-2.0312,33.4502,1.7975,89.405
1740983189.398,2.562,1.09,0.793,3.272,-2.1665,-1.2385,-2.0312,33.4486,1.792,89.4113
1740983189.478,2.562,1.091,0.794,3.271,-2.1654,-1.2385,-2.0327,33.3738,1.8339,89.4181
1740983189.557,2.563,1.089,0.794,3.273,-2.1619,-1.2386,-2.039,33.5218,1.8529,89.4047
1740983189.637,2.563,1.089,0.794,3.273,-2.1548,-1.2385,-2.0501,33.5824,1.8876,89.3118
1740983189.717,2.559,1.097,0.79,3.265,-2.1463,-1.238,-2.0639,33.5633,1.9677,89.2723
1740983189.796,2.558,1.112,0.789,3.25,-2.1368,-1.2382,-2.0783,33.6643,1.7326,89.4137
1740983189.876,2.559,1.131,0.79,3.231,-2.1294,-1.2373,-2.0906,33.6468,1.702,89.4329
1740983189.956,2.563,1.151,0.793,3.212,-2.1296,-1.2372,-2.0927,34.0248,2.2356,89.2702
1740983190.035,2.563,1.151,0.792,3.212,-2.1303,-1.2376,-2.0892,34.1113,1.5812,89.4359
1740983190.115,2.562,1.162,0.791,3.201,-2.131,-1.2377,-2.0875,34.1151,1.5976,89.4039
1740983190.194,2.565,1.158,0.794,3.205,-2.1312,-1.2377,-2.0875,34.1524,1.608,89.4028
1740983190.274,2.565,1.154,0.794,3.209,-2.1311,-1.2376,-2.0875,34.1522,1.5798,89.4193
1740983190.355,2.561,1.155,0.79,3.208,-2.1311,-1.2376,-2.0876,34.1481,1.5687,89.424
1740983190.433,2.561,1.155,0.79,3.208,-2.1298,-1.2376,-2.0891,34.1483,1.5389,89.4193
1740983190.513,2.564,1.157,0.793,3.206,-2.1293,-1.2368,-2.0948,34.1281,2.5534,89.3786
1740983190.593,2.56,1.156,0.79,3.207,-2.126,-1.2377,-2.1051,33.9216,3.6404,89.0163
1740983190.672,2.559,1.162,0.788,3.201,-2.1191,-1.236,-2.1194,34.22,4.0529,88.7426
1740983190.753,2.56,1.175,0.788,3.188,-2.1086,-1.2348,-2.1387,34.4229,4.6469,88.4615
1740983190.832,2.56,1.175,0.787,3.189,-2.0967,-1.2342,-2.1586,34.7861,4.7329,88.1677
1740983190.911,2.56,1.202,0.787,3.162,-2.0851,-1.2341,-2.1764,34.8481,4.6244,88.0811
1740983190.991,2.559,1.231,0.784,3.134,-2.0678,-1.236,-2.1882,35.385,1.3218,89.5566
1740983191.071,2.557,1.26,0.782,3.105,-2.0592,-1.2362,-2.2014,35.2681,1.628,89.6465
1740983191.151,2.557,1.26,0.779,3.107,-2.0521,-1.2353,-2.2145,36.0686,2.0261,89.0332
1740983191.23,2.57,1.283,0.793,3.084,-2.0485,-1.2352,-2.223,35.8737,2.5611,88.2694
1740983191.31,2.565,1.301,0.788,3.066,-2.0454,-1.234,-2.2282,35.7839,2.942,88.1466
1740983191.389,2.564,1.313,0.789,3.053,-2.0455,-1.2332,-2.2311,35.2662,3.508,88.5507
1740983191.469,2.563,1.32,0.788,3.046,-2.0441,-1.2328,-2.2321,35.3243,3.3447,88.9672
1740983191.549,2.563,1.32,0.788,3.045,-2.0434,-1.2314,-2.2349,35.2183,3.7944,89.6904
1740983191.628,2.565,1.323,0.79,3.043,-2.0386,-1.2302,-2.2442,35.402,4.3192,89.9307
1740983191.708,2.566,1.326,0.792,3.039,-2.0261,-1.2293,-2.2601,35.1628,3.9304,90.156
1740983191.787,2.561,1.337,0.789,3.027,-2.0073,-1.2291,-2.2829,34.6275,2.7682,90.2088
1740983191.867,2.568,1.363,0.797,3.001,-1.9817,-1.2317,-2.3053,34.3787,-1.2948,90.9045
1740983191.947,2.568,1.363,0.791,3.004,-1.9698,-1.2331,-2.3324,35.857,2.0997,88.7794
1740983192.026,2.576,1.399,0.799,2.968,-1.9602,-1.2327,-2.3458,35.809,1.36,89.1353
1740983192.106,2.572,1.44,0.793,2.928,-1.9555,-1.2317,-2.3532,36.1422,1.3519,88.1516
1740983192.186,2.576,1.464,0.797,2.905,-1.954,-1.2313,-2.3561,36.1982,1.2486,88.092
1740983192.265,2.581,1.474,0.803,2.894,-1.9496,-1.2311,-2.3597,36.0115,1.0293,88.112
1740983192.345,2.581,1.474,0.802,2.895,-1.9449,-1.2309,-2.3684,36.1942,1.2465,87.8617
1740983192.425,2.577,1.479,0.797,2.89,-1.9364,-1.2309,-2.3814,36.4326,1.3706,87.7286
1740983192.504,2.583,1.49,0.8,2.881,-1.9266,-1.2298,-2.3957,36.8786,1.4187,87.7264
1740983192.584,2.582,1.508,0.799,2.863,-1.9176,-1.2302,-2.4089,36.9952,1.4326,88.0103
1740983192.663,2.587,1.53,0.801,2.843,-1.9089,-1.2304,-2.4203,37.4087,1.1668,88.3506
1740983192.743,2.587,1.53,0.8,2.844,-1.9032,-1.2317,-2.4284,37.6539,1.1943,89.9582
1740983192.823,2.583,1.551,0.797,2.822,-1.8973,-1.2317,-2.4373,37.479,1.4867,89.9311
1740983192.902,2.592,1.565,0.806,2.808,-1.8912,-1.2313,-2.4451,37.4354,1.4138,89.9912
1740983192.982,2.591,1.58,0.806,2.793,-1.8859,-1.2313,-2.4527,37.2863,1.4549,89.9944
1740983193.062,2.588,1.591,0.804,2.782,-1.8797,-1.2318,-2.4614,37.2077,1.5374,89.9815
1740983193.141,2.588,1.591,0.804,2.781,-1.8735,-1.231,-2.4705,37.1721,1.6483,89.8965
1740983193.221,2.588,1.604,0.804,2.769,-1.8695,-1.2309,-2.4764,37.1615,1.7064,89.8381
1740983193.301,2.594,1.62,0.81,2.753,-1.8686,-1.231,-2.4774,37.151,1.6901,89.8628
1740983193.38,2.589,1.628,0.805,2.745,-1.8689,-1.2309,-2.477,37.1427,1.6799,89.8786
1740983193.46,2.594,1.63,0.81,2.743,-1.869,-1.231,-2.4771,37.1489,1.6692,89.8907
1740983193.54,2.594,1.63,0.81,2.743,-1.869,-1.2309,-2.477,37.1431,1.6595,89.8955
1740983193.619,2.595,1.63,0.811,2.743,-1.8691,-1.2309,-2.477,37.1491,1.6796,89.8779
1740983193.699,2.595,1.629,0.811,2.744,-1.869,-1.231,-2.477,37.1438,1.6741,89.8819
1740983193.778,2.589,1.629,0.805,2.744,-1.869,-1.231,-2.477,37.1365,1.6758,89.8846
1740983193.858,2.589,1.629,0.805,2.744,-1.869,-1.231,-2.4771,37.1372,1.67,89.8802
1740983193.938,2.589,1.629,0.805,2.744,-1.8691,-1.231,-2.4771,37.1362,1.6587,89.884
1740983194.017,2.593,1.628,0.809,2.745,-1.869,-1.231,-2.4771,37.1684,1.6633,89.8962
1740983194.097,2.595,1.63,0.811,2.743,-1.8691,-1.2309,-2.477,37.1697,1.688,89.8832
1740983194.177,2.595,1.629,0.811,2.744,-1.869,-1.231,-2.4771,37.1569,1.6819,89.8785
1740983194.257,2.594,1.628,0.81,2.745,-1.869,-1.231,-2.4771,37.1558,1.6724,89.8853
1740983194.336,2.594,1.628,0.81,2.745,-1.869,-1.231,-2.4772,37.1515,1.6768,89.9031
1740983194.416,2.594,1.63,0.81,2.743,-1.869,-1.231,-2.4771,37.1481,1.6611,89.9065
1740983194.495,2.594,1.628,0.81,2.745,-1.869,-1.231,-2.4772,37.1454,1.6407,89.9074
1740983194.575,2.594,1.629,0.81,2.744,-1.8677,-1.2309,-2.4791,37.1235,1.6274,89.8939
1740983194.655,2.59,1.628,0.806,2.745,-1.8645,-1.2309,-2.4833,37.1294,1.6385,89.8998
1740983194.734,2.59,1.628,0.807,2.744,-1.8602,-1.2305,-2.4893,37.0217,1.6275,89.9583
1740983194.814,2.594,1.636,0.81,2.736,-1.8571,-1.2302,-2.4966,37.0482,2.3168,89.799
1740983194.894,2.592,1.643,0.808,2.729,-1.8556,-1.2294,-2.5036,37.0566,3.3804,89.2147
1740983194.973,2.595,1.653,0.811,2.72,-1.8529,-1.2286,-2.5103,37.1125,4.035,88.8586
1740983195.053,2.594,1.66,0.81,2.713,-1.8472,-1.2282,-2.5185,37.205,4.1356,88.7899
1740983195.133,2.594,1.66,0.809,2.713,-1.8411,-1.2275,-2.5275,37.3066,4.2541,88.8179
1740983195.212,2.592,1.671,0.807,2.703,-1.8351,-1.2273,-2.5376,37.3101,4.6379,88.5259
1740983195.292,2.595,1.685,0.81,2.689,-1.8297,-1.2271,-2.5458,37.284,4.6645,88.5555
1740983195.371,2.59,1.701,0.805,2.673,-1.8242,-1.2267,-2.5531,37.2686,4.6185,88.6325
1740983195.451,2.596,1.714,0.811,2.66,-1.8195,-1.2269,-2.5593,37.2467,4.5429,88.8348
1740983195.531,2.596,1.714,0.811,2.66,-1.815,-1.2269,-2.564,37.2451,4.1338,89.3841
1740983195.61,2.591,1.722,0.806,2.652,-1.8109,-1.2267,-2.5713,37.306,4.5547,88.8391
1740983195.69,2.597,1.732,0.812,2.642,-1.8043,-1.2269,-2.5778,37.2849,3.9772,89.1681
1740983195.77,2.597,1.742,0.811,2.632,-1.7901,-1.2284,-2.5851,37.39,1.214,90.1224
1740983195.849,2.596,1.754,0.811,2.62,-1.783,-1.2287,-2.5949,37.29,1.4247,90.0976
1740983195.929,2.596,1.754,0.812,2.62,-1.7789,-1.2281,-2.6008,37.2041,1.3551,90.1817
1740983196.009,2.586,1.77,0.801,2.605,-1.7764,-1.2279,-2.6051,37.3556,1.4078,90.1109
1740983196.088,2.591,1.781,0.804,2.595,-1.7755,-1.228,-2.6071,37.6128,1.4926,89.9409
1740983196.168,2.578,1.789,0.791,2.587,-1.7748,-1.2279,-2.6085,37.6966,1.5649,89.8364
1740983196.247,2.583,1.789,0.795,2.588,-1.774,-1.2274,-2.6104,37.8618,1.7482,89.653
1740983196.327,2.583,1.791,0.794,2.586,-1.7732,-1.227,-2.6127,37.9453,1.9388,89.3671
1740983196.407,2.585,1.795,0.795,2.583,-1.7719,-1.2271,-2.6158,38.0578,2.2592,89.0612
1740983196.486,2.586,1.797,0.796,2.581,-1.7695,-1.2263,-2.6217,38.1244,2.8756,88.5786
1740983196.566,2.588,1.801,0.8,2.576,-1.7644,-1.2256,-2.6312,37.8543,3.6203,88.2626
1740983196.646,2.588,1.801,0.802,2.574,-1.7584,-1.2239,-2.6385,37.4977,3.2587,89.8435
1740983196.725,2.602,1.812,0.819,2.561,-1.7535,-1.2221,-2.6478,36.9168,4.1997,90.375
1740983196.805,2.588,1.823,0.804,2.551,-1.7409,-1.2219,-2.6606,37.0544,3.0235,90.3607
1740983196.885,2.6,1.834,0.819,2.538,-1.724,-1.2213,-2.6735,36.5138,0.8195,90.4204
1740983196.964,2.595,1.853,0.817,2.517,-1.7081,-1.222,-2.6836,35.9831,-1.7983,91.6022
1740983197.045,2.595,1.853,0.815,2.519,-1.7119,-1.224,-2.6897,36.3918,0.908,92.5612
1740983197.124,2.597,1.882,0.818,2.489,-1.7032,-1.2232,-2.6952,36.129,-1.3401,92.165
1740983197.203,2.595,1.891,0.815,2.481,-1.7026,-1.2234,-2.6983,36.3531,-0.4469,92.3735
1740983197.283,2.598,1.903,0.819,2.468,-1.6991,-1.2239,-2.7016,36.1775,-0.8504,92.2876
1740983197.362,2.593,1.904,0.814,2.467,-1.6957,-1.2235,-2.7068,36.1798,-0.7819,92.26
1740983197.443,2.593,1.904,0.815,2.467,-1.6919,-1.2238,-2.717,36.0341,0.338,91.493
1740983197.522,2.595,1.91,0.817,2.461,-1.6859,-1.2249,-2.7296,36.0227,1.1536,90.5345
1740983197.601,2.594,1.922,0.817,2.448,-1.6797,-1.2244,-2.7391,35.7599,1.2098,90.4405
1740983197.681,2.588,1.939,0.812,2.43,-1.6754,-1.2239,-2.7444,35.4103,1.0434,89.9539
1740983197.761,2.594,1.951,0.819,2.418,-1.6748,-1.2239,-2.7444,35.3797,0.9233,90.0967
1740983197.841,2.594,1.951,0.819,2.418,-1.6751,-1.2239,-2.7443,35.3654,0.9306,90.119
1740983197.92,2.595,1.957,0.819,2.412,-1.6748,-1.2239,-2.7443,35.4103,0.8219,90.2598
1740983198.0,2.595,1.957,0.82,2.411,-1.6735,-1.2235,-2.7453,35.2542,0.6445,90.2334
1740983198.079,2.595,1.954,0.821,2.413,-1.6699,-1.2231,-2.7494,35.0129,0.3791,89.9456
1740983198.159,2.591,1.959,0.817,2.409,-1.664,-1.222,-2.7597,35.1551,0.6816,89.016
1740983198.239,2.591,1.959,0.817,2.409,-1.6553,-1.2215,-2.7744,35.1421,0.8735,88.7097
1740983198.318,2.592,1.967,0.817,2.402,-1.6461,-1.2211,-2.7893,35.3362,1.0106,88.4638
1740983198.398,2.596,1.987,0.82,2.382,-1.6386,-1.2198,-2.8014,35.4251,1.116,88.3655
1740983198.477,2.592,2.01,0.816,2.359,-1.6331,-1.2205,-2.8094,35.5306,1.0584,88.519
1740983198.557,2.598,2.029,0.822,2.341,-1.6291,-1.2209,-2.8152,35.6036,1.0661,88.6548
1740983198.637,2.598,2.029,0.821,2.341,-1.6256,-1.2208,-2.8204,35.7204,0.9697,88.8267
1740983198.717,2.593,2.041,0.816,2.33,-1.6222,-1.2211,-2.8256,35.8474,0.9442,88.8244
1740983198.796,2.598,2.046,0.82,2.325,-1.6178,-1.2207,-2.8317,35.9396,0.9278,88.9034
1740983198.876,2.595,2.055,0.816,2.317,-1.6133,-1.2212,-2.8378,36.1656,0.7919,89.62
1740983198.955,2.599,2.063,0.82,2.309,-1.6078,-1.222,-2.8463,36.1199,1.2998,90.1517
1740983199.035,2.599,2.063,0.821,2.308,-1.6028,-1.2224,-2.8543,36.0021,1.1842,90.3406
1740983199.115,2.596,2.072,0.818,2.299,-1.5992,-1.2221,-2.8603,35.9206,1.3479,90.2675
1740983199.194,2.601,2.085,0.824,2.286,-1.5961,-1.2221,-2.8645,35.8122,1.2854,90.2244
1740983199.274,2.597,2.094,0.82,2.276,-1.593,-1.2217,-2.869,35.7239,1.3007,90.2558
1740983199.354,2.595,2.1,0.819,2.27,-1.5892,-1.2217,-2.8746,35.5818,1.3402,90.1824
1740983199.433,2.595,2.1,0.819,2.269,-1.5843,-1.2212,-2.8813,35.4135,1.2977,90.1595
1740983199.513,2.596,2.106,0.821,2.263,-1.5792,-1.221,-2.8881,35.2797,1.2005,90.2074
1740983199.592,2.596,2.118,0.822,2.25,-1.5746,-1.2209,-2.895,35.0915,1.1475,90.3006
1740983199.672,2.598,2.13,0.824,2.238,-1.5702,-1.2207,-2.9007,35.0152,1.0021,90.5163
1740983199.752,2.598,2.139,0.824,2.229,-1.5662,-1.2202,-2.9067,34.9409,1.0547,90.5681
1740983199.831,2.598,2.139,0.825,2.228,-1.5614,-1.2204,-2.9134,34.7766,0.9659,90.5981
1740983199.911,2.598,2.148,0.825,2.219,-1.5569,-1.2201,-2.9199,34.6444,0.954,90.6005
1740983199.991,2.599,2.157,0.827,2.21,-1.5526,-1.2204,-2.9267,34.5331,0.9256,90.6284
1740983200.071,2.604,2.169,0.832,2.197,-1.5484,-1.2202,-2.933,34.4258,0.9371,90.6171
1740983200.15,2.599,2.177,0.828,2.189,-1.5443,-1.22,-2.9393,34.3364,0.9756,90.5586
1740983200.23,2.599,2.177,0.828,2.189,-1.5403,-1.22,-2.9455,34.2317,1.0315,90.4699
1740983200.309,2.603,2.187,0.832,2.179,-1.5371,-1.2199,-2.9506,34.1157,1.0732,90.3992
1740983200.389,2.603,2.196,0.832,2.17,-1.5342,-1.2195,-2.9551,34.082,1.0817,90.3541
1740983200.469,2.598,2.204,0.828,2.161,-1.5319,-1.2197,-2.9592,34.0308,1.1537,90.31
1740983200.548,2.598,2.212,0.828,2.153,-1.5294,-1.2195,-2.9632,33.9847,1.168,90.2632
1740983200.628,2.598,2.212,0.828,2.153,-1.5263,-1.2193,-2.9677,33.8989,1.1329,90.2866
1740983200.708,2.598,2.216,0.828,2.149,-1.5229,-1.2196,-2.9727,33.8395,1.096,90.3012
1740983200.787,2.603,2.222,0.833,2.143,-1.5196,-1.2197,-2.9779,33.7862,1.103,90.2694
1740983200.867,2.596,2.23,0.827,2.135,-1.5163,-1.2195,-2.9828,33.7193,1.0935,90.2821
1740983200.946,2.597,2.237,0.828,2.127,-1.5129,-1.2193,-2.9878,33.6322,1.0531,90.2639
1740983201.026,2.597,2.237,0.828,2.127,-1.5098,-1.2191,-2.9925,33.6142,1.034,90.2473
1740983201.106,2.602,2.244,0.833,2.12,-1.5068,-1.2191,-2.9969,33.5891,1.0049,90.2678
1740983201.185,2.602,2.252,0.833,2.112,-1.5041,-1.219,-3.0009,33.5799,0.9761,90.2097
1740983201.265,2.602,2.258,0.833,2.106,-1.5023,-1.219,-3.0038,33.5468,0.9842,90.2184
1740983201.345,2.604,2.264,0.835,2.1,-1.501,-1.2188,-3.0059,33.5351,0.9573,90.2097
1740983201.424,2.604,2.264,0.835,2.1,-1.4993,-1.2189,-3.0086,33.5084,0.9492,90.1967
1740983201.504,2.6,2.268,0.831,2.096,-1.4972,-1.2189,-3.0114,33.4418,0.8794,90.1641
1740983201.584,2.599,2.272,0.83,2.092,-1.4953,-1.2188,-3.0144,33.4546,0.8814,90.044
1740983201.663,2.599,2.275,0.83,2.089,-1.4933,-1.2186,-3.0176,33.4308,0.9055,89.9598
1740983201.743,2.6,2.28,0.831,2.084,-1.4923,-1.2187,-3.0195,33.4024,0.9075,89.9052
1740983201.823,2.6,2.28,0.831,2.084,-1.4919,-1.2187,-3.0196,33.4188,0.9132,89.9089
1740983201.902,2.602,2.286,0.833,2.078,-1.4921,-1.2187,-3.0197,33.4068,0.9356,89.8878
1740983201.982,2.599,2.286,0.83,2.078,-1.4919,-1.2187,-3.0197,33.4035,0.9397,89.8798
1740983202.061,2.599,2.288,0.83,2.076,-1.4922,-1.2187,-3.0198,33.4014,0.9412,89.8859
1740983202.141,2.599,2.288,0.83,2.076,-1.4921,-1.2186,-3.0197,33.3965,0.9268,89.9081
1740983202.221,2.599,2.287,0.83,2.077,-1.492,-1.2187,-3.0201,33.3806,0.939,89.9052
1740983202.3,2.602,2.284,0.834,2.08,-1.4906,-1.2187,-3.0223,33.3465,0.922,89.8893
1740983202.38,2.6,2.287,0.832,2.077,-1.4881,-1.2186,-3.0263,33.3142,0.9252,89.8698
1740983202.46,2.598,2.289,0.83,2.075,-1.4853,-1.2187,-3.0315,33.2491,1.0611,89.772
1740983202.539,2.595,2.289,0.827,2.075,-1.482,-1.2183,-3.0365,33.2136,1.106,89.7208
1740983202.619,2.595,2.295,0.827,2.068,-1.4789,-1.2183,-3.0416,33.1305,1.0726,89.7223
1740983202.699,2.593,2.305,0.825,2.058,-1.476,-1.2185,-3.0463,33.0763,1.1184,89.6555
1740983202.778,2.592,2.31,0.824,2.053,-1.4731,-1.2184,-3.0506,33.0691,1.0964,89.6562
1740983202.858,2.595,2.318,0.827,2.045,-1.4705,-1.2183,-3.0549,33.0475,1.108,89.6026
1740983202.938,2.595,2.318,0.828,2.045,-1.4677,-1.2183,-3.0593,32.9514,1.0823,89.6554
1740983203.017,2.595,2.324,0.828,2.039,-1.4651,-1.2183,-3.0634,32.9434,1.0595,89.6796
1740983203.097,2.592,2.331,0.825,2.032,-1.4626,-1.2183,-3.0671,32.8834,1.0367,89.7016
1740983203.177,2.603,2.337,0.836,2.026,-1.4603,-1.218,-3.0707,32.8116,0.9938,89.7728
1740983203.256,2.605,2.342,0.838,2.021,-1.4576,-1.2181,-3.075,32.7253,0.9584,89.7794
1740983203.336,2.605,2.342,0.838,2.021,-1.4543,-1.218,-3.08,32.7027,0.9247,89.8174
1740983203.416,2.603,2.347,0.836,2.016,-1.4507,-1.2181,-3.0854,32.673,0.8731,89.842
1740983203.495,2.604,2.351,0.837,2.011,-1.4472,-1.2179,-3.0906,32.625,0.7816,89.862
1740983203.575,2.607,2.362,0.84,2.0,-1.4444,-1.2178,-3.0951,32.5694,0.7511,89.9329
1740983203.654,2.604,2.366,0.837,1.996,-1.4416,-1.2179,-3.0992,32.5155,0.7288,89.9822
1740983203.734,2.604,2.366,0.838,1.996,-1.4388,-1.2179,-3.1043,32.4919,0.7431,90.0362
1740983203.814,2.608,2.374,0.842,1.988,-1.4355,-1.2179,-3.1098,32.4516,0.8057,90.0272
1740983203.893,2.604,2.379,0.838,1.983,-1.4322,-1.218,-3.1154,32.3517,0.8247,90.0005
1740983203.973,2.603,2.389,0.837,1.973,-1.4288,-1.2179,-3.1214,32.268,0.9143,89.9445
1740983204.053,2.601,2.399,0.835,1.963,-1.4255,-1.2179,-3.1268,32.1839,0.9397,89.9168
1740983204.132,2.601,2.399,0.835,1.963,-1.4223,-1.2178,-3.1326,32.1441,1.0392,89.8464
1740983204.212,2.603,2.403,0.837,1.959,-1.4191,-1.2178,-3.1384,32.0391,1.0993,89.7894
1740983204.292,2.603,2.415,0.837,1.946,-1.4148,-1.2178,-3.1455,31.9647,1.1388,89.7812
1740983204.371,2.605,2.42,0.84,1.941,-1.4107,-1.2178,-3.1524,31.8782,1.1271,89.8109
1740983204.451,2.61,2.435,0.845,1.926,-1.4064,-1.2175,-3.1596,31.852,1.1244,89.8007
1740983204.53,2.61,2.435,0.845,1.926,-1.4022,-1.2176,-3.1665,31.8332,1.0917,89.8365
1740983204.61,2.609,2.445,0.844,1.916,-1.3981,-1.2175,-3.173,31.7543,1.0906,89.8191
1740983204.69,2.609,2.454,0.844,1.907,-1.3942,-1.2176,-3.1792,31.7485,1.0205,89.8432
1740983204.769,2.604,2.464,0.839,1.897,-1.3903,-1.2174,-3.1856,31.7374,0.9987,89.8225
1740983204.849,2.605,2.476,0.84,1.885,-1.3866,-1.2175,-3.1915,31.7237,0.9993,89.8237
1740983204.929,2.605,2.476,0.84,1.885,-1.3827,-1.2177,-3.1983,31.6636,0.9576,89.7974
1740983205.008,2.61,2.484,0.844,1.878,-1.3831,-1.2169,-3.2013,32.1028,1.5695,89.6427
1740983205.088,2.61,2.494,0.844,1.867,-1.383,-1.217,-3.2008,31.9634,1.411,89.7912
1740983205.168,2.599,2.491,0.833,1.87,-1.383,-1.2171,-3.2009,31.9757,1.5285,89.72
1740983205.247,2.602,2.495,0.836,1.866,-1.3829,-1.2171,-3.2015,31.9612,1.5624,89.6923
1740983205.327,2.602,2.495,0.837,1.866,-1.3828,-1.2168,-3.2028,31.7884,1.8184,89.8354
1740983205.407,2.603,2.491,0.838,1.87,-1.3814,-1.2156,-3.206,31.6087,1.908,90.681
1740983205.486,2.61,2.492,0.845,1.869,-1.3761,-1.2146,-3.2148,31.5842,1.8442,91.2921
1740983205.566,2.607,2.497,0.842,1.864,-1.3678,-1.2139,-3.2332,31.3954,2.6167,90.3047
1740983205.645,2.612,2.51,0.847,1.851,-1.3591,-1.2154,-3.2544,31.1652,3.5489,88.5189
1740983205.725,2.612,2.51,0.847,1.851,-1.3447,-1.2173,-3.2651,31.1701,1.4019,89.6637
1740983205.805,2.629,2.537,0.864,1.824,-1.3372,-1.2175,-3.2736,31.2315,0.8246,89.7911
1740983205.884,2.611,2.56,0.846,1.8,-1.3356,-1.217,-3.277,31.1253,0.815,89.8834
1740983205.964,2.605,2.576,0.84,1.785,-1.3351,-1.2169,-3.278,31.1554,0.8662,89.8814
1740983206.044,2.61,2.58,0.846,1.78,-1.3336,-1.2168,-3.2806,31.0853,0.8816,89.8832
1740983206.123,2.61,2.58,0.845,1.78,-1.3311,-1.2168,-3.2855,31.1263,0.8975,89.9313
1740983206.203,2.611,2.581,0.847,1.779,-1.3271,-1.217,-3.2927,31.0771,0.9728,89.948
1740983206.283,2.611,2.592,0.847,1.768,-1.3225,-1.2167,-3.301,31.0268,1.0697,89.8661
1740983206.362,2.604,2.601,0.84,1.759,-1.3179,-1.2167,-3.3096,30.9501,1.1098,89.7816
1740983206.442,2.61,2.609,0.846,1.751,-1.3138,-1.2165,-3.3171,30.8315,1.1671,89.7359
1740983206.521,2.61,2.609,0.846,1.751,-1.3125,-1.216,-3.3222,31.1156,1.6039,89.0957
1740983206.601,2.605,2.619,0.841,1.741,-1.3129,-1.216,-3.3221,31.1038,1.6536,89.163
1740983206.681,2.602,2.634,0.837,1.727,-1.3127,-1.2159,-3.3222,31.1242,1.6515,89.1665
1740983206.761,2.609,2.628,0.845,1.732,-1.3123,-1.2159,-3.3224,31.1013,1.6065,89.171
1740983206.84,2.603,2.633,0.838,1.728,-1.3124,-1.2158,-3.3227,31.1405,1.6518,89.1675
1740983206.92,2.603,2.633,0.838,1.728,-1.3124,-1.2161,-3.3243,31.2859,1.7136,88.999
1740983206.999,2.603,2.629,0.838,1.732,-1.3101,-1.2154,-3.3284,31.4166,1.9834,88.5211
1740983207.079,2.609,2.631,0.844,1.73,-1.3052,-1.2147,-3.3372,31.2449,2.104,87.9415
1740983207.159,2.607,2.641,0.843,1.719,-1.2963,-1.2145,-3.3524,30.9941,2.2,87.9147
1740983207.238,2.606,2.657,0.842,1.703,-1.2838,-1.216,-3.3681,29.9976,1.3316,89.6542
1740983207.318,2.606,2.657,0.842,1.703,-1.2741,-1.2164,-3.3821,29.8695,0.8051,90.198
1740983207.398,2.615,2.677,0.851,1.683,-1.2704,-1.2154,-3.386,29.7168,-0.0134,91.0064
1740983207.477,2.605,2.7,0.841,1.66,-1.2721,-1.2148,-3.3853,29.7942,0.4353,91.1903
1740983207.557,2.609,2.7,0.845,1.66,-1.2718,-1.215,-3.3858,29.6262,0.3405,91.0369
1740983207.637,2.608,2.7,0.844,1.66,-1.2718,-1.2148,-3.386,29.5523,0.3888,91.062
1740983207.716,2.608,2.707,0.844,1.653,-1.2718,-1.2148,-3.3865,29.633,0.4775,91.1613
1740983207.796,2.612,2.7,0.848,1.66,-1.2702,-1.2141,-3.3888,29.6365,0.3976,91.715
1740983207.876,2.612,2.702,0.848,1.658,-1.2665,-1.2133,-3.3963,29.6452,0.4666,92.221
1740983207.955,2.608,2.709,0.844,1.651,-1.2588,-1.2129,-3.4104,29.7646,0.4705,92.2627
1740983208.035,2.606,2.709,0.842,1.651,-1.248,-1.2129,-3.4285,29.8061,0.2347,92.315
1740983208.115,2.606,2.726,0.842,1.634,-1.2347,-1.2127,-3.4472,29.5803,-0.6328,92.1935
1740983208.194,2.611,2.742,0.847,1.618,-1.2215,-1.2125,-3.4647,29.6176,-1.8929,91.914
1740983208.274,2.608,2.77,0.844,1.59,-1.2174,-1.2128,-3.4766,29.4615,-0.9043,92.1804
1740983208.353,2.615,2.798,0.851,1.562,-1.2118,-1.2131,-3.4862,29.276,-1.0539,91.8627
1740983208.433,2.612,2.798,0.848,1.562,-1.208,-1.2126,-3.4935,29.1043,-1.0103,91.7777
1740983208.513,2.612,2.816,0.848,1.545,-1.2039,-1.2124,-3.5003,28.8928,-1.038,91.7454
1740983208.592,2.61,2.824,0.845,1.537,-1.1985,-1.2118,-3.5084,28.6562,-1.4171,91.3902
1740983208.672,2.609,2.84,0.844,1.521,-1.1926,-1.2112,-3.5178,28.5382,-1.5861,91.2162
1740983208.752,2.615,2.851,0.85,1.51,-1.186,-1.2104,-3.5284,28.5908,-1.691,91.2722
1740983208.832,2.615,2.851,0.85,1.51,-1.1791,-1.2118,-3.5426,28.6113,-1.7279,91.2336
1740983208.911,2.616,2.862,0.851,1.499,-1.1721,-1.2112,-3.5537,28.561,-2.066,91.6249
1740983208.991,2.609,2.884,0.844,1.477,-1.166,-1.2103,-3.5646,28.5285,-2.0125,91.6342
1740983209.07,2.612,2.903,0.848,1.457,-1.1652,-1.2094,-3.574,28.9802,-0.9421,91.2549
1740983209.15,2.612,2.913,0.848,1.447,-1.1652,-1.2086,-3.5796,29.0093,0.0401,90.9267
1740983209.23,2.612,2.913,0.848,1.448,-1.1639,-1.2085,-3.5858,28.895,0.5986,90.7698
1740983209.309,2.607,2.923,0.842,1.438,-1.1586,-1.2086,-3.5965,28.6544,0.73,90.7136
1740983209.389,2.605,2.93,0.84,1.431,-1.1534,-1.2079,-3.6135,28.5485,1.9227,89.2546
1740983209.469,2.598,2.943,0.833,1.418,-1.1424,-1.2093,-3.633,28.7891,1.752,87.54
1740983209.548,2.608,2.963,0.843,1.398,-1.1311,-1.2095,-3.6388,28.8506,-1.2961,90.94
1740983209.628,2.608,2.963,0.844,1.397,-1.1272,-1.2111,-3.6547,29.2088,0.351,88.5086
1740983209.707,2.605,2.99,0.841,1.37,-1.1234,-1.2109,-3.6609,29.1967,-0.1005,89.5174
1740983209.787,2.598,3.005,0.834,1.355,-1.1199,-1.2102,-3.6694,29.2967,0.4489,88.6013
1740983209.867,2.595,3.011,0.831,1.349,-1.1158,-1.2101,-3.6785,29.4357,0.5598,88.3721
1740983209.946,2.593,3.024,0.829,1.336,-1.1102,-1.2097,-3.6888,29.6393,0.5805,88.3697
1740983210.026,2.593,3.024,0.829,1.336,-1.1033,-1.209,-3.7014,29.8854,0.6314,88.3665
1740983210.106,2.597,3.041,0.833,1.319,-1.097,-1.2091,-3.7153,30.3088,0.8948,87.9276
1740983210.185,2.594,3.062,0.83,1.298,-1.0911,-1.2085,-3.7266,30.3367,1.2228,88.1804
1740983210.265,2.593,3.074,0.829,1.286,-1.0854,-1.2085,-3.7373,30.2363,1.1946,88.1611
1740983210.345,2.59,3.093,0.826,1.267,-1.0807,-1.2094,-3.746,30.1302,1.2522,88.6497
1740983210.424,2.59,3.093,0.826,1.267,-1.0756,-1.2106,-3.7534,29.8425,0.8819,90.046
1740983210.504,2.585,3.106,0.821,1.254,-1.0705,-1.2108,-3.7629,29.8098,1.0382,90.1953
1740983210.584,2.594,3.11,0.83,1.25,-1.0657,-1.2106,-3.772,30.0336,0.9577,90.2321
1740983210.783,2.584,3.136,0.82,1.224,-1.0632,-1.2088,-3.787,30.2153,2.6946,89.8417
1740983210.982,2.607,3.153,0.843,1.207,-1.0502,-1.2074,-3.8058,30.445,1.7854,91.482
1740983211.181,2.583,3.174,0.819,1.186,-1.0213,-1.2067,-3.8342,30.8469,-2.0508,92.1443
1740983211.261,2.59,3.193,0.826,1.167,-1.0168,-1.2067,-3.8462,30.4724,-1.1516,91.9282
1740983211.34,2.595,3.214,0.831,1.146,-1.0132,-1.2079,-3.8596,30.4701,-0.093,91.0179
1740983211.539,2.586,3.246,0.822,1.114,-1.0018,-1.2094,-3.8855,30.175,0.8244,90.3125
1740983211.619,2.586,3.246,0.822,1.114,-0.9973,-1.209,-3.8928,30.1887,0.7821,90.351
1740983211.699,2.588,3.265,0.824,1.095,-0.994,-1.2082,-3.9014,30.7511,1.1636,89.7738
1740983211.778,2.58,3.274,0.816,1.086,-0.9921,-1.2069,-3.9064,30.8023,1.4132,89.2459
1740983211.858,2.584,3.28,0.82,1.08,-0.9915,-1.207,-3.9083,30.8583,1.5864,89.1346
1740983211.937,2.579,3.287,0.815,1.073,-0.9917,-1.2068,-3.9099,30.9388,1.9056,89.0673
1740983212.017,2.579,3.287,0.815,1.073,-0.9906,-1.2067,-3.915,30.8847,2.5438,88.7674
1740983212.097,2.581,3.293,0.817,1.067,-0.9852,-1.2062,-3.9258,30.6615,2.8215,88.6951
1740983212.177,2.59,3.292,0.826,1.068,-0.9721,-1.2054,-3.9416,30.3886,1.218,88.0878
1740983212.256,2.601,3.305,0.837,1.055,-0.9598,-1.2052,-3.9567,30.7135,0.3707,88.6534
1740983212.336,2.585,3.335,0.82,1.026,-0.9519,-1.2053,-3.9712,31.1594,0.4265,88.7161
1740983212.415,2.585,3.335,0.82,1.026,-0.9468,-1.2058,-3.9781,31.1342,0.1349,90.4894
1740983212.495,2.579,3.361,0.814,1.0,-0.9427,-1.2063,-3.9875,31.6901,0.592,90.7781
1740983212.574,2.586,3.367,0.821,0.994,-0.9389,-1.2064,-3.9946,31.6647,0.7024,90.706
1740983212.654,2.583,3.379,0.818,0.982,-0.9352,-1.2062,-4.001,31.6433,0.7332,90.6788
1740983212.734,2.58,3.389,0.815,0.972,-0.9308,-1.2064,-4.0083,31.6785,0.7672,90.6857
1740983212.814,2.58,3.389,0.815,0.973,-0.9253,-1.2064,-4.0177,31.7123,0.7964,90.6275
1740983212.893,2.577,3.402,0.812,0.96,-0.9188,-1.2065,-4.0285,31.7737,0.7835,90.6043
1740983212.973,2.577,3.411,0.812,0.951,-0.9123,-1.2053,-4.0391,31.8489,0.7909,90.6042
1740983213.053,2.577,3.426,0.812,0.936,-0.9056,-1.2051,-4.0499,31.8246,0.7339,90.6221
1740983213.132,2.577,3.426,0.812,0.936,-0.8992,-1.2051,-4.0603,31.8469,0.7436,90.6227
1740983213.212,2.577,3.444,0.812,0.918,-0.8932,-1.2045,-4.07,31.9118,0.6918,90.6715
1740983213.291,2.575,3.462,0.809,0.9,-0.8875,-1.2044,-4.0796,32.0302,0.706,90.6978
1740983213.371,2.577,3.471,0.811,0.891,-0.8816,-1.2044,-4.0891,32.0076,0.7274,90.7161
1740983213.451,2.577,3.486,0.811,0.876,-0.8762,-1.2043,-4.0984,32.1149,0.7625,90.7396
1740983213.531,2.577,3.486,0.811,0.877,-0.8703,-1.2038,-4.1079,32.1911,0.7923,90.7384
1740983213.61,2.577,3.503,0.811,0.86,-0.8643,-1.2036,-4.1172,32.2554,0.679,90.7398
1740983213.69,2.577,3.515,0.811,0.848,-0.8583,-1.2037,-4.1266,32.2728,0.6429,90.7111
1740983213.769,2.573,3.528,0.807,0.835,-0.8527,-1.2033,-4.1357,32.2084,0.6244,90.7229
1740983213.849,2.576,3.543,0.81,0.82,-0.8468,-1.2028,-4.1446,32.1613,0.5986,90.803
1740983213.929,2.584,3.543,0.818,0.82,-0.8411,-1.2028,-4.154,32.182,0.5567,90.8819
1740983214.008,2.584,3.557,0.818,0.806,-0.835,-1.2023,-4.1639,32.1527,0.5814,90.8286
1740983214.088,2.586,3.571,0.82,0.792,-0.829,-1.2024,-4.1743,32.247,0.6577,90.8384
1740983214.167,2.583,3.587,0.817,0.776,-0.8227,-1.2024,-4.1847,32.234,0.6965,90.8082
1740983214.247,2.576,3.6,0.81,0.763,-0.8168,-1.2017,-4.1946,32.2649,0.7421,90.7986
1740983214.327,2.576,3.6,0.81,0.763,-0.8108,-1.2014,-4.2039,32.2965,0.667,90.8115
1740983214.406,2.576,3.614,0.81,0.749,-0.8056,-1.201,-4.213,32.3202,0.7812,90.7752
1740983214.486,2.584,3.629,0.818,0.734,-0.7997,-1.2008,-4.2223,32.31,0.7187,90.767
1740983214.566,2.583,3.641,0.817,0.722,-0.7941,-1.2007,-4.2316,32.2995,0.7923,90.7581
1740983214.645,2.58,3.654,0.814,0.709,-0.7893,-1.2003,-4.2402,32.3086,0.9198,90.7886
1740983214.725,2.578,3.654,0.811,0.71,-0.7863,-1.1997,-4.2479,32.6384,1.4284,90.7061
1740983214.805,2.578,3.671,0.811,0.693,-0.782,-1.1996,-4.256,32.6759,1.6271,90.6593
1740983214.884,2.576,3.68,0.809,0.684,-0.7722,-1.2005,-4.2665,32.6924,0.5746,90.9657
1740983214.964,2.565,3.693,0.798,0.671,-0.7644,-1.2001,-4.2794,32.6582,0.7099,90.8812
1740983215.044,2.58,3.711,0.813,0.653,-0.7569,-1.1998,-4.2912,32.6948,0.6213,90.9149
1740983215.123,2.583,3.711,0.816,0.653,-0.7502,-1.1988,-4.301,32.5939,0.4921,90.9029
1740983215.203,2.583,3.729,0.816,0.635,-0.7479,-1.1975,-4.3038,32.6115,0.3588,91.7433
1740983215.283,2.586,3.746,0.819,0.618,-0.7476,-1.1972,-4.3041,32.5384,0.3476,92.1424
1740983215.362,2.583,3.75,0.816,0.614,-0.7467,-1.1966,-4.3058,32.5402,0.4824,92.6974
1740983215.442,2.582,3.751,0.816,0.612,-0.7426,-1.1952,-4.3131,32.3395,0.5078,93.2752
1740983215.521,2.582,3.751,0.816,0.612,-0.7332,-1.1946,-4.3281,32.2885,0.5143,93.3479
1740983215.601,2.583,3.758,0.817,0.605,-0.7205,-1.1954,-4.3495,32.2278,0.6645,92.1409
1740983215.681,2.583,3.775,0.816,0.589,-0.7092,-1.1982,-4.3731,32.5226,1.2236,89.8785
1740983215.76,2.582,3.807,0.816,0.555,-0.699,-1.1971,-4.3852,32.0255,0.58,90.7795
1740983215.84,2.573,3.838,0.807,0.525,-0.6936,-1.1961,-4.3933,32.282,0.7249,90.6164
1740983215.92,2.573,3.838,0.807,0.525,-0.6902,-1.1962,-4.3995,32.4009,0.652,90.6793
1740983215.999,2.581,3.852,0.815,0.512,-0.6875,-1.1962,-4.4037,32.4824,0.661,90.6777
1740983216.079,2.575,3.863,0.808,0.501,-0.6837,-1.1958,-4.4097,32.5825,0.6539,90.6997
1740983216.159,2.579,3.87,0.812,0.494,-0.6783,-1.1959,-4.4188,32.6649,0.6624,90.7059
1740983216.238,2.584,3.878,0.817,0.486,-0.6721,-1.1942,-4.4292,32.675,0.6019,89.2938
1740983216.318,2.584,3.878,0.817,0.486,-0.6663,-1.1928,-4.439,32.6902,0.6577,88.5365
1740983216.398,2.584,3.895,0.817,0.47,-0.659,-1.1927,-4.4508,32.8871,0.6504,88.4454
1740983216.477,2.584,3.912,0.816,0.454,-0.6506,-1.1918,-4.4647,33.141,0.7211,88.5328
1740983216.557,2.587,3.929,0.819,0.437,-0.6448,-1.1941,-4.4739,33.0893,0.7757,91.088
1740983216.637,2.582,3.947,0.814,0.42,-0.6383,-1.1935,-4.4838,33.3832,0.399,91.123
1740983216.716,2.582,3.947,0.814,0.419,-0.6313,-1.1932,-4.4942,33.2619,0.4944,90.6781
1740983216.796,2.588,3.959,0.82,0.407,-0.6276,-1.1932,-4.5008,33.2535,0.4318,90.7539
1740983216.875,2.588,3.977,0.82,0.389,-0.6235,-1.1934,-4.5069,33.2565,0.411,90.8453
1740983216.955,2.582,3.983,0.814,0.384,-0.6193,-1.1932,-4.5143,33.3054,0.4667,90.8476
1740983217.035,2.582,3.994,0.813,0.373,-0.6137,-1.1914,-4.5235,33.3855,0.5339,90.7987
1740983217.114,2.582,3.994,0.813,0.374,-0.6075,-1.1916,-4.5337,33.5405,0.5686,90.7916
1740983217.194,2.585,4.006,0.816,0.362,-0.6011,-1.1913,-4.5441,33.64,0.6604,90.719
1740983217.274,2.581,4.023,0.811,0.346,-0.5946,-1.1917,-4.5544,33.8364,0.6493,90.677
1740983217.353,2.587,4.039,0.817,0.331,-0.5885,-1.1916,-4.564,34.0006,0.5895,90.7075
1740983217.433,2.584,4.054,0.813,0.317,-0.5826,-1.1922,-4.5734,34.1382,0.6742,90.6355
1740983217.513,2.584,4.054,0.813,0.317,-0.5768,-1.1907,-4.5819,34.2367,0.6311,90.7109
1740983217.592,2.59,4.066,0.819,0.305,-0.5714,-1.1903,-4.5902,34.2662,0.628,90.7073
1740983217.672,2.586,4.08,0.815,0.292,-0.5654,-1.1903,-4.5988,34.3137,0.5779,90.7689
1740983217.752,2.592,4.096,0.82,0.276,-0.5602,-1.1899,-4.6069,34.3699,0.5585,90.7607
1740983217.831,2.593,4.111,0.821,0.261,-0.5585,-1.1901,-4.61,34.3711,0.5958,90.702
1740983217.911,2.593,4.111,0.822,0.261,-0.5586,-1.1903,-4.6098,34.3576,0.5886,90.7386
1740983217.99,2.588,4.117,0.817,0.255,-0.5587,-1.1905,-4.6095,34.3595,0.5769,90.7525
1740983218.07,2.593,4.118,0.821,0.254,-0.5591,-1.1902,-4.6089,34.3622,0.5637,90.7791
1740983218.15,2.589,4.116,0.817,0.256,-0.559,-1.1902,-4.609,34.3655,0.5621,90.7767
1740983218.229,2.588,4.118,0.817,0.254,-0.5591,-1.1901,-4.6087,34.3556,0.5428,90.7836
1740983218.309,2.588,4.118,0.817,0.254,-0.559,-1.1904,-4.609,34.3582,0.54,90.7761
1740983218.389,2.593,4.117,0.822,0.255,-0.5589,-1.1904,-4.6089,34.3559,0.522,90.7846
1740983218.468,2.594,4.117,0.823,0.255,-0.5591,-1.1904,-4.6089,34.3465,0.5356,90.7868
1740983218.548,2.588,4.117,0.817,0.255,-0.5591,-1.1903,-4.6091,34.3457,0.5368,90.7749
1740983218.628,2.589,4.117,0.818,0.255,-0.559,-1.1903,-4.6089,34.3357,0.5285,90.7813
1740983218.708,2.589,4.118,0.818,0.254,-0.559,-1.1903,-4.609,34.3424,0.5349,90.7712
1740983218.787,2.588,4.118,0.817,0.254,-0.5591,-1.1903,-4.609,34.3492,0.5419,90.769
1740983218.866,2.593,4.118,0.822,0.254,-0.5591,-1.1904,-4.6089,34.3519,0.5423,90.767
1740983218.946,2.593,4.116,0.821,0.256,-0.5591,-1.1903,-4.609,34.3597,0.5288,90.7655
1740983219.026,2.594,4.116,0.823,0.256,-0.559,-1.1902,-4.6089,34.356,0.5281,90.7704
1740983219.106,2.594,4.117,0.823,0.255,-0.5591,-1.1902,-4.6089,34.3542,0.5256,90.7664
1740983219.185,2.594,4.116,0.823,0.256,-0.559,-1.1905,-4.6091,34.35,0.5197,90.7658
1740983219.265,2.589,4.118,0.818,0.254,-0.5591,-1.1904,-4.609,34.3394,0.5089,90.783
1740983219.345,2.594,4.118,0.823,0.254,-0.5591,-1.1903,-4.6089,34.3429,0.4997,90.7816
1740983219.424,2.594,4.118,0.823,0.254,-0.5591,-1.1903,-4.609,34.3485,0.4999,90.7853
1740983219.504,2.594,4.117,0.823,0.255,-0.5591,-1.1903,-4.609,34.3446,0.4949,90.7847
1740983219.583,2.595,4.118,0.824,0.254,-0.559,-1.1903,-4.6089,34.3505,0.5003,90.7731
1740983219.663,2.588,4.118,0.817,0.254,-0.5591,-1.1903,-4.6088,34.3514,0.4899,90.7807
1740983219.743,2.592,4.118,0.821,0.254,-0.5592,-1.1903,-4.6088,34.3501,0.492,90.7783
1740983235.154,2.805,4.123,1.039,0.24,-0.3619,-1.1858,-4.5047,32.2922,0.7596,90.5393
1740983235.234,2.805,4.124,1.039,0.239,-0.3619,-1.1858,-4.5046,32.2944,0.7708,90.5397
1740983235.313,2.807,4.125,1.041,0.238,-0.362,-1.1858,-4.5046,32.2955,0.7585,90.5528
1740983235.393,2.807,4.125,1.041,0.238,-0.362,-1.1857,-4.5046,32.3045,0.7629,90.5387
1740983235.472,2.81,4.124,1.044,0.239,-0.3619,-1.1858,-4.5045,32.3064,0.7569,90.5385
1740983235.552,2.806,4.123,1.04,0.24,-0.3619,-1.1857,-4.5047,32.2965,0.7599,90.5312
1740983235.632,2.81,4.125,1.044,0.238,-0.362,-1.1857,-4.5047,32.2964,0.7475,90.5409
1740983235.712,2.805,4.125,1.039,0.238,-0.362,-1.1858,-4.5047,32.297,0.7387,90.5448
1740983235.791,2.805,4.123,1.039,0.24,-0.3618,-1.1858,-4.5049,32.2908,0.7416,90.5406
1740983235.871,2.81,4.123,1.044,0.24,-0.3619,-1.1858,-4.5047,32.2969,0.7381,90.5458
1740983235.95,2.811,4.124,1.045,0.239,-0.3621,-1.1858,-4.5046,32.2953,0.7451,90.5393
1740983236.03,2.81,4.125,1.044,0.238,-0.3619,-1.1857,-4.5048,32.2953,0.7461,90.5457
1740983236.11,2.811,4.125,1.045,0.238,-0.3621,-1.1857,-4.5047,32.3001,0.7462,90.5514
1740983236.189,2.811,4.123,1.045,0.24,-0.362,-1.1859,-4.5049,32.3017,0.7492,90.534
1740983236.269,2.81,4.123,1.044,0.24,-0.3619,-1.1857,-4.5048,32.3027,0.7551,90.5371
1740983236.349,2.811,4.123,1.045,0.24,-0.362,-1.1858,-4.5048,32.3005,0.7487,90.5411
1740983236.428,2.804,4.123,1.038,0.24,-0.3621,-1.1858,-4.5047,32.2916,0.7495,90.5437
1740983236.508,2.81,4.123,1.044,0.24,-0.3619,-1.1858,-4.5048,32.2931,0.7439,90.5457
1740983236.588,2.81,4.122,1.044,0.241,-0.362,-1.1858,-4.5048,32.2972,0.7512,90.5411
1740983236.667,2.811,4.124,1.045,0.239,-0.3621,-1.1858,-4.5047,32.2925,0.7585,90.537
1740983236.747,2.81,4.122,1.044,0.241,-0.3619,-1.1858,-4.5048,32.2887,0.7639,90.5251
1740983236.827,2.811,4.124,1.045,0.239,-0.3634,-1.1859,-4.5023,32.2848,0.7293,90.5174
1740983236.906,2.806,4.124,1.04,0.239,-0.3683,-1.1858,-4.4943,32.1759,0.8208,90.4046
1740983236.986,2.806,4.124,1.04,0.238,-0.3781,-1.1852,-4.4777,31.9004,0.7345,90.5333
1740983237.065,2.807,4.116,1.042,0.246,-0.3898,-1.1869,-4.4581,31.6316,0.8311,90.4968
1740983237.145,2.809,4.094,1.044,0.267,-0.4021,-1.1872,-4.437,31.2014,0.9247,90.4876
1740983237.225,2.806,4.061,1.042,0.3,-0.4132,-1.1882,-4.417,31.0112,0.7977,90.6189
1740983237.304,2.81,4.061,1.046,0.3,-0.4231,-1.1885,-4.4001,30.952,0.7859,90.6579
1740983237.384,2.81,4.033,1.046,0.328,-0.4312,-1.1885,-4.3857,30.9939,0.7661,90.748
1740983237.464,2.811,4.006,1.047,0.354,-0.4384,-1.1891,-4.3727,30.8445,0.7258,90.7839
1740983237.543,2.813,3.983,1.049,0.377,-0.4462,-1.19,-4.3597,30.5273,0.9255,90.7441
1740983237.623,2.809,3.965,1.045,0.395,-0.4497,-1.1884,-4.3521,30.022,0.9491,89.1718
1740983237.703,2.816,3.965,1.052,0.395,-0.4555,-1.1874,-4.3428,30.2755,0.838,88.3627
1740983237.782,2.816,3.948,1.052,0.412,-0.4641,-1.1885,-4.3285,30.3901,0.9862,88.21
1740983237.862,2.815,3.944,1.051,0.416,-0.4768,-1.19,-4.3066,30.6321,1.0792,89.4482
1740983237.942,2.809,3.921,1.045,0.439,-0.4914,-1.1912,-4.2812,30.7325,0.9654,90.5352
1740983238.021,2.809,3.884,1.045,0.476,-0.502,-1.1911,-4.2627,30.8085,0.9328,90.5917
1740983238.101,2.809,3.884,1.045,0.476,-0.5106,-1.1918,-4.2486,30.8618,1.0147,90.4417
1740983238.18,2.809,3.854,1.044,0.508,-0.5167,-1.1919,-4.2349,31.634,0.3815,91.3674
1740983238.26,2.813,3.828,1.048,0.533,-0.5231,-1.1908,-4.227,31.3705,0.8496,92.3569
1740983238.34,2.815,3.81,1.05,0.551,-0.5294,-1.1899,-4.217,31.4252,0.9797,92.9687
1740983238.419,2.808,3.798,1.043,0.563,-0.5376,-1.1894,-4.2019,31.5628,0.8636,93.0048
1740983238.499,2.808,3.798,1.043,0.564,-0.5483,-1.1924,-4.184,31.6811,0.8713,91.7613
1740983238.579,2.814,3.779,1.049,0.582,-0.5609,-1.1945,-4.1658,31.3636,1.3373,90.111
1740983238.658,2.807,3.753,1.042,0.608,-0.5723,-1.1951,-4.1469,31.4519,1.1109,90.4384
1740983238.738,2.815,3.727,1.05,0.634,-0.5796,-1.1953,-4.1321,31.5057,0.9591,90.5871
1740983238.818,2.811,3.699,1.046,0.662,-0.5817,-1.1949,-4.1291,31.4931,0.968,90.5538
1740983238.897,2.811,3.699,1.046,0.662,-0.5805,-1.195,-4.1308,31.4986,0.9597,90.5277
1740983238.977,2.808,3.685,1.043,0.676,-0.5791,-1.1952,-4.1334,31.5094,1.0066,90.49
1740983239.057,2.809,3.684,1.044,0.677,-0.5783,-1.1952,-4.1353,31.4856,1.0378,90.4737
1740983239.136,2.816,3.69,1.051,0.671,-0.5781,-1.195,-4.1354,31.464,1.0207,90.5008
1740983239.216,2.814,3.692,1.049,0.669,-0.578,-1.1951,-4.1354,31.4735,1.005,90.5219
1740983239.295,2.814,3.692,1.049,0.669,-0.5781,-1.1951,-4.1354,31.4651,1.0066,90.5358
1740983239.375,2.807,3.693,1.042,0.668,-0.5782,-1.1951,-4.1354,31.465,1.0017,90.5468
1740983239.455,2.812,3.693,1.047,0.668,-0.5782,-1.1951,-4.1353,31.4598,1.0009,90.5464
1740983239.534,2.811,3.693,1.046,0.668,-0.5782,-1.195,-4.1354,31.4624,1.0031,90.5529
1740983239.614,2.813,3.693,1.048,0.668,-0.5781,-1.195,-4.1352,31.4613,0.9939,90.5593
1740983239.694,2.813,3.693,1.048,0.668,-0.5781,-1.1951,-4.1353,31.4596,0.9854,90.5627
1740983239.773,2.812,3.693,1.047,0.668,-0.5781,-1.195,-4.1354,31.4563,0.9956,90.5591
1740983239.853,2.809,3.691,1.044,0.67,-0.578,-1.1951,-4.1354,31.4572,0.9961,90.5703
1740983239.933,2.812,3.694,1.047,0.667,-0.5782,-1.1951,-4.1352,31.4554,0.9901,90.5768
1740983240.012,2.809,3.693,1.044,0.668,-0.578,-1.1952,-4.1353,31.4562,0.9884,90.5701
1740983240.092,2.809,3.693,1.044,0.668,-0.5782,-1.1951,-4.1355,31.4546,0.99,90.5762
1740983240.172,2.809,3.692,1.044,0.669,-0.5782,-1.1951,-4.1353,31.4555,0.9833,90.575
1740983240.251,2.812,3.692,1.047,0.669,-0.579,-1.195,-4.1341,31.5713,0.9505,90.6071
1740983240.331,2.808,3.694,1.043,0.667,-0.5812,-1.1948,-4.1299,31.4496,0.9728,90.5622
1740983240.41,2.815,3.69,1.05,0.671,-0.5856,-1.1953,-4.1229,31.3989,1.0288,90.4844
1740983240.49,2.815,3.69,1.05,0.671,-0.5916,-1.1957,-4.1131,31.4948,1.0904,90.5083
1740983240.57,2.81,3.684,1.045,0.677,-0.5974,-1.196,-4.1031,31.4799,1.0509,90.559
1740983240.649,2.809,3.663,1.044,0.698,-0.6029,-1.1958,-4.0944,31.4021,1.1897,90.5214
1740983240.729,2.816,3.649,1.051,0.712,-0.6071,-1.1963,-4.0869,31.4216,1.1084,90.5149
1740983240.809,2.811,3.639,1.046,0.722,-0.6112,-1.1965,-4.0803,31.3849,1.1346,90.4829
1740983240.888,2.811,3.639,1.046,0.722,-0.6148,-1.1964,-4.0739,31.3782,1.1285,90.4846
1740983240.968,2.809,3.63,1.044,0.731,-0.6188,-1.1969,-4.0673,31.3831,1.1053,90.4989
1740983241.048,2.813,3.62,1.048,0.741,-0.6229,-1.1971,-4.06,31.4316,1.0391,90.5127
1740983241.127,2.808,3.613,1.043,0.748,-0.6274,-1.1972,-4.052,31.5029,0.9563,90.5365
1740983241.207,2.81,3.613,1.045,0.749,-0.6319,-1.1973,-4.0443,31.6811,0.8308,90.6537
1740983241.287,2.81,3.6,1.044,0.762,-0.6357,-1.1976,-4.0371,31.9094,0.6182,90.8151
1740983241.366,2.815,3.588,1.049,0.774,-0.6401,-1.1979,-4.0302,31.9811,0.682,90.7331
1740983241.446,2.807,3.581,1.041,0.781,-0.6456,-1.1981,-4.0213,32.0704,0.6882,90.6953
1740983241.526,2.8,3.567,1.034,0.796,-0.6521,-1.1984,-4.0112,32.1942,0.7833,90.6916
1740983241.605,2.802,3.567,1.036,0.795,-0.6594,-1.1988,-3.9998,32.0609,0.9191,90.7154
1740983241.685,2.802,3.555,1.036,0.807,-0.667,-1.1997,-3.9876,31.9542,0.9467,90.698
1740983241.765,2.804,3.54,1.038,0.822,-0.6738,-1.2004,-3.9761,31.9693,0.8905,90.6483
1740983241.844,2.804,3.52,1.038,0.842,-0.6808,-1.1997,-3.9646,31.957,0.972,90.5477
1740983241.924,2.808,3.505,1.042,0.857,-0.6876,-1.1998,-3.9536,32.0952,0.839,90.5838
1740983242.004,2.81,3.505,1.044,0.857,-0.694,-1.1994,-3.9427,32.0329,0.9034,90.5068
1740983242.083,2.81,3.489,1.044,0.873,-0.7008,-1.2001,-3.9315,31.9886,0.9117,90.5452
1740983242.163,2.809,3.474,1.044,0.888,-0.7074,-1.2005,-3.9206,31.8171,0.9298,90.5201
1740983242.242,2.804,3.457,1.039,0.905,-0.7141,-1.2003,-3.9096,31.79,0.9425,90.4915
1740983242.322,2.81,3.441,1.045,0.921,-0.7207,-1.2004,-3.898,31.7573,0.9071,90.4346
1740983242.402,2.812,3.441,1.047,0.921,-0.7275,-1.2011,-3.887,31.8059,0.8995,90.4498
1740983242.481,2.812,3.425,1.047,0.937,-0.7338,-1.2017,-3.8756,31.8138,0.7445,90.4814
1740983242.561,2.807,3.405,1.041,0.957,-0.7405,-1.202,-3.8641,31.9533,0.6357,90.5779
1740983242.641,2.807,3.392,1.041,0.97,-0.7473,-1.2022,-3.853,32.0844,0.5808,90.5746
1740983242.72,2.81,3.372,1.044,0.991,-0.7538,-1.2024,-3.842,32.2252,0.4934,90.6278
1740983242.8,2.813,3.372,1.047,0.99,-0.7607,-1.2024,-3.8322,32.1766,0.728,90.2973
1740983242.88,2.813,3.355,1.047,1.008,-0.7637,-1.2012,-3.8282,32.2319,0.8881,88.674
1740983242.959,2.814,3.337,1.048,1.025,-0.7667,-1.2005,-3.8224,32.0956,0.8215,88.012
1740983243.039,2.809,3.34,1.044,1.022,-0.773,-1.2013,-3.8114,31.7325,0.7596,88.0325
1740983243.119,2.812,3.331,1.047,1.03,-0.7809,-1.2009,-3.797,31.4105,0.6917,88.0861
1740983243.198,2.813,3.331,1.049,1.03,-0.7934,-1.2037,-3.7748,31.0549,0.6509,90.783
1740983243.278,2.813,3.309,1.049,1.052,-0.8028,-1.2055,-3.7582,31.0674,0.6584,90.6289
1740983243.358,2.809,3.287,1.045,1.073,-0.8101,-1.2041,-3.7456,30.8364,0.6443,90.5583
1740983243.437,2.81,3.259,1.046,1.101,-0.8155,-1.2042,-3.7351,30.5925,0.5884,90.5966
1740983243.517,2.811,3.242,1.047,1.118,-0.8197,-1.2045,-3.7274,30.3565,0.5917,90.5659
1740983243.597,2.819,3.242,1.055,1.118,-0.8237,-1.2049,-3.7196,30.246,0.5708,90.5451
1740983243.676,2.819,3.23,1.055,1.13,-0.8287,-1.2042,-3.7093,30.3616,0.2481,91.4626
1740983243.756,2.813,3.217,1.049,1.143,-0.8335,-1.2032,-3.7016,30.2461,0.4753,92.4108
1740983243.835,2.819,3.202,1.055,1.158,-0.8395,-1.2025,-3.6915,30.103,0.5781,92.891
1740983243.915,2.819,3.192,1.055,1.168,-0.8476,-1.2027,-3.6767,30.0231,0.5215,92.9439
1740983243.995,2.822,3.192,1.058,1.168,-0.8567,-1.2038,-3.6609,29.7857,0.743,92.0047
1740983244.074,2.822,3.176,1.058,1.184,-0.8646,-1.2083,-3.647,29.9397,0.2695,90.5655
1740983244.154,2.815,3.153,1.051,1.207,-0.8702,-1.2077,-3.633,29.47,0.2267,90.3991
1740983244.234,2.82,3.133,1.056,1.227,-0.8719,-1.2046,-3.6303,29.2897,0.4099,89.2991
1740983244.313,2.82,3.115,1.056,1.245,-0.8724,-1.2041,-3.6296,29.3123,0.3941,88.799
1740983244.393,2.826,3.115,1.062,1.245,-0.8749,-1.2039,-3.6247,29.3779,0.3833,88.2218
1740983244.473,2.826,3.113,1.062,1.247,-0.8818,-1.205,-3.6135,29.4665,0.57,88.0003
1740983244.552,2.822,3.117,1.058,1.243,-0.8907,-1.2047,-3.5965,29.5737,0.4613,88.1619
1740983244.632,2.82,3.1,1.056,1.26,-0.9036,-1.2071,-3.5741,30.2049,0.4712,90.7014
1740983244.711,2.827,3.069,1.063,1.291,-0.9136,-1.2072,-3.5557,29.9224,0.532,90.498
1740983244.791,2.827,3.069,1.063,1.291,-0.9208,-1.2081,-3.543,29.9165,0.5775,90.4361
1740983244.871,2.826,3.037,1.062,1.323,-0.926,-1.2079,-3.5338,29.9848,0.6383,90.3807
1740983244.95,2.826,3.019,1.062,1.341,-0.9297,-1.2077,-3.5273,30.0104,0.6769,90.3056
1740983245.03,2.826,2.999,1.062,1.361,-0.9338,-1.2077,-3.5199,30.011,0.6036,90.3401
1740983245.11,2.828,2.996,1.064,1.364,-0.9378,-1.2075,-3.5096,30.5565,0.0176,91.3108
1740983245.189,2.828,2.996,1.064,1.364,-0.9434,-1.2063,-3.5023,30.403,0.3882,92.2209
1740983245.269,2.828,2.985,1.064,1.375,-0.9489,-1.2056,-3.4926,30.4569,0.4765,92.7427
1740983245.349,2.823,2.97,1.059,1.39,-0.9576,-1.2051,-3.4774,30.6126,0.4537,92.7522
1740983245.428,2.823,2.953,1.059,1.407,-0.9669,-1.207,-3.4613,30.7667,0.4353,91.8741
1740983245.508,2.824,2.935,1.06,1.425,-0.9771,-1.2085,-3.4454,30.3847,0.6155,89.7697
1740983245.588,2.824,2.935,1.06,1.425,-0.9841,-1.2082,-3.4322,30.4623,0.6805,89.8835
1740983245.667,2.828,2.909,1.064,1.451,-0.989,-1.2092,-3.4231,30.5434,0.7087,89.8551
1740983245.747,2.828,2.89,1.064,1.47,-0.9931,-1.2096,-3.4163,30.6123,0.6909,89.8563
1740983245.827,2.825,2.873,1.061,1.487,-0.9968,-1.21,-3.4101,30.6226,0.7131,89.793
1740983245.906,2.825,2.869,1.061,1.491,-1.0014,-1.2098,-3.4016,30.7522,0.6761,89.7708
1740983245.986,2.825,2.869,1.061,1.491,-1.0076,-1.2098,-3.391,30.7645,0.7077,89.7683
1740983246.065,2.829,2.86,1.065,1.5,-1.0148,-1.2097,-3.3789,30.8176,0.7924,89.7835
1740983246.145,2.828,2.844,1.064,1.516,-1.0222,-1.2096,-3.3658,30.7074,0.7719,89.7977
1740983246.225,2.828,2.827,1.064,1.533,-1.0293,-1.2107,-3.3541,30.7483,0.7955,89.8054
1740983246.304,2.826,2.804,1.062,1.556,-1.0355,-1.2108,-3.3424,30.7235,0.7829,89.8755
1740983246.384,2.826,2.804,1.062,1.556,-1.0416,-1.2102,-3.3311,30.8089,0.6505,90.0071
1740983246.464,2.825,2.792,1.061,1.568,-1.0475,-1.2102,-3.3211,30.8451,0.6861,89.9299
1740983246.543,2.83,2.778,1.066,1.582,-1.0537,-1.2106,-3.3104,30.9572,0.6557,89.986
1740983246.623,2.825,2.758,1.06,1.603,-1.0601,-1.2108,-3.2999,31.2015,0.6353,89.9664
1740983246.703,2.824,2.758,1.059,1.603,-1.0669,-1.2111,-3.2886,31.248,0.7329,89.949
1740983246.782,2.824,2.741,1.059,1.62,-1.074,-1.2113,-3.2772,31.1622,0.9249,89.9347
1740983246.862,2.83,2.733,1.065,1.628,-1.081,-1.211,-3.266,31.1211,1.0775,89.9649
1740983246.942,2.831,2.707,1.067,1.653,-1.0873,-1.2115,-3.2544,31.0086,0.9789,89.9254
1740983247.021,2.826,2.696,1.062,1.664,-1.0939,-1.2111,-3.2435,30.9815,1.0077,89.9156
1740983247.101,2.825,2.696,1.061,1.664,-1.0999,-1.2113,-3.2326,31.072,0.9151,89.9134
1740983247.181,2.825,2.676,1.06,1.685,-1.1059,-1.2114,-3.2217,31.1361,0.8017,89.95
1740983247.26,2.83,2.669,1.065,1.692,-1.1122,-1.2116,-3.2108,31.2014,0.7601,89.9044
1740983247.34,2.827,2.649,1.062,1.712,-1.1185,-1.2116,-3.1998,31.2387,0.711,89.9311
1740983247.419,2.832,2.636,1.067,1.725,-1.1253,-1.212,-3.1887,31.1286,0.8611,89.9093
1740983247.499,2.825,2.636,1.06,1.724,-1.1317,-1.2123,-3.1774,31.087,0.8235,89.9439
1740983247.579,2.825,2.616,1.061,1.744,-1.1383,-1.2121,-3.1668,30.9841,0.9753,89.8629
1740983247.658,2.826,2.605,1.062,1.755,-1.1446,-1.212,-3.156,30.9061,0.9639,89.7968
1740983247.738,2.832,2.589,1.068,1.771,-1.1509,-1.2122,-3.145,30.9126,0.9043,89.8106
1740983247.818,2.832,2.575,1.068,1.785,-1.1573,-1.2127,-3.1339,31.0467,0.8172,89.774
1740983247.897,2.832,2.575,1.067,1.786,-1.1636,-1.2126,-3.1231,31.1303,0.8142,89.7319
1740983247.977,2.832,2.558,1.067,1.803,-1.1699,-1.2125,-3.1124,31.2777,0.7938,89.6782
1740983248.057,2.826,2.541,1.061,1.82,-1.1765,-1.2127,-3.1014,31.2841,0.8412,89.6891
1740983248.136,2.827,2.523,1.062,1.838,-1.1831,-1.2129,-3.0906,31.1852,0.8948,89.7236
1740983248.216,2.827,2.512,1.062,1.848,-1.1897,-1.2133,-3.0795,31.1088,0.9808,89.6982
1740983248.296,2.828,2.512,1.063,1.848,-1.1957,-1.2132,-3.0684,31.0989,0.8955,89.6669
1740983248.375,2.828,2.498,1.064,1.862,-1.2024,-1.2134,-3.0575,31.0746,0.9675,89.615
1740983248.455,2.835,2.478,1.07,1.883,-1.2085,-1.2134,-3.0465,31.1583,0.8461,89.6649
1740983248.534,2.835,2.462,1.07,1.899,-1.2147,-1.213,-3.0357,31.2056,0.8961,89.622
1740983248.614,2.834,2.449,1.069,1.912,-1.2212,-1.2134,-3.025,31.1912,0.9411,89.6299
1740983248.694,2.835,2.449,1.07,1.912,-1.2278,-1.2132,-3.0136,31.1927,0.9652,89.7135
1740983248.773,2.835,2.432,1.07,1.929,-1.2345,-1.2136,-3.0026,31.2069,0.9967,89.7355
1740983248.853,2.836,2.418,1.071,1.943,-1.2407,-1.2136,-2.9916,31.1991,0.9582,89.7542
1740983248.933,2.829,2.403,1.064,1.958,-1.2474,-1.2135,-2.9804,31.241,0.9935,89.7634
1740983249.012,2.83,2.382,1.065,1.979,-1.2536,-1.2137,-2.9693,31.2224,0.8951,89.8325
1740983249.092,2.829,2.382,1.064,1.979,-1.26,-1.2134,-2.9581,31.3317,0.8612,89.84
1740983249.172,2.829,2.367,1.064,1.994,-1.2663,-1.2139,-2.947,31.4919,0.7737,89.888
1740983249.251,2.837,2.35,1.072,2.011,-1.2732,-1.2139,-2.9363,31.5776,0.9344,89.7765
1740983249.331,2.829,2.338,1.064,2.023,-1.2792,-1.2143,-2.9254,31.613,0.8069,89.872
1740983249.411,2.829,2.32,1.064,2.041,-1.2865,-1.2143,-2.9144,31.5099,1.0606,89.8615
1740983249.49,2.829,2.32,1.064,2.041,-1.2933,-1.2143,-2.9031,31.4069,1.1263,89.9167
1740983249.57,2.829,2.306,1.064,2.055,-1.3001,-1.2148,-2.8916,31.3617,1.0818,90.1427
1740983249.65,2.835,2.289,1.07,2.072,-1.307,-1.2147,-2.88,31.2934,1.1019,90.1582
1740983249.729,2.836,2.271,1.071,2.09,-1.313,-1.2149,-2.8691,31.3823,0.9743,90.2382
1740983249.809,2.83,2.254,1.065,2.107,-1.3195,-1.2151,-2.8586,31.476,1.0818,90.1697
1740983249.888,2.836,2.254,1.071,2.107,-1.3256,-1.215,-2.8476,31.4849,1.0026,90.2405
1740983249.968,2.836,2.237,1.071,2.124,-1.3324,-1.2152,-2.837,31.5463,1.1392,90.2073
1740983250.048,2.829,2.222,1.064,2.139,-1.3388,-1.2157,-2.8254,31.5559,0.9873,90.3788
1740983250.128,2.837,2.207,1.072,2.154,-1.3452,-1.2152,-2.8141,31.4364,1.0313,90.3728
1740983250.207,2.838,2.19,1.073,2.171,-1.3518,-1.2157,-2.803,31.4348,1.0641,90.3619
1740983250.287,2.838,2.19,1.073,2.171,-1.3583,-1.2162,-2.7921,31.4368,1.0626,90.3606
1740983250.366,2.83,2.174,1.065,2.187,-1.3646,-1.2165,-2.7809,31.5036,0.9542,90.3916
1740983250.446,2.83,2.157,1.065,2.204,-1.3713,-1.2165,-2.7699,31.5462,0.9916,90.203
1740983250.526,2.837,2.142,1.072,2.219,-1.3776,-1.2172,-2.7592,31.704,0.9676,90.2014
1740983250.605,2.837,2.124,1.072,2.237,-1.3842,-1.2171,-2.7486,31.7543,0.9873,90.1906
1740983250.685,2.837,2.124,1.072,2.237,-1.3906,-1.2174,-2.7381,31.8199,1.1094,90.1507
1740983250.765,2.83,2.106,1.065,2.255,-1.3975,-1.2177,-2.727,31.6938,1.193,90.2547
1740983250.844,2.838,2.092,1.073,2.269,-1.4043,-1.2178,-2.7158,31.6106,1.2387,90.2788
1740983250.924,2.838,2.078,1.073,2.283,-1.4105,-1.2178,-2.7041,31.5995,1.0956,90.3929
1740983251.004,2.831,2.061,1.066,2.3,-1.4172,-1.2179,-2.6935,31.4823,1.1932,90.3309
1740983251.083,2.831,2.061,1.066,2.3,-1.4234,-1.2184,-2.6823,31.6191,1.0749,90.4004
1740983251.163,2.838,2.045,1.073,2.316,-1.4298,-1.2187,-2.6716,31.5357,1.0516,90.4372
1740983251.242,2.837,2.027,1.072,2.334,-1.4362,-1.219,-2.6607,31.5373,1.1583,90.3631
1740983251.322,2.85,2.013,1.085,2.348,-1.4427,-1.2192,-2.6495,31.5049,1.0982,90.4657
1740983251.402,2.857,1.998,1.092,2.363,-1.4492,-1.2195,-2.6388,31.2997,1.2245,90.3981
1740983251.481,2.857,1.998,1.092,2.363,-1.4553,-1.2197,-2.6276,31.4703,1.0704,90.551
1740983251.561,2.865,1.982,1.1,2.379,-1.4622,-1.22,-2.6167,31.535,1.2076,90.4475
1740983251.641,2.859,1.964,1.094,2.397,-1.4684,-1.2205,-2.6054,31.5575,1.0275,90.5859
1740983251.72,2.864,1.949,1.099,2.412,-1.4751,-1.2204,-2.5941,31.5979,1.0924,90.5247
1740983251.8,2.859,1.93,1.094,2.431,-1.4815,-1.2207,-2.5828,31.753,0.9436,90.6148
1740983251.88,2.859,1.93,1.093,2.431,-1.4881,-1.2209,-2.572,31.8778,1.0728,90.4838
1740983251.959,2.859,1.913,1.093,2.448,-1.4945,-1.2214,-2.5615,31.9729,0.9954,90.4996
1740983252.039,2.859,1.899,1.093,2.462,-1.5012,-1.2213,-2.5509,31.8733,1.1909,90.4619
1740983252.119,2.864,1.885,1.099,2.476,-1.5077,-1.2218,-2.5401,31.8106,1.2214,90.4702
1740983252.198,2.864,1.885,1.099,2.476,-1.5142,-1.2218,-2.5286,31.6963,1.1741,90.4773
1740983252.278,2.864,1.871,1.099,2.49,-1.5208,-1.2222,-2.5177,31.6417,1.2293,90.4203
1740983252.357,2.864,1.851,1.099,2.51,-1.527,-1.2225,-2.5065,31.707,1.1172,90.459
1740983252.437,2.864,1.834,1.099,2.527,-1.5334,-1.2227,-2.4961,31.7159,1.1727,90.3349
1740983252.517,2.864,1.822,1.099,2.539,-1.5397,-1.2229,-2.4852,31.662,1.1838,90.2894
1740983252.596,2.864,1.822,1.099,2.539,-1.5464,-1.223,-2.4748,31.6733,1.3292,90.2177
1740983252.676,2.864,1.807,1.099,2.554,-1.5525,-1.2234,-2.4643,31.7464,1.3124,90.2427
1740983252.756,2.859,1.789,1.094,2.572,-1.5586,-1.2236,-2.4534,31.648,1.2859,90.3487
1740983252.835,2.865,1.776,1.1,2.585,-1.565,-1.2235,-2.4428,31.5297,1.397,90.2443
1740983252.915,2.859,1.758,1.094,2.603,-1.5709,-1.224,-2.4321,31.6518,1.2685,90.3459
1740983252.995,2.865,1.758,1.1,2.603,-1.5771,-1.2243,-2.4212,31.6826,1.242,90.3637
1740983253.074,2.865,1.744,1.1,2.617,-1.5832,-1.2244,-2.4101,31.839,1.1279,90.3934
1740983253.154,2.866,1.73,1.1,2.631,-1.5897,-1.2246,-2.3993,31.9173,1.2299,90.3045
1740983253.234,2.861,1.714,1.095,2.647,-1.5958,-1.2249,-2.3888,32.0442,1.0992,90.3163
1740983253.313,2.861,1.699,1.095,2.662,-1.6024,-1.2251,-2.3784,32.0115,1.256,90.2371
1740983253.393,2.861,1.699,1.096,2.662,-1.6058,-1.2243,-2.3697,31.4872,0.964,89.9352
1740983253.473,2.861,1.681,1.096,2.68,-1.6069,-1.2238,-2.3659,31.5063,0.5774,90.0047
1740983253.552,2.865,1.668,1.1,2.693,-1.6087,-1.2231,-2.3659,31.4083,1.3088,88.5708
1740983253.632,2.864,1.662,1.099,2.699,-1.6132,-1.2234,-2.3591,31.5747,1.2453,88.4377
1740983253.712,2.867,1.661,1.102,2.7,-1.6199,-1.224,-2.347,31.5249,1.1706,88.315
1740983253.791,2.867,1.661,1.101,2.7,-1.6282,-1.2239,-2.3333,31.8592,1.1006,88.1973
1740983253.871,2.867,1.645,1.102,2.716,-1.6358,-1.224,-2.3199,31.736,1.0929,88.0909
1740983253.95,2.862,1.628,1.097,2.733,-1.6428,-1.224,-2.3081,31.5213,1.1226,88.069
1740983254.03,2.863,1.608,1.098,2.752,-1.6484,-1.2243,-2.2984,31.4162,1.1756,88.068
1740983254.11,2.868,1.59,1.103,2.771,-1.6541,-1.2248,-2.2894,31.457,1.3196,88.1604
1740983254.189,2.867,1.59,1.102,2.771,-1.6616,-1.2266,-2.276,31.5542,1.3302,89.6023
1740983254.269,2.867,1.578,1.102,2.782,-1.6698,-1.2274,-2.2616,31.2709,1.2621,90.0743
1740983254.349,2.866,1.562,1.1,2.799,-1.6737,-1.2268,-2.2513,31.9079,0.5197,90.7843
1740983254.428,2.867,1.541,1.101,2.82,-1.6757,-1.2262,-2.244,32.2906,-0.115,91.3721
1740983254.508,2.869,1.525,1.103,2.836,-1.6773,-1.226,-2.239,32.3896,-0.5709,91.5542
1740983254.588,2.866,1.525,1.099,2.836,-1.6802,-1.2253,-2.2314,32.3941,-1.0204,91.6628
1740983254.667,2.866,1.517,1.099,2.844,-1.6864,-1.2255,-2.2203,32.5246,-1.0918,91.7062
1740983254.747,2.869,1.508,1.105,2.852,-1.6908,-1.2244,-2.2099,30.8502,-1.0013,91.4541
1740983254.827,2.869,1.492,1.105,2.868,-1.6913,-1.2238,-2.2062,30.8406,-1.6238,90.4073
1740983254.906,2.881,1.482,1.116,2.878,-1.6939,-1.2232,-2.2015,31.1596,-1.4504,89.6915
1740983254.986,2.882,1.482,1.117,2.878,-1.6993,-1.2234,-2.1924,31.3481,-1.5484,89.4369
1740983255.065,2.882,1.482,1.116,2.879,-1.7074,-1.2229,-2.179,32.1937,-1.5001,89.4458
1740983255.145,2.883,1.467,1.117,2.894,-1.7171,-1.2239,-2.1652,32.3468,-1.034,89.2854
1740983255.225,2.875,1.449,1.109,2.912,-1.7341,-1.2267,-2.1534,32.1974,2.3261,87.7441
1740983255.304,2.872,1.43,1.104,2.932,-1.7462,-1.2274,-2.1392,32.8666,3.3157,88.3304
1740983255.384,2.864,1.43,1.096,2.932,-1.7496,-1.2288,-2.1269,33.1311,1.8071,88.9118
1740983255.464,2.864,1.402,1.096,2.96,-1.7543,-1.2291,-2.1171,32.9059,1.3354,89.4912
1740983255.543,2.863,1.389,1.095,2.973,-1.7588,-1.229,-2.1099,33.0099,1.3892,89.5895
1740983255.623,2.862,1.373,1.094,2.989,-1.7654,-1.2291,-2.1018,32.9687,1.8909,89.7353
1740983255.703,2.867,1.361,1.101,3.0,-1.772,-1.2277,-2.0969,32.3503,3.142,89.4167
1740983255.782,2.86,1.361,1.094,3.0,-1.7781,-1.2276,-2.0925,32.3144,4.1587,88.866
1740983255.862,2.86,1.35,1.094,3.011,-1.7851,-1.2271,-2.0829,32.31,4.4198,88.7396
1740983255.941,2.854,1.339,1.088,3.022,-1.7929,-1.2273,-2.0685,32.1225,4.0377,89.0323
1740983256.021,2.861,1.326,1.096,3.035,-1.8012,-1.2276,-2.053,31.7846,3.6859,89.4718
1740983256.101,2.856,1.305,1.091,3.056,-1.8093,-1.2282,-2.0396,31.6664,3.7466,89.1774
1740983256.18,2.856,1.305,1.091,3.055,-1.8161,-1.2288,-2.0291,31.5426,4.0188,88.683
1740983256.26,2.857,1.285,1.092,3.075,-1.8212,-1.229,-2.0198,31.4623,3.9307,88.7424
1740983256.34,2.856,1.269,1.091,3.092,-1.8229,-1.2299,-2.0089,31.6282,2.4916,89.5077
1740983256.419,2.858,1.256,1.092,3.105,-1.8255,-1.2307,-1.9988,32.034,1.3546,89.783
1740983256.499,2.865,1.243,1.099,3.118,-1.8313,-1.2308,-1.9906,31.9505,1.8222,89.3914
1740983256.579,2.865,1.243,1.099,3.118,-1.8369,-1.2308,-1.9818,31.8894,1.8694,89.3411
1740983256.658,2.863,1.228,1.097,3.133,-1.8423,-1.2311,-1.9727,31.9361,1.8777,89.2553
1740983256.738,2.862,1.215,1.096,3.146,-1.8478,-1.2312,-1.963,32.0418,1.8028,89.3034
1740983256.818,2.862,1.202,1.096,3.159,-1.8539,-1.2314,-1.9529,32.0468,1.7862,89.3163
1740983256.897,2.865,1.189,1.099,3.172,-1.8603,-1.2313,-1.9426,32.0583,1.8719,89.3668
1740983256.977,2.865,1.189,1.099,3.172,-1.8664,-1.2315,-1.9322,32.0439,1.8164,89.389
1740983257.057,2.867,1.174,1.101,3.187,-1.8725,-1.2318,-1.922,32.0874,1.8362,89.3964
1740983257.136,2.867,1.159,1.102,3.202,-1.8744,-1.2311,-1.9149,31.6949,1.2517,89.1256
1740983257.216,2.867,1.146,1.102,3.214,-1.8767,-1.2304,-1.9122,31.6679,1.4761,88.1293
1740983257.296,2.865,1.137,1.1,3.224,-1.8809,-1.2301,-1.9051,31.7348,1.4129,88.0007
1740983257.375,2.865,1.137,1.1,3.224,-1.8871,-1.2301,-1.8934,31.729,1.2842,87.9751
1740983257.455,2.863,1.131,1.097,3.23,-1.8948,-1.2296,-1.8809,31.8863,1.3491,87.5914
1740983257.535,2.864,1.117,1.099,3.243,-1.9024,-1.2304,-1.8678,31.6219,1.3027,87.5448
1740983257.614,2.868,1.099,1.103,3.261,-1.9094,-1.2306,-1.8559,31.5833,1.4001,87.4345
1740983257.694,2.864,1.077,1.099,3.283,-1.9157,-1.2301,-1.8454,31.2823,1.5157,87.4355
1740983257.773,2.864,1.077,1.099,3.283,-1.9219,-1.2308,-1.8356,31.3493,1.6147,87.7215
1740983257.853,2.868,1.061,1.104,3.299,-1.9307,-1.2325,-1.8199,30.9464,1.6428,89.7912
1740983257.933,2.864,1.049,1.1,3.311,-1.9377,-1.233,-1.8082,30.8775,1.903,89.4543
1740983258.012,2.87,1.029,1.105,3.331,-1.9419,-1.2325,-1.7976,31.6583,1.3053,90.037
1740983258.092,2.869,1.029,1.103,3.332,-1.9441,-1.2319,-1.7911,32.074,0.7952,90.5537
1740983258.172,2.869,1.01,1.103,3.351,-1.9449,-1.2315,-1.7864,31.9695,0.0304,90.8069
1740983258.251,2.871,0.999,1.105,3.362,-1.9486,-1.2316,-1.7777,31.8832,-0.3841,90.9798
1740983258.331,2.876,0.994,1.11,3.367,-1.9567,-1.2316,-1.7647,31.9021,-0.3895,91.1923
1740983258.411,2.872,0.984,1.108,3.376,-1.9644,-1.2312,-1.7519,30.0627,0.328,91.2987
1740983258.49,2.872,0.963,1.108,3.397,-1.9644,-1.2309,-1.746,29.1239,-0.1819,90.7244
1740983258.57,2.872,0.963,1.108,3.397,-1.964,-1.2299,-1.7445,29.0695,-0.8761,89.9176
1740983258.65,2.883,0.952,1.119,3.408,-1.9659,-1.2294,-1.7392,29.5769,-1.0068,88.992
1740983258.729,2.887,0.952,1.123,3.408,-1.9716,-1.2292,-1.7285,29.9005,-1.1356,88.9149
1740983258.809,2.882,0.944,1.118,3.416,-1.981,-1.2296,-1.7144,30.7489,-0.8888,88.8709
1740983258.888,2.881,0.944,1.117,3.416,-1.995,-1.2326,-1.7026,30.4302,1.1591,87.262
1740983258.968,2.881,0.922,1.117,3.438,-2.0135,-1.231,-1.6859,31.0491,3.8304,87.7039
1740983259.048,2.878,0.903,1.113,3.457,-2.0174,-1.2333,-1.6711,31.666,1.8104,87.908
1740983259.127,2.866,0.876,1.101,3.484,-2.0237,-1.2344,-1.6565,31.6009,1.5488,89.6319
1740983259.207,2.871,0.857,1.106,3.503,-2.03,-1.2353,-1.6468,31.7622,1.6275,89.4652
1740983259.287,2.867,0.842,1.102,3.518,-2.034,-1.235,-1.6409,31.6675,1.9267,89.3943
1740983259.366,2.867,0.842,1.102,3.518,-2.0359,-1.2346,-1.6387,31.3036,2.2562,89.4549
1740983259.446,2.873,0.827,1.108,3.533,-2.0368,-1.2348,-1.6384,31.1797,2.5016,89.3648
1740983259.526,2.87,0.822,1.105,3.538,-2.0407,-1.2345,-1.6366,31.1637,3.296,88.8788
1740983259.605,2.865,0.822,1.1,3.538,-2.0497,-1.2333,-1.6283,31.1576,4.6548,88.1006
1740983259.685,2.867,0.818,1.103,3.542,-2.0604,-1.2333,-1.6111,30.9614,4.5255,88.2353
1740983259.764,2.867,0.818,1.103,3.542,-2.071,-1.2337,-1.5909,30.7353,4.3509,88.43
1740983259.844,2.865,0.795,1.101,3.565,-2.0806,-1.2341,-1.5737,30.5321,4.2086,88.3974
1740983259.924,2.861,0.77,1.097,3.59,-2.0878,-1.2342,-1.5606,30.4273,4.1225,88.3504
1740983260.003,2.862,0.747,1.098,3.613,-2.0913,-1.2342,-1.5496,30.5201,3.2711,88.69
1740983260.083,2.862,0.727,1.098,3.633,-2.0921,-1.2357,-1.5393,30.8163,1.4648,89.0702
1740983260.163,2.862,0.727,1.098,3.633,-2.0962,-1.2362,-1.5313,30.6936,1.6557,89.0644
1740983260.242,2.872,0.717,1.108,3.643,-2.0999,-1.2363,-1.525,30.8877,1.4739,89.1472
1740983260.322,2.868,0.706,1.104,3.654,-2.1021,-1.2362,-1.5218,30.9019,1.5497,89.1238
1740983260.402,2.875,0.697,1.111,3.663,-2.1019,-1.2364,-1.5219,30.9383,1.514,89.1262
1740983260.481,2.874,0.691,1.11,3.669,-2.1017,-1.2365,-1.5224,30.9202,1.5152,89.1224
1740983260.561,2.874,0.691,1.11,3.669,-2.1016,-1.2363,-1.5226,30.9306,1.486,89.1469
1740983260.641,2.868,0.691,1.104,3.669,-2.1016,-1.2363,-1.5226,30.9026,1.493,89.1384
1740983260.72,2.875,0.696,1.111,3.664,-2.1016,-1.2362,-1.5227,30.9137,1.4951,89.1408
1740983260.8,2.876,0.695,1.112,3.665,-2.1016,-1.2363,-1.5226,30.912,1.4887,89.1451
1740983260.88,2.875,0.692,1.111,3.668,-2.1016,-1.2364,-1.5226,30.9123,1.4819,89.1533
1740983260.959,2.875,0.692,1.111,3.668,-2.1016,-1.2363,-1.5227,30.9122,1.4813,89.1573
1740983261.039,2.869,0.691,1.105,3.669,-2.1016,-1.2364,-1.5227,30.9193,1.4771,89.1619
1740983261.119,2.869,0.695,1.105,3.665,-2.1016,-1.2364,-1.5227,30.9108,1.4707,89.171
1740983261.198,2.875,0.692,1.111,3.668,-2.1015,-1.2363,-1.5226,30.9109,1.4591,89.1685
1740983261.278,2.876,0.695,1.112,3.665,-2.1017,-1.2363,-1.5226,30.9089,1.4545,89.1679
1740983261.357,2.876,0.695,1.112,3.665,-2.1015,-1.2364,-1.5227,30.9222,1.4651,89.1633
1740983261.437,2.869,0.692,1.105,3.668,-2.1016,-1.2363,-1.5227,30.9217,1.4703,89.1576
1740983261.517,2.869,0.691,1.105,3.669,-2.1016,-1.2364,-1.5227,30.9256,1.4747,89.1593
1740983261.596,2.876,0.695,1.112,3.665,-2.1016,-1.2363,-1.5227,30.9303,1.476,89.1588
1740983261.676,2.876,0.692,1.112,3.668,-2.1016,-1.2363,-1.5227,30.9356,1.4792,89.1534
1740983261.756,2.874,0.692,1.11,3.668,-2.1016,-1.2363,-1.5227,30.928,1.4846,89.1426
1740983261.835,2.876,0.695,1.112,3.665,-2.1016,-1.2363,-1.5226,30.9294,1.481,89.1418
1740983261.915,2.869,0.692,1.105,3.668,-2.1016,-1.2364,-1.5227,30.9359,1.4615,89.1419
1740983261.995,2.869,0.692,1.105,3.668,-2.1016,-1.2364,-1.5227,30.9362,1.4703,89.1477
1740983262.074,2.869,0.692,1.105,3.668,-2.1016,-1.2363,-1.5227,30.944,1.4698,89.1403
1740983262.154,2.875,0.692,1.111,3.668,-2.1016,-1.2364,-1.5227,30.9435,1.4694,89.1302
1740983262.234,2.874,0.692,1.11,3.668,-2.1016,-1.2363,-1.5227,30.9342,1.468,89.1307
1740983262.313,2.868,0.695,1.104,3.665,-2.1015,-1.2364,-1.5227,30.9371,1.4632,89.138
1740983262.393,2.875,0.692,1.111,3.668,-2.1015,-1.2364,-1.5227,30.9436,1.4646,89.1335
1740983262.473,2.875,0.695,1.111,3.665,-2.1016,-1.2363,-1.5227,30.9428,1.4849,89.124
1740983262.552,2.875,0.695,1.111,3.665,-2.1015,-1.2364,-1.5226,30.9462,1.4773,89.1176
1740983262.632,2.868,0.692,1.104,3.668,-2.1016,-1.2364,-1.5227,30.952,1.4833,89.1223
1740983262.711,2.875,0.695,1.111,3.665,-2.1016,-1.2364,-1.5226,30.9412,1.4822,89.1412
1740983262.791,2.874,0.692,1.11,3.668,-2.0983,-1.2366,-1.5282,30.8797,1.4991,89.2037
1740983262.871,2.874,0.693,1.11,3.667,-2.091,-1.2371,-1.5414,30.6527,1.5894,89.2865
1740983262.95,2.874,0.693,1.11,3.667,-2.0883,-1.2354,-1.5583,30.9148,3.7416,88.486
1740983263.03,2.875,0.709,1.111,3.651,-2.0808,-1.2338,-1.5749,30.7841,4.2706,88.2591
1740983263.11,2.862,0.726,1.098,3.634,-2.0719,-1.2336,-1.5926,30.9631,4.5721,88.055
1740983263.189,2.861,0.752,1.097,3.608,-2.0629,-1.2336,-1.6086,31.0337,4.5369,88.2819
1740983263.269,2.861,0.777,1.096,3.583,-2.0548,-1.2336,-1.6235,31.0744,4.5853,88.2946
1740983263.35,2.865,0.777,1.1,3.583,-2.0473,-1.2337,-1.6355,31.1053,4.4363,88.3198
1740983263.428,2.864,0.794,1.099,3.566,-2.0385,-1.2342,-1.6419,31.1789,2.8217,89.1515
1740983263.508,2.863,0.816,1.098,3.544,-2.0324,-1.2357,-1.6472,31.4148,1.8175,89.3726
1740983263.588,2.868,0.828,1.103,3.532,-2.0316,-1.2357,-1.6478,31.5471,1.7825,89.4063
1740983263.667,2.868,0.832,1.103,3.528,-2.0319,-1.2355,-1.6476,31.5729,1.7151,89.4183
1740983263.747,2.864,0.832,1.099,3.528,-2.0318,-1.2355,-1.6476,31.5775,1.7217,89.4098
1740983263.827,2.87,0.832,1.105,3.528,-2.0311,-1.2355,-1.649,31.6002,1.7307,89.4361
1740983263.906,2.87,0.835,1.105,3.525,-2.0281,-1.2354,-1.654,31.4647,1.7735,89.4194
1740983263.986,2.865,0.834,1.1,3.526,-2.0227,-1.2347,-1.6644,31.8281,1.8763,89.1115
1740983264.066,2.865,0.845,1.099,3.516,-2.017,-1.2341,-1.6776,32.0411,2.6119,87.9783
1740983264.145,2.87,0.845,1.105,3.515,-2.0109,-1.2334,-1.6903,31.5752,3.1118,88.0194
1740983264.225,2.863,0.862,1.099,3.498,-2.0018,-1.2326,-1.7055,31.0595,3.0371,87.8886
1740983264.304,2.862,0.875,1.098,3.485,-1.9913,-1.2297,-1.7149,30.4329,1.0583,89.5912
1740983264.384,2.87,0.898,1.106,3.462,-1.9814,-1.2295,-1.7282,30.3595,0.6002,89.614
1740983264.464,2.87,0.915,1.106,3.445,-1.9683,-1.2293,-1.7454,29.9687,-0.3054,89.5581
1740983264.543,2.875,0.915,1.111,3.445,-1.9601,-1.2316,-1.7612,30.0414,-0.0867,91.3783
1740983264.623,2.879,0.938,1.115,3.422,-1.9534,-1.2325,-1.7766,29.7567,0.5358,91.46
1740983264.702,2.88,0.961,1.116,3.399,-1.9429,-1.2318,-1.794,29.4678,-0.077,90.8978
1740983264.782,2.88,0.985,1.116,3.375,-1.9379,-1.2331,-1.812,29.252,1.9737,89.2596
1740983264.862,2.88,1.007,1.116,3.353,-1.93,-1.2322,-1.8264,29.0954,1.6668,88.6467
1740983264.941,2.867,1.007,1.103,3.353,-1.9242,-1.2309,-1.8372,29.5646,1.6249,87.6869
1740983265.021,2.871,1.032,1.107,3.328,-1.9188,-1.2306,-1.8468,29.6169,1.4679,87.502
1740983265.101,2.869,1.049,1.105,3.311,-1.911,-1.2308,-1.8598,29.9795,1.2572,87.6413
1740983265.18,2.87,1.061,1.106,3.299,-1.9022,-1.2301,-1.8758,30.3296,1.2742,87.5507
1740983265.26,2.87,1.079,1.106,3.281,-1.8932,-1.2298,-1.8937,30.844,1.5575,87.2791
1740983265.34,2.867,1.079,1.103,3.281,-1.8846,-1.2301,-1.9095,31.0365,1.6059,87.642
1740983265.419,2.865,1.104,1.1,3.256,-1.877,-1.2301,-1.9237,31.4099,1.77,87.615
1740983265.499,2.864,1.129,1.098,3.232,-1.8709,-1.2313,-1.9352,31.8867,1.9186,89.3304
1740983265.579,2.862,1.149,1.097,3.211,-1.8637,-1.2315,-1.9473,31.6583,1.8951,89.3867
1740983265.658,2.862,1.149,1.097,3.211,-1.8564,-1.2321,-1.9594,31.6386,1.7965,89.3842
1740983265.738,2.856,1.162,1.091,3.198,-1.8489,-1.2317,-1.9716,31.5949,1.8447,89.3465
1740983265.818,2.862,1.179,1.097,3.181,-1.8416,-1.2315,-1.9848,31.5351,1.8782,89.3817
1740983265.897,2.856,1.2,1.091,3.16,-1.8332,-1.231,-1.9981,31.4582,1.7701,89.4809
1740983265.977,2.861,1.216,1.096,3.144,-1.8251,-1.2308,-2.0124,31.3966,1.922,89.4415
1740983266.057,2.861,1.216,1.096,3.145,-1.8223,-1.2289,-2.0268,31.653,3.4688,88.9368
1740983266.136,2.861,1.238,1.096,3.123,-1.8164,-1.229,-2.0387,31.6677,3.8529,89.0091
1740983266.216,2.85,1.258,1.085,3.103,-1.8092,-1.2281,-2.0514,31.7844,3.8799,89.0991
1740983266.295,2.849,1.272,1.084,3.089,-1.8016,-1.227,-2.0665,31.7471,4.3126,88.82
1740983266.375,2.855,1.292,1.09,3.069,-1.7936,-1.2269,-2.0821,31.6767,4.5444,88.6013
1740983266.455,2.855,1.292,1.09,3.069,-1.7857,-1.2268,-2.0966,31.6597,4.6319,88.5229
1740983266.534,2.854,1.312,1.089,3.049,-1.7763,-1.2273,-2.1098,31.7477,4.1114,88.6219
1740983266.614,2.852,1.335,1.086,3.026,-1.7606,-1.2294,-2.1229,32.2499,1.6507,89.4178
1740983266.694,2.852,1.355,1.085,3.006,-1.752,-1.2286,-2.1375,32.4053,1.5899,89.2074
1740983266.773,2.859,1.377,1.09,2.985,-1.7475,-1.2279,-2.1492,33.3719,2.1709,88.3415
1740983266.853,2.859,1.377,1.091,2.985,-1.7449,-1.2271,-2.1555,33.0606,2.7075,88.0137
1740983266.933,2.85,1.397,1.083,2.965,-1.7428,-1.2267,-2.1621,32.7708,3.3346,87.9875
1740983267.012,2.855,1.409,1.088,2.953,-1.7352,-1.2264,-2.1725,32.6606,2.9518,87.9007
1740983267.092,2.854,1.416,1.088,2.945,-1.7269,-1.2236,-2.1782,32.0116,1.4653,89.2976
1740983267.172,2.854,1.434,1.088,2.927,-1.7208,-1.2229,-2.1884,32.3029,1.5877,89.6454
1740983267.251,2.858,1.434,1.092,2.927,-1.7142,-1.2225,-2.2051,32.2201,2.672,89.8042
1740983267.331,2.853,1.444,1.088,2.916,-1.7014,-1.2233,-2.2217,31.3616,1.9967,91.1339
1740983267.41,2.858,1.462,1.093,2.898,-1.6823,-1.2246,-2.2416,31.444,-0.8566,91.521
1740983267.49,2.862,1.487,1.097,2.874,-1.6726,-1.2258,-2.2625,31.6311,0.4809,90.7933
1740983267.57,2.862,1.524,1.097,2.836,-1.6656,-1.2259,-2.2805,31.4262,1.5218,90.001
1740983267.649,2.867,1.524,1.103,2.836,-1.6585,-1.2251,-2.293,30.9324,1.3318,88.9065
1740983267.729,2.854,1.549,1.089,2.811,-1.6547,-1.224,-2.2994,31.2642,1.3815,88.2208
1740983267.809,2.855,1.567,1.09,2.793,-1.6505,-1.2237,-2.3065,31.2663,1.2195,88.14
1740983267.888,2.861,1.579,1.096,2.782,-1.6432,-1.2236,-2.319,31.5795,1.1357,88.1218
1740983267.968,2.861,1.591,1.095,2.77,-1.6345,-1.2232,-2.3355,31.9303,1.3379,87.9518
1740983268.048,2.861,1.591,1.095,2.77,-1.6243,-1.2229,-2.353,32.3522,1.0965,88.2982
1740983268.127,2.858,1.612,1.091,2.75,-1.6151,-1.2229,-2.3699,32.6845,1.3209,88.3505
1740983268.207,2.852,1.638,1.084,2.724,-1.6068,-1.2223,-2.3829,33.0252,1.0895,88.8088
1740983268.287,2.857,1.663,1.088,2.7,-1.6015,-1.2235,-2.3929,33.4069,1.1018,90.2514
1740983268.366,2.857,1.68,1.089,2.683,-1.5944,-1.2243,-2.4037,33.159,1.147,90.4569
1740983268.446,2.85,1.68,1.082,2.682,-1.5873,-1.2238,-2.4151,33.0095,1.2541,90.4103
1740983268.526,2.85,1.698,1.082,2.664,-1.5805,-1.2231,-2.4268,32.8612,1.4002,90.4005
1740983268.605,2.85,1.713,1.083,2.649,-1.5732,-1.2224,-2.4394,32.7278,1.5083,90.2972
1740983268.685,2.856,1.729,1.089,2.633,-1.5649,-1.2229,-2.4532,32.5179,1.5005,90.2756
1740983268.764,2.856,1.747,1.09,2.615,-1.5564,-1.2226,-2.4667,32.3949,1.5172,90.2199
1740983268.844,2.857,1.747,1.091,2.614,-1.5477,-1.2221,-2.4806,32.2113,1.4074,90.2762
1740983268.924,2.855,1.765,1.089,2.596,-1.5393,-1.222,-2.4943,32.1135,1.3179,90.3649
1740983269.003,2.858,1.787,1.092,2.574,-1.5314,-1.2217,-2.5077,31.9706,1.3567,90.4045
1740983269.083,2.85,1.808,1.084,2.553,-1.5237,-1.221,-2.5203,31.872,1.3146,90.4725
1740983269.163,2.85,1.828,1.085,2.533,-1.5163,-1.2208,-2.5329,31.737,1.3812,90.4268
1740983269.242,2.85,1.828,1.085,2.533,-1.5087,-1.2198,-2.5458,31.5511,1.3561,90.3816
1740983269.322,2.857,1.846,1.092,2.515,-1.5005,-1.2199,-2.5587,31.3565,1.1969,90.4779
1740983269.402,2.859,1.866,1.094,2.494,-1.4924,-1.2198,-2.5724,31.2185,1.0849,90.5602
1740983269.481,2.859,1.883,1.095,2.477,-1.4845,-1.2196,-2.586,31.0105,1.1119,90.6024
1740983269.561,2.859,1.903,1.095,2.457,-1.4772,-1.2194,-2.5992,30.8925,1.1969,90.6038
1740983269.641,2.853,1.903,1.089,2.457,-1.4703,-1.2196,-2.6125,30.7768,1.3289,90.5574
1740983269.72,2.852,1.923,1.088,2.437,-1.4633,-1.219,-2.6246,30.6232,1.28,90.508
1740983269.8,2.859,1.944,1.095,2.416,-1.4565,-1.2188,-2.6369,30.5347,1.3102,90.4195
1740983269.88,2.858,1.958,1.094,2.402,-1.4492,-1.2185,-2.6494,30.384,1.2422,90.4446
1740983269.959,2.858,1.977,1.094,2.383,-1.4414,-1.2188,-2.6626,30.3238,1.1918,90.4693
1740983270.039,2.858,1.977,1.094,2.383,-1.434,-1.2181,-2.676,30.2512,1.1665,90.454
1740983270.119,2.85,1.996,1.086,2.364,-1.4266,-1.2178,-2.6896,30.2206,1.2282,90.4556
1740983270.198,2.858,2.016,1.094,2.344,-1.4192,-1.2174,-2.7031,30.1271,1.2362,90.4189
1740983270.278,2.851,2.036,1.087,2.324,-1.4127,-1.2174,-2.7157,30.0112,1.3568,90.3274
1740983270.357,2.851,2.054,1.087,2.306,-1.4056,-1.2171,-2.7279,29.9337,1.3043,90.2806
1740983270.437,2.856,2.054,1.092,2.306,-1.3984,-1.2169,-2.7403,29.8227,1.1441,90.2603
1740983270.517,2.855,2.07,1.091,2.29,-1.3908,-1.2168,-2.7533,29.6893,1.0106,90.3334
1740983270.596,2.856,2.088,1.092,2.272,-1.3834,-1.2161,-2.7665,29.5242,1.0113,90.3423
1740983270.676,2.845,2.105,1.081,2.255,-1.3766,-1.2162,-2.7802,29.4224,1.1178,90.3895
1740983270.756,2.845,2.128,1.081,2.232,-1.3696,-1.2159,-2.7933,29.3271,1.135,90.5424
1740983270.835,2.837,2.128,1.073,2.232,-1.3623,-1.2155,-2.807,29.1954,1.2223,90.441
1740983270.915,2.829,2.148,1.065,2.212,-1.3553,-1.2151,-2.82,29.0518,1.2231,90.3284
1740983270.995,2.828,2.168,1.063,2.192,-1.348,-1.2145,-2.8333,28.9119,1.1361,90.4001
1740983271.074,2.827,2.187,1.062,2.173,-1.3404,-1.2148,-2.8469,28.8226,1.0767,90.3913
1740983271.154,2.827,2.187,1.062,2.174,-1.3327,-1.2146,-2.8612,28.7305,1.043,90.3427
1740983271.233,2.822,2.207,1.057,2.154,-1.3258,-1.2146,-2.875,28.6317,1.0973,90.3009
1740983271.313,2.824,2.228,1.059,2.133,-1.3189,-1.2143,-2.8884,28.5412,1.1186,90.2328
1740983271.393,2.827,2.248,1.062,2.113,-1.3128,-1.2149,-2.9016,28.5231,1.2793,90.0509
1740983271.472,2.821,2.266,1.056,2.095,-1.3058,-1.2138,-2.9137,28.3992,1.1378,90.0332
1740983271.552,2.821,2.266,1.056,2.095,-1.2983,-1.2136,-2.9265,28.2279,0.9293,89.9916
1740983271.632,2.822,2.285,1.056,2.076,-1.291,-1.2137,-2.9402,28.1165,0.8239,89.9791
1740983271.711,2.826,2.302,1.06,2.06,-1.2836,-1.2131,-2.9541,27.9275,0.802,89.9912
1740983271.791,2.826,2.324,1.06,2.038,-1.2766,-1.2133,-2.9684,27.8186,0.8437,89.9606
1740983271.871,2.826,2.343,1.06,2.019,-1.2701,-1.2129,-2.9823,27.7222,1.0085,89.9125
1740983271.95,2.826,2.343,1.06,2.019,-1.2635,-1.2131,-2.9956,27.6588,1.1097,89.8183
1740983272.03,2.824,2.364,1.058,1.998,-1.2576,-1.2138,-3.0071,27.5901,1.0517,89.7727
1740983272.109,2.818,2.383,1.051,1.979,-1.2524,-1.2132,-3.0175,27.4797,1.0322,89.796
1740983272.189,2.823,2.383,1.056,1.979,-1.2471,-1.2132,-3.0275,27.4595,0.9688,89.8147
1740983272.269,2.823,2.409,1.056,1.953,-1.2416,-1.2133,-3.0381,27.391,0.8668,89.8257
1740983272.348,2.823,2.409,1.056,1.954,-1.236,-1.2133,-3.0494,27.2999,0.8243,89.8207
1740983272.428,2.812,2.429,1.045,1.934,-1.2303,-1.2131,-3.0606,27.19,0.8505,89.7737
1740983272.508,2.813,2.442,1.046,1.921,-1.2258,-1.2133,-3.0706,27.1826,0.8982,89.7446
1740983272.587,2.821,2.462,1.053,1.901,-1.2218,-1.2131,-3.0785,27.1243,0.8764,89.7438
1740983272.667,2.812,2.475,1.044,1.888,-1.2189,-1.213,-3.0846,27.0854,0.8981,89.7597
1740983272.747,2.812,2.475,1.044,1.888,-1.2165,-1.2129,-3.0898,27.0216,0.96,89.7083
1740983272.826,2.811,2.481,1.043,1.882,-1.215,-1.213,-3.0931,27.0064,0.9599,89.7268
1740983272.906,2.816,2.491,1.048,1.872,-1.2142,-1.213,-3.095,26.9908,0.9744,89.721
1740983272.986,2.81,2.499,1.042,1.864,-1.2135,-1.2129,-3.0961,27.0078,0.9535,89.7319
1740983273.065,2.81,2.501,1.042,1.862,-1.2128,-1.2128,-3.0976,26.9796,0.9587,89.7426
1740983273.145,2.812,2.501,1.044,1.863,-1.2114,-1.2128,-3.1005,26.9605,0.9347,89.7431
1740983273.224,2.817,2.502,1.049,1.861,-1.2094,-1.2128,-3.1042,26.9717,0.9183,89.746
1740983273.304,2.811,2.5,1.043,1.864,-1.2068,-1.2129,-3.1091,26.8973,0.8771,89.7735
1740983273.384,2.817,2.5,1.049,1.864,-1.2039,-1.2128,-3.1147,26.8398,0.8026,89.7679
1740983273.463,2.817,2.517,1.049,1.847,-1.201,-1.2127,-3.1199,26.7893,0.7391,89.8083
1740983273.543,2.81,2.517,1.041,1.847,-1.1987,-1.2128,-3.1249,26.7224,0.6768,89.8517
1740983273.623,2.811,2.522,1.042,1.842,-1.1964,-1.2129,-3.1295,26.6884,0.6761,89.8945
1740983273.702,2.809,2.526,1.04,1.838,-1.1943,-1.213,-3.1339,26.6783,0.6716,89.9302
1740983273.782,2.809,2.534,1.04,1.83,-1.1923,-1.2128,-3.1381,26.6473,0.6828,89.9198
1740983273.862,2.809,2.54,1.04,1.825,-1.1902,-1.2128,-3.1426,26.5768,0.7237,89.9285
1740983273.941,2.81,2.54,1.041,1.824,-1.1883,-1.2127,-3.1471,26.7276,0.7189,89.9606
1740983274.021,2.809,2.545,1.041,1.819,-1.1866,-1.2126,-3.1514,26.9593,0.7929,89.9277
1740983274.101,2.807,2.552,1.04,1.811,-1.1854,-1.2126,-3.155,27.2869,0.7835,89.9889
1740983274.18,2.808,2.556,1.042,1.806,-1.1841,-1.2126,-3.1586,27.6344,0.7793,90.0292
1740983274.26,2.808,2.563,1.042,1.799,-1.1825,-1.2126,-3.1624,28.0164,0.7337,90.0655
1740983274.34,2.809,2.563,1.044,1.798,-1.1808,-1.2128,-3.1669,28.2592,0.7266,90.1019
1740983274.419,2.805,2.568,1.04,1.793,-1.1784,-1.2125,-3.1714,28.2739,0.7658,90.0772
1740983274.499,2.803,2.567,1.038,1.794,-1.1762,-1.2126,-3.1759,28.2719,0.804,90.0366
1740983274.579,2.803,2.573,1.038,1.788,-1.1741,-1.2125,-3.1802,28.3112,0.8344,90.0342
1740983274.658,2.803,2.579,1.038,1.782,-1.1719,-1.2126,-3.1846,28.3112,0.8558,89.9883
1740983274.738,2.795,2.579,1.03,1.782,-1.1697,-1.2127,-3.1889,28.3135,0.8543,89.9684
1740983274.818,2.802,2.583,1.037,1.778,-1.1675,-1.2124,-3.1931,28.341,0.8582,89.961
1740983274.897,2.794,2.591,1.029,1.77,-1.1652,-1.2123,-3.1975,28.3431,0.8113,89.9869
1740983274.977,2.797,2.6,1.032,1.761,-1.1629,-1.2125,-3.2022,28.3614,0.8477,89.9535
1740983275.056,2.797,2.602,1.032,1.759,-1.1608,-1.2126,-3.2061,28.4118,0.8115,89.9498
1740983275.136,2.792,2.602,1.027,1.759,-1.159,-1.2125,-3.2097,28.57,0.7935,89.979
1740983275.216,2.793,2.608,1.028,1.753,-1.1577,-1.2125,-3.2126,28.7571,0.8069,89.992
1740983275.295,2.791,2.617,1.026,1.744,-1.1568,-1.2125,-3.2149,28.7696,0.8345,89.9973
1740983275.375,2.797,2.62,1.032,1.741,-1.1558,-1.2124,-3.217,28.7715,0.8543,90.0158
1740983275.455,2.797,2.618,1.032,1.743,-1.1545,-1.2124,-3.2195,28.7931,0.8892,90.0239
1740983275.534,2.798,2.618,1.033,1.743,-1.1526,-1.2124,-3.2231,28.8335,0.8702,90.0243
1740983275.614,2.79,2.628,1.025,1.733,-1.1502,-1.2123,-3.2277,28.8271,0.8549,90.05
1740983275.694,2.796,2.627,1.031,1.734,-1.1468,-1.2122,-3.234,28.8732,0.7899,90.0906
1740983275.773,2.796,2.634,1.032,1.726,-1.1424,-1.212,-3.2422,28.977,0.7902,90.1109
1740983275.853,2.796,2.649,1.032,1.711,-1.1375,-1.2125,-3.2525,29.0478,0.9423,89.9513
1740983275.933,2.796,2.649,1.032,1.711,-1.1323,-1.2128,-3.2629,29.1825,0.9733,89.9939
1740983276.012,2.789,2.654,1.025,1.706,-1.1271,-1.2123,-3.2729,29.2064,0.989,89.9499
1740983276.092,2.787,2.672,1.023,1.688,-1.122,-1.2117,-3.2824,29.3113,1.0202,89.8463
1740983276.171,2.789,2.682,1.025,1.678,-1.1177,-1.2119,-3.2907,29.3508,1.0311,89.8442
1740983276.251,2.789,2.692,1.025,1.668,-1.1134,-1.2119,-3.2983,29.3752,0.9452,89.8711
1740983276.331,2.785,2.692,1.021,1.668,-1.109,-1.2114,-3.3055,29.3764,0.7934,89.9221
1740983276.41,2.784,2.708,1.02,1.652,-1.1047,-1.2115,-3.3127,29.3544,0.7006,89.9726
1740983276.49,2.789,2.72,1.025,1.64,-1.1008,-1.2117,-3.3198,29.3725,0.6209,90.0497
1740983276.57,2.784,2.732,1.02,1.628,-1.097,-1.2116,-3.3268,29.4047,0.6081,90.0826
1740983276.649,2.784,2.732,1.02,1.628,-1.0935,-1.2118,-3.3334,29.4191,0.637,90.0829
1740983276.729,2.787,2.736,1.023,1.624,-1.0903,-1.2115,-3.3399,29.4787,0.6896,90.0114
1740983276.809,2.784,2.747,1.02,1.613,-1.0872,-1.2114,-3.3456,29.499,0.7239,89.9696
1740983276.888,2.785,2.758,1.021,1.602,-1.0843,-1.2115,-3.3517,29.5668,0.7619,90.0251
1740983276.968,2.788,2.768,1.024,1.592,-1.081,-1.2116,-3.3582,29.5713,0.7727,90.0047
1740983277.048,2.788,2.768,1.024,1.592,-1.0777,-1.2113,-3.3644,29.621,0.8093,90.0031
1740983277.127,2.787,2.771,1.023,1.589,-1.0744,-1.2114,-3.3704,29.642,0.7937,90.0023
1740983277.207,2.787,2.779,1.023,1.581,-1.0712,-1.2114,-3.377,29.6602,0.8585,89.9285
1740983277.287,2.78,2.791,1.016,1.569,-1.0677,-1.2111,-3.3835,29.6574,0.8417,89.9127
1740983277.366,2.781,2.802,1.017,1.558,-1.0632,-1.211,-3.3915,29.6994,0.8153,89.944
1740983277.446,2.781,2.802,1.017,1.558,-1.0575,-1.2111,-3.4017,29.654,0.7719,89.9773
1740983277.525,2.779,2.807,1.015,1.553,-1.0499,-1.211,-3.4152,29.6517,0.6675,90.0439
1740983277.605,2.78,2.826,1.016,1.534,-1.0414,-1.2108,-3.4306,29.7192,0.6302,90.1819
1740983277.685,2.784,2.843,1.02,1.517,-1.0336,-1.2106,-3.4461,29.7542,0.7616,90.1438
1740983277.764,2.781,2.864,1.017,1.496,-1.0255,-1.2105,-3.4611,29.8364,0.7306,90.1676
1740983277.844,2.781,2.864,1.017,1.496,-1.0183,-1.2101,-3.4739,29.9116,0.7313,90.2264
1740983277.924,2.782,2.885,1.018,1.475,-1.0125,-1.209,-3.4852,30.0391,0.7924,90.3348
1740983278.003,2.773,2.905,1.009,1.455,-1.0117,-1.2084,-3.4876,29.9499,0.6071,92.0024
1740983278.083,2.782,2.923,1.018,1.437,-1.0064,-1.2072,-3.4942,29.9706,0.3715,92.7161
1740983278.163,2.779,2.921,1.015,1.439,-1.0002,-1.2064,-3.506,29.93,0.3661,92.9252
1740983278.242,2.779,2.921,1.015,1.439,-0.9904,-1.2063,-3.5234,29.9368,0.2323,92.6941
1740983278.322,2.782,2.932,1.018,1.428,-0.9764,-1.2095,-3.5493,29.9159,0.8845,90.5977
1740983278.401,2.772,2.954,1.008,1.406,-0.967,-1.2103,-3.5694,30.0163,0.7433,90.1048
1740983278.481,2.77,2.986,1.006,1.374,-0.9594,-1.2094,-3.5835,30.0654,0.6896,90.1791
1740983278.561,2.77,3.011,1.006,1.349,-0.9531,-1.2088,-3.5944,30.0862,0.6012,90.2256
1740983278.64,2.773,3.011,1.009,1.349,-0.9483,-1.2083,-3.6025,30.1094,0.5321,90.2606
1740983278.72,2.77,3.032,1.006,1.328,-0.944,-1.2063,-3.6101,30.2028,0.5482,89.2662
1740983278.8,2.772,3.043,1.008,1.317,-0.9401,-1.2057,-3.6178,30.1314,0.6594,88.346
1740983278.879,2.773,3.06,1.009,1.3,-0.9335,-1.2062,-3.63,30.0884,0.6749,87.9062
1740983278.959,2.773,3.072,1.009,1.288,-0.9247,-1.2064,-3.6472,30.0424,0.7995,87.7973
1740983279.039,2.767,3.072,1.003,1.288,-0.917,-1.2083,-3.6608,30.4502,0.7011,91.0178
1740983279.118,2.768,3.093,1.004,1.267,-0.9081,-1.2086,-3.6765,30.1607,0.5592,90.4369
1740983279.198,2.765,3.117,1.001,1.243,-0.903,-1.2048,-3.6864,30.2036,0.4526,91.6761
1740983279.278,2.771,3.136,1.007,1.224,-0.9006,-1.2041,-3.6894,30.0369,0.5146,92.4476
1740983279.357,2.771,3.146,1.007,1.214,-0.8977,-1.2039,-3.695,30.0367,0.5135,92.8802
1740983279.437,2.767,3.146,1.003,1.214,-0.8915,-1.2039,-3.7066,29.9706,0.6218,92.8718
1740983279.517,2.765,3.147,1.001,1.213,-0.8817,-1.2038,-3.7239,30.1281,0.5965,92.591
1740983279.596,2.769,3.168,1.005,1.192,-0.8696,-1.205,-3.7478,30.068,1.0823,90.5258
1740983279.676,2.768,3.19,1.004,1.17,-0.8601,-1.2043,-3.7654,30.0926,0.9076,90.181
1740983279.755,2.768,3.224,1.004,1.136,-0.8525,-1.2049,-3.7792,30.0107,0.8292,90.2271
1740983279.835,2.763,3.224,0.999,1.136,-0.8464,-1.2055,-3.7891,30.0157,0.7582,90.2868
1740983279.915,2.766,3.247,1.002,1.113,-0.8422,-1.2054,-3.7968,30.0254,0.7834,90.3557
1740983279.995,2.768,3.259,1.004,1.101,-0.8379,-1.205,-3.806,30.1587,0.9525,89.7573
1740983280.074,2.759,3.269,0.995,1.091,-0.8331,-1.2036,-3.8143,29.931,0.9817,88.6093
1740983280.154,2.759,3.283,0.995,1.077,-0.8272,-1.2024,-3.8241,29.994,0.8385,88.0268
1740983280.234,2.758,3.283,0.994,1.077,-0.8197,-1.2018,-3.8384,29.9828,0.9434,87.973
1740983280.313,2.761,3.297,0.997,1.063,-0.8102,-1.2021,-3.855,30.079,0.863,88.5143
1740983280.393,2.764,3.317,1.0,1.043,-0.8029,-1.2035,-3.8681,30.2025,0.8202,90.4808
1740983280.472,2.759,3.34,0.995,1.02,-0.7947,-1.203,-3.8825,30.0916,0.7163,90.3637
1740983280.552,2.759,3.351,0.995,1.009,-0.7869,-1.2033,-3.8961,30.1451,0.7787,90.3428
1740983280.632,2.757,3.351,0.993,1.009,-0.7828,-1.2032,-3.9049,30.1683,0.873,90.3766
1740983280.711,2.765,3.372,1.001,0.988,-0.7786,-1.2025,-3.9127,30.2278,0.9723,90.4068
1740983280.791,2.758,3.389,0.994,0.971,-0.7734,-1.2016,-3.9219,30.2878,0.973,90.3602
1740983280.871,2.762,3.402,0.998,0.958,-0.7668,-1.2014,-3.9332,30.3384,1.005,90.3926
1740983280.95,2.762,3.418,0.998,0.942,-0.7597,-1.2027,-3.947,30.3683,0.9709,90.3927
1740983281.03,2.753,3.418,0.989,0.942,-0.7518,-1.2018,-3.9604,30.4156,0.9708,90.424
1740983281.11,2.756,3.432,0.992,0.928,-0.7445,-1.2011,-3.9732,30.476,0.895,90.4613
1740983281.189,2.752,3.452,0.988,0.908,-0.7381,-1.2011,-3.9855,30.5821,0.9939,90.4688
1740983281.269,2.759,3.466,0.995,0.894,-0.7319,-1.2011,-3.9966,30.5934,0.9954,90.5123
1740983281.348,2.759,3.486,0.995,0.874,-0.7257,-1.2009,-4.0078,30.6513,1.0237,90.5303
1740983281.428,2.754,3.486,0.99,0.874,-0.7197,-1.2006,-4.0187,30.7426,1.0456,90.5637
1740983281.508,2.749,3.503,0.985,0.857,-0.7134,-1.1999,-4.0291,30.8258,0.9635,90.6282
1740983281.587,2.754,3.521,0.99,0.839,-0.7073,-1.2,-4.0393,30.8017,0.8131,90.6126
1740983281.667,2.752,3.532,0.988,0.828,-0.7014,-1.1994,-4.0485,30.7481,0.7261,90.6815
1740983281.747,2.752,3.547,0.988,0.813,-0.6957,-1.1996,-4.0586,30.6826,0.7323,90.7134
1740983281.826,2.747,3.547,0.983,0.813,-0.6902,-1.1996,-4.0687,30.6769,0.7781,90.6878
1740983281.906,2.748,3.561,0.984,0.799,-0.685,-1.199,-4.0782,30.7528,0.9148,90.6966
1740983281.986,2.756,3.577,0.992,0.783,-0.6797,-1.1991,-4.0884,30.8224,1.0229,90.6509
1740983282.065,2.758,3.593,0.994,0.767,-0.6744,-1.1989,-4.0981,30.8828,1.1116,90.5729
1740983282.145,2.758,3.601,0.994,0.759,-0.6691,-1.1989,-4.1077,30.9307,1.1122,90.5871
1740983282.225,2.755,3.601,0.991,0.76,-0.6635,-1.1984,-4.1175,30.987,1.1264,90.4872
1740983282.304,2.749,3.617,0.985,0.744,-0.6581,-1.1964,-4.1263,31.0392,1.1426,90.5254
1740983282.384,2.75,3.629,0.986,0.732,-0.6528,-1.1973,-4.1358,31.0573,1.1274,90.5065
1740983282.463,2.748,3.642,0.984,0.719,-0.6469,-1.1974,-4.1456,31.0855,1.0567,90.5581
1740983282.543,2.748,3.642,0.984,0.719,-0.6415,-1.1973,-4.1551,31.0903,1.0143,90.5715
1740983282.623,2.753,3.656,0.988,0.705,-0.6358,-1.1963,-4.1643,31.1405,0.9678,90.6222
1740983282.702,2.748,3.675,0.983,0.686,-0.6307,-1.1959,-4.1709,31.1248,0.5773,91.0667
1740983282.782,2.753,3.684,0.989,0.677,-0.6262,-1.1961,-4.1764,31.0841,0.2571,91.455
1740983282.862,2.75,3.695,0.985,0.666,-0.6217,-1.1953,-4.184,31.1125,0.2102,91.5458
1740983282.942,2.75,3.695,0.985,0.666,-0.6166,-1.1953,-4.1981,31.2007,1.2777,90.4571
1740983283.021,2.755,3.704,0.99,0.657,-0.6088,-1.1956,-4.2112,31.2935,1.1339,90.5594
1740983283.101,2.753,3.719,0.988,0.642,-0.6053,-1.1942,-4.2177,31.224,1.0721,91.6808
1740983283.18,2.752,3.739,0.987,0.622,-0.6035,-1.1932,-4.2203,31.2529,1.0194,92.174
1740983283.26,2.75,3.751,0.985,0.61,-0.6019,-1.1927,-4.2229,31.2664,1.0272,92.6852
1740983283.34,2.75,3.751,0.985,0.61,-0.5969,-1.1922,-4.2305,31.2316,0.8551,93.0755
1740983283.419,2.753,3.752,0.988,0.609,-0.5894,-1.1923,-4.2439,31.1449,0.907,93.0529
1740983283.499,2.753,3.763,0.988,0.598,-0.5792,-1.1929,-4.2606,31.166,0.6728,92.5075
1740983283.579,2.747,3.781,0.983,0.579,-0.5676,-1.1947,-4.2816,30.9115,0.7743,90.6821
1740983283.658,2.747,3.805,0.983,0.555,-0.5594,-1.1948,-4.2967,30.66,1.0265,90.2689
1740983283.738,2.747,3.805,0.983,0.555,-0.5554,-1.1931,-4.3029,30.6473,0.9332,90.1212
1740983283.818,2.743,3.833,0.979,0.527,-0.5528,-1.193,-4.3074,30.9175,0.9056,90.1157
1740983283.897,2.75,3.849,0.985,0.512,-0.5501,-1.1931,-4.3134,31.2147,0.9969,90.4487
1740983283.977,2.744,3.849,0.979,0.512,-0.5446,-1.1932,-4.3228,31.1954,1.0514,90.5332
1740983284.057,2.751,3.863,0.986,0.498,-0.5385,-1.1926,-4.3326,31.1225,0.9863,90.5518
1740983284.136,2.751,3.863,0.986,0.498,-0.5319,-1.1912,-4.3435,31.1324,0.9877,89.2949
1740983284.216,2.745,3.877,0.981,0.484,-0.5283,-1.1902,-4.3512,31.0075,1.1177,88.4551
1740983284.295,2.747,3.898,0.983,0.463,-0.5231,-1.1894,-4.36,31.0127,1.1404,88.243
1740983284.375,2.745,3.909,0.981,0.452,-0.516,-1.1886,-4.3717,31.0109,1.0981,88.1347
1740983284.455,2.745,3.923,0.981,0.438,-0.5087,-1.1897,-4.3849,30.997,1.1806,88.5194
1740983284.534,2.746,3.923,0.981,0.438,-0.5025,-1.1906,-4.3961,31.181,1.4585,89.7956
1740983284.614,2.75,3.942,0.986,0.419,-0.4943,-1.192,-4.4088,31.0599,0.8678,90.6624
1740983284.694,2.749,3.95,0.985,0.411,-0.4899,-1.1917,-4.4165,30.9275,0.85,90.8183
1740983284.773,2.75,3.968,0.986,0.392,-0.4869,-1.1901,-4.421,30.8791,0.8178,90.9042
1740983284.853,2.75,3.981,0.986,0.379,-0.483,-1.1902,-4.4275,30.767,0.8336,90.8243
1740983284.933,2.745,3.981,0.981,0.379,-0.4786,-1.19,-4.4355,30.7212,0.8796,90.7927
1740983285.012,2.75,3.989,0.986,0.371,-0.4736,-1.1898,-4.4448,30.7188,0.9253,90.7385
1740983285.092,2.749,4.0,0.985,0.36,-0.4673,-1.1893,-4.4556,30.6743,0.9808,90.6609
1740983285.171,2.746,4.014,0.982,0.346,-0.4613,-1.189,-4.4665,30.6285,1.0293,90.5865
1740983285.251,2.746,4.03,0.982,0.33,-0.4551,-1.189,-4.4768,30.6203,0.9729,90.5805
1740983285.331,2.743,4.03,0.979,0.33,-0.4496,-1.189,-4.4866,30.6081,0.9951,90.4811
1740983285.41,2.746,4.045,0.982,0.315,-0.4469,-1.1888,-4.4909,30.5991,0.9794,90.4894
1740983285.49,2.749,4.059,0.985,0.301,-0.4471,-1.1889,-4.4908,30.5763,0.9807,90.5123
1740983285.57,2.745,4.065,0.981,0.295,-0.4477,-1.1889,-4.4901,30.5854,0.9908,90.523
1740983285.649,2.745,4.065,0.981,0.295,-0.4479,-1.1887,-4.4896,30.594,0.9975,90.5158
1740983285.729,2.742,4.065,0.978,0.295,-0.4478,-1.1888,-4.4899,30.5888,0.9937,90.509
1740983285.809,2.75,4.063,0.986,0.297,-0.4478,-1.1889,-4.49,30.5864,0.9909,90.5046
1740983285.888,2.747,4.066,0.983,0.294,-0.4478,-1.1888,-4.49,30.5821,0.9944,90.4967
1740983285.968,2.748,4.065,0.984,0.295,-0.4477,-1.1888,-4.49,30.5862,0.9993,90.4974
1740983286.047,2.748,4.065,0.984,0.295,-0.4478,-1.1889,-4.4901,30.5986,0.9979,90.4966
1740983286.127,2.749,4.065,0.985,0.295,-0.4479,-1.1889,-4.4901,30.6028,1.0015,90.4892
1740983286.207,2.743,4.064,0.979,0.296,-0.4478,-1.1889,-4.4903,30.6007,0.9958,90.4814
1740983286.286,2.742,4.064,0.978,0.296,-0.4478,-1.1889,-4.4904,30.6054,1.0025,90.4792
1740983286.366,2.745,4.064,0.981,0.296,-0.4478,-1.1889,-4.4903,30.5997,0.991,90.4856
1740983286.446,2.745,4.064,0.981,0.296,-0.4479,-1.1889,-4.4901,30.6201,0.9815,90.489
1740983286.525,2.749,4.064,0.985,0.296,-0.4478,-1.1888,-4.4903,30.6216,0.9866,90.4746
1740983286.605,2.742,4.065,0.978,0.295,-0.4478,-1.189,-4.4903,30.6143,0.9831,90.4793
1740983286.685,2.75,4.064,0.986,0.296,-0.4478,-1.1889,-4.4904,30.6175,0.9875,90.4719
1740983286.764,2.744,4.065,0.98,0.295,-0.4478,-1.189,-4.4904,30.6226,0.9837,90.4708
1740983286.844,2.744,4.064,0.98,0.296,-0.4478,-1.1891,-4.4905,30.6129,0.984,90.4666
1740983286.924,2.746,4.064,0.982,0.296,-0.448,-1.1891,-4.4902,30.6128,0.9875,90.4699
1740983287.003,2.743,4.064,0.979,0.296,-0.4478,-1.1891,-4.4907,30.6136,0.991,90.4515
1740983287.083,2.749,4.065,0.985,0.295,-0.4479,-1.189,-4.4905,30.6056,0.9962,90.4604
1740983287.163,2.745,4.062,0.981,0.298,-0.4479,-1.1891,-4.4905,30.5981,0.9943,90.466
1740983287.242,2.745,4.064,0.981,0.296,-0.4479,-1.189,-4.4906,30.6091,0.9993,90.4527
1740983287.322,2.745,4.064,0.981,0.296,-0.4479,-1.1891,-4.4906,30.5989,0.9908,90.4502
1740983287.402,2.746,4.064,0.982,0.296,-0.4478,-1.1892,-4.4906,30.5936,0.9883,90.4609
1740983287.481,2.749,4.064,0.985,0.296,-0.4479,-1.189,-4.4907,30.5958,0.9903,90.4607
1740983287.561,2.745,4.064,0.981,0.296,-0.4479,-1.1891,-4.4906,30.5921,0.9875,90.4616
1740983287.641,2.745,4.065,0.981,0.295,-0.4478,-1.1891,-4.4908,30.6042,0.9843,90.4594
1740983298.034,2.963,4.107,1.198,0.254,-0.2363,-1.1834,-4.4143,31.228,0.7122,90.5779
1740983298.134,2.958,4.108,1.193,0.253,-0.2364,-1.1835,-4.4143,31.2284,0.7193,90.5838
1740983298.213,2.962,4.108,1.197,0.253,-0.2364,-1.1834,-4.4142,31.2224,0.7195,90.5809
1740983298.293,2.963,4.108,1.198,0.253,-0.2365,-1.1834,-4.4142,31.2243,0.7143,90.5872
1740983298.373,2.962,4.108,1.197,0.253,-0.2363,-1.1835,-4.4142,31.2144,0.702,90.5918
1740983298.452,2.959,4.108,1.194,0.253,-0.2365,-1.1834,-4.4141,31.2216,0.7045,90.592
1740983298.532,2.959,4.107,1.194,0.254,-0.2363,-1.1834,-4.4142,31.2143,0.7024,90.5923
1740983298.611,2.958,4.107,1.193,0.254,-0.2363,-1.1835,-4.4144,31.2126,0.7027,90.5933
1740983298.691,2.958,4.107,1.193,0.254,-0.2365,-1.1834,-4.4142,31.2132,0.7033,90.6027
1740983298.771,2.962,4.107,1.197,0.254,-0.2364,-1.1835,-4.4142,31.2237,0.7044,90.5965
1740983298.85,2.959,4.109,1.194,0.252,-0.2364,-1.1834,-4.4143,31.2253,0.7144,90.5957
1740983298.93,2.959,4.109,1.194,0.252,-0.2363,-1.1834,-4.4143,31.2403,0.706,90.5933
1740983299.01,2.963,4.107,1.198,0.254,-0.2364,-1.1835,-4.4141,31.2368,0.7023,90.6008
1740983299.089,2.958,4.107,1.193,0.254,-0.2364,-1.1836,-4.4143,31.2397,0.7139,90.5902
1740983299.169,2.963,4.107,1.198,0.254,-0.2365,-1.1834,-4.4143,31.2365,0.7127,90.5925
1740983299.249,2.962,4.109,1.197,0.252,-0.2364,-1.1834,-4.4144,31.2323,0.7105,90.5871
1740983299.328,2.962,4.109,1.197,0.252,-0.2364,-1.1834,-4.4142,31.2302,0.7143,90.5915
1740983299.408,2.962,4.11,1.197,0.251,-0.2364,-1.1834,-4.4141,31.2279,0.7085,90.5988
1740983299.487,2.962,4.107,1.197,0.254,-0.2364,-1.1834,-4.4143,31.2305,0.7084,90.5876
1740983299.567,2.958,4.106,1.193,0.255,-0.2363,-1.1835,-4.4144,31.2311,0.701,90.5889
1740983299.647,2.957,4.106,1.192,0.255,-0.2365,-1.1835,-4.4142,31.2253,0.7041,90.5998
1740983299.727,2.957,4.106,1.192,0.255,-0.2366,-1.1835,-4.4143,31.224,0.7065,90.5974
1740983299.806,2.958,4.108,1.193,0.253,-0.2366,-1.1834,-4.4142,31.2212,0.7023,90.5982
1740983299.886,2.957,4.108,1.192,0.253,-0.2364,-1.1834,-4.4143,31.2152,0.6988,90.5932
1740983299.965,2.959,4.107,1.194,0.254,-0.2363,-1.1835,-4.4143,31.2212,0.6963,90.6019
1740983300.045,2.957,4.108,1.192,0.253,-0.2364,-1.1835,-4.4145,31.2256,0.7095,90.5955
1740983300.125,2.957,4.108,1.192,0.253,-0.2364,-1.1835,-4.4143,31.2217,0.7013,90.6061
1740983300.204,2.961,4.108,1.196,0.253,-0.2363,-1.1834,-4.4143,31.2174,0.6945,90.6012
1740983300.284,2.959,4.108,1.194,0.253,-0.2364,-1.1835,-4.4145,31.2213,0.7055,90.6015
1740983300.364,2.961,4.109,1.196,0.252,-0.2364,-1.1835,-4.4143,31.2245,0.7021,90.6028
1740983300.443,2.959,4.107,1.194,0.254,-0.2364,-1.1836,-4.4143,31.2345,0.7099,90.591
1740983300.523,2.959,4.107,1.194,0.254,-0.2365,-1.1835,-4.4138,31.18,0.6348,90.66
1740983300.602,2.957,4.107,1.192,0.254,-0.2391,-1.1838,-4.4099,31.3516,0.7937,90.47
1740983300.682,2.959,4.106,1.194,0.255,-0.2439,-1.1841,-4.4016,31.366,0.7844,90.5031
1740983300.762,2.962,4.102,1.197,0.259,-0.2505,-1.1846,-4.391,31.2853,0.8048,90.5268
1740983300.842,2.961,4.089,1.196,0.272,-0.2566,-1.1844,-4.3801,31.2032,0.7756,90.5959
1740983300.921,2.961,4.089,1.196,0.272,-0.262,-1.1843,-4.3699,31.2088,0.6521,90.6605
1740983301.001,2.963,4.075,1.198,0.286,-0.2662,-1.1848,-4.3624,31.1531,0.6207,90.6425
1740983301.08,2.958,4.059,1.193,0.302,-0.2694,-1.1849,-4.3565,31.194,0.5257,90.6685
1740983301.16,2.959,4.046,1.194,0.315,-0.2723,-1.1849,-4.3516,31.1585,0.5156,90.638
1740983301.24,2.959,4.039,1.194,0.322,-0.2753,-1.1851,-4.3462,31.1879,0.4679,90.6414
1740983301.319,2.965,4.039,1.2,0.322,-0.2793,-1.1854,-4.3397,31.2359,0.4755,90.5809
1740983301.399,2.964,4.032,1.199,0.329,-0.2838,-1.1852,-4.332,31.323,0.4893,90.5422
1740983301.479,2.959,4.024,1.194,0.337,-0.2887,-1.185,-4.3241,31.2755,0.583,90.4638
1740983301.558,2.959,4.014,1.194,0.347,-0.2937,-1.1848,-4.3163,31.2315,0.7371,90.4309
1740983301.638,2.959,3.999,1.194,0.362,-0.2986,-1.1851,-4.3087,31.187,0.8615,90.4284
1740983301.718,2.962,3.999,1.197,0.362,-0.3024,-1.186,-4.3018,31.1321,0.8411,90.4742
1740983301.797,2.959,3.987,1.194,0.374,-0.3067,-1.1865,-4.2943,31.059,0.7804,90.5213
1740983301.877,2.959,3.976,1.195,0.385,-0.311,-1.1868,-4.2868,31.0294,0.7474,90.6009
1740983301.956,2.963,3.964,1.199,0.396,-0.315,-1.1867,-4.2797,30.8787,0.7655,90.5775
1740983302.036,2.963,3.957,1.199,0.403,-0.3165,-1.1862,-4.2764,30.7085,0.6612,89.977
1740983302.116,2.965,3.957,1.201,0.403,-0.3167,-1.1857,-4.2756,30.8187,0.5739,89.7045
1740983302.195,2.96,3.947,1.196,0.413,-0.3177,-1.1851,-4.2744,30.9086,0.6149,89.11
1740983302.275,2.96,3.946,1.196,0.414,-0.3204,-1.1846,-4.2699,30.7998,0.6636,88.2728
1740983302.355,2.96,3.946,1.196,0.415,-0.3272,-1.1845,-4.2584,30.9341,0.7069,88.2284
1740983302.434,2.96,3.941,1.196,0.42,-0.3351,-1.1846,-4.2452,31.0398,0.7046,88.2975
1740983302.514,2.96,3.941,1.195,0.42,-0.3446,-1.1865,-4.2295,31.2057,0.8264,89.401
1740983302.594,2.96,3.923,1.195,0.438,-0.3543,-1.1883,-4.2139,31.4336,0.7938,90.867
1740983302.673,2.96,3.902,1.195,0.459,-0.3589,-1.1881,-4.2055,31.3272,0.7301,90.772
1740983302.753,2.961,3.875,1.196,0.486,-0.3614,-1.1884,-4.2016,31.3612,0.7248,90.7281
1740983302.833,2.961,3.866,1.196,0.495,-0.3625,-1.1889,-4.1996,31.3297,0.7495,90.6893
1740983302.912,2.959,3.866,1.194,0.495,-0.3648,-1.1887,-4.1957,31.3347,0.7003,90.7128
1740983302.992,2.963,3.859,1.198,0.502,-0.3679,-1.189,-4.19,31.3228,0.6536,90.7564
1740983303.071,2.959,3.854,1.194,0.507,-0.3726,-1.189,-4.1818,31.3134,0.5736,90.8159
1740983303.151,2.964,3.844,1.199,0.517,-0.3775,-1.189,-4.1729,31.3503,0.4852,90.8399
1740983303.231,2.964,3.833,1.199,0.528,-0.3823,-1.1892,-4.1644,31.3452,0.4374,90.7937
1740983303.31,2.958,3.833,1.193,0.529,-0.3863,-1.1888,-4.1566,31.619,0.2621,91.3993
1740983303.39,2.96,3.821,1.195,0.54,-0.3874,-1.1888,-4.1551,31.592,0.2121,91.5869
1740983303.47,2.966,3.81,1.201,0.551,-0.3876,-1.1888,-4.1552,31.5922,0.238,91.5497
1740983303.549,2.963,3.805,1.198,0.556,-0.3872,-1.1889,-4.1552,31.5729,0.2335,91.5516
1740983303.629,2.963,3.808,1.198,0.554,-0.389,-1.1884,-4.1532,31.6428,0.4163,91.8118
1740983303.709,2.96,3.808,1.194,0.555,-0.3961,-1.1872,-4.1433,32.2276,0.4439,92.8788
1740983303.788,2.96,3.806,1.19,0.562,-0.4084,-1.1879,-4.1276,33.7464,0.5938,93.0471
1740983303.868,2.959,3.795,1.188,0.574,-0.4197,-1.1891,-4.108,33.8691,0.0745,92.3724
1740983303.948,2.962,3.773,1.194,0.593,-0.4301,-1.191,-4.0929,33.1138,0.2786,90.929
1740983304.027,2.962,3.749,1.194,0.617,-0.4375,-1.1914,-4.0823,33.1153,0.5707,90.8355
1740983304.107,2.953,3.749,1.185,0.617,-0.4396,-1.1917,-4.0786,33.1128,0.4935,90.8815
1740983304.186,2.961,3.72,1.193,0.645,-0.44,-1.1918,-4.0782,33.0882,0.4929,90.8177
1740983304.266,2.955,3.713,1.187,0.652,-0.4406,-1.1919,-4.0768,33.0058,0.4855,90.7782
1740983304.346,2.954,3.713,1.186,0.652,-0.4438,-1.1921,-4.0719,33.0267,0.4741,90.7921
1740983304.426,2.954,3.713,1.186,0.652,-0.449,-1.1919,-4.0636,32.9587,0.5536,90.7331
1740983304.505,2.956,3.713,1.188,0.652,-0.4556,-1.1923,-4.0535,32.9034,0.6321,90.7613
1740983304.585,2.954,3.701,1.186,0.664,-0.4624,-1.1929,-4.0431,32.839,0.7089,90.7118
1740983304.665,2.959,3.685,1.192,0.679,-0.4683,-1.1926,-4.033,32.7598,0.6593,90.7647
1740983304.744,2.957,3.673,1.19,0.691,-0.4735,-1.1924,-4.024,32.6479,0.6429,90.8342
1740983304.824,2.957,3.673,1.19,0.691,-0.4783,-1.1929,-4.0161,32.5396,0.6203,90.8189
1740983304.903,2.951,3.657,1.184,0.706,-0.4825,-1.1936,-4.0085,32.4272,0.534,90.8303
1740983304.983,2.951,3.64,1.185,0.723,-0.4871,-1.1939,-4.0009,32.34,0.462,90.8792
1740983305.063,2.96,3.63,1.194,0.733,-0.4914,-1.1939,-3.9931,32.2954,0.3918,90.8732
1740983305.142,2.959,3.618,1.193,0.745,-0.4963,-1.1945,-3.9849,32.249,0.3845,90.8069
1740983305.222,2.959,3.618,1.193,0.745,-0.5017,-1.1946,-3.9762,32.2429,0.395,90.795
1740983305.301,2.96,3.607,1.194,0.756,-0.507,-1.1948,-3.9675,32.2013,0.4403,90.7075
1740983305.381,2.958,3.596,1.192,0.767,-0.5124,-1.1947,-3.9591,32.1565,0.5541,90.6601
1740983305.461,2.954,3.585,1.188,0.777,-0.5176,-1.1951,-3.9512,31.9962,0.6911,90.6343
1740983305.541,2.951,3.57,1.185,0.792,-0.5224,-1.1952,-3.9431,31.8777,0.7364,90.6411
1740983305.62,2.951,3.57,1.186,0.792,-0.5272,-1.1955,-3.9349,31.7177,0.7106,90.6768
1740983305.7,2.946,3.559,1.181,0.802,-0.532,-1.1954,-3.9261,31.6299,0.6802,90.7683
1740983305.779,2.957,3.552,1.192,0.809,-0.5369,-1.1961,-3.9176,31.5401,0.6717,90.7653
1740983305.859,2.96,3.535,1.195,0.826,-0.5414,-1.1964,-3.9098,31.5095,0.6025,90.7729
1740983305.939,2.955,3.524,1.19,0.837,-0.5461,-1.1965,-3.9018,31.3788,0.5882,90.8125
1740983306.018,2.955,3.524,1.19,0.837,-0.5506,-1.1963,-3.8935,31.3707,0.5341,90.8368
1740983306.098,2.956,3.511,1.191,0.85,-0.5554,-1.1964,-3.8853,31.2574,0.6212,90.777
1740983306.178,2.958,3.501,1.193,0.86,-0.5604,-1.1968,-3.8773,31.2376,0.6992,90.7367
1740983306.257,2.954,3.491,1.189,0.87,-0.5652,-1.1971,-3.8693,31.2528,0.7365,90.6779
1740983306.337,2.959,3.476,1.194,0.885,-0.5699,-1.1968,-3.8612,31.2109,0.7942,90.6169
1740983306.417,2.959,3.476,1.194,0.885,-0.5746,-1.1972,-3.8534,31.183,0.7971,90.6113
1740983306.496,2.96,3.464,1.195,0.897,-0.5793,-1.1973,-3.8451,31.1095,0.7988,90.613
1740983306.576,2.957,3.451,1.193,0.91,-0.5841,-1.198,-3.8365,30.9805,0.7948,90.653
1740983306.655,2.955,3.44,1.191,0.92,-0.5886,-1.1979,-3.8278,30.8992,0.7191,90.6796
1740983306.735,2.955,3.431,1.191,0.929,-0.5932,-1.1983,-3.8194,30.8621,0.6032,90.7079
1740983306.815,2.956,3.431,1.192,0.929,-0.5978,-1.198,-3.8111,30.7836,0.5573,90.6804
1740983306.894,2.958,3.421,1.194,0.939,-0.6021,-1.1985,-3.8032,30.7409,0.4622,90.6832
1740983306.974,2.957,3.408,1.193,0.952,-0.6064,-1.1988,-3.7956,30.9058,0.4469,90.6388
1740983307.054,2.958,3.392,1.193,0.969,-0.6115,-1.1993,-3.7878,31.2749,0.5103,90.5872
1740983307.133,2.958,3.382,1.193,0.979,-0.617,-1.1995,-3.7804,31.6547,0.6291,90.468
1740983307.213,2.957,3.382,1.192,0.979,-0.6218,-1.1991,-3.7726,31.658,0.7685,90.4419
1740983307.293,2.958,3.369,1.193,0.992,-0.6267,-1.1991,-3.765,31.626,0.8587,90.4194
1740983307.372,2.962,3.362,1.197,0.999,-0.6311,-1.1995,-3.7576,31.5971,0.8627,90.3947
1740983307.452,2.962,3.35,1.197,1.011,-0.6323,-1.1988,-3.7559,31.6221,0.999,89.3162
1740983307.532,2.962,3.342,1.197,1.019,-0.6331,-1.198,-3.7545,31.6931,0.896,88.8191
1740983307.611,2.96,3.342,1.195,1.019,-0.6346,-1.1975,-3.751,31.6254,0.8546,88.2146
1740983307.691,2.962,3.336,1.197,1.025,-0.6395,-1.1973,-3.743,31.3961,0.8676,87.9364
1740983307.77,2.962,3.334,1.197,1.027,-0.6464,-1.1984,-3.7305,31.3457,0.7956,88.0011
1740983307.85,2.961,3.33,1.196,1.031,-0.6545,-1.199,-3.7171,31.2142,0.7884,88.3487
1740983307.932,2.961,3.306,1.196,1.055,-0.6646,-1.2002,-3.6996,31.4832,0.7981,90.5382
1740983308.009,2.957,3.306,1.192,1.055,-0.6703,-1.2009,-3.6893,31.0988,0.9577,90.5333
1740983308.089,2.962,3.283,1.197,1.078,-0.6761,-1.2015,-3.6805,31.0974,1.0114,90.5358
1740983308.169,2.958,3.267,1.193,1.094,-0.6787,-1.2014,-3.6759,31.0844,1.0171,90.4858
1740983308.248,2.961,3.252,1.197,1.109,-0.6808,-1.2013,-3.6725,31.0471,1.0485,90.4481
1740983308.328,2.961,3.248,1.197,1.113,-0.6836,-1.2011,-3.6672,31.0412,1.0085,90.3998
1740983308.408,2.96,3.248,1.196,1.112,-0.6881,-1.2019,-3.6594,30.9808,0.9737,90.4594
1740983308.487,2.958,3.24,1.194,1.12,-0.6932,-1.2027,-3.6505,30.8697,0.9196,90.4545
1740983308.567,2.962,3.233,1.198,1.127,-0.6985,-1.2028,-3.6406,30.7535,0.8564,90.4857
1740983308.647,2.959,3.22,1.195,1.141,-0.7019,-1.2012,-3.6322,31.0182,0.4975,91.738
1740983308.726,2.959,3.208,1.195,1.152,-0.7038,-1.2004,-3.6298,30.9536,0.6263,91.964
1740983308.806,2.966,3.208,1.202,1.152,-0.7051,-1.2003,-3.6278,30.9158,0.5999,92.199
1740983308.885,2.961,3.199,1.197,1.161,-0.7091,-1.1997,-3.6205,30.7813,0.5711,92.8484
1740983308.965,2.96,3.197,1.196,1.163,-0.7169,-1.1986,-3.6064,30.7839,0.6056,92.8474
1740983309.045,2.96,3.183,1.195,1.178,-0.7278,-1.1996,-3.5904,31.5263,0.7278,92.5125
1740983309.124,2.96,3.16,1.192,1.204,-0.7395,-1.2031,-3.5798,33.003,1.9148,89.7842
1740983309.204,2.965,3.16,1.194,1.208,-0.7475,-1.2034,-3.5669,33.9741,0.6038,90.4086
1740983309.284,2.962,3.143,1.189,1.226,-0.75,-1.2035,-3.5646,34.4281,1.1963,89.7218
1740983309.363,2.958,3.121,1.185,1.248,-0.7506,-1.2033,-3.5649,34.4046,1.2385,89.7067
1740983309.443,2.959,3.125,1.186,1.244,-0.7504,-1.2035,-3.5648,34.3875,1.2217,89.6738
1740983309.523,2.959,3.123,1.186,1.247,-0.7522,-1.2032,-3.5636,34.5352,1.53,89.242
1740983309.602,2.954,3.123,1.18,1.247,-0.7532,-1.2024,-3.5613,34.6717,1.3138,88.4204
1740983309.682,2.953,3.118,1.181,1.251,-0.7571,-1.2014,-3.5536,34.3013,0.8975,87.7238
1740983309.762,2.959,3.121,1.188,1.246,-0.7642,-1.2006,-3.5411,33.96,0.7815,87.7756
1740983309.841,2.953,3.114,1.182,1.253,-0.7729,-1.2016,-3.5272,33.8868,0.8304,87.8465
1740983309.921,2.953,3.094,1.185,1.27,-0.7835,-1.2043,-3.5097,32.8329,0.8346,89.892
1740983310.001,2.952,3.094,1.184,1.271,-0.7919,-1.2046,-3.4968,33.1365,1.059,89.9785
1740983310.08,2.956,3.069,1.188,1.295,-0.7973,-1.2051,-3.4885,33.0921,1.0899,89.9566
1740983310.16,2.952,3.041,1.184,1.323,-0.8005,-1.2051,-3.4829,32.9403,1.0501,89.9866
1740983310.239,2.948,3.031,1.18,1.333,-0.8028,-1.2053,-3.479,32.8292,0.9885,89.9886
1740983310.319,2.948,3.031,1.181,1.333,-0.8059,-1.2053,-3.4736,32.7737,0.9564,90.0238
1740983310.399,2.945,3.021,1.178,1.342,-0.8102,-1.2053,-3.4664,32.6744,0.9223,90.0187
1740983310.478,2.948,3.014,1.181,1.349,-0.8151,-1.2055,-3.4577,32.5217,0.8393,90.0432
1740983310.558,2.949,3.0,1.182,1.363,-0.8202,-1.2053,-3.4485,32.396,0.782,90.0099
1740983310.638,2.956,2.994,1.19,1.368,-0.8257,-1.2042,-3.4407,31.9777,1.1683,90.8624
1740983310.717,2.956,2.994,1.19,1.368,-0.8278,-1.2037,-3.4371,32.2149,1.0303,91.4997
1740983310.797,2.951,2.977,1.185,1.385,-0.8309,-1.2031,-3.432,32.2479,0.9399,92.0264
1740983310.877,2.955,2.972,1.189,1.39,-0.8369,-1.2026,-3.4218,32.1993,0.9113,92.3064
1740983310.956,2.948,2.963,1.182,1.399,-0.8458,-1.2031,-3.4076,31.9581,1.191,92.1749
1740983311.036,2.949,2.948,1.184,1.413,-0.8537,-1.2048,-3.3938,31.696,1.1089,91.0909
1740983311.117,2.949,2.948,1.184,1.413,-0.8604,-1.2063,-3.3828,31.4753,1.2079,89.7337
1740983311.195,2.956,2.927,1.191,1.434,-0.865,-1.2065,-3.3732,31.1504,1.1544,89.7502
1740983311.275,2.957,2.914,1.192,1.447,-0.8685,-1.2065,-3.3675,31.1002,1.1385,89.76
1740983311.355,2.958,2.901,1.194,1.459,-0.87,-1.2069,-3.3646,31.0324,1.1516,89.7085
1740983311.434,2.953,2.892,1.189,1.468,-0.8725,-1.2067,-3.3602,31.0448,1.1082,89.7209
1740983311.514,2.953,2.892,1.189,1.468,-0.876,-1.2067,-3.3539,30.9839,1.1095,89.6734
1740983311.593,2.953,2.887,1.189,1.473,-0.8811,-1.2062,-3.345,30.7974,1.1165,89.7162
1740983311.673,2.954,2.874,1.19,1.486,-0.8868,-1.2066,-3.3352,30.7586,1.2195,89.614
1740983311.753,2.959,2.862,1.195,1.498,-0.8924,-1.207,-3.3257,30.6363,1.2644,89.552
1740983311.832,2.959,2.854,1.195,1.506,-0.8974,-1.2071,-3.3165,30.4749,1.23,89.5221
1740983311.912,2.959,2.854,1.195,1.506,-0.9023,-1.207,-3.3077,30.4298,1.2152,89.6191
1740983311.992,2.956,2.841,1.192,1.519,-0.9068,-1.2075,-3.2992,30.2639,1.2086,89.6473
1740983312.071,2.955,2.823,1.191,1.537,-0.9109,-1.208,-3.2913,30.2507,1.1287,89.6649
1740983312.151,2.958,2.819,1.194,1.541,-0.9155,-1.2077,-3.2823,30.0602,1.0472,89.7945
1740983312.231,2.962,2.8,1.198,1.56,-0.9201,-1.2076,-3.2738,30.081,0.9871,89.8165
1740983312.31,2.962,2.8,1.198,1.56,-0.9246,-1.208,-3.2654,29.976,0.9689,89.8463
1740983312.39,2.958,2.793,1.194,1.567,-0.9291,-1.2075,-3.257,29.9724,0.8963,89.8816
1740983312.47,2.964,2.784,1.2,1.576,-0.9336,-1.2075,-3.2486,29.9553,0.929,89.767
1740983312.549,2.966,2.767,1.202,1.593,-0.9387,-1.2078,-3.2398,29.8155,1.0355,89.7267
1740983312.629,2.959,2.757,1.195,1.603,-0.9436,-1.2076,-3.2315,29.5161,1.2146,89.6158
1740983312.709,2.959,2.757,1.195,1.603,-0.9484,-1.2079,-3.2229,29.5233,1.2538,89.6457
1740983312.788,2.96,2.739,1.196,1.621,-0.9531,-1.2085,-3.2139,29.4171,1.2078,89.6345
1740983312.868,2.968,2.732,1.204,1.628,-0.9577,-1.2079,-3.2045,29.3238,1.1261,89.7532
1740983312.947,2.969,2.716,1.205,1.644,-0.9623,-1.2078,-3.1956,29.1588,1.0967,89.7595
1740983313.027,2.969,2.702,1.205,1.658,-0.9673,-1.2084,-3.1866,29.1085,1.1171,89.7058
1740983313.107,2.964,2.702,1.2,1.658,-0.9719,-1.2087,-3.1774,29.1096,1.0286,89.7593
1740983313.186,2.969,2.696,1.205,1.664,-0.9769,-1.2084,-3.1682,28.9487,1.0529,89.7108
1740983313.266,2.973,2.686,1.208,1.675,-0.9825,-1.2085,-3.1586,28.7495,1.2813,89.5699
1740983313.346,2.967,2.674,1.202,1.687,-0.9884,-1.2087,-3.1475,28.7216,1.3286,89.5409
1740983313.425,2.967,2.659,1.202,1.702,-0.9937,-1.2086,-3.1375,28.6605,1.3368,89.4975
1740983313.505,2.967,2.659,1.202,1.702,-0.9989,-1.2084,-3.1274,28.5952,1.3428,89.5103
1740983313.585,2.972,2.641,1.207,1.72,-1.0039,-1.2087,-3.1177,28.5307,1.3059,89.5785
1740983313.664,2.977,2.627,1.212,1.734,-1.0086,-1.209,-3.1076,28.4008,1.2317,89.6451
1740983313.744,2.973,2.614,1.208,1.747,-1.0137,-1.2089,-3.0969,28.3127,1.1309,89.7255
1740983313.823,2.973,2.599,1.208,1.762,-1.0189,-1.209,-3.0863,28.1843,1.0702,89.7364
1740983313.903,2.973,2.599,1.207,1.762,-1.0239,-1.2093,-3.0763,28.0597,1.0277,89.7584
1740983313.983,2.981,2.585,1.215,1.777,-1.0291,-1.2091,-3.0662,28.0036,1.0872,89.6735
1740983314.062,2.979,2.573,1.213,1.789,-1.0342,-1.2092,-3.0564,27.8382,1.1473,89.6027
1740983314.142,2.979,2.562,1.212,1.8,-1.0392,-1.2093,-3.0469,27.5876,1.3006,89.5739
1740983314.222,2.979,2.551,1.212,1.812,-1.0445,-1.2093,-3.0373,27.3612,1.4971,89.4487
1740983314.301,2.986,2.551,1.219,1.812,-1.0493,-1.2093,-3.0273,27.3055,1.4385,89.4362
1740983314.381,2.989,2.538,1.221,1.825,-1.0544,-1.2093,-3.0165,27.137,1.4243,89.5062
1740983314.461,2.983,2.521,1.215,1.843,-1.0586,-1.2097,-3.0067,26.8539,1.2892,89.5669
1740983314.54,2.988,2.507,1.219,1.857,-1.0633,-1.2097,-2.9963,26.6954,1.2811,89.5863
1740983314.62,2.988,2.499,1.219,1.865,-1.0686,-1.2095,-2.9858,26.6264,1.263,89.6039
1740983314.7,2.996,2.499,1.226,1.866,-1.0731,-1.2099,-2.9758,26.4313,1.2595,89.6228
1740983314.779,2.998,2.487,1.228,1.878,-1.0778,-1.2099,-2.9658,26.3226,1.2612,89.6264
1740983314.859,2.993,2.468,1.222,1.898,-1.0828,-1.2097,-2.9555,26.1687,1.3527,89.5294
1740983314.938,2.997,2.456,1.226,1.91,-1.0875,-1.2098,-2.9456,26.0903,1.3752,89.5434
1740983315.018,2.997,2.444,1.226,1.922,-1.092,-1.2096,-2.936,25.9566,1.4074,89.5247
1740983315.098,3.005,2.444,1.233,1.922,-1.0966,-1.2097,-2.9257,25.8903,1.3478,89.519
1740983315.177,3.007,2.43,1.234,1.937,-1.1009,-1.2102,-2.9154,25.6724,1.2494,89.6276
1740983315.257,3.002,2.421,1.229,1.946,-1.1055,-1.2102,-2.9047,25.6026,1.1751,89.7196
1740983315.337,3.009,2.403,1.236,1.964,-1.1098,-1.2103,-2.8943,25.4794,1.0657,89.7849
1740983315.417,3.009,2.39,1.235,1.978,-1.1145,-1.2104,-2.8837,25.3341,1.0328,89.8305
1740983315.496,3.016,2.39,1.242,1.978,-1.1191,-1.2104,-2.8731,25.2923,1.0186,89.8502
1740983315.576,3.025,2.38,1.25,1.989,-1.1238,-1.2104,-2.863,25.1087,1.111,89.7607
1740983315.655,3.032,2.363,1.256,2.006,-1.1285,-1.2104,-2.8531,24.8753,1.2433,89.7937
1740983315.735,3.044,2.353,1.267,2.017,-1.1328,-1.2105,-2.8431,24.7412,1.2763,89.724
1740983315.815,3.044,2.353,1.267,2.017,-1.1375,-1.2107,-2.8329,24.67,1.3246,89.7509
1740983315.894,3.055,2.343,1.277,2.028,-1.1416,-1.2105,-2.8224,24.5267,1.2242,89.7806
1740983315.974,3.055,2.327,1.276,2.045,-1.146,-1.211,-2.8117,24.2775,1.2605,89.9007
1740983316.053,3.054,2.313,1.276,2.058,-1.151,-1.2112,-2.8009,24.4694,1.1714,90.0269
1740983316.133,3.063,2.3,1.288,2.068,-1.1558,-1.2111,-2.7905,25.178,1.0267,90.1194
1740983316.213,3.063,2.3,1.291,2.066,-1.1614,-1.2112,-2.7805,25.8617,1.08,90.1015
1740983316.292,3.059,2.284,1.29,2.08,-1.167,-1.2112,-2.771,26.5641,1.1617,90.0683
1740983316.372,3.054,2.266,1.287,2.097,-1.1724,-1.2116,-2.7616,27.3081,1.2113,90.0142
1740983316.452,3.05,2.248,1.284,2.113,-1.1781,-1.2115,-2.7519,28.119,1.2347,90.0068
1740983316.531,3.038,2.231,1.273,2.129,-1.1842,-1.2113,-2.7425,28.9516,1.3067,89.9498
1740983316.611,3.038,2.231,1.274,2.129,-1.1901,-1.2116,-2.7326,29.7425,1.1552,90.041
1740983316.691,3.009,2.213,1.245,2.147,-1.1964,-1.2123,-2.7228,30.5145,1.1135,90.1612
1740983316.77,3.015,2.196,1.25,2.165,-1.2025,-1.2125,-2.7124,31.2345,0.967,90.2886
1740983316.85,3.001,2.179,1.236,2.181,-1.2088,-1.2123,-2.7016,31.1929,0.9416,90.3484
1740983316.93,2.999,2.163,1.234,2.198,-1.2153,-1.2126,-2.6907,31.2983,0.9432,90.3079
1740983317.009,2.999,2.163,1.234,2.198,-1.2222,-1.2128,-2.6794,31.2716,1.1221,90.2437
1740983317.089,3.001,2.148,1.236,2.212,-1.229,-1.213,-2.6685,31.0718,1.2579,90.1261
1740983317.169,3.0,2.132,1.235,2.228,-1.2354,-1.2135,-2.6572,31.1633,1.2573,90.1547
1740983317.248,3.003,2.115,1.239,2.245,-1.2422,-1.2135,-2.6456,31.0279,1.3134,90.1896
1740983317.328,3.002,2.097,1.238,2.263,-1.2486,-1.2141,-2.6338,30.9673,1.2622,90.2221
1740983317.407,3.002,2.097,1.238,2.263,-1.2552,-1.2139,-2.6222,30.7689,1.2534,90.223
1740983317.487,3.002,2.08,1.238,2.28,-1.2618,-1.2142,-2.6102,30.8107,1.2152,90.2616
1740983317.567,3.024,2.064,1.26,2.296,-1.2684,-1.2147,-2.5991,30.7357,1.2474,90.2571
1740983317.646,3.033,2.048,1.269,2.312,-1.275,-1.2146,-2.5874,30.734,1.3154,90.2319
1740983317.726,3.031,2.032,1.267,2.328,-1.2816,-1.215,-2.576,30.6969,1.3525,90.1789
1740983317.806,3.031,2.032,1.267,2.328,-1.2882,-1.2152,-2.5646,30.7339,1.4009,90.1665
1740983317.885,3.037,2.015,1.273,2.345,-1.2946,-1.2156,-2.553,30.7689,1.3031,90.2325
1740983317.965,3.03,1.998,1.266,2.362,-1.3012,-1.2157,-2.5412,30.6993,1.2992,90.3107
1740983318.045,3.031,1.983,1.267,2.377,-1.3076,-1.216,-2.529,30.6701,1.1646,90.3659
1740983318.124,3.039,1.966,1.275,2.394,-1.314,-1.2162,-2.5173,30.6559,1.0998,90.4154
1740983318.204,3.039,1.966,1.275,2.394,-1.3206,-1.2165,-2.5059,30.6674,1.1658,90.3952
1740983318.284,3.031,1.95,1.267,2.41,-1.3274,-1.2168,-2.4943,30.6343,1.2584,90.334
1740983318.363,3.036,1.931,1.272,2.429,-1.3343,-1.2168,-2.4828,30.4888,1.3937,90.2678
1740983318.443,3.041,1.912,1.277,2.448,-1.341,-1.2173,-2.4712,30.5074,1.4416,90.1932
1740983318.523,3.041,1.896,1.277,2.464,-1.3476,-1.2174,-2.4594,30.3993,1.4246,90.2365
1740983318.602,3.042,1.896,1.278,2.464,-1.354,-1.218,-2.4474,30.2879,1.364,90.2558
1740983318.682,3.04,1.883,1.276,2.477,-1.3607,-1.2179,-2.4357,30.18,1.4013,90.2297
1740983318.762,3.037,1.864,1.273,2.496,-1.3669,-1.2183,-2.4241,30.2196,1.3511,90.2807
1740983318.841,3.043,1.848,1.279,2.512,-1.374,-1.2185,-2.4125,30.1668,1.4922,90.2008
1740983318.921,3.043,1.831,1.279,2.529,-1.3802,-1.2189,-2.4009,30.2288,1.4592,90.2171
1740983319.0,3.041,1.831,1.277,2.529,-1.3871,-1.219,-2.3893,30.1666,1.6268,90.0927
1740983319.08,3.041,1.814,1.277,2.546,-1.3936,-1.2192,-2.3775,30.2127,1.6048,90.0699
1740983319.16,3.043,1.797,1.279,2.563,-1.3999,-1.2195,-2.3657,30.1929,1.5414,90.1168
1740983319.239,3.039,1.779,1.275,2.581,-1.4063,-1.2198,-2.3534,30.1543,1.4621,90.2113
1740983319.319,3.039,1.762,1.275,2.598,-1.4124,-1.2204,-2.3417,30.1924,1.3215,90.2685
1740983319.399,3.044,1.762,1.28,2.598,-1.4192,-1.2206,-2.3295,30.1181,1.3478,90.3037
1740983319.478,3.047,1.746,1.283,2.614,-1.4256,-1.2207,-2.3175,30.1059,1.3461,90.2996
1740983319.558,3.051,1.732,1.287,2.628,-1.4326,-1.2207,-2.3065,29.9871,1.6228,90.1541
1740983319.638,3.043,1.716,1.279,2.644,-1.439,-1.2208,-2.2943,29.8512,1.6908,90.0742
1740983319.717,3.043,1.699,1.279,2.661,-1.4457,-1.2212,-2.2825,29.7758,1.821,90.0469
1740983319.797,3.052,1.699,1.288,2.661,-1.452,-1.2215,-2.2704,29.6647,1.763,90.1229
1740983319.876,3.044,1.68,1.28,2.68,-1.4583,-1.2217,-2.2584,29.3877,1.7089,90.2081
1740983319.956,3.048,1.662,1.284,2.698,-1.4646,-1.2221,-2.2465,29.3817,1.7001,90.221
1740983320.036,3.049,1.646,1.285,2.714,-1.4708,-1.2224,-2.2349,29.3192,1.7228,90.2081
1740983320.115,3.049,1.629,1.285,2.731,-1.4771,-1.2225,-2.2231,29.2304,1.7915,90.1638
1740983320.195,3.055,1.629,1.291,2.731,-1.4835,-1.2227,-2.2114,29.193,1.8645,90.0669
1740983320.275,3.05,1.611,1.286,2.749,-1.4897,-1.2228,-2.1995,29.136,1.8766,90.0333
1740983320.354,3.05,1.594,1.286,2.766,-1.4957,-1.2229,-2.1877,29.1675,1.8585,89.9963
1740983320.434,3.057,1.58,1.293,2.78,-1.5019,-1.2232,-2.1758,29.11,1.8222,89.9792
1740983320.514,3.057,1.562,1.293,2.798,-1.5078,-1.2235,-2.1635,29.0431,1.6826,90.0417
1740983320.593,3.052,1.562,1.288,2.798,-1.5139,-1.2235,-2.1514,28.9678,1.6178,90.0086
1740983320.673,3.054,1.544,1.289,2.816,-1.5197,-1.2236,-2.1398,28.9618,1.5705,89.9447
1740983320.753,3.056,1.527,1.291,2.833,-1.5259,-1.2239,-2.1286,28.855,1.794,89.7688
1740983320.832,3.063,1.509,1.298,2.851,-1.5318,-1.224,-2.1172,28.5997,1.8054,89.7485
1740983320.912,3.063,1.494,1.298,2.867,-1.538,-1.2241,-2.1054,28.4896,1.9251,89.612
1740983320.992,3.063,1.494,1.298,2.867,-1.5441,-1.2245,-2.0931,28.3832,1.8902,89.6587
1740983321.071,3.06,1.479,1.294,2.882,-1.5502,-1.2248,-2.0808,28.1751,1.893,89.5656
1740983321.151,3.061,1.462,1.295,2.899,-1.5564,-1.2248,-2.0681,28.1439,1.7131,89.7308
1740983321.23,3.062,1.445,1.298,2.915,-1.5637,-1.2251,-2.0566,29.0725,1.859,89.5678
1740983321.31,3.062,1.445,1.298,2.915,-1.5708,-1.2251,-2.0445,29.8553,1.8619,89.6212
1740983321.39,3.062,1.428,1.298,2.932,-1.5776,-1.2252,-2.0327,29.8234,1.8749,89.6311
1740983321.469,3.066,1.41,1.302,2.95,-1.5813,-1.2246,-2.0225,29.3066,1.5501,89.138
1740983321.549,3.067,1.394,1.303,2.966,-1.5843,-1.2239,-2.0175,29.3104,1.5799,88.3397
1740983321.629,3.07,1.379,1.306,2.981,-1.5885,-1.2236,-2.0095,29.2901,1.5907,87.8774
1740983321.708,3.07,1.379,1.306,2.981,-1.5951,-1.2238,-1.9965,29.3659,1.5314,87.8285
1740983321.788,3.06,1.373,1.296,2.987,-1.6034,-1.2234,-1.9812,29.4719,1.4476,87.6242
1740983321.868,3.069,1.356,1.304,3.004,-1.6126,-1.2237,-1.9651,31.0894,0.9402,88.0204
1740983321.947,3.071,1.335,1.298,3.029,-1.6243,-1.2238,-1.9534,34.4273,1.3611,87.645
1740983322.027,3.062,1.31,1.285,3.056,-1.6365,-1.2258,-1.9384,35.3342,1.7211,88.9861
1740983322.106,3.062,1.31,1.287,3.055,-1.6472,-1.2258,-1.9235,34.9292,1.8304,89.3823
1740983322.186,3.055,1.295,1.281,3.069,-1.6536,-1.227,-1.9122,34.7493,1.8352,89.4715
1740983322.266,3.055,1.269,1.275,3.098,-1.6572,-1.2258,-1.9022,35.8099,0.5437,90.787
1740983322.345,3.058,1.251,1.279,3.115,-1.6586,-1.2257,-1.8944,35.6151,-0.5421,91.2197
1740983322.425,3.066,1.239,1.29,3.126,-1.6626,-1.2256,-1.8858,35.1055,-0.878,91.1276
1740983322.505,3.066,1.239,1.298,3.123,-1.6729,-1.2252,-1.8707,32.8847,0.2073,91.7747
1740983322.584,3.067,1.228,1.302,3.132,-1.6802,-1.2237,-1.8526,28.6567,1.1266,91.5506
1740983323.062,3.161,1.165,1.386,3.199,-1.7091,-1.2254,-1.7739,25.2936,2.4113,87.218
1740983323.142,3.138,1.146,1.373,3.214,-1.7242,-1.2267,-1.7566,28.8218,3.1725,88.1776
1740983323.222,3.088,1.105,1.323,3.255,-1.7326,-1.2276,-1.7332,28.7068,1.6291,89.6718
1740983323.301,3.088,1.105,1.321,3.256,-1.7443,-1.2268,-1.7161,27.469,3.1095,89.8914
1740983323.381,3.084,1.071,1.316,3.29,-1.7528,-1.2262,-1.708,27.1733,4.3949,88.9381
1740983323.46,3.09,1.045,1.322,3.317,-1.7587,-1.2259,-1.6977,26.9207,4.581,88.6775
1740983323.54,3.081,1.031,1.312,3.331,-1.7649,-1.2263,-1.6847,26.6162,4.6035,88.6781
1740983323.62,3.086,1.016,1.316,3.346,-1.7725,-1.2263,-1.67,26.3598,4.79,88.5267
1740983323.699,3.086,1.016,1.314,3.347,-1.7792,-1.2272,-1.6513,25.8498,4.168,88.9578
1740983323.779,3.095,0.996,1.322,3.367,-1.7872,-1.2275,-1.6329,25.6475,4.1414,88.8869
1740983323.859,3.093,0.974,1.326,3.387,-1.7932,-1.2287,-1.6153,27.6051,2.6926,89.265
1740983323.938,3.097,0.952,1.332,3.408,-1.8005,-1.2289,-1.6019,31.1401,1.7908,89.2004
1740983324.018,3.09,0.925,1.324,3.435,-1.8102,-1.2298,-1.5893,31.8459,2.0108,89.1587
1740983324.098,3.09,0.925,1.325,3.435,-1.8179,-1.2295,-1.5764,31.7174,2.129,89.0504
1740983324.177,3.08,0.904,1.315,3.456,-1.8256,-1.2297,-1.5628,31.6022,2.1491,88.9295
1740983324.257,3.085,0.884,1.32,3.476,-1.8339,-1.2298,-1.5487,31.5155,2.1624,88.8859
1740983324.337,3.079,0.865,1.315,3.495,-1.8386,-1.2299,-1.5357,30.7993,1.6126,88.3367
1740983324.416,3.079,0.846,1.315,3.514,-1.8442,-1.2287,-1.5276,30.798,1.7961,87.4189
1740983324.496,3.085,0.846,1.321,3.514,-1.8511,-1.2284,-1.516,30.8788,1.8359,86.9562
1740983324.575,3.086,0.83,1.321,3.53,-1.8599,-1.2283,-1.5019,31.1096,2.0472,86.5214
1740983324.655,3.082,0.818,1.318,3.542,-1.8693,-1.2284,-1.485,30.8607,1.9993,86.3695
1740983324.735,3.089,0.799,1.325,3.561,-1.8816,-1.2302,-1.4635,30.7378,2.0072,88.0086
1740983324.814,3.089,0.773,1.325,3.587,-1.8939,-1.2285,-1.4479,30.5896,3.1409,87.0144
1740983324.894,3.085,0.773,1.32,3.587,-1.899,-1.2284,-1.4379,31.1208,2.7467,86.4645
1740983324.974,3.088,0.744,1.323,3.616,-1.9057,-1.2285,-1.4256,31.3637,2.9286,86.8233
1740983325.053,3.081,0.725,1.315,3.635,-1.9057,-1.2273,-1.4142,32.003,0.5651,87.7091
1740983325.133,3.081,0.712,1.315,3.648,-1.9104,-1.227,-1.4022,31.9709,-0.0764,87.9692
1740983325.213,3.081,0.695,1.312,3.666,-1.9257,-1.2286,-1.3808,33.1343,0.3466,90.6897
1740983325.292,3.092,0.695,1.323,3.666,-1.9419,-1.2285,-1.3594,33.146,1.4087,91.2966
1740983325.372,3.093,0.674,1.324,3.687,-1.9517,-1.2302,-1.3419,33.1336,0.5457,89.6883
1740983325.451,1.002,0.648,-0.762,3.712,-1.9684,-1.2302,-1.3321,31.7936,5.0338,87.9464
1740983325.531,3.088,0.616,1.323,3.744,-1.9785,-1.2301,-1.3197,31.7198,5.0718,87.9628
1740983325.611,3.088,0.599,1.323,3.761,-1.9829,-1.23,-1.3085,31.4613,4.4645,88.6221
1740983325.691,3.074,0.599,1.309,3.761,-1.9854,-1.2294,-1.3028,31.2344,4.0291,89.0952
1740983325.77,3.071,0.578,1.306,3.782,-1.9855,-1.2297,-1.3039,31.2407,4.1203,88.957
1740983325.85,3.073,0.574,1.308,3.786,-1.9855,-1.2301,-1.3065,31.3572,4.6655,88.2714
1740983325.93,3.074,0.574,1.309,3.786,-1.9849,-1.2297,-1.3066,31.3185,4.2432,88.7286
1740983326.009,3.074,0.574,1.309,3.786,-1.9846,-1.23,-1.3071,31.3456,4.3886,88.5461
1740983326.089,3.078,0.574,1.313,3.786,-1.9848,-1.2299,-1.3071,31.3201,4.305,88.6363
1740983326.169,3.078,0.576,1.313,3.784,-1.9847,-1.2299,-1.3075,31.3433,4.3248,88.5703
1740983326.248,3.081,0.575,1.316,3.785,-1.9848,-1.2301,-1.3075,31.3248,4.2966,88.6248
1740983326.328,3.08,0.572,1.315,3.788,-1.9848,-1.23,-1.3075,31.3247,4.2926,88.6306
1740983326.407,3.08,0.571,1.315,3.789,-1.9848,-1.2301,-1.3074,31.3361,4.2803,88.6323
1740983326.487,3.076,0.571,1.311,3.789,-1.985,-1.2301,-1.3075,31.3443,4.2716,88.6134
1740983326.567,3.074,0.576,1.309,3.784,-1.985,-1.2302,-1.3075,31.3423,4.2687,88.6185
1740983326.646,3.081,0.576,1.316,3.784,-1.985,-1.2301,-1.3075,31.3313,4.2638,88.6355
1740983326.726,3.079,0.571,1.314,3.789,-1.9851,-1.2302,-1.3076,31.3187,4.2683,88.6415
1740983326.806,3.079,0.575,1.314,3.785,-1.9851,-1.2302,-1.3076,31.3194,4.2722,88.6368
1740983326.885,3.08,0.575,1.315,3.785,-1.9852,-1.2302,-1.3076,31.3356,4.2721,88.6372
1740983326.965,3.076,0.575,1.311,3.785,-1.9852,-1.2302,-1.3077,31.3394,4.2732,88.6289
1740983327.044,3.078,0.571,1.313,3.789,-1.9853,-1.2303,-1.3077,31.3423,4.2766,88.6366
1740983327.124,3.074,0.571,1.309,3.789,-1.9853,-1.2303,-1.3077,31.3366,4.2687,88.6346
1740983327.204,3.074,0.575,1.309,3.785,-1.9853,-1.2304,-1.3078,31.3384,4.2732,88.6402
1740983327.283,3.077,0.575,1.312,3.785,-1.9854,-1.2304,-1.3077,31.343,4.2644,88.6491
1740983327.363,3.074,0.571,1.309,3.789,-1.9855,-1.2305,-1.3078,31.3462,4.2663,88.6497
1740983327.443,3.078,0.571,1.313,3.789,-1.9854,-1.2304,-1.3077,31.3446,4.2652,88.6398
1740983327.522,3.08,0.575,1.315,3.785,-1.9854,-1.2305,-1.3078,31.3571,4.2728,88.6492
1740983327.602,3.08,0.571,1.315,3.789,-1.9855,-1.2304,-1.3078,31.3721,4.2693,88.6395
1740983327.682,3.078,0.571,1.313,3.789,-1.9855,-1.2304,-1.3078,31.3651,4.2625,88.6493
1740983327.761,3.072,0.571,1.307,3.789,-1.9856,-1.2304,-1.3079,31.3771,4.2597,88.6386
1740983327.841,3.079,0.575,1.314,3.785,-1.9855,-1.2305,-1.3079,31.3641,4.2573,88.6419
1740983327.92,3.08,0.575,1.315,3.785,-1.9856,-1.2305,-1.3079,31.3529,4.2558,88.6584
1740983328.0,3.08,0.575,1.315,3.785,-1.9857,-1.2306,-1.3079,31.3566,4.2616,88.6491
1740983328.08,3.075,0.575,1.31,3.785,-1.9856,-1.2306,-1.3079,31.3365,4.2583,88.6623
1740983328.279,3.078,0.575,1.313,3.785,-1.9857,-1.2306,-1.3079,31.3603,4.2628,88.6403
1740983328.359,3.076,0.571,1.311,3.789,-1.9858,-1.2305,-1.308,31.3669,4.2567,88.6404
1740983328.438,3.081,0.575,1.316,3.785,-1.9858,-1.2307,-1.308,31.3661,4.2544,88.6355
1740983328.518,3.074,0.571,1.309,3.789,-1.9857,-1.2307,-1.308,31.3708,4.2431,88.6308
1740983328.598,3.074,0.57,1.309,3.79,-1.9858,-1.2307,-1.308,31.3725,4.2516,88.6339
1740983328.677,3.078,0.57,1.313,3.79,-1.9858,-1.2307,-1.3081,31.3737,4.2485,88.6371
1740983328.757,3.077,0.571,1.312,3.789,-1.9859,-1.2307,-1.3081,31.3761,4.2444,88.6347
1740983328.836,3.077,0.575,1.312,3.785,-1.9857,-1.2307,-1.3085,31.3868,4.229,88.6634
1740983328.916,3.08,0.576,1.315,3.784,-1.985,-1.2308,-1.3111,31.3688,4.4654,88.3974
1740983328.996,3.08,0.576,1.315,3.784,-1.9825,-1.2306,-1.3156,31.3667,4.4713,88.4143
1740983329.075,3.082,0.576,1.317,3.784,-1.9788,-1.2305,-1.3226,31.3875,4.4988,88.4001
1740983329.155,3.075,0.579,1.31,3.781,-1.9721,-1.2309,-1.3339,31.4344,4.3663,88.3183
1740983329.235,3.079,0.585,1.313,3.775,-1.9565,-1.2315,-1.3466,32.036,1.6469,89.2485
1740983329.314,3.079,0.6,1.313,3.76,-1.949,-1.2307,-1.3529,32.1757,0.924,91.1504
1740983329.394,3.079,0.6,1.313,3.76,-1.9438,-1.2302,-1.36,31.837,0.5879,91.2592
1740983329.474,3.085,0.623,1.32,3.737,-1.9378,-1.23,-1.3689,31.7373,0.3748,91.1303
1740983329.553,3.088,0.638,1.323,3.722,-1.9303,-1.2295,-1.3799,31.6038,0.2213,90.9984
1740983329.633,3.091,0.65,1.323,3.711,-1.9227,-1.2293,-1.3924,32.7419,-0.224,90.3952
1740983329.713,3.091,0.666,1.318,3.696,-1.9196,-1.2288,-1.4013,34.3616,0.0226,89.6574
1740983329.792,3.091,0.666,1.317,3.696,-1.9165,-1.2285,-1.4058,34.6226,0.2004,88.9587
1740983329.872,3.091,0.68,1.316,3.682,-1.9125,-1.2284,-1.4131,34.8301,0.8657,88.0615
1740983329.952,3.087,0.687,1.309,3.676,-1.9078,-1.2294,-1.4292,35.4875,3.3408,86.5352
1740983330.031,3.088,0.697,1.313,3.665,-1.8986,-1.23,-1.4485,34.8258,4.4035,86.528
1740983330.111,3.088,0.717,1.317,3.645,-1.8796,-1.2302,-1.4641,33.7465,1.393,88.1724
1740983330.191,3.085,0.717,1.314,3.645,-1.8706,-1.2291,-1.4795,33.9023,2.1909,86.5445
1740983330.27,3.082,0.741,1.31,3.621,-1.866,-1.2291,-1.4881,34.2348,2.099,86.5994
1740983330.35,3.093,0.769,1.32,3.593,-1.8626,-1.2295,-1.4937,34.2808,2.1724,86.5703
1740983330.429,3.093,0.78,1.32,3.582,-1.8594,-1.2295,-1.4979,34.3182,2.0901,86.6604
1740983330.509,3.093,0.791,1.32,3.571,-1.8565,-1.2294,-1.5026,34.456,2.0928,86.7043
1740983330.589,3.087,0.791,1.313,3.572,-1.8528,-1.2294,-1.5086,34.6454,2.1266,86.6162
1740983330.668,3.093,0.797,1.318,3.566,-1.848,-1.2297,-1.5158,34.8469,2.0787,86.9635
1740983330.748,3.088,0.801,1.311,3.562,-1.8419,-1.23,-1.524,35.1787,1.8094,87.552
1740983330.828,3.088,0.812,1.31,3.552,-1.8368,-1.2312,-1.5337,35.5325,2.351,88.6712
1740983330.907,3.088,0.829,1.31,3.535,-1.8276,-1.2313,-1.5471,35.4895,2.1617,89.0037
1740983330.987,3.092,0.829,1.314,3.535,-1.8188,-1.2311,-1.5597,35.4441,2.214,89.0166
1740983331.066,3.09,0.845,1.312,3.519,-1.8108,-1.2308,-1.5713,35.3677,2.1295,89.118
1740983331.146,3.092,0.862,1.315,3.502,-1.8034,-1.2308,-1.5823,35.2677,2.129,89.123
1740983331.226,3.094,0.862,1.317,3.502,-1.796,-1.2306,-1.5931,35.1735,2.1434,89.0865
1740983331.305,3.094,0.893,1.316,3.471,-1.7942,-1.2291,-1.6033,35.5182,3.7023,88.5903
1740983331.385,3.098,0.893,1.321,3.471,-1.791,-1.2279,-1.6116,35.3212,4.3276,88.3794
1740983331.465,3.097,0.908,1.319,3.456,-1.7839,-1.2282,-1.6226,35.4872,4.4146,88.3281
1740983331.545,3.095,0.92,1.317,3.444,-1.7765,-1.2281,-1.6351,35.5189,4.7419,88.1798
1740983331.624,3.091,0.939,1.313,3.425,-1.7689,-1.2275,-1.647,35.5473,4.7884,88.1769
1740983331.704,3.091,0.955,1.312,3.41,-1.7617,-1.2265,-1.6589,35.6014,5.0996,87.8977
1740983331.783,3.094,0.955,1.315,3.41,-1.7546,-1.2268,-1.6693,35.6087,5.0154,88.025
1740983331.863,3.093,0.974,1.314,3.391,-1.7458,-1.2273,-1.6788,35.6934,4.3738,88.1698
1740983331.943,3.094,0.99,1.314,3.375,-1.7311,-1.229,-1.6884,35.8483,2.2605,89.1712
1740983332.022,3.096,1.004,1.316,3.361,-1.7236,-1.229,-1.6994,35.8583,2.0328,89.1011
1740983332.102,3.096,1.023,1.315,3.343,-1.7174,-1.2283,-1.709,36.0513,2.0597,88.8999
1740983332.182,3.109,1.023,1.326,3.343,-1.7142,-1.2281,-1.7163,36.3833,2.566,88.1076
1740983332.261,3.105,1.04,1.32,3.327,-1.7131,-1.2276,-1.7186,36.6061,2.681,87.9766
1740983332.341,3.103,1.053,1.317,3.314,-1.7125,-1.2271,-1.7199,36.7768,2.7536,87.9645
1740983332.42,3.111,1.055,1.324,3.313,-1.7115,-1.227,-1.7223,36.9336,3.0668,87.8257
1740983332.5,3.111,1.057,1.326,3.31,-1.7127,-1.2264,-1.7245,36.5842,3.8963,88.0061
1740983332.58,3.103,1.057,1.319,3.31,-1.7119,-1.2253,-1.7259,36.5275,3.9604,88.4785
1740983332.659,3.101,1.062,1.318,3.304,-1.7107,-1.224,-1.7301,36.3379,4.48,89.2071
1740983332.739,3.108,1.061,1.324,3.306,-1.7036,-1.2232,-1.7401,36.4666,4.5643,89.5466
1740983332.819,3.1,1.069,1.318,3.297,-1.6909,-1.2223,-1.7561,36.2455,4.1509,89.7131
1740983332.898,3.1,1.085,1.32,3.281,-1.6707,-1.222,-1.7758,35.8107,2.2423,89.4823
1740983332.978,3.1,1.085,1.321,3.28,-1.6492,-1.2247,-1.7918,35.631,-0.3424,90.771
1740983333.058,3.111,1.111,1.33,3.255,-1.6465,-1.2267,-1.8084,35.9727,2.4227,88.7166
1740983333.137,3.126,1.146,1.344,3.221,-1.6405,-1.2265,-1.8175,36.1957,2.113,88.9985
1740983333.217,3.113,1.165,1.331,3.202,-1.6388,-1.2263,-1.8199,36.1734,2.2076,88.9362
1740983333.297,3.113,1.177,1.331,3.19,-1.6379,-1.2264,-1.821,36.1927,2.1891,88.9789
1740983333.376,3.113,1.177,1.331,3.19,-1.6361,-1.2262,-1.8235,36.1492,2.2164,89.035
1740983333.456,3.113,1.179,1.331,3.188,-1.6322,-1.2265,-1.829,36.2356,2.1896,89.0525
1740983333.535,3.113,1.183,1.334,3.183,-1.6263,-1.226,-1.8365,35.6329,2.1036,88.7003
1740983333.615,3.114,1.191,1.337,3.174,-1.623,-1.2253,-1.8407,35.166,2.0678,88.2961
1740983333.695,3.114,1.2,1.339,3.164,-1.6217,-1.2251,-1.8419,34.8662,2.013,88.2217
1740983333.774,3.112,1.2,1.332,3.166,-1.6216,-1.2246,-1.8432,35.8275,1.9162,87.9549
1740983333.854,3.118,1.206,1.337,3.16,-1.6189,-1.2248,-1.8469,35.948,1.7356,87.7775
1740983333.934,3.114,1.207,1.332,3.16,-1.6127,-1.2238,-1.8567,36.1299,1.9269,87.1477
1740983334.013,3.116,1.211,1.334,3.156,-1.603,-1.2233,-1.8701,36.0857,1.7707,87.2707
1740983334.093,3.116,1.228,1.334,3.139,-1.5934,-1.2231,-1.8839,36.176,1.7211,87.2153
1740983334.173,3.125,1.228,1.343,3.139,-1.5862,-1.2226,-1.8943,36.1859,1.7101,87.4236
1740983334.252,3.119,1.249,1.337,3.118,-1.5808,-1.223,-1.9007,36.2226,1.4725,88.0037
1740983334.332,3.12,1.269,1.337,3.099,-1.5771,-1.2231,-1.9065,36.2682,1.5535,87.9364
1740983334.411,3.121,1.28,1.338,3.088,-1.5735,-1.2231,-1.9109,36.3538,1.3799,88.4007
1740983334.491,3.121,1.286,1.338,3.082,-1.5699,-1.2239,-1.9172,36.2782,1.8116,89.0723
1740983334.571,3.124,1.286,1.34,3.082,-1.5648,-1.2246,-1.9259,36.4946,2.1847,89.2962
1740983334.65,3.13,1.296,1.347,3.072,-1.5585,-1.2239,-1.9351,36.2362,2.1994,89.2295
1740983334.73,3.129,1.307,1.347,3.06,-1.5534,-1.2244,-1.9421,36.0666,2.0754,89.3283
1740983334.81,3.129,1.319,1.349,3.048,-1.5492,-1.2242,-1.9478,35.8821,2.0665,89.3403
1740983334.889,3.129,1.33,1.35,3.037,-1.5448,-1.2239,-1.9535,35.6691,2.0119,89.3986
1740983334.969,3.123,1.33,1.347,3.035,-1.54,-1.224,-1.9598,35.0794,2.025,89.4712
1740983335.049,3.124,1.339,1.351,3.025,-1.5347,-1.2234,-1.9666,34.429,1.9533,89.5668
1740983335.128,3.129,1.346,1.356,3.018,-1.5296,-1.2238,-1.9747,34.4524,1.9893,89.5689
1740983335.208,3.121,1.357,1.347,3.007,-1.5249,-1.2236,-1.9825,34.4918,2.0095,89.5747
1740983335.288,3.121,1.37,1.347,2.994,-1.5205,-1.2237,-1.9895,34.516,2.0433,89.5807
1740983335.367,3.123,1.37,1.349,2.994,-1.5164,-1.2233,-1.9961,34.532,2.0855,89.5213
1740983335.447,3.128,1.382,1.354,2.982,-1.5127,-1.2233,-2.0025,34.5256,2.1205,89.4404
1740983335.527,3.122,1.391,1.348,2.974,-1.5084,-1.2232,-2.0086,34.6303,2.0985,89.4583
1740983335.606,3.122,1.401,1.351,2.962,-1.5034,-1.2231,-2.0151,33.9412,2.0977,89.4654
1740983335.686,3.123,1.412,1.355,2.95,-1.4982,-1.2226,-2.0212,33.0563,1.979,89.6262
1740983335.766,3.13,1.412,1.362,2.95,-1.4933,-1.2228,-2.029,32.9146,2.0251,89.5465
1740983335.845,3.131,1.419,1.363,2.943,-1.4884,-1.2228,-2.0368,33.0099,1.9271,89.6113
1740983335.925,3.125,1.429,1.357,2.933,-1.484,-1.2226,-2.0441,33.043,1.8593,89.6745
1740983336.004,3.125,1.439,1.357,2.923,-1.4798,-1.2223,-2.0508,33.0224,1.8101,89.7238
1740983336.084,3.127,1.45,1.359,2.912,-1.4759,-1.222,-2.0573,33.015,1.7682,89.7909
1740983336.164,3.131,1.45,1.363,2.912,-1.4721,-1.2221,-2.0639,33.0358,1.7799,89.8322
1740983336.243,3.126,1.458,1.358,2.904,-1.4679,-1.2217,-2.0705,33.0411,1.7964,89.8669
1740983336.323,3.132,1.468,1.363,2.894,-1.4641,-1.2216,-2.0769,33.0953,1.7532,89.8741
1740983336.403,3.132,1.477,1.363,2.885,-1.4622,-1.2218,-2.0799,33.075,1.7454,89.8953
1740983336.482,3.131,1.486,1.362,2.876,-1.4622,-1.2216,-2.0799,33.0902,1.74,89.9029
1740983336.562,3.127,1.486,1.358,2.876,-1.4622,-1.2215,-2.0798,33.0847,1.7215,89.9111
1740983336.642,3.127,1.489,1.358,2.873,-1.4622,-1.2214,-2.0798,33.0958,1.7091,89.9181
1740983336.721,3.127,1.487,1.358,2.875,-1.4623,-1.2215,-2.0798,33.0938,1.7109,89.9178
1740983336.801,3.127,1.486,1.358,2.876,-1.4622,-1.2215,-2.0799,33.0983,1.7084,89.9176
1740983336.881,3.127,1.489,1.358,2.873,-1.4622,-1.2214,-2.0798,33.0858,1.6973,89.9153
1740983336.96,3.131,1.489,1.362,2.873,-1.4622,-1.2214,-2.0799,33.0828,1.7004,89.9213
1740983337.04,3.132,1.488,1.363,2.874,-1.4622,-1.2215,-2.0798,33.0862,1.6895,89.9388
1740983337.119,3.132,1.486,1.363,2.876,-1.4621,-1.2216,-2.0798,33.0925,1.6978,89.911
1740983337.199,3.132,1.489,1.363,2.873,-1.4614,-1.2214,-2.0809,33.1349,1.6841,89.9823
1740983337.279,3.128,1.489,1.359,2.873,-1.4583,-1.2212,-2.0865,33.0813,1.7727,89.954
1740983337.358,3.127,1.488,1.358,2.874,-1.4524,-1.2211,-2.0967,33.1681,1.8749,89.8783
1740983337.438,3.13,1.492,1.361,2.87,-1.4443,-1.2211,-2.1097,33.1224,1.8271,89.8873
1740983337.518,3.126,1.507,1.358,2.855,-1.4361,-1.2208,-2.1226,33.0567,1.7484,89.9628
1740983337.597,3.126,1.527,1.358,2.835,-1.4288,-1.2195,-2.134,33.0215,1.7227,90.083
1740983337.677,3.127,1.527,1.359,2.835,-1.423,-1.22,-2.1441,33.0558,1.7428,90.1814
1740983337.757,3.133,1.546,1.364,2.816,-1.4182,-1.22,-2.1527,33.096,1.732,90.2574
1740983337.836,3.132,1.562,1.363,2.8,-1.4133,-1.2197,-2.1608,33.1591,1.8036,90.256
1740983337.916,3.131,1.573,1.362,2.789,-1.4083,-1.2198,-2.1691,33.1888,1.8247,90.2515
1740983337.995,3.131,1.586,1.362,2.777,-1.4032,-1.2194,-2.1779,33.2986,1.8695,90.2122
1740983338.075,3.131,1.586,1.362,2.777,-1.3977,-1.2192,-2.1871,33.3628,1.8891,90.2031
1740983338.155,3.131,1.599,1.362,2.764,-1.3918,-1.2194,-2.1963,33.3708,1.8293,90.2389
1740983338.234,3.127,1.611,1.357,2.752,-1.3863,-1.2182,-2.2053,33.4688,1.8382,90.2529
1740983338.314,3.132,1.625,1.362,2.738,-1.3801,-1.2186,-2.2149,33.4949,1.7357,90.3082
1740983338.394,3.132,1.64,1.362,2.723,-1.3741,-1.2189,-2.2245,33.4953,1.6674,90.3469
1740983338.473,3.131,1.64,1.361,2.723,-1.3684,-1.2184,-2.2339,33.5518,1.6661,90.3018
1740983338.553,3.127,1.654,1.357,2.709,-1.3626,-1.2185,-2.2429,33.5662,1.6098,90.3941
1740983338.633,3.132,1.67,1.362,2.693,-1.3569,-1.2181,-2.2519,33.5755,1.5551,90.3793
1740983338.832,3.133,1.699,1.363,2.664,-1.343,-1.2173,-2.2746,33.6768,1.5852,90.2687
1740983338.911,3.133,1.71,1.363,2.653,-1.3372,-1.2178,-2.2844,33.6171,1.5254,90.2445
1740983338.991,3.133,1.721,1.363,2.642,-1.3309,-1.2175,-2.2938,33.5909,1.474,90.1693
1740983339.071,3.131,1.721,1.361,2.642,-1.325,-1.2164,-2.3026,33.5751,1.3939,90.241
1740983339.15,3.132,1.737,1.362,2.626,-1.3193,-1.2162,-2.3121,33.5113,1.4061,90.2431
1740983339.23,3.133,1.75,1.363,2.613,-1.3135,-1.2157,-2.3215,33.5608,1.4223,90.2582
1740983339.31,3.13,1.762,1.36,2.602,-1.3077,-1.2153,-2.3308,33.6423,1.4373,90.3053
1740983339.389,3.13,1.779,1.36,2.585,-1.3021,-1.2159,-2.3402,33.6848,1.4424,90.2683
1740983339.469,3.134,1.779,1.363,2.585,-1.2967,-1.2155,-2.3494,33.7119,1.5473,90.2418
1740983339.549,3.133,1.79,1.362,2.574,-1.2912,-1.2149,-2.3581,33.7604,1.5613,90.1607
1740983339.628,3.13,1.803,1.359,2.561,-1.2857,-1.2149,-2.3672,33.8019,1.6203,90.1128
1740983339.708,3.13,1.816,1.359,2.548,-1.2797,-1.2159,-2.3767,33.8621,1.5452,90.1554
1740983339.787,3.13,1.83,1.359,2.534,-1.2736,-1.2154,-2.3856,33.8416,1.4728,90.2247
1740983339.867,3.134,1.83,1.363,2.534,-1.2676,-1.2144,-2.3952,33.9089,1.4175,90.2538
1740983339.947,3.131,1.844,1.36,2.52,-1.2611,-1.2139,-2.4054,33.9309,1.4106,90.2602
1740983340.026,3.136,1.857,1.365,2.507,-1.2548,-1.214,-2.4153,33.9493,1.3032,90.3626
1740983340.106,3.136,1.874,1.365,2.49,-1.2486,-1.2134,-2.4249,33.9389,1.3353,90.4323
1740983340.186,3.136,1.889,1.364,2.476,-1.2425,-1.2136,-2.4346,34.0187,1.3352,90.4072
1740983340.265,3.126,1.889,1.354,2.476,-1.2368,-1.2135,-2.4439,34.0354,1.3706,90.4527
1740983340.345,3.118,1.904,1.346,2.461,-1.2311,-1.2123,-2.4529,34.067,1.355,90.38
1740983340.425,3.109,1.917,1.337,2.448,-1.225,-1.2124,-2.4627,34.0394,1.369,90.3096
1740983340.504,3.113,1.929,1.342,2.436,-1.2185,-1.2126,-2.4728,33.9424,1.3424,90.2476
1740983340.584,3.113,1.946,1.342,2.418,-1.2126,-1.2125,-2.4824,33.8687,1.3455,90.2754
1740983340.663,3.103,1.946,1.332,2.419,-1.2063,-1.2125,-2.4924,33.9181,1.3565,90.2853
1740983340.743,3.111,1.96,1.34,2.405,-1.2002,-1.2122,-2.5023,33.966,1.4077,90.3255
1740983340.823,3.113,1.976,1.341,2.389,-1.1945,-1.2119,-2.5116,34.0078,1.404,90.3369
1740983340.903,3.11,1.988,1.338,2.377,-1.1888,-1.2112,-2.521,34.0276,1.4811,90.2846
1740983340.982,3.11,2.002,1.338,2.363,-1.1828,-1.2114,-2.5306,34.1277,1.5264,90.2859
1740983341.062,3.112,2.002,1.34,2.363,-1.1772,-1.2109,-2.5396,34.209,1.544,90.1802
1740983341.141,3.113,2.017,1.34,2.349,-1.1716,-1.2102,-2.5486,34.2687,1.5379,90.2017
1740983341.221,3.112,2.031,1.339,2.335,-1.1655,-1.2103,-2.5578,34.3446,1.4873,90.1795
1740983341.301,3.112,2.045,1.339,2.321,-1.1593,-1.2107,-2.5676,34.4126,1.4875,90.1861
1740983341.38,3.114,2.058,1.34,2.308,-1.1527,-1.2106,-2.5773,34.5088,1.318,90.2804
1740983341.46,3.114,2.058,1.34,2.308,-1.1458,-1.2102,-2.5875,34.5336,1.2699,90.3113
1740983341.54,3.115,2.074,1.341,2.293,-1.1398,-1.21,-2.5975,34.5488,1.4137,90.2746
1740983341.619,3.117,2.087,1.343,2.28,-1.1333,-1.2093,-2.6071,34.5794,1.2946,90.3391
1740983341.699,3.117,2.101,1.343,2.266,-1.1273,-1.2089,-2.6163,34.5712,1.2976,90.3055
1740983341.779,3.113,2.117,1.339,2.25,-1.1218,-1.2089,-2.6259,34.6675,1.5236,90.2116
1740983341.858,3.112,2.117,1.338,2.25,-1.1157,-1.2091,-2.635,34.617,1.4346,90.2111
1740983341.938,3.117,2.132,1.343,2.235,-1.1092,-1.2088,-2.6446,34.6064,1.287,90.1086
1740983342.017,3.119,2.145,1.345,2.222,-1.1028,-1.2083,-2.6542,34.4878,1.2577,90.094
1740983342.097,3.119,2.161,1.346,2.206,-1.0964,-1.209,-2.6644,34.4686,1.2779,90.0645
1740983342.177,3.118,2.175,1.344,2.192,-1.09,-1.2083,-2.6739,34.4795,1.2105,90.0914
1740983342.256,3.115,2.175,1.341,2.192,-1.0843,-1.2087,-2.6832,34.5015,1.2916,90.0635
1740983342.336,3.121,2.19,1.347,2.177,-1.0791,-1.208,-2.6914,34.5308,1.3317,90.0723
1740983342.416,3.115,2.206,1.341,2.161,-1.0743,-1.208,-2.699,34.5851,1.333,90.0663
1740983342.495,3.115,2.216,1.341,2.151,-1.0697,-1.208,-2.7064,34.6158,1.3591,90.0475
1740983342.575,3.122,2.216,1.348,2.151,-1.0652,-1.2079,-2.7133,34.6469,1.3964,89.9873
1740983342.655,3.12,2.229,1.345,2.139,-1.0606,-1.2077,-2.7206,34.7216,1.451,89.8765
1740983342.734,3.121,2.238,1.346,2.13,-1.0557,-1.2075,-2.7283,34.7688,1.4618,89.8663
1740983342.814,3.123,2.249,1.348,2.119,-1.0506,-1.2075,-2.736,34.7929,1.4452,89.8286
1740983342.894,3.123,2.259,1.345,2.111,-1.0452,-1.2075,-2.7448,35.3402,1.3988,89.8554
1740983342.973,3.121,2.259,1.34,2.113,-1.0396,-1.2072,-2.7537,35.9414,1.3072,89.848
1740983343.053,3.117,2.273,1.333,2.102,-1.0344,-1.207,-2.7622,36.51,1.239,89.8846
1740983343.133,3.122,2.288,1.337,2.087,-1.0289,-1.2074,-2.7704,36.5837,1.2039,89.9382
1740983343.212,3.129,2.305,1.344,2.07,-1.0233,-1.2072,-2.7784,36.6303,1.2214,89.9704
1740983343.292,3.129,2.314,1.344,2.061,-1.0175,-1.2069,-2.7863,36.6242,1.1889,89.9969
1740983343.372,3.129,2.314,1.344,2.061,-1.0122,-1.2063,-2.794,36.6093,1.2565,89.9916
1740983343.451,3.131,2.327,1.346,2.049,-1.0068,-1.2065,-2.8023,36.6456,1.4041,89.8716
1740983343.531,3.126,2.342,1.341,2.034,-1.0009,-1.2062,-2.8106,36.6137,1.3755,89.8087
1740983343.61,3.127,2.349,1.342,2.027,-0.9945,-1.2063,-2.8195,36.6305,1.3086,89.7231
1740983343.69,3.127,2.365,1.343,2.01,-0.9881,-1.207,-2.8283,36.5244,1.2782,89.6861
1740983343.77,3.128,2.365,1.344,2.01,-0.982,-1.207,-2.8371,36.4539,1.2908,89.7429
1740983343.849,3.132,2.381,1.348,1.994,-0.9758,-1.2068,-2.846,36.4322,1.2974,89.7449
1740983343.929,3.129,2.392,1.345,1.983,-0.9698,-1.2064,-2.8544,36.4461,1.2865,89.7807
1740983344.009,3.134,2.402,1.35,1.973,-0.9643,-1.2058,-2.8625,36.4374,1.3102,89.7546
1740983344.088,3.134,2.418,1.35,1.958,-0.9591,-1.2055,-2.8701,36.4986,1.4048,89.7493
1740983344.168,3.136,2.418,1.351,1.958,-0.9543,-1.2056,-2.8775,36.58,1.4953,89.6938
1740983344.248,3.137,2.426,1.352,1.95,-0.9488,-1.2055,-2.8855,36.5685,1.5113,89.6677
1740983344.327,3.133,2.438,1.353,1.934,-0.9424,-1.2057,-2.8932,35.7036,1.5623,89.6093
1740983344.407,3.132,2.454,1.361,1.912,-0.935,-1.2051,-2.901,33.9445,1.6097,89.5888
1740983344.486,3.132,2.465,1.366,1.897,-0.9279,-1.2051,-2.9085,32.2602,1.5176,89.7018
1740983344.566,3.132,2.465,1.367,1.896,-0.9221,-1.2049,-2.9171,31.6993,1.5312,89.6528
1740983344.646,3.137,2.469,1.371,1.892,-0.9166,-1.2043,-2.9265,31.808,1.519,89.6025
1740983344.725,3.133,2.485,1.367,1.876,-0.9111,-1.2048,-2.936,31.9036,1.4387,89.6545
1740983344.805,3.139,2.5,1.373,1.862,-0.9062,-1.2045,-2.9448,32.0368,1.4467,89.6692
1740983344.885,3.139,2.506,1.373,1.856,-0.901,-1.2047,-2.9536,32.1235,1.4052,89.7095
1740983344.964,3.133,2.506,1.367,1.856,-0.8961,-1.2045,-2.9622,32.205,1.3898,89.7749
1740983345.044,3.134,2.522,1.367,1.84,-0.8912,-1.2045,-2.9709,32.3092,1.4971,89.7339
1740983345.124,3.138,2.53,1.371,1.832,-0.886,-1.2049,-2.9804,32.4329,1.5593,89.5794
1740983345.203,3.138,2.542,1.371,1.82,-0.8806,-1.2037,-2.9893,32.498,1.5249,89.5227
1740983345.283,3.138,2.561,1.371,1.802,-0.8748,-1.2037,-2.9986,32.5406,1.5159,89.4217
1740983345.363,3.133,2.561,1.366,1.802,-0.8692,-1.2042,-3.0083,32.5652,1.51,89.4017
1740983345.442,3.137,2.57,1.37,1.793,-0.8634,-1.2046,-3.0179,32.6095,1.4996,89.4417
1740983345.522,3.135,2.588,1.368,1.775,-0.8577,-1.2046,-3.0271,32.69,1.4158,89.5924
1740983345.602,3.131,2.597,1.363,1.766,-0.8522,-1.2042,-3.036,32.8191,1.3982,89.6291
1740983345.681,3.131,2.611,1.363,1.752,-0.8469,-1.2047,-3.0452,32.8615,1.457,89.6488
1740983345.761,3.129,2.611,1.361,1.753,-0.8417,-1.2033,-3.054,32.9743,1.5131,89.6416
1740983345.84,3.135,2.622,1.366,1.742,-0.8362,-1.2029,-3.0633,33.0767,1.5006,89.6012
1740983345.92,3.124,2.641,1.355,1.723,-0.8306,-1.2034,-3.0726,33.2088,1.5607,89.5264
1740983346.0,3.124,2.652,1.355,1.712,-0.8251,-1.2034,-3.082,33.2719,1.607,89.47
1740983346.08,3.124,2.668,1.355,1.697,-0.8195,-1.2036,-3.0911,33.3316,1.6037,89.4606
1740983346.159,3.125,2.668,1.356,1.697,-0.8136,-1.2033,-3.1005,33.3552,1.5795,89.4842
1740983346.239,3.123,2.674,1.353,1.691,-0.8075,-1.203,-3.1099,33.5155,1.5399,89.5274
1740983346.318,3.126,2.693,1.356,1.672,-0.8017,-1.2035,-3.1195,33.5597,1.514,89.5853
1740983346.398,3.133,2.702,1.363,1.664,-0.7959,-1.203,-3.1288,33.6598,1.5263,89.644
1740983346.478,3.133,2.714,1.363,1.652,-0.7902,-1.2033,-3.1379,33.6864,1.5001,89.6576
1740983346.557,3.129,2.714,1.358,1.652,-0.7846,-1.2031,-3.1468,33.7906,1.4827,89.6756
1740983346.637,3.138,2.732,1.367,1.634,-0.7788,-1.2026,-3.1558,33.8602,1.4883,89.6399
1740983346.717,3.133,2.749,1.362,1.618,-0.7733,-1.2026,-3.1647,33.955,1.4789,89.5277
1740983346.796,3.133,2.762,1.361,1.605,-0.7681,-1.2026,-3.1728,33.9923,1.4761,89.4622
1740983346.876,3.133,2.769,1.361,1.598,-0.7637,-1.2026,-3.1802,34.0329,1.4889,89.4158
1740983346.955,3.139,2.769,1.367,1.598,-0.7593,-1.2026,-3.187,34.054,1.5027,89.4384
1740983347.035,3.139,2.783,1.367,1.584,-0.7551,-1.2027,-3.1937,34.0908,1.5048,89.4707
1740983347.115,3.135,2.792,1.363,1.575,-0.7506,-1.2023,-3.2006,34.1477,1.5202,89.5208
1740983347.195,3.135,2.809,1.362,1.559,-0.746,-1.2022,-3.2081,34.2343,1.5564,89.4906
1740983347.274,3.135,2.813,1.362,1.555,-0.7414,-1.2022,-3.2155,34.2893,1.5777,89.5428
1740983347.354,3.142,2.813,1.369,1.555,-0.7367,-1.2021,-3.2231,34.3958,1.6106,89.5394
1740983347.433,3.141,2.828,1.367,1.541,-0.7322,-1.2021,-3.2304,34.4733,1.6259,89.569
1740983347.513,3.143,2.831,1.369,1.538,-0.7275,-1.2022,-3.2377,34.5977,1.6105,89.5551
1740983347.593,3.136,2.846,1.362,1.523,-0.7228,-1.2018,-3.2449,34.6608,1.6136,89.5416
1740983347.672,3.136,2.853,1.361,1.517,-0.7182,-1.202,-3.2522,34.7728,1.6417,89.4976
1740983347.752,3.144,2.853,1.369,1.517,-0.7137,-1.2014,-3.2592,34.8649,1.6788,89.4626
1740983347.832,3.138,2.871,1.362,1.5,-0.7091,-1.2016,-3.2662,34.9211,1.6535,89.5131
1740983347.911,3.137,2.876,1.361,1.495,-0.7042,-1.2019,-3.2735,34.9689,1.6577,89.4919
1740983347.991,3.137,2.893,1.361,1.478,-0.6992,-1.2013,-3.2806,34.9994,1.5741,89.586
1740983348.071,3.14,2.899,1.364,1.472,-0.6944,-1.2014,-3.2879,35.0234,1.5644,89.6241
1740983348.15,3.148,2.899,1.372,1.472,-0.6896,-1.2007,-3.292,34.9464,0.8818,90.4576
1740983348.23,3.148,2.915,1.373,1.455,-0.6876,-1.2003,-3.2934,34.7742,0.6063,90.8024
1740983348.309,3.15,2.925,1.375,1.445,-0.6874,-1.2002,-3.2931,34.755,0.6717,90.821
1740983348.389,3.15,2.924,1.375,1.446,-0.6877,-1.2002,-3.2932,34.8001,0.6429,90.84
1740983348.469,3.15,2.924,1.374,1.447,-0.6874,-1.2002,-3.2937,34.9882,0.5536,91.0302
1740983348.548,3.151,2.926,1.375,1.445,-0.6864,-1.1996,-3.2965,35.0527,0.7675,91.7307
1740983348.628,3.15,2.92,1.373,1.452,-0.6829,-1.1985,-3.3051,35.1189,1.4429,92.1274
1740983348.708,3.146,2.928,1.368,1.445,-0.6737,-1.1979,-3.3181,35.4064,1.388,92.2135
1740983348.787,3.146,2.937,1.366,1.438,-0.6648,-1.1981,-3.3349,35.7586,2.0882,91.3262
1740983348.867,3.15,2.937,1.365,1.443,-0.6516,-1.1998,-3.3525,36.6917,1.6863,89.349
1740983348.947,3.151,2.958,1.361,1.427,-0.6444,-1.1998,-3.3628,37.4101,1.7385,89.5282
1740983349.026,3.156,2.985,1.367,1.398,-0.641,-1.2002,-3.3681,37.1922,1.6535,89.5826
1740983349.106,3.154,3.008,1.369,1.372,-0.6391,-1.2001,-3.3701,36.6093,1.6774,89.6379
1740983349.186,3.154,3.016,1.372,1.362,-0.636,-1.1998,-3.3731,36.1876,1.6404,89.63
1740983349.265,3.16,3.016,1.378,1.361,-0.6323,-1.1998,-3.3783,36.0987,1.6247,89.6746
1740983349.345,3.151,3.017,1.369,1.36,-0.6267,-1.1999,-3.3861,36.1497,1.5869,89.6637
1740983349.425,3.151,3.026,1.368,1.352,-0.6201,-1.1998,-3.3952,36.2348,1.4948,89.7124
1740983349.504,3.154,3.036,1.372,1.341,-0.6132,-1.1994,-3.4045,36.1505,1.4126,89.4697
1740983349.584,3.154,3.052,1.373,1.324,-0.6081,-1.1986,-3.4102,35.9235,1.1375,88.8995
1740983349.663,3.161,3.052,1.38,1.324,-0.6071,-1.1983,-3.4118,35.9247,1.1195,88.7876
1740983349.743,3.161,3.061,1.38,1.316,-0.6074,-1.1982,-3.4115,36.0031,1.0487,88.8759
1740983349.823,3.162,3.073,1.376,1.308,-0.6058,-1.1972,-3.4131,36.7333,0.7448,88.565
1740983349.902,3.163,3.073,1.382,1.304,-0.6011,-1.1969,-3.4204,35.9626,1.0755,87.952
1740983349.982,3.163,3.077,1.388,1.294,-0.5917,-1.1968,-3.4323,34.7452,1.3305,87.4135
1740983350.062,3.164,3.077,1.394,1.289,-0.5826,-1.1967,-3.445,33.511,1.4147,87.3445
1740983350.141,3.162,3.093,1.392,1.272,-0.5769,-1.1967,-3.4548,33.3862,1.5239,87.8671
1740983350.221,3.152,3.105,1.384,1.259,-0.5731,-1.1986,-3.4595,32.8132,1.3237,90.0701
1740983350.301,3.152,3.113,1.385,1.25,-0.5686,-1.1987,-3.4662,32.6415,1.1813,89.9377
1740983350.38,3.152,3.118,1.385,1.245,-0.5664,-1.1984,-3.4705,32.5602,1.3392,89.8898
1740983350.46,3.151,3.118,1.384,1.245,-0.5636,-1.1983,-3.4748,32.5355,1.2829,89.965
1740983350.54,3.151,3.131,1.384,1.232,-0.5599,-1.1985,-3.4809,32.4724,1.2497,89.9185
1740983350.619,3.152,3.136,1.385,1.227,-0.5563,-1.1977,-3.4836,32.364,0.6916,90.5884
1740983350.699,3.152,3.146,1.385,1.217,-0.5561,-1.198,-3.4843,32.3576,0.7308,90.5572
1740983350.778,3.152,3.142,1.385,1.221,-0.5566,-1.1979,-3.4837,32.2986,0.7525,90.5863
1740983350.858,3.162,3.142,1.395,1.221,-0.5564,-1.1975,-3.4838,32.3251,0.7645,90.6614
1740983350.938,3.155,3.147,1.388,1.216,-0.556,-1.1967,-3.4852,32.3675,0.8606,91.2991
1740983351.017,3.157,3.142,1.39,1.221,-0.5539,-1.1952,-3.4904,32.4048,1.0697,92.37
1740983351.097,3.156,3.144,1.389,1.219,-0.5468,-1.1944,-3.5032,32.3791,1.3196,92.43
1740983351.177,3.156,3.154,1.389,1.209,-0.5375,-1.1944,-3.5191,32.5236,1.3106,92.4598
1740983351.256,3.159,3.154,1.392,1.209,-0.525,-1.1965,-3.5418,32.484,2.09,89.0894
1740983351.336,3.158,3.18,1.387,1.187,-0.5149,-1.1959,-3.5551,33.8771,0.9563,90.2859
1740983351.416,3.147,3.203,1.376,1.164,-0.5115,-1.1968,-3.5603,33.8604,1.1251,90.244
1740983351.495,3.156,3.226,1.385,1.142,-0.51,-1.1974,-3.5627,33.9269,1.0573,90.3031
1740983351.575,3.156,3.237,1.385,1.13,-0.5086,-1.1972,-3.5646,33.8692,1.0568,90.3044
1740983351.655,3.155,3.237,1.384,1.13,-0.5063,-1.1969,-3.5684,33.9004,1.0362,90.3636
1740983351.734,3.157,3.244,1.385,1.124,-0.5019,-1.197,-3.5755,33.991,1.0831,90.317
1740983351.814,3.156,3.249,1.384,1.119,-0.4961,-1.1968,-3.5846,34.0964,1.1519,90.2784
1740983351.893,3.156,3.258,1.383,1.111,-0.4902,-1.1966,-3.594,34.2226,1.1676,90.2873
1740983351.973,3.156,3.266,1.385,1.101,-0.4842,-1.1957,-3.6015,33.8766,0.8802,89.8594
1740983352.053,3.165,3.266,1.391,1.104,-0.482,-1.1948,-3.6053,34.5514,0.6444,89.1819
1740983352.132,3.158,3.285,1.384,1.085,-0.4805,-1.1946,-3.6063,34.5405,0.4445,89.2913
1740983352.212,3.167,3.289,1.396,1.079,-0.4781,-1.1939,-3.6086,33.8863,0.5016,89.1774
1740983352.292,3.161,3.292,1.39,1.075,-0.4749,-1.1938,-3.6156,33.8527,0.9025,88.3403
1740983352.371,3.161,3.299,1.389,1.069,-0.4691,-1.1935,-3.6259,33.9808,1.0825,88.0718
1740983352.451,3.158,3.299,1.386,1.069,-0.4611,-1.1933,-3.6383,34.0871,1.0075,88.0116
1740983352.531,3.159,3.311,1.387,1.058,-0.4548,-1.1936,-3.6495,34.1533,1.2904,88.2955
1740983352.61,3.167,3.328,1.397,1.038,-0.4499,-1.1951,-3.6557,33.4051,1.0832,90.4335
1740983352.69,3.158,3.342,1.388,1.024,-0.4453,-1.1953,-3.663,33.4586,1.0525,90.3781
1740983352.77,3.158,3.347,1.389,1.018,-0.443,-1.1951,-3.6666,33.255,1.122,90.3468
1740983352.849,3.164,3.347,1.397,1.017,-0.4396,-1.1949,-3.6704,32.684,1.1104,90.3224
1740983352.929,3.16,3.363,1.394,0.999,-0.4367,-1.195,-3.6751,32.0787,1.2128,90.2705
1740983353.008,3.16,3.361,1.394,1.001,-0.4334,-1.1947,-3.6806,31.9608,1.2846,90.2102
1740983353.088,3.166,3.368,1.4,0.994,-0.4293,-1.1944,-3.6876,31.8881,1.3416,90.1708
1740983353.168,3.166,3.381,1.4,0.981,-0.4243,-1.1943,-3.6961,31.8674,1.376,90.1679
1740983353.248,3.163,3.381,1.397,0.981,-0.4187,-1.1948,-3.7057,31.8413,1.3023,90.218
1740983353.327,3.17,3.389,1.404,0.973,-0.4139,-1.1938,-3.7134,31.8569,1.2881,90.2414
1740983353.407,3.162,3.4,1.396,0.962,-0.4095,-1.1938,-3.7212,31.8368,1.2511,90.2559
1740983353.486,3.162,3.418,1.396,0.944,-0.4054,-1.1936,-3.728,31.8705,1.2441,90.2549
1740983353.566,3.162,3.427,1.396,0.935,-0.4014,-1.1935,-3.7344,31.8473,1.2257,90.2971
1740983353.646,3.165,3.427,1.399,0.935,-0.3976,-1.1935,-3.7406,31.8195,1.1722,90.3306
1740983353.725,3.157,3.437,1.391,0.925,-0.3938,-1.1934,-3.7472,31.8513,1.1857,90.3121
1740983353.805,3.158,3.445,1.392,0.917,-0.3899,-1.1931,-3.7537,31.8606,1.1775,90.3448
1740983353.884,3.166,3.455,1.4,0.907,-0.386,-1.1928,-3.7604,31.8804,1.2163,90.3127
1740983353.964,3.166,3.455,1.4,0.907,-0.3821,-1.1927,-3.7673,31.857,1.2335,90.3106
1740983354.044,3.166,3.462,1.4,0.9,-0.3779,-1.1926,-3.7743,31.83,1.2285,90.3716
1740983354.124,3.16,3.475,1.394,0.887,-0.3736,-1.1925,-3.7815,31.8594,1.2047,90.4165
1740983354.203,3.168,3.483,1.402,0.879,-0.3693,-1.1924,-3.7887,31.8335,1.1843,90.4789
1740983354.283,3.168,3.498,1.402,0.864,-0.3648,-1.1922,-3.7961,31.8691,1.1799,90.5172
1740983354.363,3.159,3.498,1.393,0.864,-0.3604,-1.192,-3.8033,31.8185,1.1135,90.5564
1740983354.442,3.166,3.506,1.4,0.856,-0.3562,-1.1919,-3.8101,31.7978,1.0436,90.5845
1740983354.522,3.161,3.514,1.395,0.848,-0.3526,-1.1918,-3.8161,31.7693,0.9958,90.577
1740983354.601,3.168,3.523,1.402,0.839,-0.3493,-1.1916,-3.8214,31.7875,0.9811,90.5625
1740983354.681,3.168,3.532,1.403,0.83,-0.3467,-1.1918,-3.8261,31.7493,1.0064,90.5743
1740983354.761,3.17,3.532,1.405,0.83,-0.3439,-1.1917,-3.831,31.7276,1.0506,90.5364
1740983354.84,3.169,3.542,1.404,0.82,-0.3412,-1.1914,-3.8358,31.74,1.0782,90.5069
1740983354.92,3.17,3.546,1.405,0.816,-0.3381,-1.1909,-3.841,31.734,1.0745,90.5165
1740983355.0,3.159,3.557,1.394,0.805,-0.3349,-1.1907,-3.8463,31.6906,1.0862,90.5062
1740983355.079,3.159,3.563,1.394,0.799,-0.3321,-1.1905,-3.8515,31.705,1.1306,90.4888
1740983355.159,3.166,3.563,1.401,0.799,-0.3289,-1.1905,-3.8575,31.6954,1.1972,90.4732
1740983355.239,3.161,3.569,1.396,0.793,-0.3255,-1.1906,-3.8636,31.6803,1.2674,90.453
1740983355.318,3.162,3.579,1.397,0.783,-0.322,-1.1903,-3.8696,31.6868,1.2763,90.4394
1740983355.398,3.168,3.589,1.403,0.772,-0.3183,-1.1902,-3.8755,31.647,1.2395,90.4576
1740983355.478,3.168,3.596,1.403,0.766,-0.3149,-1.1902,-3.8812,31.6773,1.2026,90.4689
1740983355.557,3.168,3.596,1.403,0.765,-0.3119,-1.19,-3.8858,31.6528,1.1686,90.4988
1740983355.637,3.161,3.602,1.396,0.76,-0.3092,-1.1897,-3.8904,31.6577,1.1843,90.489
1740983355.716,3.161,3.608,1.396,0.754,-0.3073,-1.1898,-3.8936,31.6524,1.1648,90.4762
1740983355.796,3.161,3.617,1.396,0.745,-0.3072,-1.1898,-3.8938,31.6505,1.1723,90.4926
1740983355.876,3.161,3.622,1.396,0.74,-0.3072,-1.1897,-3.8938,31.6704,1.1513,90.5086
1740983355.955,3.161,3.622,1.396,0.74,-0.3072,-1.1898,-3.8937,31.6719,1.1276,90.5233
1740983356.035,3.16,3.62,1.395,0.742,-0.3072,-1.1897,-3.8937,31.6759,1.1237,90.5332
1740983356.115,3.167,3.623,1.402,0.739,-0.3073,-1.1897,-3.8937,31.683,1.1149,90.5467
1740983356.194,3.168,3.618,1.403,0.744,-0.3072,-1.1899,-3.8937,31.6769,1.1053,90.5486
1740983356.274,3.168,3.622,1.403,0.74,-0.3073,-1.1899,-3.8938,31.6765,1.1169,90.5508
1740983356.354,3.161,3.622,1.396,0.74,-0.3072,-1.1897,-3.8936,31.6806,1.0951,90.5743
1740983356.433,3.168,3.623,1.403,0.739,-0.3073,-1.1897,-3.8935,31.6761,1.1007,90.5772
1740983356.513,3.16,3.619,1.395,0.743,-0.3072,-1.1898,-3.8937,31.6854,1.1089,90.5713
1740983356.593,3.167,3.621,1.402,0.741,-0.3073,-1.1898,-3.8937,31.6775,1.1083,90.575
1740983356.672,3.167,3.62,1.402,0.742,-0.3072,-1.1899,-3.8937,31.6741,1.1057,90.5738
1740983356.752,3.161,3.62,1.396,0.742,-0.3072,-1.1897,-3.8935,31.6813,1.1056,90.5769
1740983356.831,3.168,3.619,1.403,0.743,-0.3071,-1.1899,-3.8938,31.673,1.1122,90.563
1740983356.911,3.161,3.619,1.396,0.743,-0.3073,-1.1897,-3.8935,31.6749,1.1079,90.5663
1740983356.991,3.16,3.619,1.395,0.743,-0.3072,-1.1898,-3.8937,31.6636,1.1027,90.5632
1740983357.07,3.16,3.62,1.395,0.742,-0.3073,-1.1898,-3.8936,31.655,1.0943,90.5563
1740983357.15,3.167,3.62,1.402,0.742,-0.3073,-1.1897,-3.8934,31.6524,1.092,90.5572
1740983357.23,3.167,3.623,1.402,0.739,-0.3072,-1.1898,-3.8936,31.6524,1.0886,90.5612
1740983357.31,3.168,3.619,1.403,0.743,-0.3072,-1.1897,-3.8935,31.6507,1.0833,90.5772
1740983357.389,3.168,3.62,1.403,0.742,-0.3074,-1.1897,-3.8933,31.6595,1.1014,90.5752
1740983357.469,3.168,3.619,1.403,0.743,-0.3073,-1.1897,-3.8935,31.6644,1.0932,90.5731
1740983357.548,3.161,3.619,1.396,0.743,-0.3072,-1.1897,-3.8934,31.6742,1.0956,90.5785
1740983357.628,3.16,3.618,1.395,0.744,-0.3072,-1.1897,-3.8934,31.6913,1.1051,90.5707
1740983357.708,3.161,3.619,1.396,0.743,-0.3072,-1.1898,-3.8933,31.6848,1.1029,90.5712
1740983357.787,3.16,3.62,1.395,0.742,-0.3072,-1.1897,-3.8934,31.6807,1.1073,90.5594
1740983357.867,3.16,3.619,1.395,0.743,-0.3074,-1.1896,-3.8932,31.6887,1.1131,90.5634
1740983357.947,3.168,3.619,1.403,0.743,-0.3072,-1.1897,-3.8932,31.6918,1.1067,90.5615
1740983358.026,3.168,3.619,1.403,0.743,-0.3073,-1.1897,-3.8933,31.697,1.1114,90.5543
1740983358.106,3.161,3.622,1.396,0.74,-0.3072,-1.1897,-3.8933,31.6864,1.1013,90.5564
1740983358.185,3.161,3.621,1.396,0.741,-0.3073,-1.1896,-3.8933,31.6803,1.1094,90.5655
1740983358.265,3.161,3.619,1.396,0.743,-0.3072,-1.1897,-3.8933,31.6836,1.103,90.5725
1740983358.345,3.16,3.619,1.395,0.743,-0.3073,-1.1897,-3.8934,31.6784,1.094,90.567
1740983358.424,3.167,3.62,1.402,0.742,-0.3073,-1.1896,-3.8932,31.6806,1.0934,90.5757
1740983358.504,3.167,3.62,1.402,0.742,-0.3072,-1.1897,-3.8933,31.6659,1.0886,90.5752
1740983358.584,3.167,3.62,1.402,0.742,-0.3072,-1.1896,-3.8934,31.6742,1.0977,90.5627
1740983358.663,3.167,3.62,1.402,0.742,-0.3073,-1.1896,-3.8932,31.6777,1.0971,90.5675
1740983358.743,3.168,3.62,1.403,0.742,-0.3072,-1.1896,-3.8932,31.672,1.0961,90.562
1740983358.823,3.16,3.619,1.395,0.743,-0.3072,-1.1896,-3.8931,31.6703,1.0985,90.5551
1740983358.902,3.16,3.618,1.395,0.744,-0.3074,-1.1896,-3.8931,31.6731,1.1094,90.5539
1740983358.982,3.161,3.623,1.396,0.739,-0.3074,-1.1896,-3.8932,31.678,1.1158,90.5496
1740983359.062,3.161,3.621,1.396,0.741,-0.3074,-1.1895,-3.8932,31.6791,1.1172,90.5497
1740983359.141,3.168,3.621,1.403,0.741,-0.3072,-1.1896,-3.8931,31.6778,1.1041,90.5581
1740983359.221,3.16,3.619,1.395,0.743,-0.3072,-1.1896,-3.8933,31.67,1.108,90.5513
1740983359.3,3.167,3.62,1.402,0.742,-0.3072,-1.1897,-3.8932,31.6584,1.1091,90.5497
1740983359.38,3.167,3.618,1.402,0.744,-0.3073,-1.1896,-3.8932,31.6659,1.1151,90.5417
1740983359.46,3.167,3.618,1.402,0.744,-0.3072,-1.1896,-3.8932,31.655,1.1077,90.5408
1740983359.539,3.169,3.621,1.404,0.741,-0.3072,-1.1897,-3.8932,31.6512,1.1076,90.5421
1740983359.619,3.16,3.619,1.395,0.742,-0.3074,-1.1896,-3.8932,31.6463,1.1139,90.5351
1740983359.699,3.161,3.619,1.396,0.742,-0.3071,-1.1897,-3.8932,31.6385,1.0938,90.5475
1740983359.778,3.167,3.622,1.402,0.739,-0.3072,-1.1897,-3.8933,31.6444,1.0977,90.5315
1740983359.858,3.167,3.622,1.402,0.74,-0.3072,-1.1896,-3.8932,31.6565,1.096,90.5479
1740983359.938,3.167,3.618,1.402,0.744,-0.3072,-1.1896,-3.8932,31.658,1.1023,90.5447
1740983360.017,3.167,3.621,1.402,0.741,-0.3072,-1.1896,-3.8933,31.666,1.1047,90.5378
1740983360.097,3.168,3.62,1.403,0.742,-0.3071,-1.1897,-3.8932,31.6635,1.1051,90.5399
1740983360.176,3.168,3.62,1.403,0.742,-0.3072,-1.1896,-3.8933,31.6784,1.1209,90.5401
1740983360.256,3.16,3.62,1.395,0.742,-0.3072,-1.1897,-3.8933,31.6749,1.1212,90.5403
1740983360.336,3.168,3.62,1.403,0.742,-0.3073,-1.1896,-3.8932,31.6666,1.1188,90.547
1740983360.415,3.167,3.621,1.402,0.741,-0.3071,-1.1897,-3.8933,31.6613,1.1131,90.5451
1740983360.495,3.16,3.622,1.395,0.74,-0.3072,-1.1896,-3.8932,31.6669,1.1192,90.5498
1740983360.575,3.16,3.623,1.395,0.739,-0.3073,-1.1896,-3.8931,31.6692,1.1285,90.5445
1740983360.655,3.167,3.623,1.402,0.739,-0.3073,-1.1895,-3.8931,31.6795,1.1247,90.5384
1740983360.734,3.16,3.621,1.395,0.741,-0.3071,-1.1897,-3.8931,31.679,1.1221,90.5527
1740983360.814,3.16,3.62,1.395,0.742,-0.3072,-1.1897,-3.8932,31.6858,1.1178,90.5648
1740983360.893,3.167,3.622,1.402,0.74,-0.3073,-1.1897,-3.8931,31.6778,1.1174,90.5733
1740983360.973,3.167,3.622,1.402,0.74,-0.3072,-1.1897,-3.8932,31.6726,1.1183,90.5486
1740983361.053,3.168,3.622,1.403,0.74,-0.3072,-1.1897,-3.8932,31.6733,1.1186,90.5497
1740983361.132,3.168,3.62,1.403,0.742,-0.3073,-1.1896,-3.8931,31.6813,1.1166,90.5553
1740983361.212,3.167,3.621,1.402,0.741,-0.3073,-1.1896,-3.8932,31.6854,1.1215,90.5402
1740983361.292,3.162,3.619,1.397,0.743,-0.3072,-1.1896,-3.8931,31.6742,1.1111,90.5552
1740983361.371,3.162,3.621,1.397,0.74,-0.3069,-1.1896,-3.8939,31.6246,1.1154,90.5418
1740983361.451,3.161,3.621,1.396,0.74,-0.3049,-1.1896,-3.8968,31.6388,1.0963,90.5482
1740983361.531,3.16,3.619,1.395,0.742,-0.3022,-1.1894,-3.9015,31.6091,1.1067,90.5199
1740983361.61,3.163,3.623,1.398,0.738,-0.2988,-1.1893,-3.9073,31.6228,1.0875,90.5669
1740983361.69,3.162,3.631,1.397,0.73,-0.2949,-1.1894,-3.9135,31.639,1.0779,90.5112
1740983361.77,3.162,3.639,1.397,0.722,-0.2917,-1.1891,-3.919,31.6403,1.0464,90.5081
1740983361.849,3.169,3.639,1.404,0.723,-0.2892,-1.1892,-3.923,31.65,1.0213,90.5027
1740983361.929,3.161,3.648,1.396,0.713,-0.2876,-1.189,-3.9261,31.6259,1.0215,90.4963
1740983362.008,3.169,3.656,1.404,0.706,-0.2856,-1.1888,-3.9292,31.6755,1.0134,90.471
1740983362.088,3.167,3.658,1.402,0.703,-0.2842,-1.1889,-3.9317,31.622,1.0178,90.4809
1740983362.168,3.167,3.665,1.402,0.696,-0.2831,-1.1888,-3.9338,31.6359,1.021,90.47
1740983362.247,3.162,3.665,1.397,0.697,-0.2819,-1.1888,-3.9357,31.6505,1.0273,90.4275
1740983362.327,3.161,3.668,1.396,0.694,-0.2811,-1.1886,-3.9373,31.6597,1.0286,90.4951
1740983362.407,3.159,3.672,1.394,0.69,-0.2796,-1.1885,-3.9396,31.6726,1.0298,90.4347
1740983362.486,3.16,3.673,1.395,0.689,-0.2779,-1.1884,-3.9426,31.6513,1.0396,90.4388
1740983362.566,3.16,3.679,1.395,0.683,-0.2761,-1.1883,-3.9459,31.669,1.0792,90.4219
1740983362.646,3.16,3.679,1.395,0.683,-0.2741,-1.1883,-3.9492,31.6569,1.0884,90.4437
1740983362.725,3.168,3.684,1.403,0.678,-0.2726,-1.1883,-3.952,31.6667,1.1217,90.4381
1740983362.807,3.16,3.688,1.395,0.674,-0.2713,-1.1881,-3.9546,31.6607,1.1348,90.4334
1740983362.885,3.161,3.69,1.396,0.672,-0.2695,-1.188,-3.9572,31.6603,1.0985,90.4762
1740983362.964,3.161,3.695,1.396,0.666,-0.2675,-1.1881,-3.9606,31.6084,1.0657,90.5195
1740983363.044,3.169,3.695,1.404,0.666,-0.2647,-1.188,-3.9647,31.5699,0.9827,90.5331
1740983363.123,3.16,3.698,1.395,0.663,-0.2621,-1.1876,-3.9692,31.576,0.9855,90.5383
1740983363.203,3.168,3.703,1.403,0.658,-0.2594,-1.1878,-3.9737,31.5926,0.9735,90.5791
1740983363.283,3.16,3.71,1.395,0.651,-0.2565,-1.1876,-3.9785,31.5681,0.9273,90.5789
1740983363.362,3.16,3.719,1.395,0.642,-0.2533,-1.1876,-3.9833,31.5592,0.8501,90.6439
1740983363.442,3.167,3.719,1.402,0.642,-0.25,-1.1875,-3.9886,31.5538,0.8029,90.6473
1740983363.522,3.168,3.726,1.403,0.635,-0.2471,-1.187,-3.9935,31.5388,0.7513,90.5933
1740983363.601,3.169,3.734,1.404,0.627,-0.2442,-1.1871,-3.9982,31.5334,0.7409,90.5944
1740983363.681,3.17,3.739,1.405,0.622,-0.2444,-1.1868,-3.9996,31.5799,1.0415,90.6944
1740983363.761,3.17,3.748,1.405,0.613,-0.2444,-1.1868,-3.9997,31.567,1.056,90.7072
1740983363.84,3.166,3.748,1.401,0.613,-0.2444,-1.1869,-3.9994,31.5853,1.0505,90.7427
1740983363.92,3.16,3.744,1.395,0.617,-0.2444,-1.1865,-3.9997,31.6041,1.0458,90.9263
1740983363.999,3.166,3.748,1.401,0.613,-0.2432,-1.1853,-4.0015,31.5755,0.9741,91.913
1740983364.079,3.16,3.743,1.395,0.618,-0.2387,-1.1838,-4.0082,31.5703,0.7912,92.983
1740983364.159,3.16,3.751,1.395,0.61,-0.2294,-1.1829,-4.0236,31.4889,0.7891,93.0192
1740983364.238,3.16,3.751,1.395,0.61,-0.2163,-1.1843,-4.0459,31.5416,0.7472,91.9173
1740983364.318,3.169,3.769,1.404,0.592,-0.2029,-1.1857,-4.0701,31.4541,0.87,90.0782
1740983364.398,3.161,3.797,1.396,0.564,-0.1922,-1.1863,-4.0879,31.2527,0.832,90.2799
1740983364.477,3.16,3.831,1.395,0.53,-0.1845,-1.1854,-4.0999,31.2884,0.7056,90.3947
1740983364.557,3.16,3.855,1.395,0.506,-0.1794,-1.1856,-4.108,31.2657,0.6975,90.4049
1740983364.637,3.168,3.855,1.403,0.506,-0.1763,-1.185,-4.1136,31.2952,0.7566,90.5229
1740983364.716,3.162,3.87,1.397,0.491,-0.173,-1.1842,-4.1207,31.4989,0.86,89.8161
1740983364.796,3.169,3.88,1.404,0.481,-0.1688,-1.1831,-4.1274,31.2917,0.9115,88.9358
1740983364.876,3.168,3.891,1.403,0.47,-0.1626,-1.1819,-4.1381,31.2511,0.8154,88.2271
1740983364.955,3.168,3.891,1.403,0.47,-0.1533,-1.1814,-4.1534,31.3066,0.8081,88.3215
1740983365.035,3.169,3.903,1.404,0.458,-0.1432,-1.1824,-4.1701,31.316,0.6178,89.5095
1740983365.115,3.162,3.923,1.397,0.438,-0.1321,-1.1827,-4.1894,31.5322,0.4837,91.021
1740983365.314,3.168,3.966,1.403,0.395,-0.116,-1.182,-4.2178,31.4081,0.8043,91.1795
1740983365.513,3.157,4.001,1.392,0.36,-0.1061,-1.1816,-4.2358,31.3935,0.9722,90.9216
1740983365.712,3.159,4.022,1.394,0.339,-0.0912,-1.1809,-4.2603,31.3643,0.8188,91.0038
1740983365.911,3.167,4.052,1.402,0.309,-0.0747,-1.1805,-4.2885,31.3606,0.8222,90.9129
1740983366.11,3.165,4.081,1.4,0.28,-0.0686,-1.1799,-4.2991,31.3744,0.8963,90.8089
1740983366.19,3.165,4.095,1.4,0.266,-0.0691,-1.1801,-4.2983,31.3683,0.8847,90.8467
1740983366.269,3.165,4.094,1.4,0.267,-0.0692,-1.1802,-4.2982,31.3509,0.8717,90.8242
1740983366.349,3.165,4.094,1.4,0.267,-0.0691,-1.1801,-4.2981,31.3322,0.8716,90.8185
1740983366.429,3.156,4.094,1.391,0.267,-0.0692,-1.1801,-4.2982,31.3315,0.8795,90.8011
1740983366.508,3.164,4.093,1.399,0.268,-0.0692,-1.1801,-4.2983,31.3338,0.8751,90.7831
1740983366.588,3.166,4.094,1.401,0.267,-0.0691,-1.1801,-4.2983,31.3316,0.8703,90.778
1740983366.668,3.166,4.094,1.401,0.267,-0.0692,-1.1801,-4.2983,31.3302,0.8822,90.7619
1740983366.747,3.165,4.094,1.4,0.267,-0.0691,-1.1801,-4.2983,31.3264,0.8715,90.7497
1740983366.827,3.157,4.094,1.392,0.267,-0.0692,-1.1802,-4.2983,31.3233,0.8791,90.7444
1740983366.906,3.157,4.095,1.392,0.266,-0.0691,-1.1802,-4.2982,31.3203,0.8801,90.7283
1740983366.986,3.164,4.094,1.399,0.267,-0.0692,-1.1802,-4.2984,31.3172,0.8849,90.7181
1740983367.066,3.164,4.093,1.399,0.268,-0.0691,-1.1802,-4.2985,31.319,0.8849,90.7182
1740983367.146,3.158,4.093,1.393,0.268,-0.0691,-1.1803,-4.2984,31.3198,0.8836,90.7241
1740983367.225,3.165,4.095,1.4,0.266,-0.0692,-1.1802,-4.2983,31.3368,0.8802,90.7302
1740983367.305,3.159,4.095,1.394,0.266,-0.0692,-1.1802,-4.2982,31.3361,0.8787,90.7212
1740983367.384,3.157,4.094,1.392,0.267,-0.0692,-1.1801,-4.2983,31.3366,0.8786,90.7129
1740983367.464,3.157,4.095,1.392,0.266,-0.0691,-1.1802,-4.2983,31.3352,0.8745,90.7097
1740983367.544,3.165,4.095,1.4,0.266,-0.069,-1.1803,-4.2983,31.3296,0.8766,90.7154
1740983367.623,3.156,4.093,1.391,0.268,-0.0691,-1.1802,-4.2985,31.3264,0.8913,90.7018
1740983367.703,3.157,4.093,1.392,0.268,-0.0691,-1.1802,-4.2984,31.3173,0.8761,90.7115
1740983367.783,3.157,4.095,1.392,0.266,-0.0692,-1.1802,-4.2983,31.3218,0.8714,90.7143
1740983367.862,3.157,4.094,1.392,0.267,-0.0692,-1.1802,-4.2985,31.3223,0.8846,90.7001
1740983367.942,3.157,4.094,1.392,0.267,-0.0691,-1.1802,-4.2983,31.3225,0.8708,90.7113
1740983368.021,3.164,4.096,1.399,0.265,-0.0692,-1.1802,-4.2985,31.322,0.8703,90.7139
1740983368.101,3.165,4.094,1.4,0.267,-0.0692,-1.1801,-4.2983,31.3196,0.8623,90.715
1740983368.181,3.157,4.093,1.392,0.268,-0.0691,-1.1802,-4.2986,31.3178,0.8705,90.7062
1740983368.261,3.157,4.094,1.392,0.267,-0.069,-1.1802,-4.2986,31.3278,0.8689,90.7029
1740983368.34,3.164,4.094,1.399,0.267,-0.0692,-1.1801,-4.2982,31.324,0.8639,90.7099
1740983368.42,3.164,4.094,1.399,0.267,-0.0692,-1.1801,-4.2984,31.3232,0.8645,90.7021
1740983368.499,3.158,4.094,1.393,0.267,-0.0692,-1.1802,-4.2985,31.3263,0.8724,90.6981
1740983368.579,3.157,4.094,1.392,0.267,-0.0692,-1.1802,-4.2985,31.3263,0.8668,90.6967
1740983368.659,3.157,4.093,1.392,0.268,-0.0695,-1.1802,-4.298,31.3181,0.8615,90.7008
1740983368.738,3.166,4.093,1.401,0.268,-0.0707,-1.1802,-4.2955,31.3033,0.8324,90.6789
1740983368.818,3.165,4.092,1.4,0.269,-0.0732,-1.1805,-4.2912,31.2328,0.8231,90.7036
1740983368.898,3.158,4.089,1.393,0.272,-0.0762,-1.1804,-4.2862,31.2603,0.8139,90.7631
1740983368.977,3.164,4.084,1.399,0.277,-0.0789,-1.1805,-4.2815,31.1952,0.7901,90.7879
1740983369.057,3.164,4.076,1.399,0.285,-0.0817,-1.1807,-4.277,31.1571,0.8017,90.8012
1740983369.137,3.158,4.076,1.393,0.285,-0.0836,-1.1808,-4.2736,31.1322,0.8177,90.7781
1740983369.216,3.165,4.07,1.4,0.291,-0.0853,-1.181,-4.2705,31.1428,0.8202,90.7805
1740983369.296,3.166,4.065,1.401,0.296,-0.0871,-1.1809,-4.2677,31.1033,0.8217,90.7872
1740983369.376,3.16,4.062,1.395,0.299,-0.0889,-1.1809,-4.2644,31.1197,0.8269,90.7764
1740983369.455,3.16,4.058,1.395,0.303,-0.0914,-1.1812,-4.2602,31.0785,0.8191,90.8017
1740983369.535,3.157,4.058,1.392,0.303,-0.0943,-1.1813,-4.255,31.0855,0.8449,90.7466
1740983369.614,3.16,4.052,1.395,0.309,-0.0976,-1.1813,-4.2493,31.0297,0.8706,90.7187
1740983369.694,3.166,4.045,1.402,0.316,-0.101,-1.1815,-4.2438,30.9858,0.911,90.6895
1740983369.774,3.159,4.037,1.395,0.324,-0.104,-1.1814,-4.2384,30.9766,0.9099,90.6811
1740983369.853,3.159,4.027,1.395,0.334,-0.1071,-1.1816,-4.2334,30.9852,0.9255,90.6609
1740983369.933,3.168,4.027,1.404,0.333,-0.1101,-1.1817,-4.228,30.8949,0.9388,90.6447
1740983370.013,3.16,4.023,1.396,0.337,-0.1131,-1.1821,-4.2225,30.8776,0.8532,90.7013
1740983370.092,3.161,4.014,1.397,0.346,-0.1163,-1.1824,-4.2168,30.8618,0.7908,90.7222
1740983370.172,3.163,4.005,1.399,0.355,-0.1191,-1.1823,-4.2112,30.8464,0.7051,90.7584
1740983370.252,3.163,3.999,1.399,0.361,-0.1222,-1.182,-4.2056,30.8162,0.7067,90.7293
1740983370.331,3.163,3.999,1.399,0.361,-0.125,-1.1823,-4.2004,30.8395,0.6767,90.7352
1740983370.411,3.169,3.989,1.405,0.371,-0.1281,-1.1827,-4.1956,30.8702,0.6712,90.7055
1740983370.49,3.17,3.982,1.406,0.378,-0.1312,-1.1831,-4.1902,30.8543,0.6351,90.6949
1740983370.57,3.169,3.97,1.405,0.39,-0.1341,-1.1832,-4.1846,30.8689,0.5783,90.7199
1740983370.65,3.169,3.97,1.405,0.39,-0.1371,-1.1831,-4.1793,30.8491,0.5628,90.7144
1740983370.729,3.165,3.966,1.401,0.394,-0.14,-1.1833,-4.174,30.7632,0.5753,90.7209
1740983370.809,3.165,3.957,1.401,0.403,-0.1406,-1.183,-4.1713,30.4771,0.4759,90.5192
1740983370.889,3.164,3.949,1.4,0.411,-0.1408,-1.1829,-4.1712,30.4981,0.4343,90.5052
1740983370.968,3.167,3.946,1.403,0.414,-0.1408,-1.1831,-4.1714,30.5269,0.4579,90.4628
1740983371.048,3.167,3.946,1.403,0.414,-0.1408,-1.183,-4.1711,30.5345,0.4422,90.4617
1740983371.128,3.17,3.947,1.406,0.413,-0.1416,-1.1824,-4.1701,30.4668,0.4496,89.7321
1740983371.207,3.165,3.947,1.401,0.413,-0.1453,-1.1817,-4.1653,30.7476,0.653,88.3567
1740983371.287,3.165,3.946,1.401,0.414,-0.1525,-1.182,-4.1529,30.8438,0.738,88.1891
1740983371.367,3.165,3.943,1.401,0.418,-0.1611,-1.1822,-4.1393,30.9417,0.8092,88.1192
1740983371.446,3.17,3.943,1.406,0.418,-0.1704,-1.1836,-4.1234,30.9923,0.8997,89.3687
1740983371.526,3.164,3.925,1.399,0.436,-0.1776,-1.1842,-4.1111,31.2958,0.7621,90.8158
1740983371.606,3.169,3.901,1.404,0.46,-0.1809,-1.1849,-4.1048,31.1418,0.7331,90.6566
1740983371.685,3.169,3.877,1.404,0.484,-0.1811,-1.1848,-4.1041,31.1397,0.7254,90.6545
1740983371.765,3.169,3.869,1.404,0.492,-0.1813,-1.185,-4.1037,31.0604,0.6746,90.6692
1740983371.844,3.168,3.869,1.403,0.492,-0.1825,-1.1851,-4.102,31.0569,0.6876,90.6333
1740983371.924,3.162,3.871,1.397,0.49,-0.1849,-1.1852,-4.0978,31.1361,0.7216,90.6425
1740983372.004,3.165,3.869,1.4,0.492,-0.1888,-1.1854,-4.0917,31.1864,0.7643,90.6341
1740983372.083,3.168,3.863,1.403,0.498,-0.1928,-1.1857,-4.0851,31.2227,0.7688,90.6342
1740983372.163,3.168,3.853,1.403,0.508,-0.1968,-1.1855,-4.0785,31.2978,0.8282,90.5995
1740983372.243,3.163,3.853,1.398,0.508,-0.2003,-1.1854,-4.0727,31.3364,0.8488,90.5524
1740983372.322,3.164,3.844,1.399,0.517,-0.2036,-1.1857,-4.0671,31.3743,0.8586,90.5624
1740983372.402,3.168,3.831,1.403,0.53,-0.2067,-1.1858,-4.0623,31.4012,0.9074,90.5071
1740983372.482,3.16,3.827,1.395,0.534,-0.2095,-1.1859,-4.0575,31.4512,0.9251,90.5044
1740983372.561,3.16,3.819,1.395,0.543,-0.2114,-1.1858,-4.0536,31.633,0.7919,90.7376
1740983372.641,3.169,3.819,1.404,0.543,-0.2114,-1.1858,-4.054,31.6632,0.8926,90.5651
1740983372.72,3.168,3.812,1.403,0.55,-0.2114,-1.1858,-4.0539,31.6354,0.8531,90.58
1740983372.8,3.168,3.81,1.403,0.552,-0.2112,-1.1859,-4.0541,31.6331,0.8525,90.5878
1740983372.88,3.162,3.811,1.397,0.55,-0.2113,-1.1858,-4.0537,31.6054,0.7917,90.6606
1740983372.959,3.162,3.809,1.397,0.553,-0.2126,-1.1852,-4.0508,31.6102,0.7628,91.14
1740983373.039,3.169,3.809,1.404,0.553,-0.2185,-1.184,-4.0422,31.6383,0.8801,92.3369
1740983373.119,3.167,3.807,1.402,0.555,-0.2275,-1.1838,-4.0268,31.6177,0.759,92.9733
1740983373.198,3.168,3.798,1.402,0.564,-0.239,-1.1842,-4.0077,31.7882,0.8395,92.8953
1740983373.278,3.169,3.776,1.403,0.586,-0.2478,-1.1879,-3.9916,31.8536,0.6044,91.2555
1740983373.358,3.169,3.749,1.403,0.613,-0.2551,-1.1924,-3.9813,31.923,0.9834,90.616
1740983373.437,3.161,3.749,1.395,0.613,-0.2585,-1.1885,-3.9761,31.9626,0.9897,90.5535
1740983373.517,3.16,3.729,1.394,0.633,-0.2583,-1.1874,-3.9749,32.0214,0.9572,90.5042
1740983373.596,3.161,3.719,1.395,0.643,-0.2598,-1.1876,-3.9742,32.0468,1.0116,90.4592
1740983373.676,3.169,3.717,1.403,0.645,-0.2615,-1.1878,-3.9706,31.9776,1.0348,90.4347
1740983373.756,3.169,3.717,1.403,0.645,-0.2661,-1.1875,-3.9633,32.0029,1.0814,90.3564
1740983373.835,3.16,3.717,1.394,0.645,-0.2719,-1.1871,-3.9541,31.9825,1.1418,90.2724
1740983373.915,3.159,3.708,1.393,0.654,-0.2784,-1.1878,-3.9434,32.0452,1.0961,90.3605
1740983373.995,3.16,3.697,1.394,0.665,-0.2845,-1.1887,-3.9329,31.9483,1.0738,90.3867
1740983374.074,3.16,3.697,1.394,0.665,-0.2903,-1.189,-3.9238,31.9441,1.0884,90.4011
1740983374.154,3.16,3.66,1.394,0.702,-0.2955,-1.1893,-3.9155,31.944,1.0949,90.4455
1740983374.234,3.161,3.66,1.395,0.702,-0.2999,-1.1894,-3.9082,31.9469,1.1221,90.4294
1740983374.313,3.164,3.65,1.398,0.712,-0.3039,-1.1895,-3.9016,31.9692,1.1509,90.4153
1740983374.393,3.159,3.638,1.393,0.724,-0.3084,-1.1896,-3.8946,32.0171,1.1845,90.3878
1740983374.473,3.166,3.631,1.4,0.731,-0.3132,-1.1895,-3.8864,32.0342,1.1615,90.4238
1740983374.552,3.166,3.617,1.4,0.745,-0.3188,-1.1897,-3.8776,31.9988,1.2548,90.34
1740983374.632,3.158,3.617,1.392,0.745,-0.325,-1.1901,-3.8673,31.9943,1.2488,90.4072
1740983374.711,3.157,3.608,1.391,0.754,-0.3313,-1.1907,-3.8566,31.9718,1.2217,90.4007
1740983374.791,3.159,3.591,1.393,0.771,-0.3378,-1.1908,-3.8455,32.0047,1.1273,90.4602
1740983374.871,3.165,3.578,1.399,0.784,-0.3442,-1.191,-3.8349,32.0064,1.0888,90.4893
1740983374.95,3.165,3.56,1.399,0.802,-0.3499,-1.1912,-3.825,32.1273,0.9827,90.5201
1740983375.03,3.157,3.56,1.391,0.802,-0.3551,-1.191,-3.8158,32.131,0.9867,90.4955
1740983375.11,3.153,3.545,1.387,0.817,-0.3608,-1.1916,-3.8071,32.1157,0.9807,90.52
1740983375.189,3.156,3.536,1.39,0.826,-0.3663,-1.1922,-3.7986,32.1443,1.0949,90.4467
1740983375.269,3.166,3.522,1.4,0.84,-0.3721,-1.1918,-3.7893,31.9602,1.1878,90.3819
1740983375.349,3.166,3.508,1.4,0.854,-0.378,-1.1925,-3.7796,31.9829,1.1972,90.3102
1740983375.428,3.159,3.508,1.393,0.854,-0.384,-1.1928,-3.7697,31.8741,1.219,90.2361
1740983375.508,3.165,3.49,1.399,0.872,-0.3903,-1.1932,-3.7593,31.8296,1.221,90.2566
1740983375.588,3.164,3.478,1.398,0.884,-0.3962,-1.1934,-3.7493,31.8225,1.1828,90.2352
1740983375.667,3.163,3.462,1.397,0.9,-0.4019,-1.1935,-3.7394,31.8216,1.1817,90.2614
1740983375.747,3.163,3.448,1.398,0.914,-0.4079,-1.1938,-3.7299,31.7576,1.2292,90.2201
1740983375.827,3.156,3.448,1.391,0.914,-0.4133,-1.1943,-3.7212,31.7534,1.2569,90.1813
1740983375.906,3.157,3.432,1.391,0.93,-0.4182,-1.1943,-3.7129,31.7873,1.2691,90.1784
1740983375.986,3.165,3.421,1.4,0.941,-0.4234,-1.1946,-3.7048,31.7558,1.3423,90.1531
1740983376.065,3.159,3.408,1.394,0.954,-0.4284,-1.195,-3.6967,31.7543,1.3599,90.1577
1740983376.145,3.159,3.408,1.394,0.953,-0.4331,-1.195,-3.6883,31.6833,1.2932,90.1591
1740983376.225,3.165,3.396,1.4,0.966,-0.4382,-1.1947,-3.6797,31.7198,1.3107,90.1538
1740983376.304,3.159,3.387,1.394,0.975,-0.4434,-1.1954,-3.6704,31.7374,1.167,90.2466
1740983376.384,3.165,3.374,1.4,0.987,-0.4484,-1.1957,-3.6613,31.6238,1.0947,90.2421
1740983376.464,3.16,3.356,1.394,1.006,-0.4534,-1.1947,-3.6546,31.8171,1.3686,89.5733
1740983376.543,3.16,3.356,1.394,1.006,-0.4544,-1.1938,-3.6518,31.8156,1.1401,88.7215
1740983376.623,3.166,3.349,1.4,1.013,-0.4557,-1.1936,-3.6489,31.8979,1.0296,88.1268
1740983376.703,3.156,3.344,1.391,1.018,-0.4599,-1.193,-3.6415,31.7607,1.0005,87.8349
1740983376.782,3.159,3.343,1.394,1.018,-0.4667,-1.1932,-3.6295,31.6002,1.0315,87.9254
1740983376.862,3.159,3.332,1.394,1.029,-0.4749,-1.1939,-3.6165,31.4404,1.1481,88.062
1740983376.942,3.16,3.332,1.395,1.029,-0.4864,-1.1961,-3.5968,31.1653,1.1446,90.6584
1740983377.021,3.159,3.313,1.394,1.048,-0.4935,-1.1963,-3.5851,31.0634,1.3063,90.3339
1740983377.101,3.162,3.289,1.398,1.071,-0.4994,-1.1963,-3.574,30.9442,1.2088,90.3118
1740983377.181,3.162,3.264,1.398,1.096,-0.5033,-1.1969,-3.567,30.8472,1.1975,90.2167
1740983377.26,3.162,3.254,1.398,1.106,-0.5065,-1.1971,-3.5614,30.8263,1.182,90.1926
1740983377.34,3.163,3.254,1.399,1.106,-0.51,-1.1975,-3.5555,30.7566,1.1755,90.171
1740983377.419,3.163,3.245,1.399,1.115,-0.5143,-1.1975,-3.5476,30.6639,1.1776,90.1255
1740983377.499,3.164,3.232,1.4,1.128,-0.5196,-1.1971,-3.5381,30.5285,1.1814,90.0756
1740983377.579,3.169,3.22,1.405,1.14,-0.5245,-1.1963,-3.5292,30.6192,1.046,91.3935
1740983377.659,3.169,3.213,1.405,1.147,-0.5285,-1.1953,-3.5225,30.6106,1.1571,92.0319
1740983377.738,3.166,3.213,1.402,1.147,-0.5339,-1.1949,-3.514,30.5681,1.2057,92.3498
1740983377.818,3.172,3.2,1.408,1.16,-0.5419,-1.1949,-3.5004,30.543,1.2993,92.3069
1740983377.897,3.165,3.186,1.401,1.174,-0.5501,-1.1952,-3.4854,30.2323,1.4015,91.6257
1740983377.977,3.17,3.167,1.406,1.193,-0.5562,-1.1973,-3.4716,30.2663,1.1984,89.8547
1740983378.057,3.17,3.153,1.406,1.207,-0.5635,-1.1969,-3.4591,30.2631,1.1615,89.6524
1740983378.136,3.174,3.153,1.41,1.207,-0.5644,-1.1984,-3.4543,29.7547,0.8305,89.5329
1740983378.216,3.169,3.134,1.405,1.226,-0.565,-1.1982,-3.4541,29.9026,0.9491,89.3048
1740983378.296,3.174,3.118,1.41,1.242,-0.5649,-1.1983,-3.4541,29.86,0.8457,89.4084
1740983378.375,3.174,3.121,1.41,1.239,-0.5656,-1.1976,-3.4527,29.8814,0.8238,88.6125
1740983378.455,3.174,3.117,1.41,1.243,-0.5701,-1.1967,-3.4465,30.1813,1.1555,87.2654
1740983378.534,3.174,3.117,1.41,1.243,-0.5798,-1.1965,-3.4308,30.3326,1.3664,87.2844
1740983378.614,3.17,3.12,1.406,1.24,-0.5916,-1.1975,-3.4116,30.4757,1.5325,87.7679
1740983378.694,3.173,3.103,1.409,1.257,-0.6051,-1.1996,-3.3875,30.5201,1.4399,89.9194
1740983378.773,3.167,3.076,1.403,1.284,-0.6125,-1.1997,-3.3742,30.644,1.3509,89.7474
1740983378.853,3.167,3.035,1.403,1.325,-0.6178,-1.199,-3.3662,30.5409,1.4214,89.6419
1740983378.933,3.172,3.035,1.408,1.325,-0.6202,-1.1998,-3.3615,30.5697,1.4161,89.622
1740983379.012,3.168,3.018,1.404,1.342,-0.6226,-1.1999,-3.3577,30.5965,1.5035,89.5453
1740983379.092,3.169,3.008,1.405,1.352,-0.6259,-1.2,-3.3521,30.5779,1.482,89.6019
1740983379.172,3.174,3.003,1.41,1.357,-0.6309,-1.1999,-3.3432,30.5923,1.5474,89.6026
1740983379.251,3.174,3.0,1.41,1.36,-0.6359,-1.1986,-3.3316,30.9578,1.0459,90.6575
1740983379.331,3.173,3.0,1.409,1.36,-0.6417,-1.1977,-3.324,30.9287,1.3605,91.5953
1740983379.411,3.17,2.981,1.406,1.379,-0.6471,-1.1969,-3.3155,30.8436,1.5892,92.0104
1740983379.49,3.174,2.973,1.41,1.387,-0.6541,-1.1967,-3.3033,30.7971,1.4405,92.0305
1740983379.57,3.175,2.957,1.411,1.403,-0.6622,-1.1983,-3.2889,30.5531,1.383,91.9649
1740983379.649,3.175,2.944,1.411,1.416,-0.6674,-1.2012,-3.278,30.6688,1.2076,89.615
1740983379.729,3.176,2.944,1.412,1.416,-0.6742,-1.2004,-3.2648,30.8385,1.0421,89.9998
1740983379.809,3.175,2.925,1.411,1.435,-0.6793,-1.2007,-3.2572,30.7454,1.252,89.8623
1740983379.888,3.176,2.907,1.412,1.453,-0.6827,-1.2009,-3.2516,30.6522,1.3275,89.8072
1740983379.968,3.175,2.895,1.411,1.465,-0.6854,-1.2009,-3.2468,30.5803,1.3774,89.7307
1740983380.048,3.175,2.883,1.411,1.477,-0.6894,-1.2009,-3.24,30.529,1.3782,89.691
1740983380.127,3.172,2.883,1.408,1.477,-0.6943,-1.2008,-3.2313,30.5321,1.3951,89.6169
1740983380.207,3.171,2.88,1.407,1.48,-0.7003,-1.2013,-3.221,30.43,1.4725,89.5359
1740983380.287,3.179,2.868,1.415,1.492,-0.7066,-1.2017,-3.2096,30.3262,1.4301,89.5622
1740983380.366,3.172,2.852,1.408,1.508,-0.7128,-1.2016,-3.1984,30.2214,1.4054,89.5849
1740983380.446,3.172,2.838,1.408,1.522,-0.7184,-1.2017,-3.1883,30.1969,1.4,89.6372
1740983380.526,3.174,2.838,1.41,1.522,-0.7234,-1.2023,-3.1794,30.1099,1.4402,89.6144
1740983380.605,3.174,2.819,1.41,1.541,-0.728,-1.2022,-3.171,30.1393,1.4201,89.679
1740983380.685,3.181,2.807,1.417,1.553,-0.7325,-1.202,-3.1627,30.0708,1.4034,89.6361
1740983380.765,3.175,2.8,1.411,1.56,-0.7374,-1.2019,-3.1541,30.0059,1.4528,89.608
1740983380.844,3.175,2.787,1.411,1.573,-0.7426,-1.2023,-3.145,29.9555,1.5162,89.5894
1740983380.924,3.174,2.787,1.41,1.573,-0.748,-1.2023,-3.135,29.8621,1.5163,89.5674
1740983381.003,3.183,2.774,1.419,1.586,-0.7533,-1.2022,-3.1245,29.7714,1.3506,89.6292
1740983381.083,3.176,2.755,1.412,1.605,-0.7588,-1.2027,-3.1143,29.7178,1.329,89.6552
1740983381.163,3.184,2.748,1.42,1.612,-0.7638,-1.2026,-3.1048,29.7356,1.3197,89.6125
1740983381.242,3.184,2.732,1.42,1.628,-0.7687,-1.2027,-3.0957,29.7972,1.233,89.6512
1740983381.322,3.18,2.732,1.416,1.628,-0.7736,-1.2033,-3.0863,29.7247,1.1765,89.7016
1740983381.402,3.179,2.72,1.415,1.64,-0.7786,-1.2023,-3.0766,29.7042,1.1438,89.7715
1740983381.481,3.181,2.698,1.417,1.662,-0.7839,-1.2031,-3.0679,29.6859,1.2566,89.7281
1740983381.561,3.181,2.692,1.417,1.668,-0.7892,-1.2025,-3.0587,29.6052,1.3609,89.7002
1740983381.641,3.181,2.692,1.417,1.668,-0.7944,-1.2033,-3.049,29.512,1.3174,89.6467
1740983381.72,3.182,2.675,1.418,1.685,-0.7997,-1.2033,-3.0393,29.4268,1.3705,89.5779
1740983381.8,3.189,2.662,1.425,1.698,-0.8051,-1.2031,-3.0295,29.4101,1.382,89.5932
1740983381.88,3.188,2.655,1.424,1.705,-0.81,-1.2036,-3.0199,29.346,1.3226,89.604
1740983381.959,3.189,2.637,1.425,1.723,-0.8151,-1.2038,-3.01,29.3295,1.2526,89.6966
1740983382.039,3.189,2.637,1.425,1.723,-0.8201,-1.2036,-3.0003,29.1902,1.227,89.7313
1740983382.119,3.186,2.622,1.422,1.738,-0.8252,-1.2031,-2.9906,29.0888,1.2443,89.7545
1740983382.198,3.188,2.61,1.424,1.75,-0.8301,-1.2029,-2.9816,29.0105,1.3113,89.7186
1740983382.278,3.192,2.601,1.428,1.759,-0.8351,-1.2033,-2.9723,29.0538,1.3393,89.7275
1740983382.357,3.188,2.584,1.423,1.776,-0.8402,-1.2035,-2.9627,28.9807,1.3159,89.7359
1740983382.437,3.188,2.584,1.423,1.777,-0.8458,-1.2034,-2.9526,28.8703,1.4017,89.7179
1740983382.517,3.193,2.577,1.428,1.784,-0.8507,-1.2037,-2.943,28.8425,1.3752,89.6574
1740983382.596,3.189,2.562,1.424,1.799,-0.8555,-1.204,-2.9329,28.7978,1.2721,89.6477
1740983382.676,3.191,2.549,1.426,1.812,-0.8609,-1.2037,-2.9226,28.7323,1.2368,89.6078
1740983382.756,3.191,2.53,1.426,1.831,-0.8657,-1.2041,-2.9126,28.7607,1.0952,89.667
1740983382.836,3.193,2.53,1.428,1.831,-0.8706,-1.2045,-2.9028,28.7556,1.0586,89.714
1740983382.915,3.199,2.52,1.434,1.841,-0.8753,-1.2053,-2.8937,28.7188,1.0088,89.7674
1740983382.995,3.194,2.507,1.429,1.854,-0.8805,-1.2045,-2.8839,28.6101,1.1306,89.8033
1740983383.074,3.195,2.497,1.43,1.864,-0.8854,-1.2034,-2.8744,28.5636,1.1737,89.8072
1740983383.154,3.195,2.48,1.43,1.881,-0.8905,-1.2035,-2.8647,28.4402,1.2749,89.7318
1740983383.234,3.198,2.48,1.433,1.881,-0.8955,-1.2043,-2.855,28.3746,1.2606,89.6424
1740983383.313,3.199,2.464,1.434,1.897,-0.9008,-1.2047,-2.8449,28.2539,1.3629,89.6182
1740983383.393,3.202,2.451,1.437,1.91,-0.9064,-1.2044,-2.835,28.6648,1.3153,89.6398
1740983383.473,3.206,2.442,1.442,1.918,-0.9116,-1.2047,-2.8252,29.1239,1.2397,89.6977
1740983383.552,3.206,2.423,1.442,1.937,-0.9174,-1.2051,-2.8157,29.4784,1.2494,89.739
1740983383.632,3.2,2.423,1.436,1.937,-0.9229,-1.2056,-2.8065,29.8435,1.2259,89.8195
1740983383.711,3.205,2.411,1.441,1.949,-0.928,-1.2046,-2.797,29.8522,1.2521,89.8335
1740983383.791,3.204,2.396,1.44,1.964,-0.9332,-1.2059,-2.7877,29.8193,1.2997,89.8323
1740983383.871,3.195,2.379,1.431,1.981,-0.9385,-1.206,-2.7778,29.7623,1.3065,89.8894
1740983383.95,3.195,2.367,1.431,1.993,-0.9439,-1.2052,-2.7676,29.7986,1.2953,89.9242
1740983384.03,3.196,2.367,1.432,1.993,-0.9494,-1.2054,-2.7574,29.8486,1.256,89.9108
1740983384.11,3.198,2.356,1.434,2.004,-0.9546,-1.2055,-2.7468,29.829,1.0849,90.0014
1740983384.189,3.203,2.343,1.439,2.017,-0.9608,-1.2057,-2.7372,30.7619,0.9031,90.0772
1740983384.269,3.205,2.326,1.439,2.036,-0.9669,-1.2062,-2.7287,32.1949,0.7315,90.1367
1740983384.348,3.205,2.31,1.438,2.052,-0.9729,-1.2062,-2.7199,32.5151,0.8421,90.0119
1740983384.428,3.196,2.31,1.429,2.052,-0.9781,-1.2066,-2.7111,32.4108,0.8719,90.0173
1740983384.508,3.198,2.296,1.432,2.066,-0.984,-1.2062,-2.7018,32.2158,0.9649,90.0992
1740983384.587,3.197,2.285,1.431,2.077,-0.9897,-1.2062,-2.6926,32.1706,1.0134,90.1319
1740983384.667,3.195,2.27,1.429,2.092,-0.9954,-1.2062,-2.6831,32.1218,1.0465,90.0514
1740983384.747,3.195,2.256,1.429,2.105,-1.001,-1.2067,-2.674,32.0193,1.1633,89.8881
1740983384.827,3.198,2.256,1.432,2.105,-1.0073,-1.2064,-2.664,31.9638,1.2383,89.8761
1740983384.906,3.199,2.242,1.433,2.119,-1.0127,-1.2071,-2.6543,31.8851,1.1059,90.0004
1740983384.986,3.194,2.228,1.428,2.133,-1.0185,-1.2076,-2.6444,31.815,1.0767,90.0347
1740983385.065,3.193,2.214,1.427,2.147,-1.0244,-1.2074,-2.6348,31.7757,1.1106,90.0877
1740983385.145,3.193,2.199,1.428,2.162,-1.0296,-1.2077,-2.6256,31.7034,1.1204,90.1206
1740983385.225,3.193,2.199,1.428,2.162,-1.035,-1.2076,-2.6164,31.679,1.1298,90.1557
1740983385.304,3.201,2.184,1.436,2.177,-1.0401,-1.2075,-2.6075,31.5624,1.1109,90.2318
1740983385.384,3.202,2.173,1.437,2.188,-1.0452,-1.2079,-2.5988,31.5481,1.1508,90.2492
1740983385.464,3.201,2.158,1.436,2.203,-1.0508,-1.2088,-2.5897,31.4405,1.1765,90.2565
1740983385.543,3.201,2.145,1.436,2.216,-1.0567,-1.2085,-2.5794,31.3697,1.2145,90.2746
1740983385.623,3.194,2.145,1.429,2.216,-1.062,-1.2084,-2.569,31.3907,1.0057,90.3949
1740983385.703,3.2,2.133,1.435,2.227,-1.0677,-1.209,-2.559,31.1944,1.0043,90.3877
1740983385.782,3.197,2.117,1.432,2.243,-1.0731,-1.2092,-2.5493,31.1879,0.9694,90.444
1740983385.862,3.197,2.101,1.432,2.259,-1.0783,-1.2094,-2.5399,31.1137,0.9329,90.4598
1740983385.941,3.197,2.087,1.432,2.273,-1.0835,-1.2096,-2.5311,31.0489,0.9475,90.4755
1740983386.021,3.195,2.087,1.431,2.273,-1.0886,-1.2098,-2.5225,30.8958,1.0444,90.4962
1740983386.101,3.203,2.076,1.439,2.284,-1.0937,-1.2095,-2.5137,30.663,1.1757,90.4654
1740983386.18,3.219,2.062,1.455,2.298,-1.0991,-1.2102,-2.5048,30.6671,1.1841,90.4527
1740983386.26,3.223,2.053,1.459,2.307,-1.1044,-1.2104,-2.4953,30.5299,1.2269,90.3831
1740983386.34,3.223,2.04,1.459,2.32,-1.1099,-1.2103,-2.4855,30.5086,1.2122,90.2824
1740983386.419,3.229,2.04,1.465,2.32,-1.1152,-1.2105,-2.4757,30.455,1.179,90.2844
1740983386.499,3.228,2.024,1.464,2.336,-1.1209,-1.2108,-2.4657,30.3273,1.1214,90.3573
1740983386.579,3.229,2.011,1.465,2.349,-1.1261,-1.2111,-2.4557,30.3327,1.0383,90.4449
1740983386.658,3.231,1.996,1.467,2.364,-1.1317,-1.2114,-2.4462,30.4662,1.0647,90.4914
1740983386.738,3.231,1.983,1.465,2.378,-1.1383,-1.2114,-2.4377,31.8791,0.9993,90.5488
1740983386.818,3.231,1.983,1.46,2.381,-1.1454,-1.2115,-2.4301,33.7558,0.9898,90.4579
1740983386.897,3.228,1.966,1.449,2.403,-1.1525,-1.2115,-2.4224,35.4509,1.0328,90.4042
1740983386.977,3.192,1.954,1.41,2.417,-1.1592,-1.2122,-2.4139,36.0088,1.166,90.3127
1740983387.056,3.194,1.946,1.413,2.425,-1.1659,-1.2122,-2.4044,35.9901,1.1402,90.3348
1740983387.136,3.194,1.946,1.413,2.424,-1.1718,-1.2126,-2.3949,35.9291,1.0049,90.3749
1740983387.216,3.194,1.93,1.414,2.44,-1.178,-1.213,-2.3856,35.7613,1.0207,90.4049
1740983387.295,3.201,1.919,1.421,2.451,-1.184,-1.213,-2.3763,35.7239,0.9694,90.3966
1740983387.375,3.198,1.902,1.418,2.467,-1.19,-1.2131,-2.3672,35.6799,0.9296,90.3691
1740983387.455,3.199,1.889,1.42,2.48,-1.196,-1.2135,-2.3587,35.6173,0.9604,90.4054
1740983387.535,3.199,1.889,1.42,2.48,-1.202,-1.2138,-2.3499,35.4926,1.0623,90.3561
1740983387.614,3.199,1.875,1.421,2.493,-1.2081,-1.2141,-2.341,35.3975,1.1422,90.3505
1740983387.694,3.198,1.862,1.42,2.506,-1.2144,-1.2141,-2.3316,35.305,1.1043,90.3231
1740983387.773,3.19,1.848,1.413,2.52,-1.2209,-1.2138,-2.3219,35.2255,1.0896,90.3149
1740983387.853,3.195,1.832,1.418,2.535,-1.2277,-1.2143,-2.3123,35.1497,1.2393,90.1723
1740983387.933,3.195,1.832,1.418,2.536,-1.234,-1.2144,-2.3026,35.2505,1.1453,90.2035
1740983388.012,3.211,1.819,1.44,2.545,-1.2396,-1.2148,-2.292,33.8825,1.3132,90.1581
1740983388.092,3.216,1.805,1.451,2.555,-1.2438,-1.2145,-2.2799,31.2798,1.3338,90.2076
1740983388.171,3.217,1.787,1.453,2.573,-1.2494,-1.2147,-2.2681,30.1573,1.3585,90.2699
1740983388.251,3.217,1.771,1.453,2.589,-1.2559,-1.2153,-2.2564,30.1807,1.3085,90.3239
1740983388.331,3.214,1.771,1.45,2.589,-1.2625,-1.2158,-2.245,30.0982,1.4194,90.2594
1740983388.41,3.223,1.757,1.459,2.603,-1.2687,-1.2158,-2.2339,30.0827,1.3502,90.3179
1740983388.49,3.223,1.74,1.459,2.62,-1.2749,-1.2161,-2.2233,30.0657,1.444,90.2128
1740983388.57,3.22,1.723,1.456,2.637,-1.2805,-1.2162,-2.2124,30.0807,1.292,90.2691
1740983388.649,3.22,1.708,1.456,2.652,-1.2866,-1.2167,-2.2014,30.1356,1.2166,90.3331
1740983388.729,3.219,1.708,1.455,2.652,-1.2923,-1.2169,-2.1903,30.1686,1.1,90.4029
1740983388.809,3.225,1.695,1.461,2.665,-1.2984,-1.2169,-2.1792,30.1583,1.1278,90.4484
1740983388.888,3.226,1.677,1.462,2.683,-1.3042,-1.2173,-2.1688,30.1218,1.1863,90.405
1740983388.968,3.222,1.661,1.458,2.699,-1.3102,-1.2173,-2.1583,30.0889,1.2274,90.4884
1740983389.048,3.222,1.646,1.458,2.714,-1.3163,-1.2175,-2.1482,30.1292,1.3732,90.3681
1740983389.127,3.222,1.646,1.458,2.714,-1.3221,-1.2179,-2.1379,30.1122,1.4176,90.2673
1740983389.207,3.222,1.632,1.458,2.728,-1.3282,-1.2178,-2.1273,30.2143,1.4649,90.2374
1740983389.287,3.226,1.617,1.462,2.743,-1.3344,-1.218,-2.1163,30.2658,1.4883,90.2007
1740983389.366,3.222,1.6,1.458,2.76,-1.3404,-1.2185,-2.1052,30.2721,1.3901,90.237
1740983389.446,3.222,1.585,1.458,2.775,-1.3469,-1.2187,-2.094,30.2594,1.432,90.301
1740983389.526,3.222,1.585,1.458,2.775,-1.3528,-1.2189,-2.0833,30.2062,1.4905,90.2307
1740983389.605,3.226,1.568,1.462,2.792,-1.3587,-1.2191,-2.0728,30.1532,1.5295,90.1998
1740983389.685,3.229,1.553,1.465,2.807,-1.3646,-1.2192,-2.0626,30.134,1.6635,90.0742
1740983389.764,3.228,1.537,1.464,2.823,-1.3702,-1.2192,-2.0522,30.0931,1.7063,89.9531
1740983389.844,3.228,1.522,1.464,2.838,-1.3759,-1.2195,-2.0419,30.1506,1.7514,89.8862
1740983389.924,3.224,1.522,1.46,2.838,-1.3818,-1.2198,-2.0314,30.181,1.726,89.7872
1740983390.003,3.225,1.506,1.461,2.854,-1.3875,-1.22,-2.0205,30.3672,1.5751,89.8158
1740983390.083,3.229,1.491,1.465,2.869,-1.3934,-1.22,-2.0095,30.2758,1.5826,89.7913
1740983390.163,3.226,1.476,1.462,2.884,-1.3992,-1.2203,-1.9984,30.2628,1.5032,89.8155
1740983390.242,3.226,1.46,1.462,2.9,-1.4053,-1.22,-1.9874,30.2527,1.5585,89.7702
1740983390.322,3.227,1.46,1.463,2.9,-1.411,-1.2202,-1.977,30.1985,1.611,89.7786
1740983390.402,3.228,1.447,1.464,2.913,-1.4169,-1.2204,-1.9666,30.1847,1.6931,89.6823
1740983390.481,3.228,1.432,1.464,2.928,-1.4228,-1.2206,-1.9562,30.1858,1.7558,89.5577
1740983390.561,3.228,1.417,1.464,2.943,-1.4291,-1.2207,-1.9454,30.2037,1.8103,89.5103
1740983390.641,3.228,1.402,1.464,2.958,-1.4355,-1.2209,-1.9343,30.2416,1.878,89.5047
1740983390.72,3.227,1.402,1.463,2.958,-1.4414,-1.2208,-1.9229,30.1782,1.822,89.5447
1740983390.8,3.228,1.388,1.464,2.972,-1.448,-1.2211,-1.9118,30.1648,1.9428,89.5675
1740983390.879,3.228,1.371,1.464,2.989,-1.4538,-1.2213,-1.9004,30.1191,1.9819,89.5379
1740983390.959,3.234,1.355,1.47,3.005,-1.46,-1.2214,-1.8899,30.0678,1.9714,89.5783
1740983391.039,3.234,1.338,1.47,3.022,-1.4659,-1.2212,-1.8792,30.0777,2.0403,89.5408
1740983391.238,3.229,1.308,1.465,3.052,-1.4803,-1.2214,-1.8525,30.1703,2.0359,89.3754
1740983391.318,3.23,1.308,1.466,3.052,-1.4863,-1.2216,-1.8414,30.164,1.9772,89.3817
1740983391.397,3.23,1.292,1.466,3.068,-1.4921,-1.2218,-1.8301,30.1995,1.93,89.4189
1740983391.477,3.231,1.279,1.467,3.081,-1.4982,-1.2219,-1.819,30.2977,1.9346,89.3615
1740983391.556,3.237,1.261,1.473,3.099,-1.5042,-1.2221,-1.8081,30.2605,1.9041,89.3432
1740983391.636,3.237,1.244,1.473,3.116,-1.5105,-1.2221,-1.7973,30.2329,2.0032,89.4289
1740983391.716,3.231,1.244,1.467,3.116,-1.5165,-1.2219,-1.7868,30.1131,2.1259,89.3732
1740983391.795,3.24,1.229,1.476,3.131,-1.5218,-1.2222,-1.7762,30.1758,2.0646,89.3063
1740983391.875,3.233,1.213,1.469,3.147,-1.5282,-1.2221,-1.7655,30.0811,2.2907,89.1281
1740983391.955,3.24,1.198,1.476,3.162,-1.5342,-1.2224,-1.7546,30.1829,2.264,89.1045
1740983392.034,3.24,1.185,1.476,3.175,-1.5405,-1.2226,-1.7436,30.2182,2.3324,89.0888
1740983392.114,3.234,1.185,1.47,3.175,-1.5466,-1.2228,-1.7322,30.1545,2.3006,89.1285
1740983392.194,3.241,1.169,1.477,3.191,-1.5527,-1.2229,-1.7213,30.1705,2.3922,89.1443
1740983392.393,3.235,1.137,1.471,3.223,-1.5604,-1.2214,-1.7041,29.6957,2.2066,87.9595
1740983392.592,3.244,1.122,1.48,3.238,-1.5734,-1.2214,-1.6807,29.7482,2.2689,87.3112
1740983396.076,1.899,0.694,0.13,3.668,-1.731,-1.2201,-1.2341,25.6576,4.2705,86.9258
1740983396.156,2.183,0.664,0.412,3.698,-1.7392,-1.2215,-1.205,25.5168,2.4721,91.4048
1740983396.236,2.183,0.637,0.408,3.726,-1.7473,-1.2217,-1.1881,24.2364,2.9549,90.7843
1740983396.315,3.207,0.614,1.426,3.749,-1.754,-1.2224,-1.18,24.0689,4.2461,89.1467
1740983399.421,1.874,0.572,0.1,3.791,-1.7569,-1.2232,-1.1733,24.0713,3.6767,89.9597
1740983399.501,1.873,0.572,0.102,3.79,-1.7535,-1.2228,-1.1846,24.9935,3.6189,90.0843
1740983399.581,1.87,0.58,0.102,3.781,-1.7485,-1.2233,-1.2029,26.4713,4.0107,89.5839
1740983399.66,2.034,0.584,0.269,3.776,-1.742,-1.2235,-1.2248,28.1327,4.4964,88.6781
1740983399.74,2.034,0.61,0.269,3.75,-1.734,-1.2207,-1.2435,28.3195,4.4659,86.7179
1740983399.819,3.192,0.634,1.428,3.726,-1.728,-1.2201,-1.259,29.5588,4.7816,85.7607
1740983399.899,1.366,0.634,-0.398,3.726,-1.7217,-1.2209,-1.273,31.3808,4.5914,85.7989
1740983399.979,3.324,0.652,1.555,3.709,-1.7082,-1.2232,-1.2854,33.2852,2.2164,87.0196
1740983400.059,3.322,0.672,1.543,3.691,-1.701,-1.2234,-1.3014,35.4434,2.7294,86.3954
1740983400.138,3.322,0.693,1.538,3.671,-1.6963,-1.2233,-1.3136,36.2894,3.4534,86.4479
1740983400.218,3.328,0.715,1.543,3.649,-1.6875,-1.2234,-1.3226,36.3997,2.5083,86.3543
1740983400.297,3.326,0.715,1.541,3.649,-1.6812,-1.2232,-1.3322,36.3701,2.6883,86.4328
1740983400.377,3.333,0.731,1.554,3.632,-1.6753,-1.2225,-1.3376,35.4862,1.9006,87.1095
1740983400.457,3.331,0.745,1.548,3.619,-1.6735,-1.2215,-1.3379,36.0813,1.6189,87.5962
1740983400.536,3.331,0.75,1.548,3.614,-1.675,-1.2213,-1.3392,36.0415,2.3228,88.0356
1740983400.616,3.337,0.751,1.555,3.613,-1.6795,-1.2203,-1.3448,35.9749,4.8919,88.857
1740983400.696,3.334,0.751,1.549,3.614,-1.6696,-1.2197,-1.3563,36.4039,4.5146,88.9788
1740983400.775,3.326,0.759,1.542,3.606,-1.6503,-1.2192,-1.3755,36.3477,2.1763,88.6901
1740983400.855,3.326,0.77,1.542,3.595,-1.6274,-1.2208,-1.3939,36.3588,-0.9134,89.6725
1740983400.935,3.326,0.798,1.537,3.568,-1.6227,-1.224,-1.4138,37.0557,2.4296,89.2442
1740983401.014,3.344,0.829,1.551,3.538,-1.6126,-1.2259,-1.4289,37.5882,2.2809,88.7946
1740983401.094,3.345,0.829,1.549,3.539,-1.6075,-1.2249,-1.4372,37.929,2.6916,88.4954
1740983401.173,3.341,0.856,1.54,3.514,-1.6042,-1.2236,-1.4411,38.5507,2.2956,88.4539
1740983401.414,3.362,0.889,1.579,3.476,-1.5998,-1.2232,-1.4434,36.024,2.4322,88.3666
1740983401.492,3.368,0.889,1.591,3.474,-1.597,-1.2229,-1.4476,35.0757,2.421,88.0351
1740983401.572,3.346,0.883,1.57,3.48,-1.5924,-1.2223,-1.4563,34.9382,2.3036,87.19
1740983401.651,3.335,0.883,1.558,3.48,-1.5829,-1.2213,-1.4697,35.0352,2.036,87.0375
1740983401.731,3.335,0.891,1.558,3.473,-1.5719,-1.221,-1.4879,35.1383,2.11,86.9335
1740983401.811,3.343,0.912,1.565,3.452,-1.5616,-1.221,-1.5035,35.2563,2.1061,87.0439
1740983401.89,3.338,0.912,1.558,3.452,-1.5546,-1.2207,-1.5131,35.5604,1.99,87.712
1740983401.97,3.345,0.942,1.566,3.422,-1.5495,-1.2206,-1.5208,35.5178,2.1826,87.5684
1740983402.05,3.342,0.959,1.572,3.403,-1.5459,-1.2219,-1.5244,33.329,2.3645,88.7184
1740983402.129,3.342,0.97,1.576,3.39,-1.5409,-1.2226,-1.5296,31.8221,2.6958,89.0211
1740983402.209,3.345,0.976,1.58,3.384,-1.5364,-1.2222,-1.5368,31.1345,2.551,89.1405
1740983402.288,3.34,0.976,1.575,3.384,-1.5321,-1.2221,-1.5447,31.1019,2.5027,89.1385
1740983402.368,3.346,0.985,1.581,3.375,-1.5275,-1.2224,-1.5529,31.0896,2.4666,89.0886
1740983402.448,3.346,0.999,1.581,3.361,-1.5228,-1.2221,-1.5614,31.0853,2.4187,89.0534
1740983402.527,3.346,1.008,1.581,3.352,-1.5181,-1.2221,-1.5699,31.0656,2.3921,89.1352
1740983402.607,3.346,1.023,1.581,3.337,-1.5134,-1.2223,-1.5782,31.06,2.352,89.2486
1740983402.687,3.34,1.023,1.575,3.337,-1.5087,-1.2222,-1.5868,31.08,2.346,89.1599
1740983402.766,3.341,1.036,1.576,3.324,-1.5039,-1.2216,-1.5947,31.1348,2.2729,89.1472
1740983402.846,3.342,1.047,1.577,3.313,-1.4994,-1.2216,-1.603,31.211,2.2177,89.0881
1740983402.926,3.342,1.058,1.577,3.302,-1.4945,-1.2212,-1.6109,31.169,2.2935,89.0967
1740983403.005,3.341,1.069,1.576,3.291,-1.4893,-1.2209,-1.6193,31.316,2.3825,89.0018
1740983403.085,3.345,1.069,1.58,3.291,-1.4844,-1.221,-1.6284,31.366,2.4171,88.8936
1740983403.165,3.34,1.081,1.575,3.279,-1.4792,-1.2206,-1.6369,31.397,2.4453,88.8299
1740983403.244,3.342,1.093,1.577,3.267,-1.4749,-1.2208,-1.6454,31.4142,2.5227,88.7671
1740983403.324,3.342,1.106,1.577,3.254,-1.4698,-1.2203,-1.6533,31.4713,2.607,88.7369
1740983403.404,3.344,1.117,1.579,3.243,-1.4653,-1.2203,-1.6617,31.4803,2.6611,88.7317
1740983403.483,3.341,1.117,1.576,3.243,-1.4605,-1.2203,-1.6702,31.5365,2.6488,88.7366
1740983403.563,3.343,1.129,1.578,3.231,-1.4558,-1.2201,-1.6785,31.5255,2.7023,88.789
1740983403.643,3.338,1.139,1.573,3.221,-1.4511,-1.2198,-1.6868,31.58,2.7636,88.8152
1740983403.722,3.338,1.153,1.573,3.207,-1.4464,-1.2195,-1.695,31.6414,2.8379,88.7668
1740983403.802,3.337,1.164,1.572,3.196,-1.4415,-1.2197,-1.7041,31.6294,2.7646,88.8355
1740983403.881,3.338,1.164,1.573,3.197,-1.4362,-1.2198,-1.7127,31.694,2.6792,88.8676
1740983403.961,3.342,1.175,1.577,3.186,-1.4312,-1.2199,-1.7217,31.7109,2.6619,88.8953
1740983404.041,3.342,1.188,1.577,3.173,-1.4257,-1.2189,-1.7305,31.6809,2.6662,88.8449
1740983404.12,3.342,1.201,1.576,3.16,-1.4212,-1.2193,-1.7392,31.7259,2.7089,88.8
1740983404.2,3.337,1.211,1.572,3.15,-1.4165,-1.2191,-1.7474,31.7106,2.7094,88.8125
1740983404.28,3.342,1.211,1.577,3.15,-1.4117,-1.2193,-1.7556,31.7001,2.6938,88.8562
1740983404.359,3.337,1.225,1.572,3.136,-1.407,-1.2189,-1.7638,31.6605,2.6375,88.9698
1740983404.439,3.342,1.238,1.576,3.123,-1.4058,-1.2184,-1.772,32.014,3.6398,88.5487
1740983404.519,3.342,1.248,1.576,3.113,-1.4057,-1.2177,-1.7769,31.9628,4.285,88.3837
1740983404.598,3.338,1.258,1.572,3.103,-1.404,-1.2174,-1.7827,31.8812,4.8394,88.153
1740983404.678,3.331,1.258,1.565,3.103,-1.3992,-1.2166,-1.7921,32.1168,5.0189,88.1112
1740983404.757,3.333,1.258,1.566,3.103,-1.3926,-1.2165,-1.8039,32.3764,5.032,88.1971
1740983404.837,3.333,1.275,1.565,3.086,-1.3862,-1.2168,-1.8169,32.6517,5.3528,87.989
1740983404.917,3.333,1.292,1.565,3.069,-1.3795,-1.2165,-1.828,32.706,5.1875,88.1065
1740983404.996,3.328,1.31,1.56,3.052,-1.3744,-1.2158,-1.837,32.8845,5.2131,88.0856
1740983405.076,3.334,1.31,1.566,3.052,-1.3701,-1.2156,-1.8439,32.9522,5.1208,88.2296
1740983405.156,3.333,1.324,1.564,3.038,-1.3664,-1.216,-1.8505,33.0314,5.0925,88.3053
1740983405.235,3.333,1.336,1.564,3.026,-1.3616,-1.2162,-1.8574,33.1812,4.7939,88.531
1740983405.315,3.327,1.344,1.557,3.018,-1.351,-1.2174,-1.865,33.3456,3.0524,89.3358
1740983405.395,3.327,1.357,1.556,3.006,-1.3417,-1.2178,-1.8761,33.7432,2.1607,89.5573
1740983405.474,3.334,1.357,1.564,3.006,-1.3362,-1.2176,-1.8852,33.5549,2.2662,89.4093
1740983405.554,3.332,1.374,1.558,2.99,-1.3324,-1.2175,-1.8916,34.4188,2.162,89.2983
1740983405.634,3.332,1.39,1.558,2.974,-1.3314,-1.2171,-1.8953,34.4537,2.385,88.9194
1740983405.713,3.33,1.398,1.555,2.966,-1.3306,-1.217,-1.8969,34.5552,2.5262,88.8012
1740983405.793,3.337,1.398,1.562,2.967,-1.3303,-1.2169,-1.8975,34.6128,2.5409,88.7671
1740983405.872,3.339,1.402,1.564,2.963,-1.3298,-1.2169,-1.8987,34.7338,2.5828,88.7405
1740983405.952,3.34,1.401,1.564,2.964,-1.3283,-1.2167,-1.9016,34.935,2.7479,88.5247
1740983406.032,3.34,1.403,1.563,2.962,-1.3269,-1.2163,-1.906,35.0491,3.1442,88.1777
1740983406.111,3.339,1.408,1.562,2.958,-1.3242,-1.2158,-1.912,35.0817,3.5503,87.8943
1740983406.191,3.337,1.408,1.561,2.957,-1.3193,-1.2154,-1.9207,34.7796,3.9588,87.6884
1740983406.271,3.338,1.414,1.563,2.951,-1.3102,-1.2147,-1.9334,34.5725,3.6402,87.3618
1740983406.35,3.334,1.423,1.56,2.941,-1.2968,-1.214,-1.9478,34.4327,2.5401,87.0223
1740983406.43,3.334,1.443,1.563,2.92,-1.2919,-1.2143,-1.9591,33.7709,3.4878,87.5262
1740983406.51,3.333,1.465,1.564,2.897,-1.2817,-1.2141,-1.9699,33.0422,2.4396,87.4506
1740983406.589,3.339,1.465,1.573,2.896,-1.2776,-1.215,-1.9754,32.0076,2.6499,88.7068
1740983406.669,3.335,1.479,1.57,2.881,-1.2721,-1.2165,-1.9812,31.2027,2.081,89.6017
1740983406.748,3.341,1.493,1.577,2.867,-1.2686,-1.2161,-1.9855,30.8548,2.0107,89.7189
1740983406.828,3.341,1.5,1.577,2.86,-1.2669,-1.216,-1.9882,30.1415,2.0085,89.723
1740983406.908,3.342,1.508,1.578,2.852,-1.265,-1.2158,-1.9903,29.7386,1.9448,89.7853
1740983406.988,3.346,1.508,1.582,2.852,-1.2627,-1.2157,-1.9948,29.602,2.04,89.7423
1740983407.067,3.345,1.512,1.581,2.848,-1.2594,-1.2159,-2.001,29.5818,2.0002,89.7146
1740983407.147,3.346,1.516,1.582,2.844,-1.2553,-1.2158,-2.0084,29.5719,1.9832,89.7051
1740983407.226,3.346,1.527,1.582,2.833,-1.2512,-1.2156,-2.0165,29.5364,1.9683,89.7579
1740983407.306,3.344,1.538,1.58,2.822,-1.2475,-1.2154,-2.0236,29.4992,1.9215,89.8548
1740983407.386,3.343,1.538,1.579,2.822,-1.2439,-1.2153,-2.0301,29.5039,1.8591,89.9709
1740983407.465,3.348,1.549,1.584,2.811,-1.2406,-1.2151,-2.0358,29.557,1.7513,90.0722
1740983407.545,3.345,1.56,1.581,2.8,-1.2379,-1.2149,-2.0409,29.5573,1.7086,90.0662
1740983407.625,3.345,1.568,1.581,2.792,-1.2363,-1.2151,-2.0437,29.5964,1.697,90.0728
1740983407.704,3.344,1.576,1.58,2.784,-1.2363,-1.2151,-2.0438,29.5813,1.6889,90.0964
1740983407.784,3.348,1.576,1.584,2.784,-1.2363,-1.2151,-2.0437,29.5694,1.6804,90.0934
1740983407.864,3.345,1.578,1.581,2.782,-1.2364,-1.2152,-2.0439,29.5477,1.6845,90.093
1740983407.943,3.348,1.576,1.584,2.784,-1.2364,-1.2151,-2.0439,29.5661,1.6791,90.1075
1740983408.023,3.348,1.578,1.584,2.782,-1.2365,-1.2151,-2.0438,29.5651,1.6778,90.0794
1740983408.102,3.344,1.577,1.58,2.783,-1.2364,-1.2151,-2.0438,29.5793,1.6395,90.0804
1740983408.182,3.342,1.577,1.578,2.783,-1.2365,-1.2152,-2.0439,29.5953,1.662,90.0642
1740983408.262,3.344,1.577,1.58,2.783,-1.2365,-1.2151,-2.0439,29.5894,1.6494,90.0733
1740983408.342,3.348,1.577,1.584,2.783,-1.2364,-1.2152,-2.0442,29.6046,1.659,90.0618
1740983408.421,3.348,1.577,1.584,2.783,-1.2363,-1.2152,-2.0445,29.5976,1.6392,90.1132
1740983408.501,3.348,1.577,1.584,2.783,-1.2359,-1.2151,-2.0454,29.6276,1.6237,90.1066
1740983408.58,3.346,1.577,1.582,2.783,-1.2347,-1.2151,-2.0476,29.5955,1.6007,90.1184
1740983408.66,3.342,1.577,1.578,2.783,-1.2328,-1.2151,-2.051,29.6247,1.591,90.1384
1740983408.74,3.349,1.58,1.585,2.78,-1.2305,-1.215,-2.0552,29.6195,1.5882,90.1341
1740983408.819,3.349,1.584,1.585,2.776,-1.2274,-1.2149,-2.0608,29.6465,1.5034,90.1943
1740983408.899,3.344,1.591,1.58,2.769,-1.2236,-1.2149,-2.0677,29.6783,1.4746,90.2316
1740983408.978,3.347,1.591,1.583,2.769,-1.2198,-1.2149,-2.0748,29.7021,1.443,90.2396
1740983409.058,3.342,1.6,1.578,2.76,-1.2158,-1.2146,-2.0824,29.73,1.4408,90.1848
1740983409.138,3.344,1.61,1.58,2.75,-1.2119,-1.2146,-2.0895,29.7057,1.4631,90.1158
1740983409.218,3.344,1.623,1.58,2.737,-1.2085,-1.2144,-2.0962,29.6119,1.4859,90.056
1740983409.297,3.343,1.631,1.579,2.729,-1.2052,-1.2143,-2.1024,29.5836,1.5314,90.0699
1740983409.377,3.344,1.631,1.58,2.729,-1.2021,-1.2142,-2.1082,29.5546,1.499,90.1192
1740983409.456,3.344,1.641,1.58,2.719,-1.1988,-1.214,-2.1143,29.5228,1.4524,90.1174
1740983409.536,3.345,1.649,1.581,2.711,-1.1954,-1.214,-2.1206,29.5587,1.3987,90.1265
1740983409.616,3.345,1.659,1.581,2.701,-1.1919,-1.2137,-2.1269,29.5559,1.3908,90.1433
1740983409.695,3.341,1.666,1.577,2.694,-1.1884,-1.2137,-2.1337,29.5475,1.4315,90.1643
1740983409.775,3.34,1.666,1.576,2.694,-1.1849,-1.2137,-2.1399,29.5583,1.4261,90.1568
1740983409.855,3.338,1.678,1.574,2.682,-1.1814,-1.2136,-2.1462,29.5575,1.39,90.1538
1740983409.934,3.343,1.685,1.579,2.675,-1.1778,-1.2135,-2.1526,29.5453,1.306,90.1387
1740983410.014,3.343,1.696,1.579,2.664,-1.1744,-1.2135,-2.159,29.5531,1.2379,90.1606
1740983410.094,3.342,1.706,1.578,2.654,-1.1707,-1.2134,-2.1652,29.5808,1.2149,90.1603
1740983410.173,3.343,1.706,1.579,2.654,-1.1677,-1.2132,-2.1717,29.5433,1.2496,90.132
1740983410.253,3.343,1.715,1.579,2.645,-1.1642,-1.2133,-2.1779,29.5086,1.2675,90.0817
1740983410.332,3.339,1.722,1.575,2.638,-1.1611,-1.2132,-2.1842,29.4491,1.3022,90.0667
1740983410.412,3.339,1.732,1.575,2.628,-1.1575,-1.213,-2.1907,29.4396,1.2953,90.0468
1740983410.492,3.343,1.74,1.579,2.62,-1.154,-1.2128,-2.1972,29.3416,1.3227,90.06
1740983410.571,3.34,1.74,1.576,2.62,-1.1506,-1.2128,-2.2037,29.3113,1.323,90.1144
1740983410.651,3.342,1.748,1.578,2.612,-1.1473,-1.2128,-2.21,29.2843,1.3349,90.1622
1740983410.731,3.342,1.758,1.578,2.602,-1.144,-1.2126,-2.216,29.2921,1.3043,90.2046
1740983410.81,3.342,1.767,1.578,2.593,-1.1409,-1.2125,-2.2219,29.3211,1.2754,90.2822
1740983410.89,3.336,1.776,1.572,2.584,-1.1376,-1.2124,-2.2279,29.3726,1.2325,90.283
1740983410.97,3.337,1.776,1.573,2.584,-1.1345,-1.2122,-2.2336,29.4027,1.1655,90.3878
1740983411.049,3.341,1.785,1.577,2.575,-1.1311,-1.2121,-2.2398,29.3609,1.183,90.3793
1740983411.129,3.341,1.793,1.577,2.567,-1.1282,-1.212,-2.246,29.5668,1.1508,90.4254
1740983411.209,3.337,1.8,1.573,2.56,-1.1248,-1.2122,-2.2525,30.0459,1.0966,90.4277
1740983411.288,3.331,1.81,1.567,2.55,-1.1221,-1.2119,-2.2589,30.5674,1.0964,90.4176
1740983411.368,3.331,1.81,1.566,2.55,-1.1191,-1.2117,-2.2654,31.0758,1.0982,90.3575
1740983411.448,3.328,1.816,1.563,2.545,-1.1163,-1.2119,-2.2715,31.5956,1.1179,90.3423
1740983411.527,3.328,1.826,1.562,2.535,-1.1134,-1.2115,-2.2772,32.0443,1.136,90.301
1740983411.607,3.325,1.832,1.558,2.529,-1.1107,-1.2113,-2.2829,32.3015,1.1853,90.293
1740983411.686,3.323,1.832,1.556,2.53,-1.1067,-1.2114,-2.2893,32.3457,1.1844,90.3083
1740983411.766,3.323,1.84,1.556,2.522,-1.1029,-1.2111,-2.2957,32.3346,1.153,90.3347
1740983411.846,3.324,1.85,1.557,2.512,-1.0992,-1.2109,-2.3019,32.3578,1.212,90.3299
1740983411.925,3.324,1.857,1.557,2.505,-1.0954,-1.211,-2.3083,32.4464,1.1866,90.3663
1740983412.005,3.324,1.869,1.557,2.493,-1.0916,-1.2108,-2.3146,32.4754,1.2055,90.4119
1740983412.085,3.324,1.869,1.557,2.493,-1.0881,-1.2106,-2.3206,32.449,1.2316,90.4602
1740983412.164,3.323,1.877,1.556,2.485,-1.0845,-1.2105,-2.3265,32.501,1.243,90.4296
1740983412.244,3.327,1.877,1.56,2.485,-1.0808,-1.2101,-2.3325,32.5067,1.212,90.4642
1740983412.324,3.327,1.894,1.56,2.468,-1.077,-1.2104,-2.3389,32.5401,1.1705,90.4663
1740983412.403,3.327,1.904,1.56,2.458,-1.0727,-1.2101,-2.3453,32.563,1.1141,90.4453
1740983412.483,3.323,1.904,1.556,2.458,-1.069,-1.21,-2.3517,32.5451,1.1222,90.4097
1740983412.562,3.323,1.914,1.556,2.448,-1.0655,-1.2103,-2.358,32.5748,1.1341,90.4094
1740983412.642,3.328,1.923,1.561,2.439,-1.0616,-1.2098,-2.3643,32.5407,1.1396,90.3913
1740983412.722,3.328,1.931,1.561,2.431,-1.0581,-1.2096,-2.3703,32.47,1.1983,90.3439
1740983412.801,3.326,1.941,1.56,2.42,-1.0538,-1.2094,-2.3768,32.1296,1.2406,90.3479
1740983412.881,3.323,1.941,1.557,2.42,-1.05,-1.2091,-2.3832,32.0709,1.2988,90.3537
1740983412.961,3.329,1.951,1.563,2.41,-1.0462,-1.2091,-2.3896,32.0413,1.3004,90.3928
1740983413.04,3.323,1.96,1.557,2.401,-1.0427,-1.2089,-2.3957,32.0662,1.3044,90.4541
1740983413.12,3.323,1.967,1.557,2.394,-1.039,-1.2089,-2.4017,32.0525,1.266,90.501
1740983413.2,3.325,1.978,1.559,2.383,-1.0356,-1.2088,-2.4075,32.0949,1.2636,90.5212
1740983413.279,3.327,1.978,1.561,2.383,-1.0322,-1.2085,-2.4132,32.1546,1.1833,90.5975
1740983413.359,3.32,1.986,1.554,2.375,-1.0285,-1.2084,-2.4192,32.1537,1.1955,90.5811
1740983413.439,3.311,1.994,1.545,2.367,-1.0248,-1.2083,-2.425,32.1894,1.1193,90.6498
1740983413.518,3.311,2.003,1.545,2.358,-1.0213,-1.2082,-2.4307,32.1807,1.0942,90.6718
1740983413.598,3.311,2.013,1.544,2.349,-1.0178,-1.2083,-2.4368,32.2349,1.0934,90.6365
1740983413.678,3.305,2.013,1.538,2.349,-1.0139,-1.208,-2.443,32.2419,1.094,90.6485
1740983413.757,3.299,2.023,1.532,2.339,-1.0103,-1.2077,-2.4495,32.2362,1.1138,90.5897
1740983413.837,3.302,2.031,1.535,2.331,-1.0063,-1.2075,-2.4561,32.2461,1.1579,90.5199
1740983413.917,3.302,2.041,1.535,2.321,-1.0024,-1.2074,-2.4631,32.2649,1.2317,90.4391
1740983413.996,3.302,2.05,1.536,2.312,-0.9986,-1.2073,-2.4695,32.2191,1.2503,90.4389
1740983414.076,3.298,2.05,1.532,2.312,-0.9946,-1.2071,-2.4763,32.2279,1.2529,90.429
1740983414.155,3.299,2.06,1.533,2.302,-0.9908,-1.2072,-2.4831,32.2193,1.252,90.3888
1740983414.235,3.298,2.069,1.531,2.293,-0.9862,-1.207,-2.4902,32.2383,1.2269,90.3858
1740983414.315,3.298,2.078,1.531,2.284,-0.9818,-1.2069,-2.4979,32.2467,1.2273,90.4039
1740983414.394,3.296,2.088,1.529,2.274,-0.9774,-1.2064,-2.5052,32.259,1.2569,90.3415
1740983414.474,3.303,2.088,1.536,2.274,-0.9729,-1.2063,-2.5128,32.294,1.2369,90.306
1740983414.554,3.303,2.099,1.536,2.263,-0.9684,-1.2063,-2.5203,32.3091,1.2345,90.2457
1740983414.633,3.295,2.11,1.528,2.252,-0.9638,-1.2063,-2.5277,32.3571,1.1511,90.2858
1740983414.713,3.295,2.122,1.528,2.24,-0.9599,-1.2061,-2.5341,32.3163,1.1988,90.2234
1740983414.793,3.303,2.133,1.536,2.229,-0.9567,-1.206,-2.54,32.2555,1.2501,90.1988
1740983414.872,3.296,2.133,1.53,2.229,-0.9531,-1.2058,-2.546,32.221,1.2476,90.1386
1740983414.952,3.298,2.14,1.531,2.222,-0.949,-1.2057,-2.553,32.2399,1.2856,89.9985
1740983415.031,3.297,2.151,1.53,2.211,-0.9446,-1.2055,-2.5604,32.2555,1.2864,89.9396
1740983415.111,3.297,2.161,1.531,2.201,-0.9398,-1.2055,-2.5686,32.2023,1.3282,89.9094
1740983415.191,3.296,2.172,1.53,2.19,-0.9346,-1.2053,-2.5776,32.1973,1.3455,89.974
1740983415.27,3.302,2.172,1.535,2.19,-0.9286,-1.2049,-2.5875,32.286,1.2846,90.0731
1740983415.35,3.301,2.185,1.534,2.177,-0.9223,-1.2047,-2.5978,32.3893,1.2331,90.1683
1740983415.43,3.296,2.198,1.529,2.164,-0.9162,-1.2045,-2.6079,32.4244,1.2191,90.2139
1740983415.51,3.296,2.212,1.529,2.15,-0.9101,-1.2049,-2.6182,32.4726,1.2187,90.1916
1740983415.589,3.297,2.229,1.53,2.133,-0.904,-1.2041,-2.6286,32.5422,1.2729,90.1219
1740983415.669,3.3,2.229,1.533,2.133,-0.898,-1.2044,-2.639,32.583,1.3153,89.9872
1740983415.748,3.301,2.243,1.534,2.119,-0.8914,-1.2043,-2.6499,32.5738,1.3434,89.8949
1740983415.828,3.295,2.259,1.528,2.103,-0.8852,-1.2035,-2.66,32.5642,1.3582,89.8685
1740983415.908,3.295,2.274,1.527,2.089,-0.8786,-1.204,-2.6708,32.7162,1.2889,89.937
1740983415.987,3.299,2.29,1.531,2.073,-0.8719,-1.2037,-2.6816,32.7065,1.3216,89.9675
1740983416.067,3.3,2.29,1.532,2.073,-0.8654,-1.204,-2.6923,32.738,1.3408,89.9085
1740983416.147,3.296,2.307,1.528,2.056,-0.8589,-1.2038,-2.7027,32.7582,1.269,89.8494
1740983416.226,3.295,2.324,1.527,2.039,-0.8525,-1.2038,-2.7125,32.7481,1.1442,89.8921
1740983416.306,3.295,2.339,1.527,2.024,-0.8468,-1.2035,-2.7218,32.7521,1.155,89.8107
1740983416.386,3.297,2.351,1.529,2.012,-0.842,-1.203,-2.7297,32.7073,1.1827,89.7703
1740983416.465,3.295,2.351,1.527,2.012,-0.8382,-1.203,-2.7363,32.6966,1.2219,89.7176
1740983416.545,3.297,2.364,1.53,1.999,-0.8344,-1.2029,-2.7425,32.6368,1.23,89.7104
1740983416.624,3.297,2.374,1.53,1.988,-0.8299,-1.2026,-2.7499,32.5927,1.2792,89.6927
1740983416.704,3.303,2.386,1.536,1.976,-0.8254,-1.2029,-2.7575,32.6025,1.2833,89.7567
1740983416.784,3.297,2.39,1.53,1.972,-0.8212,-1.2025,-2.7644,32.5894,1.2412,89.8263
1740983416.863,3.294,2.39,1.527,1.972,-0.8166,-1.2026,-2.7716,32.5963,1.214,89.8556
1740983416.943,3.302,2.405,1.535,1.958,-0.8122,-1.2025,-2.779,32.614,1.1791,89.9014
1740983417.023,3.302,2.416,1.535,1.947,-0.807,-1.2024,-2.787,32.6265,1.1288,89.9384
1740983417.102,3.297,2.423,1.529,1.94,-0.8016,-1.2017,-2.7956,32.6921,1.0881,89.9753
1740983417.182,3.299,2.423,1.531,1.94,-0.7957,-1.2015,-2.8056,32.691,1.1388,89.8978
1740983417.262,3.296,2.436,1.528,1.927,-0.7892,-1.2021,-2.8166,32.7031,1.2037,89.8019
1740983417.341,3.295,2.451,1.527,1.912,-0.7829,-1.2013,-2.8272,32.7093,1.2592,89.7079
1740983417.421,3.295,2.468,1.527,1.895,-0.7766,-1.2017,-2.8374,32.7624,1.2241,89.6724
1740983417.5,3.297,2.481,1.529,1.882,-0.7709,-1.2015,-2.8467,32.7587,1.2416,89.6804
1740983417.58,3.298,2.481,1.53,1.882,-0.7648,-1.2012,-2.8567,32.8655,1.2124,89.7334
1740983417.66,3.302,2.493,1.534,1.87,-0.7593,-1.2012,-2.8654,32.8532,1.2133,89.7748
1740983417.74,3.296,2.507,1.528,1.856,-0.7549,-1.2016,-2.8729,32.9046,1.2075,89.8074
1740983417.819,3.296,2.524,1.528,1.839,-0.7508,-1.2016,-2.8794,32.9699,1.1616,89.8413
1740983417.899,3.296,2.529,1.528,1.834,-0.7466,-1.2012,-2.8862,32.9512,1.1518,89.8141
1740983417.979,3.297,2.529,1.529,1.834,-0.7419,-1.2012,-2.8936,32.9507,1.1825,89.7791
1740983418.058,3.296,2.543,1.528,1.82,-0.7373,-1.201,-2.9011,32.9655,1.1983,89.7472
1740983418.138,3.3,2.55,1.531,1.813,-0.7324,-1.2015,-2.9096,32.9951,1.248,89.7616
1740983418.217,3.3,2.562,1.532,1.801,-0.7275,-1.2014,-2.9179,32.9727,1.3279,89.68
1740983418.297,3.297,2.578,1.528,1.786,-0.7226,-1.2009,-2.9259,32.9977,1.3592,89.6737
1740983418.377,3.294,2.578,1.525,1.786,-0.7177,-1.2008,-2.9341,33.0396,1.4305,89.6819
1740983418.456,3.301,2.591,1.532,1.773,-0.7126,-1.2003,-2.9422,33.0744,1.3941,89.7503
1740983418.536,3.299,2.6,1.53,1.764,-0.707,-1.201,-2.9512,33.0983,1.3669,89.8094
1740983418.615,3.299,2.608,1.53,1.756,-0.7014,-1.2008,-2.96,33.1425,1.321,89.8582
1740983418.695,3.296,2.626,1.527,1.738,-0.6956,-1.2004,-2.9688,33.2227,1.2323,89.9579
1740983418.775,3.291,2.626,1.522,1.738,-0.6901,-1.1998,-2.9779,33.2376,1.261,89.9436
1740983418.854,3.292,2.638,1.522,1.726,-0.6843,-1.2005,-2.9875,33.3308,1.3148,89.8965
1740983418.934,3.289,2.647,1.519,1.718,-0.6788,-1.1996,-2.9966,33.3481,1.3744,89.7802
1740983419.014,3.289,2.66,1.519,1.705,-0.6727,-1.1996,-3.0064,33.4255,1.4197,89.7367
1740983419.094,3.297,2.672,1.527,1.693,-0.6672,-1.1996,-3.0156,33.4143,1.4534,89.7258
1740983419.173,3.296,2.672,1.526,1.693,-0.6616,-1.1983,-3.0243,33.4275,1.4937,89.7224
1740983419.253,3.299,2.686,1.529,1.679,-0.6554,-1.1988,-3.0341,33.5377,1.472,89.7467
1740983419.332,3.295,2.704,1.525,1.661,-0.6494,-1.1991,-3.0441,33.5746,1.5409,89.722
1740983419.412,3.295,2.715,1.524,1.65,-0.6433,-1.1993,-3.0539,33.6033,1.5377,89.7507
1740983419.492,3.296,2.732,1.525,1.634,-0.6366,-1.1986,-3.0642,33.711,1.501,89.7129
1740983419.571,3.297,2.732,1.526,1.634,-0.6296,-1.1985,-3.0752,33.7025,1.5119,89.6273
1740983419.651,3.299,2.741,1.528,1.625,-0.623,-1.1987,-3.086,33.6807,1.5925,89.5706
1740983419.731,3.306,2.766,1.535,1.6,-0.6167,-1.1987,-3.0963,33.7368,1.6534,89.5264
1740983419.81,3.306,2.779,1.535,1.587,-0.6104,-1.1978,-3.1063,33.7867,1.6728,89.5149
1740983419.89,3.302,2.779,1.531,1.587,-0.6046,-1.1979,-3.1158,33.7944,1.7234,89.5563
1740983419.97,3.301,2.779,1.53,1.587,-0.5983,-1.198,-3.1248,33.8029,1.6095,89.6558
1740983420.049,3.302,2.805,1.531,1.561,-0.5922,-1.1979,-3.1344,33.8569,1.5812,89.6654
1740983420.129,3.306,2.818,1.534,1.549,-0.5859,-1.1979,-3.1442,33.9093,1.5327,89.7302
1740983420.209,3.306,2.83,1.534,1.537,-0.5794,-1.1976,-3.154,33.9664,1.5126,89.7109
1740983420.288,3.303,2.85,1.531,1.517,-0.5731,-1.198,-3.164,34.0215,1.5031,89.7111
1740983420.368,3.303,2.85,1.531,1.517,-0.5663,-1.1981,-3.175,34.0,1.5714,89.6211
1740983420.447,3.303,2.866,1.531,1.501,-0.5594,-1.1976,-3.1854,33.9725,1.586,89.5646
1740983420.527,3.304,2.873,1.532,1.494,-0.5534,-1.1974,-3.1953,33.9916,1.6687,89.5252
1740983420.607,3.304,2.896,1.532,1.471,-0.547,-1.1967,-3.2051,33.9678,1.6649,89.5667
1740983420.686,3.31,2.905,1.539,1.461,-0.5433,-1.1968,-3.2102,33.8121,1.4062,90.8998
1740983420.766,3.306,2.905,1.534,1.462,-0.5413,-1.1952,-3.2133,33.8771,1.5324,91.7133
1740983420.846,3.306,2.923,1.535,1.443,-0.537,-1.1942,-3.2204,33.8094,1.5775,92.0768
1740983420.925,3.305,2.923,1.534,1.444,-0.5282,-1.1941,-3.2332,33.8256,1.4173,92.1111
1740983421.005,3.305,2.932,1.534,1.435,-0.5178,-1.1941,-3.2504,33.8188,1.6274,91.3207
1740983421.084,3.312,2.959,1.54,1.408,-0.5045,-1.1967,-3.2703,33.9958,1.626,89.3536
1740983421.164,3.313,2.959,1.541,1.408,-0.4946,-1.196,-3.2866,33.9642,1.66,89.3074
1740983421.244,3.309,2.982,1.537,1.385,-0.4871,-1.1958,-3.2968,33.9009,1.5831,89.3519
1740983421.323,3.314,3.01,1.542,1.357,-0.483,-1.196,-3.304,33.9277,1.6042,89.4081
1740983421.403,3.314,3.019,1.542,1.348,-0.4789,-1.1959,-3.3096,33.8919,1.5079,89.4701
1740983421.483,3.317,3.035,1.545,1.332,-0.4751,-1.1957,-3.3157,33.9853,1.5194,89.549
1740983421.562,3.311,3.035,1.541,1.331,-0.4686,-1.1948,-3.3238,33.4803,1.3284,89.315
1740983421.642,3.311,3.041,1.54,1.325,-0.4625,-1.194,-3.334,33.6849,1.4174,87.9798
1740983421.722,3.309,3.058,1.537,1.309,-0.4565,-1.1933,-3.3447,33.9854,1.5545,87.2629
1740983421.801,3.309,3.074,1.536,1.294,-0.4475,-1.1928,-3.359,34.1676,1.6086,87.1393
1740983421.881,3.311,3.093,1.537,1.276,-0.439,-1.1936,-3.3741,34.4042,1.8833,87.7051
1740983421.961,3.314,3.093,1.543,1.274,-0.4308,-1.1947,-3.3853,33.8385,1.5764,89.8539
1740983422.04,3.32,3.117,1.547,1.251,-0.4226,-1.1951,-3.3978,34.113,1.5949,89.5669
1740983422.12,3.321,3.121,1.549,1.247,-0.4162,-1.1947,-3.403,34.0194,0.7284,90.5481
1740983422.2,3.321,3.14,1.548,1.228,-0.4155,-1.1941,-3.4041,34.1513,0.674,90.7309
1740983422.279,3.32,3.146,1.548,1.222,-0.4157,-1.1943,-3.4037,34.082,0.61,90.5716
1740983422.359,3.319,3.146,1.546,1.222,-0.4156,-1.1943,-3.4035,34.1172,0.5417,90.6362
1740983422.438,3.321,3.153,1.548,1.216,-0.4154,-1.194,-3.404,34.2863,0.4903,90.8633
1740983422.518,3.321,3.147,1.547,1.222,-0.4143,-1.1928,-3.4067,34.4484,0.6238,91.7649
1740983422.598,3.321,3.155,1.547,1.214,-0.4104,-1.1915,-3.4173,34.3977,1.5695,92.1142
1740983422.677,3.321,3.155,1.544,1.217,-0.4016,-1.1906,-3.4322,35.088,1.6667,92.1416
1740983422.757,3.316,3.155,1.538,1.219,-0.3913,-1.1916,-3.4537,35.3253,2.9055,90.0279
1740983422.837,3.316,3.181,1.532,1.198,-0.3761,-1.1933,-3.4713,36.3383,1.764,89.0751
1740983422.916,3.347,3.202,1.562,1.178,-0.3666,-1.1923,-3.4823,36.469,1.5712,89.6899
1740983422.996,3.347,3.234,1.561,1.147,-0.3619,-1.1928,-3.4901,36.5278,1.5647,89.8881
1740983423.076,3.327,3.234,1.541,1.148,-0.3575,-1.1928,-3.4964,36.6165,1.5556,89.9181
1740983423.155,3.329,3.252,1.542,1.131,-0.3527,-1.1925,-3.5032,36.7772,1.5973,89.9138
1740983423.235,3.331,3.266,1.543,1.118,-0.3471,-1.1926,-3.5116,36.9449,1.6398,89.9382
1740983423.315,3.331,3.273,1.547,1.107,-0.3411,-1.1917,-3.5175,36.3308,1.1413,89.6265
1740983423.394,3.34,3.287,1.554,1.094,-0.3393,-1.1905,-3.521,36.5089,1.2343,89.0849
1740983423.474,3.339,3.287,1.554,1.094,-0.3364,-1.191,-3.5244,36.4851,1.2116,88.7888
1740983423.554,3.333,3.3,1.547,1.082,-0.3324,-1.1904,-3.5301,36.5819,1.1056,88.4821
1740983423.633,3.338,3.296,1.549,1.089,-0.3256,-1.1895,-3.5424,37.0053,1.7334,87.5457
1740983423.713,3.338,3.307,1.55,1.077,-0.315,-1.1892,-3.5578,36.9122,1.6264,87.456
1740983423.792,3.34,3.334,1.554,1.048,-0.3064,-1.19,-3.571,36.6475,1.9089,88.1231
1740983423.872,3.335,3.334,1.553,1.044,-0.2986,-1.1913,-3.5802,35.9036,1.623,89.8873
1740983423.952,3.342,3.351,1.56,1.027,-0.2936,-1.1908,-3.5879,36.004,1.5928,89.9392
1740983424.031,3.339,3.359,1.556,1.02,-0.2904,-1.1907,-3.5929,36.1207,1.5913,89.9863
1740983424.111,3.339,3.377,1.554,1.004,-0.2873,-1.1905,-3.5974,36.3531,1.5406,90.0822
1740983424.191,3.336,3.379,1.549,1.004,-0.2834,-1.1903,-3.6039,36.6809,1.5593,90.0872
1740983424.27,3.342,3.379,1.552,1.007,-0.2777,-1.19,-3.6123,37.0861,1.5262,90.0918
1740983424.35,3.34,3.395,1.551,0.991,-0.2712,-1.1898,-3.6218,37.0585,1.5355,90.05
1740983424.43,3.343,3.408,1.554,0.977,-0.2636,-1.1892,-3.6319,36.9775,1.5466,89.9631
1740983424.509,3.343,3.42,1.555,0.965,-0.2573,-1.1901,-3.6414,36.9012,1.5602,89.915
1740983424.589,3.342,3.438,1.554,0.947,-0.2511,-1.1892,-3.6493,36.8624,1.4958,89.9515
1740983424.668,3.342,3.438,1.554,0.946,-0.2453,-1.1889,-3.657,36.8019,1.4104,90.0221
1740983424.748,3.344,3.449,1.557,0.935,-0.24,-1.1887,-3.6644,36.7609,1.3982,90.0929
1740983424.828,3.346,3.461,1.559,0.923,-0.2345,-1.1885,-3.6721,36.7002,1.4069,90.1246
1740983424.907,3.346,3.469,1.559,0.915,-0.2287,-1.1882,-3.6803,36.7273,1.4423,90.1314
1740983424.987,3.352,3.485,1.566,0.898,-0.2225,-1.1889,-3.6891,36.6016,1.4169,90.2018
1740983425.067,3.349,3.485,1.566,0.894,-0.2158,-1.1883,-3.6981,36.062,1.5005,90.1554
1740983425.147,3.352,3.497,1.573,0.879,-0.2092,-1.1882,-3.7063,35.4376,1.5141,90.1538
1740983425.226,3.345,3.506,1.569,0.867,-0.2025,-1.188,-3.7148,34.8457,1.4265,90.1151
1740983425.306,3.345,3.519,1.573,0.85,-0.196,-1.1874,-3.7229,34.0643,1.4013,90.094
1740983425.385,3.351,3.53,1.582,0.836,-0.1895,-1.1872,-3.7314,33.2559,1.3808,90.164
1740983425.465,3.348,3.53,1.579,0.835,-0.1836,-1.1871,-3.7407,33.0229,1.4153,90.1757
1740983425.545,3.342,3.537,1.573,0.828,-0.1778,-1.1875,-3.7503,33.0284,1.3795,90.2168
1740983425.624,3.339,3.554,1.57,0.811,-0.1723,-1.1881,-3.7592,32.9946,1.3967,90.2461
1740983425.704,3.339,3.564,1.57,0.801,-0.1674,-1.1861,-3.7673,32.9986,1.422,90.2616
1740983425.784,3.341,3.577,1.572,0.788,-0.1619,-1.1858,-3.7756,32.9951,1.3585,90.2869
1740983425.863,3.343,3.577,1.574,0.788,-0.1564,-1.1855,-3.7846,32.9782,1.3412,90.2464
1740983425.943,3.342,3.59,1.574,0.775,-0.1504,-1.1859,-3.7939,32.9472,1.328,90.2281
1740983426.023,3.34,3.603,1.572,0.762,-0.1447,-1.1858,-3.8034,32.8812,1.3676,90.1592
1740983426.102,3.34,3.616,1.572,0.749,-0.1391,-1.1849,-3.8126,32.8937,1.3524,90.1141
1740983426.182,3.343,3.628,1.575,0.736,-0.1329,-1.1857,-3.8227,32.8387,1.3055,90.1048
1740983426.261,3.341,3.628,1.573,0.736,-0.1271,-1.1854,-3.8321,32.8043,1.3434,90.0637
1740983426.341,3.346,3.642,1.578,0.722,-0.1216,-1.1858,-3.8413,32.8075,1.2964,90.1259
1740983426.421,3.341,3.658,1.573,0.707,-0.1171,-1.1843,-3.8485,32.8784,1.3882,90.1502
1740983426.5,3.341,3.671,1.572,0.694,-0.1142,-1.1841,-3.8546,33.0422,1.6342,90.1009
1740983426.58,3.345,3.686,1.576,0.68,-0.1128,-1.1836,-3.8606,33.1436,2.3072,89.8891
1740983426.66,3.343,3.686,1.574,0.68,-0.1094,-1.183,-3.8685,33.135,2.656,89.7543
1740983426.739,3.349,3.691,1.58,0.674,-0.0984,-1.1836,-3.8792,33.0937,1.2423,90.2276
1740983426.819,3.335,3.7,1.566,0.666,-0.0888,-1.1832,-3.8935,33.1963,1.1058,90.0712
1740983426.899,3.335,3.719,1.567,0.646,-0.081,-1.1829,-3.9044,32.9478,0.7569,90.6299
1740983426.978,3.349,3.739,1.58,0.626,-0.0803,-1.1821,-3.9063,32.9861,0.9199,91.3836
1740983427.058,3.352,3.739,1.583,0.626,-0.08,-1.1818,-3.9067,33.0128,0.961,91.6506
1740983427.138,3.351,3.748,1.583,0.617,-0.0792,-1.1807,-3.9087,32.9434,1.0611,92.1822
1740983427.217,3.353,3.748,1.584,0.617,-0.0738,-1.1804,-3.918,32.9767,1.1611,92.4104
1740983427.297,3.353,3.754,1.584,0.611,-0.0648,-1.18,-3.9321,32.9848,1.1243,92.5707
1740983427.376,3.352,3.771,1.584,0.594,-0.0538,-1.181,-3.9517,32.9546,1.4944,90.9901
1740983427.456,3.346,3.771,1.577,0.595,-0.0411,-1.1819,-3.9705,33.2719,1.1569,89.7281
1740983427.536,3.329,3.792,1.558,0.576,-0.0336,-1.1806,-3.9827,33.6357,1.4668,88.8902
1740983427.615,3.353,3.822,1.583,0.545,-0.0293,-1.1811,-3.9889,33.4462,1.3895,88.9657
1740983427.695,3.353,3.843,1.584,0.523,-0.0261,-1.181,-3.9933,33.1638,1.3046,89.6979
1740983427.775,3.351,3.851,1.582,0.515,-0.0202,-1.1814,-4.0018,33.1504,1.0905,89.9887
1740983427.854,3.343,3.851,1.574,0.515,-0.0143,-1.1816,-4.0113,33.2474,1.077,90.0593
1740983427.934,3.348,3.863,1.579,0.502,-0.0086,-1.1818,-4.0209,33.0175,1.0539,89.8635
1740983428.014,3.348,3.875,1.579,0.491,-0.0038,-1.1801,-4.0277,33.0997,0.914,88.98
1740983428.093,3.348,3.888,1.579,0.478,-0.0004,-1.1791,-4.033,33.2575,0.9571,88.4047
1740983428.173,3.348,3.888,1.578,0.479,0.004,-1.1786,-4.0418,33.481,1.1149,87.9526
1740983428.252,3.355,3.901,1.584,0.467,0.0123,-1.1775,-4.0547,33.7199,1.1017,88.0144
1740983428.332,3.349,3.91,1.577,0.46,0.0214,-1.1779,-4.0691,33.9953,1.1062,88.453
1740983428.412,3.356,3.93,1.587,0.436,0.0295,-1.1801,-4.0809,33.2302,0.9756,90.3839
1740983428.492,3.356,3.948,1.586,0.419,0.0373,-1.1802,-4.0934,33.5169,0.9006,90.691
1740983428.571,3.354,3.948,1.583,0.42,0.0412,-1.1796,-4.1003,33.6902,0.9802,90.7309
1740983428.651,3.359,3.962,1.588,0.406,0.0447,-1.1793,-4.1054,33.5689,0.9495,90.8164
1740983428.73,3.355,3.976,1.584,0.392,0.0478,-1.1788,-4.1104,33.6946,0.9781,90.7596
1740983428.81,3.356,3.984,1.585,0.384,0.0518,-1.1788,-4.117,33.7374,0.9503,90.8982
1740983428.89,3.356,3.993,1.584,0.376,0.0575,-1.1783,-4.1262,33.9011,0.9706,90.8363
1740983428.969,3.352,3.993,1.58,0.377,0.064,-1.1776,-4.1361,34.0068,0.9469,90.9031
1740983429.049,3.356,4.004,1.584,0.366,0.0708,-1.1782,-4.1468,34.0519,0.9171,90.8424
1740983429.129,3.359,4.02,1.586,0.351,0.0779,-1.1783,-4.1578,34.2368,0.8374,90.8457
1740983429.208,3.359,4.037,1.586,0.334,0.084,-1.1776,-4.1673,34.2588,0.8631,90.7795
1740983429.288,3.359,4.054,1.585,0.317,0.0892,-1.1762,-4.1755,34.3115,0.9186,90.6851
1740983429.368,3.362,4.054,1.589,0.317,0.0929,-1.1764,-4.1806,34.2693,0.8662,90.6933
1740983429.447,3.362,4.063,1.589,0.308,0.093,-1.177,-4.1812,34.2702,0.8977,90.6615
1740983429.527,3.363,4.076,1.59,0.295,0.0926,-1.1772,-4.1809,34.2651,0.9044,90.6482
1740983429.606,3.355,4.076,1.582,0.295,0.0926,-1.1771,-4.1806,34.2665,0.8948,90.6505
1740983429.686,3.355,4.076,1.582,0.295,0.0925,-1.177,-4.1807,34.2693,0.9098,90.6361
1740983429.766,3.361,4.076,1.588,0.295,0.0926,-1.177,-4.1807,34.2676,0.9136,90.6317
1740983429.846,3.354,4.076,1.581,0.295,0.0927,-1.177,-4.1808,34.2686,0.919,90.6179
1740983429.925,3.36,4.077,1.587,0.294,0.0925,-1.177,-4.1807,34.2647,0.9199,90.6128
1740983430.005,3.36,4.079,1.587,0.292,0.0927,-1.1771,-4.1808,34.2676,0.9171,90.6037
1740983430.084,3.36,4.077,1.587,0.294,0.0926,-1.1771,-4.1808,34.2677,0.9276,90.5988
1740983430.164,3.363,4.077,1.59,0.294,0.0926,-1.177,-4.1808,34.2694,0.9296,90.5938
1740983430.244,3.361,4.076,1.588,0.295,0.0926,-1.1771,-4.1808,34.2655,0.928,90.5879
1740983430.323,3.358,4.076,1.585,0.295,0.0925,-1.1771,-4.1807,34.2634,0.9236,90.5857
1740983430.403,3.358,4.077,1.585,0.294,0.0926,-1.177,-4.1808,34.2608,0.9287,90.5738
1740983430.483,3.355,4.076,1.582,0.295,0.0926,-1.177,-4.1807,34.2643,0.9263,90.5885
1740983430.562,3.36,4.076,1.587,0.295,0.0926,-1.177,-4.1807,34.2681,0.9324,90.5667
1740983430.642,3.358,4.078,1.585,0.293,0.0926,-1.1771,-4.1808,34.2653,0.9402,90.5516
1740983430.722,3.36,4.076,1.587,0.295,0.0926,-1.1771,-4.1809,34.2701,0.9396,90.5577
1740983430.801,3.36,4.079,1.587,0.292,0.0925,-1.1771,-4.1806,34.2672,0.9377,90.5661
1740983430.881,3.36,4.076,1.587,0.295,0.0927,-1.1772,-4.1809,34.2678,0.934,90.554
1740983430.96,3.36,4.076,1.587,0.295,0.0926,-1.1771,-4.1809,34.269,0.937,90.5545
1740983431.04,3.36,4.076,1.587,0.295,0.0925,-1.177,-4.1809,34.27,0.942,90.5551
1740983431.12,3.36,4.078,1.587,0.293,0.0926,-1.1771,-4.181,34.2757,0.936,90.5519
1740983431.199,3.36,4.076,1.587,0.295,0.0926,-1.1771,-4.1808,34.2716,0.93,90.5672
1740983431.279,3.357,4.077,1.584,0.294,0.0926,-1.1771,-4.181,34.2633,0.9314,90.5683
1740983431.359,3.361,4.077,1.588,0.294,0.0926,-1.1771,-4.1809,34.2666,0.928,90.5727
1740983431.438,3.36,4.077,1.587,0.294,0.0925,-1.1771,-4.1809,34.2701,0.9352,90.5663
1740983431.518,3.357,4.077,1.584,0.294,0.0927,-1.1771,-4.1809,34.2672,0.9348,90.5589
1740983431.598,3.357,4.077,1.584,0.294,0.0926,-1.1771,-4.1808,34.2646,0.9365,90.5565
1740983431.677,3.355,4.078,1.582,0.293,0.0928,-1.1771,-4.1811,34.2747,0.9393,90.5407
1740983431.757,3.355,4.078,1.582,0.293,0.0925,-1.1771,-4.1809,34.2748,0.9421,90.5559
1740983431.837,3.361,4.076,1.588,0.295,0.0927,-1.1771,-4.181,34.2712,0.9342,90.5523
1740983431.916,3.357,4.077,1.584,0.294,0.0926,-1.1771,-4.1809,34.271,0.9339,90.5499
1740983431.996,3.357,4.077,1.584,0.294,0.0926,-1.1771,-4.1809,34.2733,0.9288,90.5577
1740983432.075,3.358,4.078,1.585,0.293,0.0926,-1.1771,-4.1808,34.2736,0.9274,90.5587
1740983444.221,3.546,4.094,1.779,0.27,0.2653,-1.1721,-4.0986,32.4337,1.3848,90.4108
1740983444.301,3.542,4.094,1.775,0.27,0.2653,-1.1721,-4.0988,32.4334,1.3842,90.4079
1740983444.38,3.542,4.095,1.775,0.269,0.2654,-1.1721,-4.0987,32.4356,1.3776,90.4177
1740983444.46,3.544,4.095,1.777,0.269,0.2654,-1.172,-4.0986,32.4319,1.384,90.4188
1740983444.54,3.544,4.095,1.777,0.269,0.2653,-1.1721,-4.0986,32.4313,1.3819,90.4158
1740983444.619,3.54,4.093,1.773,0.271,0.2654,-1.1721,-4.0987,32.4217,1.3817,90.4099
1740983444.699,3.544,4.094,1.777,0.27,0.2653,-1.1721,-4.0985,32.4191,1.3844,90.4163
1740983444.779,3.544,4.093,1.777,0.271,0.2654,-1.1721,-4.0987,32.4183,1.387,90.4063
1740983444.858,3.542,4.095,1.775,0.269,0.2653,-1.1721,-4.0987,32.4176,1.3861,90.4168
1740983444.938,3.546,4.095,1.779,0.269,0.2653,-1.172,-4.0986,32.4123,1.3907,90.4051
1740983445.018,3.545,4.094,1.778,0.27,0.2653,-1.1721,-4.0986,32.4095,1.3901,90.4041
1740983445.097,3.545,4.094,1.778,0.27,0.2652,-1.1721,-4.0987,32.4108,1.397,90.3992
1740983445.177,3.545,4.094,1.778,0.27,0.2654,-1.1722,-4.0988,32.4067,1.398,90.393
1740983445.256,3.541,4.094,1.774,0.27,0.2652,-1.1721,-4.0986,32.411,1.3943,90.4015
1740983445.336,3.543,4.094,1.776,0.27,0.2653,-1.1721,-4.0986,32.4126,1.3889,90.4069
1740983445.416,3.542,4.094,1.775,0.27,0.2654,-1.1722,-4.0989,32.4109,1.3949,90.3979
1740983445.495,3.545,4.093,1.778,0.271,0.2653,-1.1721,-4.0987,32.4118,1.4003,90.4005
1740983445.575,3.545,4.096,1.778,0.268,0.2655,-1.1722,-4.0988,32.4092,1.3926,90.3995
1740983445.655,3.545,4.095,1.778,0.269,0.2653,-1.1721,-4.0987,32.4142,1.4006,90.3904
1740983445.734,3.548,4.095,1.781,0.269,0.2653,-1.1721,-4.0988,32.4113,1.4011,90.3882
1740983445.814,3.545,4.094,1.778,0.27,0.2653,-1.1721,-4.0987,32.4093,1.4036,90.3907
1740983445.894,3.542,4.094,1.775,0.27,0.2654,-1.1721,-4.0989,32.4127,1.3999,90.3971
1740983445.973,3.542,4.093,1.775,0.271,0.2653,-1.1721,-4.0988,32.4168,1.3969,90.4136
1740983446.053,3.543,4.093,1.776,0.271,0.2652,-1.1721,-4.0987,32.4215,1.3935,90.4245
1740983446.133,3.546,4.094,1.779,0.27,0.2654,-1.1721,-4.0988,32.4278,1.3958,90.4243
1740983446.212,3.544,4.092,1.777,0.272,0.2652,-1.1721,-4.0987,32.4266,1.4074,90.4261
1740983446.292,3.542,4.094,1.775,0.27,0.2652,-1.172,-4.0987,32.4317,1.3999,90.4208
1740983446.371,3.542,4.093,1.775,0.271,0.2654,-1.1721,-4.0987,32.4359,1.3842,90.4368
1740983446.451,3.542,4.093,1.775,0.271,0.2652,-1.1721,-4.0987,32.4429,1.3878,90.446
1740983446.531,3.546,4.092,1.779,0.272,0.2654,-1.1721,-4.0989,32.4332,1.3872,90.4383
1740983446.61,3.541,4.094,1.774,0.27,0.2653,-1.1722,-4.0987,32.4377,1.3829,90.446
1740983446.69,3.546,4.092,1.779,0.272,0.2652,-1.1721,-4.0988,32.4274,1.3925,90.4424
1740983446.77,3.546,4.093,1.779,0.271,0.2654,-1.1722,-4.0989,32.4201,1.3919,90.4326
1740983446.849,3.541,4.093,1.774,0.271,0.2651,-1.1721,-4.0987,32.4168,1.4017,90.428
1740983446.929,3.548,4.093,1.781,0.271,0.2653,-1.1721,-4.0987,32.4138,1.3958,90.4259
1740983447.009,3.544,4.094,1.777,0.27,0.2652,-1.1721,-4.0987,32.4238,1.4017,90.417
1740983447.088,3.545,4.095,1.778,0.269,0.2655,-1.1722,-4.0988,32.4238,1.4041,90.3979
1740983447.168,3.545,4.093,1.778,0.271,0.2643,-1.1721,-4.0972,32.4079,1.3879,90.4033
1740983447.248,3.548,4.093,1.781,0.271,0.261,-1.1721,-4.092,32.5054,1.4517,90.3982
1740983447.327,3.549,4.092,1.781,0.272,0.2558,-1.1722,-4.0838,32.6179,1.429,90.4233
1740983447.407,3.543,4.089,1.775,0.276,0.2499,-1.1727,-4.0743,32.7302,1.4006,90.45
1740983447.486,3.543,4.075,1.775,0.29,0.2434,-1.1732,-4.0647,32.7382,1.5218,90.4622
1740983447.566,3.546,4.06,1.778,0.305,0.2386,-1.1735,-4.057,32.7694,1.5112,90.4658
1740983447.646,3.546,4.06,1.778,0.305,0.2347,-1.1733,-4.051,32.7781,1.532,90.4377
1740983447.725,3.545,4.048,1.777,0.317,0.2316,-1.1734,-4.046,32.7884,1.5533,90.3976
1740983447.805,3.538,4.039,1.77,0.326,0.2279,-1.1735,-4.0406,32.862,1.6061,90.3865
1740983447.885,3.538,4.03,1.77,0.335,0.2247,-1.1737,-4.0355,32.8481,1.5935,90.3016
1740983447.964,3.532,4.022,1.764,0.343,0.2214,-1.1738,-4.03,32.8686,1.5252,90.2924
1740983448.044,3.533,4.022,1.764,0.343,0.2174,-1.174,-4.0238,32.8946,1.5494,90.2306
1740983448.124,3.533,4.018,1.764,0.347,0.2133,-1.1743,-4.0176,32.9029,1.5482,90.1891
1740983448.203,3.529,4.006,1.76,0.36,0.2094,-1.1743,-4.0113,33.0646,1.5101,90.2065
1740983448.283,3.531,3.997,1.762,0.369,0.2055,-1.1747,-4.0056,33.0894,1.5324,90.1537
1740983448.363,3.531,3.987,1.762,0.379,0.2019,-1.1746,-4.0,33.1972,1.5137,90.0975
1740983448.442,3.528,3.987,1.758,0.379,0.1984,-1.1749,-3.9946,33.2553,1.52,90.0649
1740983448.522,3.537,3.979,1.767,0.388,0.1946,-1.1748,-3.9885,33.3029,1.5258,90.0761
1740983448.602,3.53,3.97,1.76,0.397,0.1908,-1.175,-3.9826,33.3415,1.5257,90.0782
1740983448.681,3.529,3.963,1.759,0.404,0.1868,-1.175,-3.9766,33.3079,1.606,90.0828
1740983448.761,3.529,3.953,1.759,0.413,0.183,-1.1752,-3.9706,33.2584,1.5889,90.0832
1740983448.84,3.528,3.953,1.758,0.414,0.1791,-1.1754,-3.9646,33.3102,1.645,90.0701
1740983448.92,3.53,3.944,1.761,0.421,0.1786,-1.175,-3.9619,32.9733,1.3173,89.9281
1740983449.0,3.536,3.933,1.767,0.433,0.1788,-1.1749,-3.9618,33.1045,1.1742,89.942
1740983449.079,3.539,3.93,1.769,0.436,0.1786,-1.1749,-3.9618,33.2221,1.2699,89.6165
1740983449.159,3.539,3.932,1.77,0.433,0.1777,-1.1744,-3.9601,32.9996,1.1994,89.0301
1740983449.239,3.538,3.932,1.769,0.434,0.1745,-1.1737,-3.9551,33.0706,1.2627,88.3027
1740983449.318,3.535,3.93,1.766,0.436,0.1687,-1.1738,-3.9466,33.147,1.3831,87.8058
1740983449.398,3.539,3.93,1.769,0.436,0.1614,-1.1738,-3.936,33.2204,1.4838,87.6243
1740983449.478,3.533,3.921,1.764,0.445,0.155,-1.174,-3.9255,33.1338,1.3541,87.8067
1740983449.557,3.533,3.904,1.764,0.462,0.1497,-1.1744,-3.9174,33.1464,1.3658,87.888
1740983449.637,3.529,3.904,1.76,0.462,0.1462,-1.1744,-3.9124,33.1501,1.4395,87.8262
1740983449.717,3.525,3.888,1.756,0.478,0.1435,-1.1746,-3.9083,33.1109,1.4223,87.9726
1740983449.796,3.532,3.88,1.763,0.486,0.1398,-1.1751,-3.9024,33.1264,1.4267,88.3744
1740983449.876,3.534,3.872,1.766,0.492,0.1325,-1.1768,-3.8904,32.6666,1.4847,90.0839
1740983449.956,3.534,3.861,1.766,0.503,0.1267,-1.1771,-3.8819,32.619,1.7783,89.7907
1740983450.035,3.538,3.861,1.77,0.503,0.123,-1.1772,-3.8762,32.5555,1.7852,89.7721
1740983450.115,3.528,3.838,1.761,0.525,0.1207,-1.1773,-3.8726,32.4174,1.7988,89.7098
1740983450.194,3.535,3.828,1.768,0.535,0.1188,-1.1774,-3.8696,32.3948,1.8024,89.699
1740983450.274,3.537,3.824,1.77,0.539,0.1163,-1.1774,-3.8654,32.3339,1.7856,89.6806
1740983450.354,3.537,3.818,1.77,0.545,0.1128,-1.1776,-3.8596,32.2471,1.8008,89.6404
1740983450.433,3.536,3.818,1.77,0.545,0.1089,-1.1775,-3.8526,32.0738,1.7693,89.5976
1740983450.513,3.54,3.813,1.773,0.551,0.1068,-1.1771,-3.8456,32.4673,0.9732,90.4129
1740983450.593,3.542,3.801,1.774,0.563,0.1063,-1.1766,-3.8425,32.5674,0.6472,90.7627
1740983450.672,3.542,3.793,1.774,0.571,0.1066,-1.1767,-3.8423,32.61,0.5881,90.7293
1740983450.752,3.546,3.793,1.779,0.571,0.1062,-1.1767,-3.8409,32.5194,0.3453,90.891
1740983450.832,3.539,3.793,1.772,0.571,0.1049,-1.176,-3.8352,32.5094,-0.3147,91.2687
1740983450.911,3.542,3.791,1.775,0.573,0.1005,-1.1756,-3.8247,32.4837,-0.8933,91.6295
1740983450.991,3.549,3.788,1.782,0.575,0.092,-1.1751,-3.8117,32.443,-0.6657,92.0828
1740983451.071,3.549,3.773,1.781,0.591,0.0832,-1.1761,-3.7996,32.5913,-0.2665,92.2523
1740983451.15,3.551,3.752,1.783,0.612,0.0747,-1.176,-3.7885,32.7711,0.2876,92.3996
1740983451.23,3.55,3.752,1.782,0.613,0.0695,-1.176,-3.7794,32.8416,0.1674,92.4156
1740983451.31,3.545,3.734,1.776,0.631,0.0654,-1.1766,-3.7734,32.8891,0.3195,92.0234
1740983451.389,3.543,3.721,1.775,0.643,0.0615,-1.1778,-3.7691,32.6325,0.661,90.9435
1740983451.469,3.543,3.71,1.777,0.652,0.0568,-1.179,-3.7655,32.0656,1.4746,90.034
1740983451.548,3.541,3.71,1.775,0.652,0.0546,-1.1796,-3.7622,32.0944,1.6071,89.9624
1740983451.628,3.533,3.704,1.767,0.658,0.0528,-1.1793,-3.7594,32.0478,1.6011,89.9278
1740983451.708,3.533,3.697,1.767,0.665,0.0503,-1.1792,-3.7553,32.0543,1.6071,89.8914
1740983451.787,3.535,3.693,1.769,0.669,0.0469,-1.1793,-3.7497,31.9922,1.6056,89.9002
1740983451.867,3.535,3.688,1.769,0.674,0.0431,-1.1793,-3.7431,32.0728,1.494,89.9657
1740983451.947,3.535,3.688,1.769,0.674,0.0393,-1.1798,-3.7362,32.0258,1.3953,90.0372
1740983452.026,3.541,3.677,1.775,0.685,0.0353,-1.1797,-3.7292,31.9539,1.3142,90.1407
1740983452.106,3.537,3.665,1.771,0.697,0.0317,-1.1798,-3.723,31.8528,1.3084,90.2137
1740983452.186,3.539,3.657,1.773,0.705,0.0287,-1.1799,-3.7178,31.8685,1.2832,90.2739
1740983452.265,3.539,3.649,1.773,0.713,0.0256,-1.18,-3.7125,31.7772,1.3001,90.2697
1740983452.345,3.539,3.649,1.773,0.713,0.022,-1.18,-3.7067,31.7011,1.3558,90.2563
1740983452.425,3.543,3.638,1.778,0.723,0.0189,-1.1802,-3.7015,31.6296,1.4194,90.2132
1740983452.504,3.541,3.631,1.776,0.73,0.0151,-1.1804,-3.6957,31.5841,1.4689,90.1647
1740983452.584,3.54,3.625,1.775,0.736,0.0117,-1.1806,-3.6899,31.5461,1.5239,90.1235
1740983452.664,3.54,3.614,1.775,0.747,0.0081,-1.1806,-3.6841,31.5796,1.5492,90.0754
1740983452.743,3.537,3.614,1.772,0.747,0.0049,-1.1807,-3.6788,31.5188,1.5834,90.0294
1740983452.823,3.54,3.605,1.775,0.756,0.0014,-1.1806,-3.673,31.4884,1.5873,89.9808
1740983452.902,3.542,3.599,1.777,0.762,-0.0018,-1.1808,-3.6675,31.4431,1.5834,89.9055
1740983452.982,3.547,3.593,1.782,0.768,-0.0051,-1.181,-3.6618,31.4147,1.5717,89.8469
1740983453.062,3.547,3.586,1.782,0.775,-0.0082,-1.1812,-3.656,31.3753,1.5177,89.8931
1740983453.141,3.539,3.586,1.774,0.775,-0.0116,-1.1812,-3.6503,31.3213,1.5233,89.8745
1740983453.221,3.547,3.579,1.782,0.782,-0.0147,-1.1814,-3.6446,31.2882,1.4745,89.9073
1740983453.301,3.543,3.571,1.778,0.79,-0.018,-1.1815,-3.6389,31.2036,1.4355,89.9189
1740983453.38,3.549,3.56,1.784,0.801,-0.0211,-1.1815,-3.6328,31.1143,1.3965,89.9421
1740983453.46,3.549,3.55,1.784,0.811,-0.0247,-1.1817,-3.6268,31.0276,1.4137,89.9304
1740983453.54,3.541,3.55,1.776,0.811,-0.0282,-1.1817,-3.6207,30.9999,1.4162,89.9245
1740983453.619,3.54,3.542,1.776,0.818,-0.0316,-1.1817,-3.615,30.8562,1.4883,89.8693
1740983453.699,3.543,3.534,1.779,0.826,-0.0352,-1.1818,-3.6089,30.815,1.5089,89.8762
1740983453.778,3.54,3.528,1.776,0.832,-0.0384,-1.1818,-3.603,30.7157,1.5315,89.8497
1740983453.858,3.54,3.518,1.776,0.842,-0.0418,-1.182,-3.5972,30.6366,1.5313,89.8042
1740983453.938,3.546,3.518,1.782,0.842,-0.0453,-1.1819,-3.591,30.5907,1.5106,89.7442
1740983454.017,3.541,3.511,1.777,0.849,-0.0485,-1.1821,-3.585,30.5126,1.5151,89.7258
1740983454.097,3.546,3.504,1.782,0.856,-0.0521,-1.1823,-3.5791,30.4191,1.5641,89.7308
1740983454.177,3.541,3.489,1.777,0.871,-0.0553,-1.1824,-3.5733,30.3645,1.5701,89.7033
1740983454.256,3.541,3.483,1.777,0.877,-0.0585,-1.1825,-3.5675,30.3023,1.5697,89.7112
1740983454.456,3.544,3.464,1.78,0.896,-0.0665,-1.1829,-3.5528,30.1982,1.4478,89.844
1740983454.535,3.548,3.464,1.784,0.896,-0.0697,-1.1828,-3.5467,30.1448,1.3999,89.9036
1740983454.615,3.545,3.457,1.781,0.903,-0.0731,-1.1828,-3.5407,30.0837,1.4231,89.9301
1740983454.694,3.549,3.447,1.785,0.913,-0.076,-1.183,-3.5354,30.3189,1.3202,89.9879
1740983454.774,3.545,3.44,1.781,0.92,-0.078,-1.183,-3.5325,30.5826,1.3293,89.9746
1740983454.856,3.545,3.433,1.781,0.927,-0.0794,-1.1831,-3.5311,30.8408,1.3599,89.9537
1740983454.933,3.545,3.433,1.78,0.928,-0.0811,-1.1831,-3.5286,31.2875,1.3365,89.9325
1740983455.013,3.543,3.431,1.776,0.932,-0.0846,-1.1831,-3.5245,32.2073,1.3108,89.8989
1740983455.093,3.547,3.425,1.777,0.941,-0.0894,-1.1832,-3.519,33.2952,1.2784,89.9045
1740983455.172,3.533,3.42,1.76,0.948,-0.093,-1.1829,-3.5147,34.0206,1.1788,89.4565
1740983457.542,3.539,3.182,1.774,1.179,-0.2216,-1.1874,-3.2997,31.1384,1.5361,89.7398
1740983457.621,3.542,3.169,1.777,1.192,-0.2238,-1.188,-3.2956,31.0589,1.4882,89.754
1740983457.701,3.545,3.165,1.781,1.195,-0.2273,-1.1878,-3.2893,30.8622,1.459,89.7198
1740983457.781,3.539,3.158,1.775,1.202,-0.2323,-1.1875,-3.2801,30.8567,1.4482,89.7106
1740983457.86,3.539,3.152,1.775,1.208,-0.2387,-1.188,-3.2689,30.7046,1.4437,89.7152
1740983457.94,3.54,3.152,1.776,1.208,-0.2448,-1.1882,-3.2581,30.5112,1.4871,89.7033
1740983458.02,3.541,3.131,1.777,1.229,-0.2476,-1.1873,-3.251,30.1683,1.2174,89.2529
1740983458.099,3.547,3.12,1.783,1.24,-0.2485,-1.1868,-3.2498,30.0713,1.3163,88.2459
1740983458.179,3.549,3.105,1.785,1.255,-0.2509,-1.1865,-3.2462,30.2583,1.2599,87.709
1740983458.258,3.549,3.106,1.785,1.254,-0.256,-1.1865,-3.2375,30.3638,1.2579,87.5969
1740983458.338,3.544,3.106,1.78,1.254,-0.2633,-1.1865,-3.2245,30.1682,1.3242,87.5778
1740983458.418,3.543,3.108,1.779,1.252,-0.2722,-1.1872,-3.2118,30.7088,1.7764,87.3926
1740983458.497,3.544,3.083,1.779,1.278,-0.2821,-1.1878,-3.1992,31.3891,2.4001,87.7058
1740983458.577,3.541,3.065,1.776,1.296,-0.2867,-1.1874,-3.1897,31.5803,1.9433,87.6776
1740983458.657,3.541,3.039,1.774,1.323,-0.2938,-1.1881,-3.1799,32.2322,2.2414,88.3737
1740983458.736,3.544,3.039,1.777,1.324,-0.3,-1.189,-3.1662,32.3489,1.4167,89.6582
1740983458.816,3.543,3.034,1.777,1.328,-0.3061,-1.1899,-3.1565,32.0183,1.3945,89.7573
1740983458.896,3.533,3.009,1.767,1.353,-0.3108,-1.1903,-3.1481,31.936,1.4179,89.7638
1740983458.975,3.54,3.0,1.774,1.362,-0.3157,-1.1898,-3.1402,32.0195,1.3575,89.7367
1740983459.055,3.54,2.986,1.772,1.378,-0.3191,-1.1894,-3.1312,32.7961,0.5412,90.5795
1740983459.135,3.536,2.986,1.767,1.378,-0.3196,-1.1885,-3.1263,32.9959,-0.2025,91.1439
1740983459.214,3.539,2.97,1.77,1.394,-0.3206,-1.188,-3.1218,33.0336,-0.7848,91.4761
1740983459.294,3.544,2.961,1.774,1.404,-0.3231,-1.1874,-3.1139,33.2217,-1.5574,91.7703
1740983459.374,3.547,2.963,1.779,1.401,-0.3347,-1.1874,-3.1013,32.8319,-0.2931,92.1096
1740983459.453,3.547,2.951,1.781,1.411,-0.3492,-1.1879,-3.0853,32.0397,1.3978,92.2766
1740983459.533,3.552,2.951,1.787,1.41,-0.3625,-1.1878,-3.0802,31.4134,4.4479,88.5961
1740983459.612,3.541,2.923,1.776,1.438,-0.3679,-1.1886,-3.0658,31.3322,3.2235,89.733
1740983459.692,3.564,2.909,1.799,1.452,-0.3727,-1.1899,-3.0544,31.2176,2.7741,89.5594
1740983459.772,3.552,2.886,1.786,1.475,-0.3758,-1.1908,-3.0428,31.7515,1.6021,89.7616
1740983459.851,3.552,2.871,1.786,1.49,-0.3805,-1.1912,-3.0341,31.848,1.351,89.7572
1740983459.931,3.543,2.871,1.777,1.491,-0.3842,-1.1915,-3.0272,31.9062,1.28,89.8067
1740983460.011,3.541,2.857,1.775,1.505,-0.3888,-1.1917,-3.0199,31.8771,1.2624,89.8813
1740983460.09,3.54,2.851,1.774,1.511,-0.3939,-1.1914,-3.0112,31.8618,1.2492,89.9387
1740983460.17,3.538,2.836,1.772,1.525,-0.4003,-1.1917,-3.0008,31.8499,1.2931,89.9378
1740983460.25,3.538,2.823,1.772,1.538,-0.4072,-1.1922,-2.9894,31.8054,1.3324,89.9088
1740983460.329,3.537,2.823,1.771,1.538,-0.4142,-1.1919,-2.9777,31.72,1.3365,89.848
1740983460.409,3.539,2.813,1.773,1.548,-0.4207,-1.1921,-2.9665,31.7226,1.2615,89.8241
1740983460.489,3.538,2.79,1.772,1.571,-0.4272,-1.1921,-2.9558,31.8721,1.25,89.7563
1740983460.568,3.539,2.782,1.773,1.58,-0.4329,-1.1924,-2.9462,32.0405,1.1991,89.7561
1740983460.648,3.539,2.761,1.773,1.601,-0.4387,-1.1928,-2.9362,32.0573,1.1346,89.7519
1740983460.728,3.539,2.761,1.773,1.601,-0.4444,-1.1934,-2.9267,31.9564,1.104,89.8077
1740983460.807,3.541,2.746,1.775,1.615,-0.4506,-1.1928,-2.9166,31.8388,1.2509,89.8343
1740983460.887,3.541,2.733,1.776,1.628,-0.4567,-1.1928,-2.9065,31.6502,1.3242,89.8492
1740983460.966,3.542,2.722,1.777,1.639,-0.4623,-1.193,-2.897,31.6324,1.2538,89.8144
1740983461.046,3.542,2.708,1.776,1.653,-0.4686,-1.1936,-2.8865,31.6968,1.3267,89.8031
1740983461.126,3.545,2.708,1.779,1.653,-0.4752,-1.1936,-2.876,31.7144,1.35,89.7907
1740983461.205,3.54,2.688,1.774,1.673,-0.4818,-1.194,-2.8652,31.7552,1.3429,89.7394
1740983461.285,3.538,2.677,1.772,1.684,-0.4881,-1.1938,-2.8542,31.8451,1.3189,89.764
1740983461.365,3.539,2.659,1.773,1.702,-0.4945,-1.1943,-2.8431,31.8351,1.262,89.8539
1740983461.444,3.539,2.65,1.773,1.711,-0.5012,-1.1945,-2.8321,31.8476,1.236,89.9754
1740983461.524,3.543,2.65,1.777,1.711,-0.5079,-1.1943,-2.8208,31.8001,1.2849,89.9822
1740983461.604,3.541,2.633,1.775,1.728,-0.5146,-1.1947,-2.8096,31.8093,1.2618,89.9794
1740983461.683,3.542,2.612,1.776,1.749,-0.5214,-1.1949,-2.7981,31.733,1.2753,89.9457
1740983461.763,3.543,2.596,1.778,1.765,-0.528,-1.1952,-2.7868,31.6451,1.2497,89.8603
1740983461.842,3.543,2.585,1.777,1.776,-0.5352,-1.1944,-2.7746,31.6854,1.2383,89.8136
1740983461.922,3.539,2.585,1.773,1.776,-0.543,-1.1947,-2.7619,31.9409,1.2118,89.759
1740983462.002,3.545,2.563,1.779,1.798,-0.5509,-1.1956,-2.7489,31.9151,1.1606,89.7862
1740983462.081,3.54,2.551,1.774,1.81,-0.5587,-1.1961,-2.7355,31.8648,1.1515,89.8837
1740983462.161,3.54,2.53,1.774,1.831,-0.5666,-1.196,-2.7226,31.6944,1.2395,89.8726
1740983462.241,3.537,2.508,1.771,1.853,-0.5737,-1.1961,-2.7104,31.6743,1.1568,89.8764
1740983462.32,3.545,2.508,1.779,1.853,-0.5807,-1.1965,-2.6988,31.7214,1.2053,89.8574
1740983462.4,3.54,2.496,1.774,1.865,-0.5874,-1.1955,-2.6869,31.7595,1.1678,89.7769
1740983462.48,3.545,2.479,1.779,1.882,-0.5947,-1.1955,-2.6749,31.8599,1.1671,89.7246
1740983462.559,3.545,2.462,1.779,1.899,-0.6021,-1.196,-2.6629,31.9338,1.1413,89.7554
1740983462.639,3.54,2.462,1.774,1.899,-0.6092,-1.1971,-2.6507,31.9879,1.1147,89.8379
1740983462.719,3.539,2.44,1.773,1.921,-0.617,-1.1979,-2.6386,31.9888,1.1528,89.85
1740983462.798,3.543,2.421,1.777,1.94,-0.6243,-1.1977,-2.6264,31.9373,1.2064,89.7818
1740983462.878,3.539,2.408,1.773,1.953,-0.6319,-1.1965,-2.6135,31.9284,1.228,89.7027
1740983462.957,3.539,2.387,1.773,1.974,-0.6394,-1.1976,-2.6009,31.8338,1.2057,89.6015
1740983463.037,3.54,2.387,1.774,1.974,-0.6474,-1.1983,-2.5876,31.9517,1.1323,89.6425
1740983463.117,3.539,2.367,1.773,1.995,-0.6552,-1.1976,-2.5739,32.1135,1.0531,89.6403
1740983463.196,3.54,2.351,1.774,2.011,-0.6631,-1.1981,-2.5607,32.1385,0.9946,89.8271
1740983463.276,3.542,2.332,1.776,2.029,-0.6708,-1.1972,-2.5482,32.0414,1.1178,89.8165
1740983463.356,3.542,2.311,1.776,2.05,-0.6778,-1.1976,-2.5372,31.9647,1.1638,89.7632
1740983463.435,3.539,2.311,1.773,2.05,-0.6841,-1.1979,-2.5268,31.9713,1.1613,89.6996
1740983463.515,3.544,2.295,1.778,2.066,-0.6905,-1.1981,-2.5161,32.0341,1.1245,89.8281
1740983463.595,3.54,2.279,1.774,2.083,-0.6969,-1.1984,-2.5055,32.1267,1.156,89.8288
1740983463.674,3.54,2.266,1.773,2.096,-0.7036,-1.1983,-2.4943,32.3263,1.108,89.8415
1740983463.754,3.54,2.25,1.773,2.112,-0.7107,-1.1985,-2.483,32.5103,1.0762,89.9278
1740983463.834,3.538,2.25,1.77,2.112,-0.7177,-1.199,-2.4716,32.6603,1.0228,89.9975
1740983463.913,3.539,2.231,1.771,2.131,-0.7248,-1.1989,-2.4601,32.6961,1.0647,90.0568
1740983463.993,3.54,2.215,1.772,2.148,-0.7321,-1.1994,-2.4489,32.7856,1.0693,90.0247
1740983464.073,3.539,2.196,1.771,2.167,-0.7393,-1.1989,-2.4374,32.7841,1.2258,90.0047
1740983464.152,3.539,2.181,1.771,2.182,-0.7473,-1.1998,-2.4253,32.8218,1.2533,89.9957
1740983464.232,3.538,2.181,1.769,2.182,-0.7548,-1.1996,-2.4129,32.9176,1.265,90.0549
1740983464.312,3.539,2.162,1.77,2.201,-0.7629,-1.2,-2.4001,33.1222,1.2103,90.0326
1740983464.391,3.536,2.143,1.766,2.22,-0.7714,-1.2005,-2.387,33.2136,1.2525,90.0373
1740983464.471,3.538,2.125,1.769,2.238,-0.7804,-1.2014,-2.3736,33.1947,1.4013,90.1637
1740983464.55,3.538,2.105,1.769,2.258,-0.789,-1.201,-2.36,33.0511,1.5044,90.2335
1740983464.63,3.534,2.105,1.765,2.258,-0.7971,-1.2012,-2.3464,33.0145,1.441,90.2792
1740983464.71,3.529,2.084,1.76,2.279,-0.8054,-1.2011,-2.3335,33.1055,1.4876,90.2797
1740983464.789,3.538,2.066,1.769,2.297,-0.8135,-1.2018,-2.3211,33.1583,1.5496,90.2117
1740983464.869,3.533,2.047,1.763,2.316,-0.8218,-1.2026,-2.3083,33.3271,1.4953,90.2736
1740983464.949,3.533,2.029,1.763,2.335,-0.8296,-1.2022,-2.2951,33.376,1.4258,90.4043
1740983465.028,3.529,2.029,1.759,2.334,-0.8382,-1.2025,-2.282,33.3575,1.4944,90.4227
1740983465.108,3.528,2.009,1.758,2.354,-0.8466,-1.2031,-2.269,33.3249,1.6052,90.3172
1740983465.188,3.525,1.989,1.755,2.374,-0.8554,-1.2036,-2.2557,33.2501,1.7124,90.1418
1740983465.269,3.527,1.97,1.757,2.393,-0.8637,-1.2035,-2.2423,33.2837,1.6427,90.0662
1740983465.347,3.527,1.951,1.757,2.412,-0.8716,-1.2044,-2.2294,33.3708,1.529,90.1388
1740983465.426,3.531,1.951,1.761,2.413,-0.8795,-1.2043,-2.2167,33.4453,1.4871,90.072
1740983465.506,3.537,1.931,1.766,2.433,-0.8876,-1.2048,-2.2037,33.4861,1.4047,90.1398
1740983465.586,3.547,1.911,1.777,2.452,-0.8962,-1.2053,-2.1905,33.3539,1.5906,90.1442
1740983465.665,3.554,1.893,1.784,2.47,-0.9043,-1.2054,-2.1776,33.2363,1.6437,90.1237
1740983465.745,3.554,1.874,1.785,2.489,-0.9122,-1.2054,-2.1646,33.1472,1.6182,90.0783
1740983465.825,3.558,1.874,1.789,2.489,-0.9204,-1.2062,-2.1518,33.1557,1.6588,89.9828
1740983465.904,3.554,1.852,1.784,2.511,-0.9284,-1.2058,-2.1385,33.2029,1.643,89.9695
1740983465.984,3.557,1.835,1.787,2.528,-0.9365,-1.2064,-2.1257,33.3623,1.6115,89.974
1740983466.064,3.555,1.815,1.785,2.548,-0.9446,-1.2067,-2.1127,33.3651,1.5914,90.039
1740983466.143,3.555,1.797,1.785,2.566,-0.9527,-1.2074,-2.0998,33.3498,1.5334,90.1044
1740983466.223,3.556,1.797,1.786,2.566,-0.9612,-1.2072,-2.0862,33.291,1.6074,90.0551
1740983466.303,3.552,1.778,1.782,2.585,-0.9694,-1.2072,-2.073,33.2118,1.5191,90.0478
1740983466.382,3.553,1.757,1.784,2.606,-0.9777,-1.2074,-2.0598,33.1644,1.5227,89.8925
1740983466.462,3.555,1.739,1.785,2.624,-0.9859,-1.2081,-2.047,33.3635,1.5089,89.8605
1740983466.541,3.555,1.72,1.784,2.643,-0.9944,-1.2083,-2.0339,33.5308,1.5423,89.7014
1740983466.621,3.553,1.72,1.784,2.642,-1.002,-1.208,-2.0204,32.9897,1.5757,89.7518
1740983466.701,3.552,1.701,1.786,2.66,-1.0093,-1.2088,-2.0068,31.9693,1.6407,89.8073
1740983466.78,3.554,1.68,1.789,2.68,-1.0164,-1.2087,-1.9926,30.9785,1.6058,89.8129
1740983466.86,3.556,1.66,1.792,2.7,-1.0234,-1.2083,-1.9784,30.0635,1.7065,89.7905
1740983466.94,3.556,1.642,1.792,2.718,-1.0296,-1.2098,-1.9651,29.1513,1.6288,89.6873
1740983467.019,3.559,1.642,1.794,2.719,-1.0356,-1.2097,-1.9516,28.4419,1.561,89.725
1740983467.099,3.56,1.622,1.794,2.739,-1.0421,-1.209,-1.9383,28.3342,1.5622,89.752
1740983467.179,3.57,1.606,1.804,2.755,-1.0489,-1.2096,-1.9254,28.2387,1.6057,89.8157
1740983467.258,3.573,1.588,1.807,2.773,-1.056,-1.2096,-1.9117,27.9443,1.7752,89.7967
1740983467.338,3.573,1.568,1.806,2.793,-1.0627,-1.2099,-1.8986,27.8332,1.817,89.8221
1740983467.419,3.572,1.568,1.805,2.793,-1.0689,-1.2099,-1.885,27.6827,1.7589,89.8244
1740983467.497,3.575,1.551,1.808,2.81,-1.0749,-1.2097,-1.8721,27.6068,1.6462,89.7625
1740983467.577,3.575,1.532,1.808,2.829,-1.0814,-1.2098,-1.8593,27.6274,1.6433,89.7215
1740983467.776,3.584,1.495,1.817,2.866,-1.0975,-1.2101,-1.826,27.6601,1.5514,89.8805
1740983467.856,3.584,1.477,1.816,2.885,-1.1042,-1.2103,-1.8128,27.3636,1.6075,89.918
1740983467.935,3.581,1.459,1.813,2.903,-1.1106,-1.211,-1.7992,27.1651,1.4768,89.975
1740983468.015,3.587,1.459,1.819,2.903,-1.117,-1.2117,-1.7864,27.1737,1.4981,89.9391
1740983468.214,3.588,1.424,1.824,2.936,-1.1368,-1.2115,-1.7566,30.7433,1.375,89.8288
1740983468.294,3.579,1.403,1.815,2.957,-1.144,-1.2111,-1.7433,30.6918,1.392,89.9935
1740983468.373,3.572,1.382,1.808,2.978,-1.1514,-1.2108,-1.73,30.5373,1.4556,89.9793
1740983468.453,3.572,1.366,1.808,2.994,-1.1577,-1.2114,-1.7177,30.1766,1.5408,89.7233
1740983468.533,3.577,1.366,1.813,2.994,-1.1597,-1.2104,-1.7101,29.9488,0.8835,89.048
1740983468.612,3.574,1.345,1.81,3.015,-1.1642,-1.2099,-1.7051,29.9376,1.4057,87.7989
1740983468.692,3.583,1.334,1.819,3.026,-1.1701,-1.21,-1.6927,30.0625,1.1854,88.0549
1740983468.771,3.581,1.326,1.817,3.034,-1.1778,-1.21,-1.6789,30.1098,1.2298,87.667
1740983468.851,3.581,1.307,1.817,3.053,-1.1865,-1.2103,-1.6624,30.1188,1.0575,87.8857
1740983468.931,3.578,1.307,1.814,3.053,-1.1952,-1.2105,-1.646,29.7513,1.0602,88.0129
1740983469.01,3.579,1.287,1.815,3.073,-1.2032,-1.2107,-1.6322,29.6389,1.1852,87.9879
1740983469.09,3.586,1.266,1.822,3.094,-1.213,-1.2128,-1.614,29.6085,1.1793,89.8046
1740983469.17,3.582,1.244,1.818,3.116,-1.2214,-1.2129,-1.5992,29.5287,1.4244,89.7799
1740983469.249,3.582,1.219,1.818,3.141,-1.2255,-1.2122,-1.5869,30.8069,0.5382,91.0365
1740983469.329,3.582,1.219,1.818,3.141,-1.2252,-1.2111,-1.5806,30.754,-0.6544,91.1732
1740983469.409,3.584,1.201,1.82,3.159,-1.2288,-1.211,-1.5722,30.7277,-0.9783,91.3496
1740983469.488,3.59,1.19,1.826,3.17,-1.2363,-1.2104,-1.5583,30.6766,-0.8599,91.6354
1740983469.568,3.595,1.179,1.831,3.181,-1.2461,-1.2103,-1.5425,30.1653,-0.442,91.6897
1740983469.648,3.595,1.158,1.829,3.203,-1.2492,-1.2097,-1.5328,28.0001,-0.143,90.7803
1740983469.727,3.593,1.158,1.827,3.203,-1.2492,-1.2088,-1.5264,28.178,-1.4164,89.6213
1740983469.807,3.606,1.142,1.842,3.218,-1.2551,-1.2088,-1.5152,29.1124,-1.3353,89.4258
1740983469.886,3.613,1.134,1.849,3.226,-1.2631,-1.2092,-1.5019,29.51,-1.2668,89.146
1740983469.966,3.608,1.134,1.844,3.226,-1.2813,-1.2115,-1.4892,29.2617,2.857,87.112
1740983470.046,3.608,1.098,1.844,3.262,-1.2956,-1.2119,-1.4711,30.2515,3.3861,88.5978
1740983470.127,3.601,1.098,1.832,3.263,-1.3036,-1.2136,-1.4534,32.8927,1.4312,89.8464
1740983470.328,3.587,1.044,1.795,3.324,-1.3271,-1.213,-1.4365,37.2193,3.711,88.6444
1740983472.216,3.596,0.715,1.832,3.645,-1.4827,-1.2174,-1.1286,29.7726,1.8248,89.2402
1740983472.296,3.596,0.698,1.832,3.662,-1.4883,-1.2174,-1.1177,29.7647,1.693,89.3265
1740983472.375,3.597,0.677,1.833,3.683,-1.4948,-1.2178,-1.107,29.9057,1.8106,89.3506
1740983472.455,3.601,0.667,1.837,3.693,-1.5014,-1.218,-1.0959,30.3957,1.7735,89.4499
1740983472.535,3.601,0.65,1.835,3.71,-1.5091,-1.2184,-1.0852,31.7178,1.7694,89.4274
1740983472.614,3.595,0.65,1.827,3.711,-1.5169,-1.2181,-1.0746,32.732,1.841,89.4298
1740983472.694,3.595,0.635,1.827,3.726,-1.5239,-1.2186,-1.0637,32.7968,1.9335,89.3143
1740983472.774,3.589,0.619,1.821,3.742,-1.5307,-1.2184,-1.0526,32.7909,1.8922,89.3222
1740983472.853,3.589,0.603,1.821,3.758,-1.5373,-1.2186,-1.0419,32.8339,1.8929,89.3028
1740983472.933,3.589,0.581,1.82,3.78,-1.5439,-1.2189,-1.0311,32.8881,1.8431,89.3621
1740983473.012,3.593,0.581,1.825,3.78,-1.5506,-1.2188,-1.0203,32.7409,1.8509,89.3843
1740983473.092,3.591,0.567,1.824,3.794,-1.5572,-1.219,-1.0093,32.5249,1.9386,89.3314
1740983473.172,3.59,0.559,1.823,3.802,-1.5639,-1.2193,-0.9986,32.4828,1.9708,89.2822
1740983473.251,3.592,0.539,1.825,3.821,-1.5698,-1.2194,-0.989,32.4444,1.9518,89.3044
1740983473.331,3.592,0.528,1.825,3.832,-1.5724,-1.2196,-0.9845,32.4305,1.9207,89.319
1740983473.411,1.625,0.528,-0.14,3.832,-1.5723,-1.2197,-0.985,32.375,1.966,89.2705
1740983473.49,3.588,0.518,1.821,3.842,-1.572,-1.2198,-0.9856,32.3685,1.9591,89.2674
1740983473.57,3.59,0.51,1.823,3.85,-1.5721,-1.2199,-0.9857,32.3811,2.0028,89.2352
1740983473.65,3.59,0.518,1.823,3.842,-1.5722,-1.2198,-0.9858,32.3833,2.0051,89.2332
1740983473.729,3.59,0.51,1.823,3.85,-1.5722,-1.22,-0.9857,32.3788,2.0133,89.2293
1740983473.809,3.588,0.51,1.821,3.85,-1.5723,-1.22,-0.9858,32.373,2.0209,89.2205
1740983473.889,3.59,0.517,1.823,3.843,-1.5723,-1.22,-0.9859,32.3639,2.0192,89.2194
1740983473.968,3.59,0.517,1.823,3.843,-1.5724,-1.2201,-0.9859,32.3676,2.0314,89.2132
1740983474.048,3.59,0.518,1.823,3.842,-1.5724,-1.2202,-0.986,32.365,2.025,89.2117
1740983474.128,3.589,0.517,1.822,3.843,-1.5725,-1.2202,-0.986,32.3659,2.0332,89.2059
1740983474.207,3.588,0.517,1.821,3.843,-1.5726,-1.2202,-0.986,32.3662,2.0407,89.1852
1740983474.287,3.59,0.51,1.823,3.85,-1.5726,-1.2203,-0.9862,32.4144,2.0272,89.2118
1740983474.366,3.586,0.517,1.819,3.843,-1.571,-1.2203,-0.989,32.4362,2.0276,89.2978
1740983474.446,3.586,0.517,1.819,3.843,-1.5661,-1.2204,-0.9976,32.4876,2.0107,89.2996
1740983474.526,3.588,0.523,1.82,3.838,-1.5586,-1.2196,-1.0099,32.547,2.0205,89.3687
1740983474.605,1.63,0.523,-0.136,3.838,-1.5497,-1.2201,-1.0248,32.5962,1.9578,89.3247
1740983474.685,3.592,0.538,1.824,3.823,-1.5416,-1.2198,-1.0386,32.6063,1.9907,89.3038
1740983474.765,3.59,0.553,1.822,3.808,-1.5343,-1.2198,-1.0505,32.5872,1.934,89.2858
1740983474.844,3.59,0.572,1.822,3.789,-1.5285,-1.2199,-1.0607,32.5793,1.988,89.3298
1740983474.924,3.593,0.59,1.825,3.771,-1.5233,-1.2202,-1.0694,32.6624,1.9931,89.3559
1740983475.004,3.587,0.59,1.819,3.771,-1.5194,-1.2199,-1.0765,32.6865,1.9465,89.417
1740983475.083,3.591,0.598,1.823,3.763,-1.5153,-1.2198,-1.083,32.7849,1.8969,89.4826
1740983475.163,3.588,0.613,1.82,3.748,-1.5113,-1.2197,-1.0892,32.8127,1.891,89.435
1740983475.243,3.588,0.624,1.82,3.737,-1.5075,-1.2196,-1.0954,32.8686,1.855,89.4567
1740983475.322,3.59,0.628,1.821,3.733,-1.5039,-1.2196,-1.1015,32.9283,1.9073,89.4163
1740983475.402,3.594,0.628,1.825,3.733,-1.5002,-1.2195,-1.1074,32.9628,1.914,89.4353
1740983475.481,3.596,0.642,1.827,3.719,-1.4963,-1.2196,-1.1138,32.9843,1.9025,89.3952
1740983475.561,3.591,0.646,1.822,3.715,-1.4921,-1.2195,-1.1205,33.0277,1.8544,89.362
1740983475.641,3.591,0.654,1.822,3.707,-1.4881,-1.2193,-1.1269,33.0428,1.8542,89.3031
1740983475.72,3.594,0.664,1.825,3.697,-1.4844,-1.2195,-1.1333,33.0209,1.8767,89.2902
1740983475.8,3.593,0.664,1.824,3.697,-1.4807,-1.2193,-1.1395,32.9981,1.9154,89.2409
1740983475.88,3.591,0.678,1.822,3.683,-1.4771,-1.2193,-1.1457,33.0306,1.9357,89.3148
1740983475.959,3.59,0.686,1.821,3.675,-1.4734,-1.2191,-1.1522,33.1051,1.9833,89.3377
1740983476.039,3.59,0.692,1.821,3.669,-1.4696,-1.2193,-1.1586,33.0972,1.9954,89.3357
1740983476.119,3.591,0.705,1.822,3.656,-1.4656,-1.2191,-1.165,33.1551,1.9966,89.4008
1740983476.198,3.595,0.705,1.825,3.656,-1.4618,-1.2192,-1.1715,33.202,1.977,89.4538
1740983476.278,3.59,0.713,1.82,3.648,-1.458,-1.2189,-1.1778,33.2878,1.9853,89.4955
1740983476.357,3.591,0.722,1.821,3.639,-1.4544,-1.2188,-1.1839,33.2992,1.9545,89.5132
1740983476.437,3.591,0.732,1.821,3.629,-1.4503,-1.2188,-1.1902,33.3396,1.9251,89.522
1740983476.517,3.593,0.74,1.823,3.621,-1.4466,-1.2187,-1.1966,33.4131,1.9083,89.5174
1740983476.596,3.591,0.74,1.82,3.621,-1.4424,-1.2187,-1.2029,33.4695,1.8635,89.5183
1740983476.676,3.591,0.745,1.82,3.616,-1.4382,-1.2186,-1.2097,33.5078,1.8687,89.5321
1740983476.756,3.593,0.755,1.822,3.606,-1.434,-1.2186,-1.2165,33.5154,1.8748,89.4785
1740983476.835,3.593,0.766,1.822,3.595,-1.4297,-1.2184,-1.2231,33.4512,1.8757,89.4312
1740983476.915,3.594,0.78,1.823,3.581,-1.4258,-1.2186,-1.2298,33.4586,1.8675,89.4266
1740983476.995,3.592,0.78,1.821,3.581,-1.4219,-1.2188,-1.236,33.4858,1.8603,89.492
1740983477.074,3.597,0.785,1.826,3.576,-1.418,-1.2186,-1.2424,33.482,1.8727,89.5367
1740983477.154,3.594,0.798,1.823,3.563,-1.4142,-1.2186,-1.2486,33.4909,1.8552,89.5763
1740983477.234,3.594,0.806,1.823,3.556,-1.4104,-1.2184,-1.2547,33.5595,1.8401,89.635
1740983477.313,3.593,0.812,1.822,3.55,-1.4064,-1.2183,-1.2608,33.6068,1.7971,89.6893
1740983477.393,3.599,0.812,1.828,3.55,-1.4024,-1.2183,-1.2673,33.631,1.7949,89.6469
1740983477.472,3.593,0.82,1.822,3.542,-1.3982,-1.2182,-1.2739,33.6941,1.7606,89.6552
1740983477.552,3.598,0.83,1.826,3.532,-1.3943,-1.2183,-1.2805,33.7597,1.7851,89.662
1740983477.632,3.598,0.843,1.826,3.519,-1.3902,-1.218,-1.2869,33.8246,1.7703,89.6937
1740983477.711,3.594,0.85,1.822,3.512,-1.3862,-1.2181,-1.2931,33.8387,1.7454,89.6881
1740983477.791,3.599,0.85,1.827,3.512,-1.382,-1.2178,-1.299,33.8087,1.6906,89.6291
1740983477.871,3.598,0.859,1.826,3.503,-1.3791,-1.2179,-1.3037,33.8186,1.6561,89.6079
1740983477.95,3.595,0.869,1.823,3.493,-1.3784,-1.2178,-1.3048,33.8151,1.6468,89.6127
1740983478.03,3.595,0.876,1.823,3.486,-1.3785,-1.2178,-1.3047,33.8177,1.6472,89.6201
1740983478.11,3.599,0.876,1.827,3.486,-1.3786,-1.2178,-1.3046,33.8249,1.6514,89.6163
1740983478.189,3.596,0.876,1.824,3.486,-1.3785,-1.2178,-1.3046,33.8185,1.6445,89.6329
1740983478.269,3.599,0.873,1.827,3.489,-1.3785,-1.2178,-1.3046,33.8233,1.6459,89.6205
1740983478.349,3.601,0.876,1.829,3.486,-1.3785,-1.2178,-1.3047,33.822,1.6609,89.592
1740983478.428,3.601,0.874,1.829,3.488,-1.3785,-1.2179,-1.3047,33.8178,1.6538,89.5927
1740983478.508,3.598,0.874,1.826,3.488,-1.3785,-1.2178,-1.3046,33.8221,1.6625,89.5936
1740983478.588,3.596,0.874,1.824,3.488,-1.3785,-1.2178,-1.3046,33.8283,1.6652,89.588
1740983478.667,3.597,0.876,1.825,3.486,-1.3785,-1.2177,-1.3046,33.8284,1.6656,89.5947
1740983478.747,3.6,0.873,1.828,3.489,-1.3785,-1.2178,-1.3046,33.8315,1.6731,89.598
1740983478.826,3.6,0.874,1.828,3.488,-1.3785,-1.2178,-1.3047,33.8289,1.6798,89.5905
1740983478.906,3.596,0.873,1.824,3.489,-1.3785,-1.2178,-1.3047,33.8205,1.6625,89.6214
1740983478.986,3.595,0.873,1.823,3.489,-1.3782,-1.2178,-1.3052,33.8239,1.6616,89.6226
1740983479.065,3.602,0.876,1.83,3.486,-1.3757,-1.2176,-1.3089,33.8153,1.6678,89.6489
1740983479.145,3.602,0.873,1.829,3.489,-1.3748,-1.2169,-1.3167,34.0395,2.7389,89.3505
1740983479.225,3.6,0.882,1.827,3.48,-1.3726,-1.2152,-1.3262,34.0421,3.9583,88.9171
1740983479.304,3.597,0.886,1.823,3.476,-1.3647,-1.2155,-1.3399,34.2501,4.1594,88.8978
1740983479.384,3.59,0.886,1.815,3.477,-1.3545,-1.2151,-1.3576,34.406,4.2979,89.1067
1740983479.464,3.59,0.904,1.814,3.459,-1.3421,-1.2145,-1.3782,34.6695,4.518,88.7236
1740983479.543,3.59,0.928,1.814,3.435,-1.3294,-1.2146,-1.3982,34.6386,4.477,88.5298
1740983479.623,3.594,0.957,1.816,3.407,-1.3115,-1.2157,-1.4127,35.0861,1.7059,89.7431
1740983479.703,3.594,0.986,1.818,3.377,-1.2999,-1.216,-1.4278,34.6475,1.6226,89.8081
1740983479.782,3.604,0.986,1.824,3.378,-1.296,-1.2152,-1.4371,35.3558,2.2681,88.7252
1740983479.862,3.607,1.011,1.828,3.353,-1.2979,-1.2154,-1.4341,35.2646,2.2001,89.0415
1740983479.941,3.607,1.03,1.829,3.334,-1.3004,-1.2158,-1.4278,35.0393,1.6625,89.7987
1740983480.021,3.605,1.027,1.827,3.337,-1.3017,-1.2159,-1.4255,35.0115,1.6677,89.8119
1740983480.101,3.601,1.019,1.823,3.345,-1.3014,-1.2158,-1.4258,35.0449,1.7036,89.7501
1740983480.18,3.605,1.019,1.827,3.345,-1.3013,-1.2158,-1.426,35.0457,1.7203,89.745
1740983480.26,3.602,1.018,1.824,3.346,-1.3014,-1.2158,-1.4259,35.0542,1.721,89.739
1740983480.34,3.602,1.018,1.824,3.346,-1.3003,-1.2156,-1.4275,35.0563,1.7329,89.7758
1740983480.419,3.605,1.018,1.824,3.347,-1.2969,-1.2151,-1.4352,35.5785,2.3235,88.9442
1740983480.499,3.607,1.021,1.825,3.344,-1.2939,-1.2144,-1.4438,35.7263,3.0774,88.2841
1740983480.579,3.603,1.021,1.824,3.343,-1.2905,-1.2135,-1.4524,35.297,3.8476,88.092
1740983480.658,3.603,1.033,1.825,3.331,-1.2889,-1.2116,-1.4575,35.0483,4.2952,89.5355
1740983480.738,3.603,1.043,1.825,3.321,-1.2833,-1.21,-1.4661,35.0835,4.4387,90.0045
1740983480.818,3.602,1.054,1.824,3.31,-1.2716,-1.2099,-1.4818,34.9976,4.0762,89.9763
1740983480.897,3.598,1.071,1.821,3.293,-1.2528,-1.2097,-1.5018,34.8623,2.3937,89.9842
1740983480.977,3.604,1.071,1.828,3.292,-1.2316,-1.2117,-1.522,34.6191,0.0443,91.0278
1740983481.057,3.61,1.098,1.83,3.267,-1.2217,-1.2145,-1.5432,35.4397,1.7306,89.6143
1740983481.136,3.61,1.132,1.83,3.233,-1.2138,-1.2131,-1.5567,35.3941,1.6348,89.7886
1740983481.216,3.618,1.161,1.837,3.204,-1.2128,-1.2137,-1.5571,35.4873,1.6421,89.7339
1740983481.296,3.613,1.174,1.832,3.192,-1.2156,-1.2136,-1.5535,35.5535,1.6704,89.781
1740983481.375,3.61,1.174,1.829,3.192,-1.2179,-1.2136,-1.5499,35.5795,1.6446,89.8188
1740983481.455,3.611,1.169,1.83,3.196,-1.2192,-1.2136,-1.5477,35.5229,1.6448,89.8202
1740983481.534,3.611,1.167,1.83,3.198,-1.2196,-1.2136,-1.5473,35.5344,1.6486,89.8094
1740983481.614,3.611,1.164,1.83,3.201,-1.2193,-1.2135,-1.5473,35.5449,1.6507,89.79
1740983481.694,3.61,1.164,1.829,3.201,-1.2195,-1.2136,-1.5474,35.5617,1.6518,89.7741
1740983481.773,3.61,1.162,1.83,3.203,-1.2178,-1.2134,-1.5494,35.4774,1.6155,89.8305
1740983481.853,3.61,1.162,1.829,3.204,-1.2114,-1.2132,-1.5588,35.6184,1.6783,89.7507
1740983481.933,3.61,1.165,1.832,3.199,-1.1999,-1.2124,-1.5739,34.9986,1.0304,88.7648
1740983482.012,3.613,1.179,1.831,3.187,-1.1892,-1.2115,-1.591,35.7521,1.3858,87.8104
1740983482.092,3.612,1.179,1.828,3.188,-1.177,-1.2107,-1.6098,36.0291,1.4693,87.8179
1740983482.172,3.615,1.203,1.828,3.165,-1.1638,-1.2104,-1.6293,36.5071,1.5188,87.9117
1740983482.251,3.624,1.23,1.834,3.139,-1.1518,-1.2109,-1.6457,36.8587,1.1436,88.7552
1740983482.331,3.624,1.261,1.831,3.109,-1.1438,-1.2113,-1.6589,37.2183,1.7288,89.6129
1740983482.411,3.627,1.287,1.838,3.082,-1.1383,-1.2117,-1.6663,36.6663,1.8113,89.4921
1740983482.49,3.625,1.287,1.836,3.082,-1.139,-1.2116,-1.6652,36.7856,1.8077,89.5312
1740983482.57,3.626,1.304,1.836,3.065,-1.1409,-1.2116,-1.6625,36.8374,1.8312,89.5146
1740983482.649,3.629,1.307,1.839,3.062,-1.1424,-1.2116,-1.6602,36.8552,1.8211,89.5053
1740983482.729,3.629,1.303,1.839,3.066,-1.1433,-1.2116,-1.6589,36.8938,1.8389,89.4555
1740983482.809,3.629,1.3,1.839,3.069,-1.1434,-1.2115,-1.6588,36.9147,1.8619,89.4521
1740983482.889,3.627,1.3,1.837,3.069,-1.1434,-1.2116,-1.6588,36.9212,1.8588,89.4634
1740983482.968,3.629,1.299,1.839,3.07,-1.1433,-1.2115,-1.6588,36.8941,1.8709,89.4576
1740983483.048,3.624,1.299,1.834,3.07,-1.1434,-1.2116,-1.6587,36.8749,1.887,89.4629
1740983483.127,3.624,1.3,1.834,3.069,-1.1433,-1.2114,-1.6586,36.8335,1.8832,89.4824
1740983483.207,3.626,1.299,1.836,3.07,-1.1434,-1.2115,-1.6585,36.8267,1.8961,89.4878
1740983483.287,3.627,1.299,1.838,3.07,-1.1434,-1.2115,-1.6583,36.7803,1.9077,89.4633
1740983483.366,3.626,1.299,1.837,3.07,-1.1433,-1.2114,-1.6584,36.7682,1.8989,89.4763
1740983483.446,3.621,1.3,1.832,3.069,-1.1433,-1.2115,-1.6584,36.7815,1.9057,89.4912
1740983483.526,3.621,1.299,1.832,3.07,-1.1432,-1.2114,-1.6583,36.7903,1.9118,89.4906
1740983483.605,3.625,1.3,1.836,3.069,-1.1433,-1.2114,-1.6584,36.775,1.907,89.4885
1740983483.685,3.622,1.3,1.833,3.069,-1.1433,-1.2114,-1.6583,36.7732,1.9106,89.4974
1740983483.765,3.625,1.299,1.836,3.07,-1.1433,-1.2114,-1.6583,36.7814,1.9315,89.4546
1740983483.844,3.626,1.299,1.837,3.07,-1.1432,-1.2114,-1.6582,36.7639,1.9189,89.4492
1740983483.924,3.626,1.299,1.836,3.07,-1.1432,-1.2114,-1.6582,36.8031,1.8816,89.4746
1740983484.004,3.626,1.299,1.837,3.07,-1.1431,-1.2113,-1.6582,36.7715,1.8836,89.484
1740983484.083,3.627,1.299,1.838,3.07,-1.1431,-1.2113,-1.6582,36.7893,1.8921,89.4725
1740983484.163,3.626,1.299,1.837,3.07,-1.1431,-1.2113,-1.6581,36.783,1.8838,89.4724
1740983484.242,3.628,1.298,1.839,3.071,-1.143,-1.2112,-1.658,36.7897,1.8818,89.479
1740983484.322,3.628,1.299,1.839,3.07,-1.1431,-1.2113,-1.6581,36.7772,1.8675,89.4931
1740983484.402,3.625,1.299,1.836,3.07,-1.1431,-1.2112,-1.658,36.7846,1.8577,89.5004
1740983484.481,3.62,1.299,1.831,3.07,-1.1431,-1.2112,-1.658,36.7969,1.8547,89.5084
1740983484.561,3.623,1.299,1.833,3.07,-1.1431,-1.2112,-1.6579,36.802,1.8612,89.518
1740983484.641,3.623,1.299,1.834,3.07,-1.143,-1.2112,-1.6579,36.7964,1.8625,89.5152
1740983484.72,3.623,1.299,1.834,3.07,-1.143,-1.2112,-1.658,36.8013,1.8657,89.4971
1740983484.8,3.623,1.299,1.833,3.07,-1.1429,-1.2112,-1.6579,36.81,1.8624,89.5157
1740983484.88,3.622,1.299,1.832,3.07,-1.1429,-1.2111,-1.6579,36.8145,1.8627,89.5226
1740983484.959,3.624,1.299,1.835,3.07,-1.1428,-1.2111,-1.658,36.7933,1.8668,89.5185
1740983485.039,3.624,1.299,1.835,3.07,-1.1421,-1.211,-1.6587,36.7215,1.8599,89.5172
1740983485.119,3.621,1.299,1.835,3.069,-1.1389,-1.2109,-1.6626,36.2646,1.8888,89.5113
1740983485.198,3.625,1.3,1.844,3.066,-1.1326,-1.2106,-1.6703,35.4692,1.9176,89.5705
1740983485.278,3.623,1.3,1.848,3.064,-1.1248,-1.2107,-1.6803,34.4589,1.9626,89.6697
1740983485.357,3.625,1.307,1.855,3.055,-1.1166,-1.2102,-1.6909,33.4189,1.9479,89.8162
1740983485.437,3.625,1.321,1.858,3.04,-1.1096,-1.2099,-1.7002,32.4088,1.8244,89.8883
1740983485.517,3.619,1.338,1.852,3.023,-1.1066,-1.2103,-1.7049,32.2928,1.7621,89.9654
1740983485.596,3.622,1.349,1.855,3.012,-1.1068,-1.2101,-1.7046,32.3111,1.7613,90.001
1740983485.676,3.626,1.349,1.859,3.012,-1.107,-1.2102,-1.7041,32.2803,1.727,90.0664
1740983485.756,3.625,1.355,1.858,3.006,-1.1071,-1.2099,-1.7042,32.2784,1.705,90.0649
1740983485.835,3.625,1.352,1.858,3.009,-1.107,-1.2099,-1.7042,32.2823,1.671,90.0693
1740983485.915,3.623,1.353,1.856,3.008,-1.107,-1.2098,-1.7042,32.2742,1.6678,90.0911
1740983485.995,3.625,1.355,1.858,3.006,-1.107,-1.2099,-1.7042,32.2658,1.6581,90.1059
1740983486.074,3.626,1.355,1.859,3.006,-1.107,-1.2098,-1.7042,32.274,1.6377,90.1054
1740983486.154,3.628,1.352,1.861,3.009,-1.1069,-1.2098,-1.7045,32.2748,1.6241,90.107
1740983486.233,3.628,1.352,1.861,3.009,-1.1056,-1.2098,-1.7064,32.2384,1.5923,90.1506
1740983486.313,3.625,1.355,1.858,3.006,-1.1025,-1.2097,-1.7114,32.2898,1.5788,90.116
1740983486.393,3.628,1.358,1.861,3.003,-1.0981,-1.2097,-1.7188,32.2445,1.5894,90.04
1740983486.472,3.626,1.358,1.859,3.003,-1.093,-1.2091,-1.7272,32.2385,1.6235,89.8773
1740983486.552,3.623,1.366,1.856,2.995,-1.0883,-1.2097,-1.736,32.1838,1.6826,89.7426
1740983486.632,3.623,1.366,1.856,2.995,-1.0837,-1.2095,-1.7435,32.2189,1.6898,89.6966
1740983486.711,3.62,1.392,1.853,2.969,-1.08,-1.2092,-1.7501,32.2135,1.7082,89.7347
1740983486.791,3.627,1.401,1.86,2.96,-1.0764,-1.2091,-1.7559,32.2183,1.7077,89.7545
1740983486.871,3.626,1.401,1.859,2.96,-1.0732,-1.2087,-1.7614,32.2357,1.7233,89.7602
1740983486.95,3.62,1.411,1.853,2.95,-1.0694,-1.2091,-1.7673,32.2663,1.7885,89.7667
1740983487.03,3.62,1.418,1.853,2.943,-1.0658,-1.2089,-1.7737,32.2641,1.8119,89.807
1740983487.11,3.626,1.427,1.859,2.934,-1.0619,-1.2086,-1.7803,32.2703,1.8537,89.8149
1740983487.189,3.621,1.427,1.854,2.934,-1.058,-1.2086,-1.7872,32.318,1.8886,89.7577
1740983487.269,3.627,1.436,1.86,2.925,-1.0537,-1.2083,-1.794,32.312,1.8116,89.7764
1740983487.348,3.622,1.446,1.855,2.915,-1.0493,-1.2083,-1.8007,32.2982,1.7462,89.744
1740983487.428,3.622,1.456,1.855,2.905,-1.0453,-1.2081,-1.8073,32.3051,1.7182,89.6678
1740983487.508,3.622,1.466,1.855,2.895,-1.0414,-1.2083,-1.8138,32.2779,1.7108,89.6358
1740983487.588,3.622,1.466,1.855,2.895,-1.0379,-1.2082,-1.8199,32.2698,1.7438,89.5931
1740983487.667,3.625,1.474,1.858,2.887,-1.0342,-1.208,-1.8264,32.2602,1.769,89.545
1740983487.747,3.627,1.485,1.86,2.876,-1.0305,-1.2076,-1.8329,32.2241,1.8133,89.5624
1740983487.826,3.627,1.492,1.86,2.869,-1.0265,-1.2077,-1.8395,32.205,1.7953,89.5977
1740983487.906,3.626,1.5,1.859,2.861,-1.0229,-1.2076,-1.846,32.2065,1.8361,89.6174
1740983487.986,3.621,1.5,1.854,2.861,-1.0194,-1.2077,-1.8524,32.2238,1.8642,89.6925
1740983488.065,3.626,1.511,1.859,2.85,-1.0156,-1.2075,-1.8588,32.2402,1.9213,89.6578
1740983488.145,3.62,1.523,1.853,2.838,-1.012,-1.2072,-1.8647,32.2348,1.8996,89.7369
1740983488.225,3.62,1.523,1.853,2.838,-1.0088,-1.2071,-1.8704,32.2899,1.9099,89.7633
1740983488.304,3.625,1.54,1.858,2.821,-1.005,-1.207,-1.8769,32.2792,1.8474,89.7927
1740983488.384,3.626,1.54,1.859,2.821,-1.0009,-1.207,-1.8833,32.2998,1.8147,89.8718
1740983488.464,3.626,1.549,1.859,2.812,-0.9967,-1.2072,-1.8907,32.3154,1.8096,89.8673
1740983488.543,3.626,1.56,1.859,2.801,-0.9924,-1.2071,-1.8981,32.3688,1.7951,89.8335
1740983488.623,3.626,1.569,1.859,2.792,-0.9878,-1.2069,-1.9058,32.3948,1.8159,89.7346
1740983488.703,3.625,1.58,1.858,2.781,-0.9833,-1.2066,-1.9133,32.3651,1.8314,89.6319
1740983488.782,3.626,1.58,1.859,2.781,-0.979,-1.2067,-1.9207,32.3738,1.8562,89.5879
1740983488.862,3.617,1.59,1.85,2.771,-0.9745,-1.2067,-1.9281,32.3212,1.8408,89.6424
1740983488.941,3.624,1.601,1.857,2.76,-0.9703,-1.2065,-1.9356,32.3114,1.8704,89.6768
1740983489.021,3.624,1.612,1.857,2.749,-0.9658,-1.2066,-1.9432,32.3605,1.9042,89.6723
1740983489.101,3.62,1.623,1.853,2.738,-0.9612,-1.2064,-1.951,32.3829,1.9184,89.7027
1740983489.18,3.626,1.623,1.859,2.738,-0.9564,-1.2063,-1.9586,32.4228,1.899,89.771
1740983489.26,3.62,1.635,1.853,2.727,-0.9521,-1.2061,-1.9663,32.4698,1.9764,89.7361
1740983489.34,3.618,1.646,1.851,2.716,-0.9474,-1.206,-1.9742,32.5076,1.9017,89.756
1740983489.419,3.618,1.66,1.851,2.702,-0.9427,-1.2059,-1.9819,32.5095,1.9044,89.7285
1740983489.499,3.625,1.668,1.858,2.694,-0.938,-1.2058,-1.9894,32.5076,1.8666,89.7372
1740983489.579,3.618,1.668,1.851,2.694,-0.9335,-1.2057,-1.9971,32.4951,1.8947,89.6701
1740983489.658,3.622,1.681,1.855,2.681,-0.9291,-1.2053,-2.0052,32.5107,2.0015,89.6542
1740983489.738,3.625,1.694,1.858,2.668,-0.9242,-1.2052,-2.0137,32.5031,2.0966,89.609
1740983489.817,3.625,1.704,1.858,2.658,-0.9188,-1.2059,-2.0229,32.4875,2.1346,89.5817
1740983489.897,3.618,1.718,1.85,2.644,-0.9136,-1.206,-2.032,32.6012,2.1414,89.7523
1740983489.977,3.625,1.718,1.857,2.644,-0.9078,-1.205,-2.0411,32.5874,2.0572,89.8559
1740983490.056,3.623,1.729,1.855,2.633,-0.9016,-1.2044,-2.0509,32.644,2.0179,89.9363
1740983490.136,3.626,1.742,1.858,2.62,-0.8947,-1.2042,-2.0623,32.7131,1.9819,90.051
1740983490.216,3.626,1.756,1.858,2.606,-0.8869,-1.2041,-2.0752,32.7839,1.8997,90.0508
1740983490.295,3.622,1.774,1.854,2.588,-0.8782,-1.2039,-2.0894,32.8096,1.9179,89.9262
1740983490.375,3.624,1.774,1.855,2.588,-0.8702,-1.2038,-2.1035,32.874,2.0178,89.83
1740983490.455,3.617,1.793,1.849,2.569,-0.8623,-1.2033,-2.1168,32.8359,2.1043,89.8241
1740983490.534,3.617,1.814,1.848,2.548,-0.8545,-1.2029,-2.1296,32.9074,2.1269,89.8803
1740983490.614,3.625,1.833,1.856,2.529,-0.847,-1.2026,-2.142,32.9744,2.1498,89.9534
1740983490.694,3.617,1.852,1.848,2.511,-0.8393,-1.2031,-2.1537,32.9783,1.9844,90.0626
1740983490.773,3.619,1.852,1.85,2.51,-0.8317,-1.2024,-2.1656,32.9443,1.8626,90.0771
1740983490.853,3.623,1.871,1.854,2.491,-0.8242,-1.2023,-2.1779,32.9455,1.8418,90.0367
1740983490.933,3.623,1.888,1.854,2.474,-0.8166,-1.2011,-2.1902,32.8973,1.916,89.9923
1740983491.012,3.626,1.907,1.858,2.455,-0.8093,-1.2012,-2.2024,32.8438,1.9216,89.9416
1740983491.092,3.625,1.923,1.857,2.439,-0.8019,-1.201,-2.2146,32.833,1.9059,90.0169
1740983491.172,3.624,1.923,1.856,2.439,-0.7942,-1.2015,-2.2271,32.8363,1.7993,90.1778
1740983491.251,3.605,1.943,1.837,2.419,-0.7867,-1.2,-2.239,32.8467,1.7165,90.2283
1740983491.331,3.605,1.96,1.837,2.402,-0.7789,-1.1998,-2.2516,32.8387,1.6521,90.227
1740983491.411,3.599,1.978,1.831,2.384,-0.7704,-1.1994,-2.2644,32.7924,1.5541,90.159
1740983491.49,3.597,1.998,1.829,2.364,-0.7628,-1.1993,-2.2771,32.7919,1.6299,90.0402
1740983491.57,3.594,1.998,1.826,2.364,-0.7557,-1.1998,-2.2894,32.7015,1.6461,90.0797
1740983491.649,3.599,2.016,1.831,2.346,-0.7479,-1.1989,-2.3017,32.6898,1.6093,90.1489
1740983491.729,3.599,2.035,1.831,2.327,-0.7402,-1.1984,-2.3142,32.6989,1.6121,90.2404
1740983491.809,3.599,2.053,1.831,2.309,-0.7324,-1.1984,-2.3272,32.6738,1.5899,90.1553
1740983491.888,3.598,2.069,1.83,2.293,-0.7242,-1.198,-2.3397,32.6392,1.3628,90.129
1740983491.968,3.599,2.069,1.831,2.293,-0.7165,-1.198,-2.3519,32.6365,1.3131,90.1057
1740983492.048,3.596,2.088,1.828,2.274,-0.7096,-1.1975,-2.3637,32.5937,1.3774,90.0402
1740983492.127,3.596,2.106,1.828,2.256,-0.7029,-1.1979,-2.3752,32.5827,1.4077,90.0072
1740983492.207,3.597,2.124,1.829,2.238,-0.6963,-1.197,-2.386,32.5355,1.4016,89.9961
1740983492.286,3.599,2.141,1.831,2.221,-0.6897,-1.1974,-2.3966,32.5425,1.3046,90.0239
1740983492.366,3.596,2.141,1.828,2.221,-0.6828,-1.1969,-2.4073,32.5466,1.1646,90.0131
1740983492.446,3.596,2.158,1.828,2.204,-0.6763,-1.1966,-2.4177,32.5519,1.0734,90.0133
1740983492.525,3.596,2.173,1.829,2.189,-0.6695,-1.1972,-2.4288,32.5226,1.0385,90.0396
1740983492.605,3.596,2.19,1.829,2.172,-0.6626,-1.1969,-2.4402,32.5032,1.0155,90.036
1740983492.685,3.602,2.19,1.835,2.172,-0.6558,-1.1962,-2.4513,32.4418,1.01,89.93
1740983492.764,3.602,2.207,1.835,2.155,-0.6493,-1.1963,-2.4624,32.3872,1.0331,89.8302
1740983492.844,3.602,2.221,1.835,2.141,-0.6432,-1.196,-2.4729,32.3497,1.1093,89.8253
1740983493.043,3.6,2.254,1.833,2.108,-0.6275,-1.1956,-2.4997,32.3612,1.2102,89.8057
1740983493.123,3.6,2.269,1.833,2.093,-0.6207,-1.196,-2.5106,32.4056,1.1282,89.8831
1740983493.202,3.604,2.287,1.837,2.075,-0.6137,-1.1957,-2.5215,32.3657,1.0594,89.9077
1740983493.282,3.601,2.287,1.834,2.075,-0.6074,-1.1957,-2.5324,32.43,1.0434,89.8775
1740983493.362,3.598,2.302,1.831,2.06,-0.601,-1.1956,-2.5434,32.4654,1.1559,89.8284
1740983493.441,3.598,2.317,1.831,2.045,-0.5953,-1.1957,-2.5536,32.4824,1.2432,89.744
1740983493.521,3.598,2.331,1.83,2.031,-0.5891,-1.1951,-2.5641,32.554,1.2388,89.7484
1740983493.601,3.6,2.349,1.832,2.013,-0.583,-1.1951,-2.5742,32.5975,1.2112,89.8613
1740983493.68,3.599,2.349,1.831,2.014,-0.5765,-1.1948,-2.5848,32.7241,1.1614,89.9422
1740983493.76,3.596,2.361,1.828,2.002,-0.5698,-1.1944,-2.5957,32.8384,1.1165,89.9964
1740983493.84,3.596,2.379,1.827,1.984,-0.5631,-1.1944,-2.6069,32.9014,1.1345,90.0603
1740983493.919,3.596,2.395,1.827,1.968,-0.5563,-1.1942,-2.6184,32.9507,1.1421,90.0106
1740983493.999,3.595,2.408,1.826,1.955,-0.5487,-1.1942,-2.6308,32.9922,1.1965,89.8775
1740983494.078,3.597,2.408,1.828,1.955,-0.5416,-1.194,-2.6423,33.0466,1.2716,89.7603
1740983494.158,3.595,2.424,1.826,1.94,-0.5349,-1.1942,-2.6542,33.0886,1.334,89.7864
1740983494.238,3.595,2.445,1.826,1.919,-0.5281,-1.1937,-2.6649,33.0667,1.3132,89.8081
1740983494.317,3.595,2.46,1.826,1.904,-0.5211,-1.194,-2.6765,33.103,1.3471,89.8821
1740983494.397,3.596,2.481,1.827,1.883,-0.5141,-1.1937,-2.6879,33.1492,1.3434,89.8932
1740983494.477,3.594,2.481,1.825,1.883,-0.5068,-1.1936,-2.6994,33.1424,1.2626,89.8854
1740983494.556,3.599,2.491,1.83,1.873,-0.4996,-1.1935,-2.7112,33.1474,1.2591,89.8274
1740983494.636,3.596,2.51,1.827,1.854,-0.4923,-1.1929,-2.723,33.1665,1.2836,89.8423
1740983494.716,3.596,2.527,1.826,1.837,-0.4855,-1.1931,-2.7345,33.197,1.3323,89.8169
1740983494.795,3.599,2.539,1.829,1.825,-0.4786,-1.1922,-2.7458,33.2115,1.3622,89.8158
1740983494.875,3.592,2.539,1.822,1.825,-0.4716,-1.1928,-2.7569,33.259,1.3223,89.9595
1740983494.955,3.598,2.557,1.828,1.807,-0.465,-1.1927,-2.7674,33.2701,1.2723,90.0205
1740983495.034,3.599,2.576,1.829,1.788,-0.4583,-1.1919,-2.7778,33.3421,1.1945,90.122
1740983495.114,3.599,2.576,1.829,1.788,-0.4513,-1.1917,-2.7889,33.3578,1.153,90.1703
1740983495.194,3.595,2.608,1.825,1.756,-0.4446,-1.1923,-2.8001,33.3576,1.1634,90.1429
1740983495.273,3.596,2.608,1.826,1.756,-0.4382,-1.1918,-2.8099,33.3251,1.0898,90.1583
1740983495.353,3.601,2.619,1.831,1.746,-0.4319,-1.1912,-2.8207,33.3677,1.2401,89.9608
1740983495.432,3.598,2.637,1.827,1.728,-0.4253,-1.1914,-2.8318,33.4474,1.3091,89.9035
1740983495.512,3.598,2.655,1.828,1.71,-0.4186,-1.1917,-2.8428,33.4437,1.3291,89.88
1740983495.592,3.6,2.667,1.829,1.698,-0.4118,-1.1914,-2.8535,33.557,1.2959,89.9955
1740983495.671,3.596,2.667,1.825,1.698,-0.4051,-1.1909,-2.8642,33.5967,1.3415,90.0149
1740983495.751,3.598,2.68,1.827,1.685,-0.3977,-1.1907,-2.8753,33.6563,1.2164,90.0273
1740983495.831,3.599,2.696,1.828,1.669,-0.3904,-1.1909,-2.8869,33.6582,1.223,89.9402
1740983495.91,3.599,2.715,1.828,1.651,-0.3837,-1.191,-2.8981,33.682,1.2768,89.8575
1740983495.99,3.601,2.731,1.829,1.635,-0.3769,-1.1905,-2.9091,33.7332,1.3516,89.8089
1740983496.07,3.602,2.731,1.83,1.635,-0.3703,-1.1901,-2.92,33.7556,1.3946,89.7442
1740983496.149,3.604,2.745,1.832,1.621,-0.3636,-1.1895,-2.9304,33.8377,1.4666,89.7712
1740983496.229,3.604,2.769,1.832,1.597,-0.3572,-1.1897,-2.9407,33.8954,1.4429,89.8775
1740983496.309,3.599,2.778,1.826,1.589,-0.35,-1.1893,-2.9515,33.9987,1.3829,89.9502
1740983496.388,3.605,2.798,1.832,1.569,-0.3428,-1.1891,-2.9624,34.0241,1.3175,90.0206
1740983496.468,3.607,2.798,1.834,1.569,-0.3358,-1.189,-2.9732,34.0703,1.2341,90.0765
1740983496.547,3.609,2.809,1.834,1.56,-0.334,-1.1888,-2.9843,34.4704,2.937,89.3399
1740983496.627,3.609,2.831,1.834,1.538,-0.3314,-1.1881,-2.9934,34.4934,3.5462,89.0854
1740983496.707,3.603,2.837,1.827,1.532,-0.3262,-1.1872,-3.003,34.6716,3.9516,89.046
1740983496.786,3.627,2.855,1.851,1.515,-0.3186,-1.1869,-3.0155,34.7512,4.092,88.9343
1740983496.866,3.634,2.855,1.857,1.515,-0.3103,-1.1866,-3.0293,34.8227,4.175,88.8483
1740983496.946,3.63,2.867,1.852,1.504,-0.2974,-1.1852,-3.0329,35.0149,1.1333,91.9982
1740983497.025,3.63,2.892,1.85,1.481,-0.2873,-1.1846,-3.0405,35.3816,-0.2161,92.2762
1740983497.105,3.611,2.9,1.832,1.472,-0.2769,-1.1849,-3.0497,35.3049,-1.6863,92.218
1740983497.185,3.62,2.923,1.841,1.449,-0.2697,-1.1857,-3.0606,35.2601,-1.5165,91.9925
1740983497.264,3.625,2.923,1.845,1.45,-0.2653,-1.1869,-3.0763,35.3526,0.5051,90.7026
1740983497.344,3.631,2.933,1.852,1.439,-0.2588,-1.1876,-3.0912,35.2883,1.5999,89.5591
1740983497.424,3.631,2.949,1.848,1.427,-0.2534,-1.186,-3.1027,35.932,2.2429,88.4667
1740983497.503,3.616,2.977,1.834,1.398,-0.2499,-1.1851,-3.1089,35.6701,2.4639,88.0423
1740983497.583,3.617,2.992,1.837,1.381,-0.2462,-1.1848,-3.1151,35.4107,2.6825,87.913
1740983497.662,3.62,2.992,1.841,1.381,-0.2385,-1.1846,-3.124,35.2484,2.2081,87.6556
1740983497.742,3.629,2.994,1.851,1.378,-0.2299,-1.1841,-3.1364,35.0565,2.282,87.6379
1740983497.822,3.629,3.014,1.853,1.356,-0.2183,-1.1842,-3.1509,34.735,1.7297,87.5792
1740983497.901,3.619,3.023,1.845,1.345,-0.2082,-1.1838,-3.1623,34.2321,0.8913,88.2435
1740983497.981,3.614,3.045,1.838,1.325,-0.2017,-1.1837,-3.1751,34.702,1.4256,87.5212
1740983498.061,3.623,3.045,1.847,1.325,-0.1956,-1.1835,-3.1854,34.6739,1.5447,87.6013
1740983498.14,3.617,3.074,1.84,1.297,-0.1909,-1.1842,-3.1935,34.9093,1.7085,88.6208
1740983498.22,3.617,3.081,1.837,1.293,-0.1852,-1.1857,-3.2029,35.4085,1.6961,89.8985
1740983498.3,3.62,3.097,1.841,1.276,-0.1775,-1.1852,-3.213,35.2787,1.5195,89.7699
1740983498.379,3.625,3.097,1.847,1.275,-0.1707,-1.1853,-3.2223,35.0935,1.4328,89.8626
1740983498.459,3.624,3.112,1.845,1.261,-0.165,-1.1848,-3.2314,35.1778,1.4913,89.7904
1740983498.539,3.629,3.127,1.85,1.246,-0.1584,-1.1851,-3.2412,35.1608,1.46,89.8323
1740983498.618,3.629,3.139,1.851,1.233,-0.1516,-1.185,-3.2517,35.0991,1.4941,89.8076
1740983498.698,3.629,3.148,1.851,1.224,-0.1445,-1.1844,-3.2624,35.0752,1.5826,89.8121
1740983498.778,3.627,3.148,1.849,1.224,-0.1368,-1.1842,-3.2737,35.0333,1.5528,89.8533
1740983498.857,3.627,3.17,1.849,1.202,-0.1287,-1.1842,-3.2852,34.9735,1.4609,89.861
1740983498.937,3.629,3.182,1.852,1.19,-0.121,-1.1837,-3.2963,34.9299,1.3861,89.9261
1740983499.016,3.629,3.197,1.852,1.174,-0.1135,-1.1839,-3.3073,34.8361,1.3489,89.9123
1740983499.096,3.632,3.218,1.856,1.153,-0.1062,-1.1834,-3.3178,34.7006,1.3198,90.0079
1740983499.176,3.629,3.218,1.853,1.153,-0.0989,-1.1832,-3.329,34.6435,1.3565,89.9706
1740983499.255,3.631,3.234,1.855,1.136,-0.0916,-1.1829,-3.3401,34.5875,1.3796,90.0283
1740983499.335,3.63,3.253,1.854,1.117,-0.0841,-1.1826,-3.3512,34.5971,1.3178,90.0325
1740983499.415,3.63,3.263,1.854,1.108,-0.0771,-1.1826,-3.3619,34.6023,1.3503,90.0311
1740983499.494,3.632,3.277,1.856,1.094,-0.0698,-1.1824,-3.3726,34.6556,1.3596,89.9974
1740983499.574,3.633,3.277,1.857,1.094,-0.0622,-1.1824,-3.3835,34.6045,1.1896,89.9849
1740983499.653,3.634,3.294,1.859,1.076,-0.0549,-1.1823,-3.3947,34.5086,1.168,90.0332
1740983499.733,3.635,3.312,1.86,1.058,-0.0467,-1.1819,-3.4063,34.4364,1.1172,90.0352
1740983499.813,3.635,3.326,1.861,1.044,-0.0391,-1.1815,-3.4177,34.353,1.1132,90.1079
1740983499.892,3.637,3.347,1.863,1.022,-0.0316,-1.1811,-3.4297,34.3066,1.2451,90.0021
1740983499.972,3.64,3.347,1.866,1.022,-0.0246,-1.1811,-3.4409,34.3075,1.3275,90.0339
1740983500.052,3.634,3.362,1.86,1.007,-0.0173,-1.1807,-3.4519,34.2657,1.2765,90.0428
1740983500.132,3.64,3.384,1.866,0.985,-0.0099,-1.1807,-3.4627,34.2263,1.2091,90.0861
1740983500.211,3.64,3.399,1.867,0.97,-0.0029,-1.1802,-3.4735,34.1168,1.2788,89.9941
1740983500.291,3.637,3.415,1.864,0.953,0.0047,-1.1797,-3.4844,34.0199,1.2091,90.0052
1740983500.37,3.639,3.415,1.866,0.953,0.0119,-1.1799,-3.496,34.015,1.2459,89.9908
1740983500.45,3.645,3.429,1.872,0.939,0.0194,-1.1798,-3.5076,34.0335,1.2773,89.9394
1740983500.53,3.637,3.447,1.864,0.922,0.0266,-1.1797,-3.5188,34.0497,1.2839,90.0023
1740983500.609,3.637,3.461,1.864,0.908,0.034,-1.1795,-3.5301,34.08,1.2351,90.0328
1740983500.689,3.638,3.478,1.865,0.891,0.0409,-1.1789,-3.5413,34.1144,1.3401,90.0519
1740983500.769,3.64,3.478,1.866,0.891,0.048,-1.1788,-3.5517,34.1715,1.2729,90.0353
1740983500.848,3.645,3.497,1.871,0.872,0.0553,-1.1785,-3.5624,34.1445,1.2129,90.03
1740983501.047,3.643,3.531,1.87,0.838,0.0725,-1.1779,-3.5885,34.0068,1.2565,90.0115
1740983501.127,3.645,3.543,1.872,0.825,0.0792,-1.178,-3.5997,33.9652,1.3727,89.9693
1740983501.207,3.645,3.562,1.872,0.806,0.0861,-1.178,-3.6108,33.9575,1.4061,90.0586
1740983501.286,3.642,3.575,1.869,0.793,0.0936,-1.1777,-3.6218,33.9518,1.3627,90.1311
1740983501.366,3.642,3.575,1.87,0.793,0.1004,-1.1769,-3.632,33.8385,1.3164,90.1779
1740983501.446,3.648,3.595,1.878,0.771,0.108,-1.1766,-3.6421,33.193,1.3105,90.0783
1740983501.525,3.646,3.609,1.879,0.754,0.1157,-1.1765,-3.6527,32.4094,1.2444,90.1416
1740983501.605,3.646,3.622,1.88,0.74,0.1229,-1.1769,-3.6634,31.8069,1.2512,90.154
1740983501.684,3.636,3.635,1.87,0.727,0.1298,-1.177,-3.6749,31.7614,1.2407,90.1599
1740983501.764,3.646,3.635,1.88,0.727,0.1366,-1.1765,-3.6867,31.7679,1.2352,90.1543
1740983501.844,3.646,3.653,1.88,0.709,0.1433,-1.1757,-3.6979,31.8202,1.1933,90.228
1740983501.923,3.646,3.674,1.88,0.688,0.15,-1.1759,-3.7094,31.8621,1.2292,90.1631
1740983502.003,3.644,3.688,1.878,0.674,0.1564,-1.1757,-3.7204,31.9235,1.2905,90.1246
1740983502.083,3.649,3.703,1.883,0.659,0.1629,-1.1754,-3.7314,31.9921,1.3227,90.0434
1740983502.162,3.633,3.703,1.867,0.659,0.1697,-1.1752,-3.7419,32.059,1.1792,90.0972
1740983502.242,3.65,3.719,1.884,0.643,0.1762,-1.175,-3.7531,31.9981,1.2225,90.0425
1740983502.322,3.65,3.738,1.884,0.624,0.1828,-1.1749,-3.7645,31.9907,1.2398,90.0429
1740983502.401,3.65,3.753,1.884,0.609,0.1895,-1.1746,-3.776,31.996,1.2703,90.0492
1740983502.481,3.649,3.769,1.883,0.593,0.196,-1.1743,-3.7875,32.0259,1.3997,90.0106
1740983502.561,3.644,3.769,1.878,0.593,0.2027,-1.1742,-3.799,32.0585,1.4433,90.0064
1740983502.64,3.644,3.789,1.878,0.574,0.2096,-1.1741,-3.8099,32.1138,1.3336,90.0574
1740983502.72,3.644,3.805,1.877,0.558,0.216,-1.174,-3.821,32.1305,1.3515,90.0259
1740983502.799,3.649,3.819,1.883,0.544,0.2228,-1.1739,-3.832,32.0998,1.3548,90.0224
1740983502.879,3.647,3.837,1.881,0.526,0.2298,-1.1735,-3.8431,32.0809,1.2717,90.1011
1740983502.959,3.649,3.837,1.883,0.526,0.2364,-1.1737,-3.8547,32.1016,1.3311,90.0511
1740983503.038,3.65,3.854,1.884,0.508,0.2431,-1.1731,-3.8662,32.0548,1.399,90.0181
1740983503.118,3.65,3.87,1.883,0.493,0.2499,-1.1725,-3.8774,32.1573,1.3834,90.0538
1740983503.198,3.645,3.888,1.878,0.475,0.2565,-1.1726,-3.8886,32.2069,1.3868,90.0574
1740983503.277,3.647,3.903,1.88,0.46,0.2629,-1.1725,-3.8996,32.2926,1.4352,90.07
1740983503.357,3.648,3.903,1.881,0.46,0.2696,-1.1723,-3.91,32.3407,1.3429,90.0919
1740983503.437,3.641,3.917,1.874,0.446,0.2762,-1.1726,-3.9209,32.3672,1.2688,90.1493
1740983503.516,3.641,3.932,1.874,0.431,0.2831,-1.1719,-3.9315,32.3198,1.1355,90.2081
1740983503.596,3.642,3.948,1.875,0.415,0.2895,-1.1717,-3.9426,32.3001,1.2428,90.1722
1740983503.676,3.65,3.948,1.883,0.415,0.2965,-1.1716,-3.9539,32.2459,1.1954,90.2576
1740983503.755,3.647,3.965,1.88,0.398,0.3032,-1.1715,-3.9656,32.2459,1.2655,90.2622
1740983503.835,3.645,3.982,1.878,0.381,0.3101,-1.1711,-3.9769,32.2276,1.2801,90.3284
1740983503.915,3.645,3.998,1.878,0.365,0.3168,-1.1707,-3.9877,32.2555,1.218,90.4334
1740983503.994,3.648,4.015,1.881,0.348,0.3238,-1.1706,-3.999,32.224,1.1456,90.4598
1740983504.074,3.642,4.015,1.875,0.348,0.3302,-1.1699,-4.0092,32.187,1.1488,90.4694
1740983504.154,3.647,4.031,1.881,0.332,0.3373,-1.1699,-4.0202,32.1076,1.0217,90.5224
1740983504.233,3.65,4.047,1.884,0.316,0.3436,-1.1698,-4.0315,32.0458,1.0756,90.4781
1740983504.313,3.65,4.062,1.884,0.301,0.3504,-1.1694,-4.0421,32.0768,1.0707,90.4976
1740983504.392,3.648,4.062,1.882,0.301,0.3548,-1.1692,-4.0504,32.0387,1.0987,90.5284
1740983504.472,3.651,4.062,1.885,0.3,0.3559,-1.1691,-4.0521,31.9677,1.1388,90.4839
1740983504.552,3.649,4.095,1.883,0.268,0.3553,-1.169,-4.0511,32.0206,1.1383,90.4926
1740983504.631,3.646,4.103,1.88,0.26,0.3548,-1.1689,-4.0503,32.0216,1.144,90.5251
1740983504.711,3.646,4.101,1.88,0.262,0.3547,-1.169,-4.0502,32.0301,1.1424,90.5208
1740983504.791,3.648,4.1,1.882,0.263,0.3547,-1.1689,-4.0502,32.0326,1.1391,90.5159
1740983504.87,3.65,4.1,1.884,0.263,0.355,-1.1689,-4.0502,32.0284,1.1359,90.513
1740983504.95,3.648,4.1,1.882,0.263,0.3547,-1.1689,-4.0502,32.015,1.1448,90.5087
1740983505.03,3.65,4.101,1.884,0.262,0.3548,-1.169,-4.0502,32.0262,1.1378,90.5094
1740983505.109,3.65,4.102,1.884,0.261,0.3548,-1.1689,-4.0502,32.0298,1.1323,90.5134
1740983505.189,3.651,4.101,1.885,0.262,0.3547,-1.1689,-4.0501,32.0261,1.14,90.5113
1740983505.269,3.648,4.101,1.882,0.262,0.3546,-1.1688,-4.05,32.0215,1.1359,90.5056
1740983505.348,3.647,4.1,1.881,0.263,0.3549,-1.1688,-4.0502,32.0185,1.1284,90.4847
1740983505.428,3.651,4.1,1.885,0.263,0.3548,-1.1689,-4.0501,32.0095,1.1332,90.4861
1740983505.507,3.651,4.102,1.885,0.261,0.3548,-1.1689,-4.0501,32.0126,1.1269,90.4911
1740983505.587,3.647,4.1,1.881,0.263,0.3548,-1.169,-4.0502,32.0107,1.1318,90.4825
1740983505.667,3.652,4.1,1.886,0.262,0.3549,-1.169,-4.0502,32.0004,1.1299,90.4781
1740983505.746,3.65,4.101,1.884,0.261,0.3549,-1.1689,-4.0501,31.9995,1.1273,90.4833
1740983505.826,3.648,4.102,1.882,0.261,0.3549,-1.1689,-4.0501,32.0046,1.1284,90.486
1740983505.906,3.648,4.101,1.882,0.262,0.3548,-1.1689,-4.0502,32.0105,1.1314,90.4929
1740983505.985,3.648,4.102,1.882,0.261,0.3549,-1.1689,-4.05,32.0168,1.1277,90.5013
1740983506.065,3.649,4.102,1.883,0.261,0.3549,-1.1689,-4.05,32.0163,1.1272,90.4986
1740983506.145,3.647,4.101,1.881,0.262,0.3548,-1.1689,-4.05,32.0245,1.1321,90.495
1740983506.224,3.65,4.101,1.884,0.262,0.3547,-1.1689,-4.0501,32.0232,1.1242,90.5015
1740983506.304,3.65,4.101,1.884,0.262,0.3548,-1.1689,-4.0499,32.022,1.1125,90.5071
1740983506.384,3.651,4.1,1.885,0.263,0.3549,-1.169,-4.0501,32.0196,1.115,90.5049
1740983506.463,3.646,4.1,1.88,0.263,0.3548,-1.1689,-4.0501,32.0199,1.1217,90.5086
1740983506.543,3.651,4.1,1.885,0.263,0.3547,-1.1689,-4.0501,32.0291,1.1213,90.5063
1740983506.623,3.649,4.1,1.883,0.263,0.3548,-1.1689,-4.05,32.0367,1.124,90.5025
1740983506.702,3.649,4.101,1.883,0.262,0.3548,-1.1689,-4.0499,32.0375,1.1269,90.5053
1740983506.782,3.651,4.102,1.885,0.261,0.3547,-1.1689,-4.05,32.0355,1.1392,90.4987
1740983506.861,3.647,4.102,1.881,0.261,0.3548,-1.1689,-4.05,32.0273,1.1364,90.496
1740983521.436,3.876,4.127,2.111,0.235,0.5647,-1.1642,-3.9546,31.5475,0.5607,90.8419
1740983521.516,3.875,4.128,2.11,0.234,0.5645,-1.1642,-3.9544,31.5456,0.5569,90.8435
1740983521.596,3.875,4.127,2.11,0.235,0.5647,-1.1642,-3.9545,31.5461,0.5544,90.8428
1740983521.675,3.878,4.129,2.113,0.232,0.5645,-1.1642,-3.9543,31.5417,0.5531,90.8529
1740983521.755,3.875,4.129,2.11,0.232,0.5646,-1.1642,-3.9544,31.5332,0.5453,90.852
1740983521.835,3.875,4.129,2.11,0.232,0.5645,-1.1641,-3.9544,31.5389,0.5581,90.8567
1740983521.914,3.878,4.127,2.113,0.234,0.5647,-1.1642,-3.9545,31.5311,0.5567,90.8556
1740983521.994,3.878,4.129,2.113,0.232,0.5646,-1.1643,-3.9545,31.5318,0.5578,90.8532
1740983522.073,3.878,4.128,2.113,0.233,0.5646,-1.1642,-3.9544,31.5313,0.5571,90.8443
1740983522.153,3.877,4.128,2.112,0.233,0.5645,-1.1641,-3.9544,31.5334,0.5561,90.8441
1740983522.233,3.874,4.128,2.109,0.233,0.5645,-1.1641,-3.9544,31.5412,0.553,90.8312
1740983522.312,3.875,4.128,2.11,0.234,0.5646,-1.1642,-3.9546,31.5449,0.5522,90.8221
1740983522.392,3.875,4.129,2.11,0.233,0.5645,-1.1641,-3.9544,31.5554,0.5468,90.8245
1740983522.472,3.878,4.127,2.113,0.235,0.5646,-1.1644,-3.9545,31.5502,0.5317,90.8464
1740983522.551,3.877,4.127,2.112,0.235,0.5647,-1.1642,-3.9546,31.5554,0.5388,90.8412
1740983522.631,3.875,4.129,2.11,0.233,0.5646,-1.1641,-3.9545,31.5546,0.5447,90.8424
1740983522.711,3.877,4.128,2.112,0.234,0.5646,-1.1642,-3.9544,31.5574,0.5471,90.8364
1740983522.79,3.877,4.129,2.112,0.233,0.5646,-1.1642,-3.9545,31.5563,0.548,90.8379
1740983522.87,3.877,4.127,2.112,0.235,0.5646,-1.1642,-3.9544,31.556,0.5482,90.8406
1740983522.95,3.876,4.127,2.111,0.235,0.5645,-1.1642,-3.9544,31.5517,0.5496,90.8342
1740983523.029,3.878,4.129,2.113,0.233,0.5646,-1.1641,-3.9543,31.5569,0.5523,90.8318
1740983523.109,3.878,4.126,2.113,0.236,0.5646,-1.1643,-3.9545,31.551,0.5519,90.8292
1740983523.188,3.878,4.128,2.113,0.234,0.5646,-1.1641,-3.9544,31.5476,0.5484,90.8365
1740983523.268,3.875,4.129,2.11,0.232,0.5646,-1.1642,-3.9544,31.5432,0.5442,90.8366
1740983523.348,3.879,4.129,2.114,0.232,0.5647,-1.1642,-3.9545,31.5433,0.5391,90.8377
1740983523.428,3.878,4.128,2.113,0.234,0.5645,-1.1642,-3.9545,31.5502,0.5479,90.8373
1740983523.507,3.877,4.127,2.112,0.234,0.5645,-1.1642,-3.9544,31.5414,0.5372,90.8393
1740983523.587,3.877,4.128,2.112,0.233,0.5647,-1.1643,-3.9545,31.5349,0.5299,90.8371
1740983523.666,3.875,4.129,2.11,0.232,0.5646,-1.1642,-3.9545,31.5371,0.534,90.8322
1740983523.746,3.876,4.129,2.111,0.232,0.5646,-1.1642,-3.9546,31.5296,0.5367,90.8304
1740983523.826,3.88,4.129,2.115,0.232,0.5646,-1.1642,-3.9546,31.5344,0.5415,90.8263
1740983523.905,3.876,4.129,2.111,0.232,0.5646,-1.1643,-3.9546,31.5409,0.5442,90.8244
1740983523.985,3.876,4.128,2.111,0.233,0.5647,-1.1642,-3.9546,31.544,0.546,90.8275
1740983524.065,3.877,4.129,2.112,0.233,0.5646,-1.1643,-3.9545,31.5523,0.5495,90.8382
1740983524.144,3.877,4.129,2.112,0.233,0.5647,-1.1643,-3.9545,31.552,0.5471,90.8326
1740983524.224,3.875,4.128,2.11,0.234,0.5644,-1.1643,-3.9545,31.5502,0.5478,90.8396
1740983524.304,3.875,4.13,2.11,0.232,0.5646,-1.1642,-3.9545,31.5543,0.5417,90.8357
1740983524.383,3.875,4.128,2.11,0.233,0.5646,-1.1643,-3.9546,31.5446,0.5359,90.8372
1740983524.463,3.877,4.129,2.112,0.232,0.5647,-1.1643,-3.9547,31.5331,0.523,90.8411
1740983524.543,3.878,4.129,2.113,0.232,0.5646,-1.1643,-3.9545,31.5317,0.5237,90.8511
1740983524.622,3.876,4.129,2.111,0.232,0.5646,-1.1642,-3.9546,31.5227,0.5259,90.8475
1740983524.702,3.876,4.128,2.111,0.233,0.5646,-1.1642,-3.9546,31.522,0.5276,90.8438
1740983524.781,3.876,4.128,2.111,0.233,0.5647,-1.1642,-3.9548,31.5328,0.5328,90.8324
1740983524.861,3.877,4.127,2.112,0.235,0.5647,-1.1643,-3.9548,31.5479,0.5447,90.8414
1740983524.941,3.877,4.127,2.112,0.235,0.5647,-1.1643,-3.9548,31.5492,0.5394,90.8505
1740983525.02,3.878,4.128,2.113,0.234,0.5647,-1.1642,-3.9546,31.5467,0.5319,90.8544
1740983525.1,3.875,4.128,2.11,0.234,0.5646,-1.1642,-3.9546,31.5484,0.5423,90.8545
1740983525.18,3.875,4.13,2.11,0.231,0.5645,-1.1642,-3.9545,31.5432,0.5359,90.8622
1740983525.259,3.878,4.128,2.113,0.233,0.5645,-1.1643,-3.9546,31.5388,0.5277,90.8602
1740983525.339,3.877,4.128,2.112,0.233,0.5646,-1.1642,-3.9546,31.5359,0.5317,90.847
1740983525.419,3.877,4.128,2.112,0.233,0.5646,-1.1642,-3.9548,31.5317,0.5357,90.839
1740983525.498,3.878,4.129,2.113,0.232,0.5646,-1.1643,-3.9548,31.5298,0.5402,90.8375
1740983525.578,3.878,4.129,2.113,0.232,0.5646,-1.1642,-3.9546,31.529,0.52,90.856
1740983525.657,3.878,4.128,2.113,0.233,0.5645,-1.1642,-3.9547,31.537,0.5318,90.8409
1740983525.737,3.876,4.128,2.111,0.233,0.5646,-1.1642,-3.9546,31.539,0.536,90.8435
1740983525.817,3.878,4.128,2.113,0.233,0.5647,-1.1642,-3.9547,31.5418,0.5504,90.8297
1740983525.896,3.878,4.128,2.113,0.233,0.5646,-1.1643,-3.9547,31.5416,0.5562,90.8328
1740983525.976,3.878,4.128,2.113,0.234,0.5646,-1.1642,-3.9547,31.5491,0.5556,90.8273
1740983526.056,3.878,4.128,2.113,0.234,0.5646,-1.1643,-3.9545,31.5558,0.5594,90.8302
1740983526.135,3.876,4.128,2.111,0.234,0.5646,-1.1643,-3.9547,31.5561,0.5579,90.8303
1740983526.215,3.876,4.129,2.111,0.233,0.5646,-1.1643,-3.9547,31.5508,0.5532,90.8347
1740983526.295,3.876,4.129,2.111,0.232,0.5645,-1.1642,-3.9546,31.5305,0.5458,90.8155
1740983526.374,3.877,4.13,2.112,0.232,0.564,-1.1643,-3.9536,31.5566,0.5408,90.8109
1740983526.454,3.877,4.13,2.112,0.231,0.5616,-1.1644,-3.9497,31.5327,0.5605,90.7819
1740983526.534,3.876,4.128,2.111,0.233,0.5577,-1.1646,-3.9433,31.5356,0.5495,90.771
1740983526.613,3.877,4.122,2.112,0.24,0.5534,-1.1645,-3.9355,31.5774,0.5314,90.7917
1740983526.693,3.877,4.115,2.111,0.247,0.5488,-1.1646,-3.9281,31.6053,0.5453,90.807
1740983526.773,3.879,4.104,2.114,0.258,0.5457,-1.1648,-3.9227,31.5848,0.5695,90.7632
1740983526.852,3.875,4.104,2.11,0.258,0.5436,-1.1649,-3.9193,31.5722,0.5693,90.7403
1740983526.932,3.875,4.094,2.11,0.268,0.542,-1.1651,-3.9167,31.5764,0.6178,90.6883
1740983527.011,3.879,4.086,2.113,0.276,0.5402,-1.1652,-3.9139,31.5951,0.6248,90.6521
1740983527.091,3.879,4.082,2.114,0.28,0.5376,-1.1653,-3.9094,31.5622,0.6329,90.664
1740983527.171,3.878,4.079,2.113,0.282,0.5343,-1.1653,-3.9041,31.5517,0.6815,90.6634
1740983527.251,3.879,4.079,2.114,0.282,0.5309,-1.1658,-3.8983,31.5245,0.6831,90.6744
1740983527.33,3.876,4.072,2.111,0.289,0.527,-1.1659,-3.8917,31.4385,0.6976,90.7057
1740983527.41,3.878,4.062,2.113,0.299,0.5234,-1.1662,-3.8857,31.3691,0.723,90.6894
1740983527.489,3.878,4.053,2.113,0.308,0.5199,-1.1664,-3.8798,31.3069,0.7196,90.6951
1740983527.569,3.877,4.045,2.112,0.316,0.5168,-1.1662,-3.8739,31.2548,0.6805,90.6901
1740983527.649,3.88,4.045,2.115,0.316,0.5136,-1.1662,-3.8684,31.199,0.6612,90.653
1740983527.728,3.88,4.038,2.115,0.323,0.5106,-1.1665,-3.8631,31.1365,0.6428,90.6252
1740983527.808,3.879,4.027,2.114,0.334,0.5075,-1.1665,-3.8574,31.0889,0.592,90.6763
1740983527.888,3.879,4.02,2.114,0.341,0.5042,-1.1668,-3.8518,31.0438,0.5867,90.6366
1740983527.967,3.88,4.013,2.115,0.348,0.5008,-1.1669,-3.8462,31.0978,0.5862,90.615
1740983528.047,3.88,4.013,2.115,0.348,0.4977,-1.167,-3.8407,31.1062,0.5458,90.6004
1740983528.127,3.881,4.003,2.116,0.358,0.4946,-1.1671,-3.8354,31.0843,0.517,90.5929
1740983528.206,3.88,3.996,2.115,0.365,0.4919,-1.1671,-3.8304,31.0451,0.5378,90.57
1740983528.286,3.88,3.987,2.115,0.374,0.4888,-1.1674,-3.8253,31.0237,0.566,90.5671
1740983528.366,3.881,3.982,2.116,0.379,0.4856,-1.1672,-3.8202,30.9978,0.6113,90.5418
1740983528.445,3.881,3.982,2.116,0.379,0.4828,-1.1674,-3.8153,30.934,0.6994,90.4688
1740983528.525,3.88,3.973,2.115,0.388,0.4796,-1.1675,-3.81,30.9349,0.7095,90.5155
1740983528.604,3.882,3.967,2.118,0.393,0.4765,-1.1675,-3.8045,30.8865,0.7603,90.5313
1740983528.684,3.882,3.957,2.118,0.403,0.4732,-1.1677,-3.799,30.8162,0.767,90.5105
1740983528.764,3.882,3.95,2.117,0.411,0.4725,-1.1675,-3.7974,31.0762,0.5699,90.4257
1740983528.843,3.882,3.95,2.117,0.411,0.4727,-1.1676,-3.7974,31.0943,0.4883,90.4714
1740983528.923,3.881,3.943,2.116,0.418,0.4727,-1.1677,-3.7976,31.1057,0.5158,90.4643
1740983529.003,3.882,3.942,2.117,0.419,0.4728,-1.1677,-3.7976,31.0795,0.4876,90.4721
1740983529.082,3.882,3.944,2.117,0.417,0.4723,-1.167,-3.7966,31.0319,0.4811,89.6677
1740983529.162,3.882,3.943,2.118,0.417,0.4694,-1.1656,-3.7912,30.7931,0.5932,88.289
1740983529.242,3.882,3.943,2.118,0.417,0.4622,-1.1673,-3.7797,30.5039,0.7048,87.9739
1740983529.321,3.88,3.943,2.116,0.417,0.4541,-1.167,-3.7645,30.3961,0.6438,88.036
1740983529.401,3.88,3.933,2.116,0.427,0.4449,-1.1684,-3.7481,30.2537,0.6231,89.3715
1740983529.48,3.88,3.913,2.116,0.447,0.4372,-1.1691,-3.7341,30.4013,0.6082,90.4855
1740983529.56,3.884,3.883,2.12,0.477,0.4339,-1.169,-3.7283,30.3974,0.6178,90.4858
1740983529.64,3.884,3.883,2.12,0.477,0.4328,-1.1692,-3.7266,30.363,0.6551,90.397
1740983529.719,3.884,3.868,2.12,0.492,0.4323,-1.1694,-3.726,30.3476,0.644,90.3543
1740983529.799,3.883,3.866,2.119,0.494,0.4306,-1.1693,-3.7229,30.2945,0.6549,90.3992
1740983529.879,3.883,3.865,2.119,0.495,0.4276,-1.1694,-3.7174,30.2589,0.6718,90.3578
1740983529.958,3.886,3.857,2.122,0.503,0.4234,-1.1693,-3.71,30.1562,0.7077,90.3238
1740983530.038,3.883,3.857,2.119,0.503,0.4188,-1.1695,-3.7016,29.9903,0.7321,90.341
1740983530.118,3.884,3.849,2.12,0.511,0.4147,-1.1698,-3.6939,29.8804,0.7119,90.3154
1740983530.197,3.889,3.839,2.125,0.521,0.4111,-1.1699,-3.6872,29.7724,0.6823,90.2731
1740983530.277,3.889,3.827,2.125,0.533,0.408,-1.1699,-3.6812,29.7117,0.6398,90.2849
1740983530.357,3.888,3.818,2.124,0.542,0.4073,-1.1695,-3.6773,30.2719,0.0845,90.857
1740983530.436,3.885,3.818,2.121,0.542,0.4075,-1.1695,-3.6772,30.2595,0.0367,90.8592
1740983530.516,3.889,3.81,2.125,0.55,0.4074,-1.1695,-3.6769,30.2783,0.0029,90.9377
1740983530.595,3.891,3.809,2.127,0.551,0.4069,-1.1694,-3.676,30.2651,-0.0347,91.1093
1740983530.675,3.891,3.808,2.127,0.552,0.4041,-1.1685,-3.6717,30.2444,0.1733,91.64
1740983530.755,3.89,3.808,2.126,0.552,0.3974,-1.1673,-3.6612,29.9157,0.3349,92.6614
1740983530.834,3.89,3.808,2.126,0.552,0.389,-1.1672,-3.6461,29.7221,0.4883,92.6818
1740983530.914,3.89,3.795,2.126,0.565,0.3788,-1.1678,-3.6296,29.6856,0.9053,92.336
1740983530.994,3.892,3.772,2.128,0.588,0.3741,-1.1708,-3.618,29.5962,0.6207,90.369
1740983531.073,3.892,3.75,2.128,0.61,0.369,-1.1714,-3.6089,29.3862,0.7609,90.0802
1740983531.153,3.89,3.737,2.126,0.623,0.3678,-1.171,-3.6067,29.3191,0.7757,90.0673
1740983531.233,3.895,3.737,2.131,0.623,0.3677,-1.1712,-3.6068,29.2625,0.7924,90.0752
1740983531.312,3.893,3.73,2.129,0.63,0.3674,-1.1712,-3.6058,29.2147,0.7779,90.1004
1740983531.392,3.892,3.729,2.128,0.631,0.3658,-1.1712,-3.6025,29.1353,0.7533,90.0932
1740983531.472,3.892,3.728,2.128,0.632,0.3616,-1.1711,-3.5956,29.4147,0.7747,90.1897
1740983531.551,3.895,3.728,2.131,0.632,0.3568,-1.1717,-3.5875,29.8893,0.6978,90.2055
1740983531.631,3.892,3.723,2.128,0.637,0.3518,-1.172,-3.5795,30.3694,0.6526,90.2513
1740983531.711,3.889,3.708,2.124,0.653,0.347,-1.1718,-3.5723,30.9484,0.6332,90.2969
1740983531.79,3.89,3.697,2.125,0.664,0.3432,-1.1716,-3.5663,31.1429,0.6453,90.3187
1740983531.87,3.89,3.686,2.125,0.675,0.3403,-1.1719,-3.5611,31.0967,0.6495,90.359
1740983531.949,3.888,3.686,2.123,0.675,0.3375,-1.1719,-3.5563,31.0758,0.6702,90.3426
1740983532.029,3.888,3.677,2.123,0.684,0.3342,-1.172,-3.5509,31.1003,0.6892,90.3288
1740983532.109,3.885,3.67,2.12,0.691,0.3306,-1.1719,-3.5449,31.1311,0.7364,90.3528
1740983532.189,3.885,3.657,2.12,0.704,0.3267,-1.1719,-3.5383,31.1046,0.7203,90.3717
1740983532.268,3.885,3.651,2.12,0.71,0.3229,-1.1723,-3.5318,31.0605,0.7172,90.4038
1740983532.348,3.885,3.651,2.12,0.71,0.319,-1.1724,-3.5253,31.0047,0.771,90.3876
1740983532.427,3.889,3.64,2.124,0.72,0.3153,-1.1727,-3.5189,30.9271,0.7902,90.3762
1740983532.507,3.889,3.632,2.125,0.728,0.3117,-1.1726,-3.5127,30.8911,0.7793,90.3858
1740983532.587,3.889,3.623,2.125,0.737,0.3085,-1.1727,-3.5067,30.9023,0.7219,90.3746
1740983532.666,3.886,3.612,2.122,0.748,0.3052,-1.1731,-3.501,30.7899,0.7043,90.3525
1740983532.746,3.89,3.612,2.126,0.748,0.302,-1.1733,-3.495,30.7466,0.6979,90.3629
1740983532.826,3.891,3.607,2.127,0.753,0.2989,-1.1732,-3.4891,30.7608,0.6546,90.421
1740983532.905,3.889,3.597,2.125,0.763,0.2954,-1.1735,-3.4834,30.7369,0.6675,90.3992
1740983532.985,3.889,3.588,2.125,0.772,0.292,-1.1737,-3.4772,30.7501,0.5803,90.3936
1740983533.064,3.891,3.581,2.127,0.779,0.2885,-1.1738,-3.4709,30.7359,0.5406,90.4031
1740983533.144,3.891,3.581,2.126,0.779,0.2849,-1.1737,-3.4649,30.9468,0.5334,90.388
1740983533.224,3.889,3.575,2.124,0.786,0.2808,-1.1738,-3.4591,31.2468,0.6097,90.3624
1740983533.303,3.893,3.564,2.128,0.797,0.2768,-1.1738,-3.4531,31.519,0.7224,90.345
1740983533.383,3.893,3.556,2.127,0.806,0.273,-1.1736,-3.4475,31.8087,0.749,90.3137
1740983533.463,3.887,3.545,2.121,0.817,0.2693,-1.1739,-3.4416,31.776,0.7603,90.3397
1740983533.662,3.887,3.525,2.122,0.836,0.2602,-1.1747,-3.4255,31.5642,0.6673,90.4347
1740983533.742,3.887,3.525,2.122,0.836,0.2568,-1.1746,-3.4193,31.5158,0.6601,90.4546
1740983533.821,3.885,3.52,2.12,0.841,0.2534,-1.1748,-3.4133,31.4677,0.6106,90.4818
1740983533.901,3.888,3.511,2.123,0.85,0.2497,-1.1749,-3.4072,31.3964,0.6149,90.4673
1740983533.98,3.888,3.501,2.123,0.86,0.2464,-1.1749,-3.4013,31.3147,0.6064,90.4594
1740983534.06,3.887,3.491,2.122,0.87,0.243,-1.1751,-3.3953,31.3277,0.544,90.479
1740983534.14,3.888,3.491,2.123,0.87,0.2398,-1.1753,-3.3895,31.3347,0.5444,90.4866
1740983534.219,3.888,3.481,2.123,0.88,0.2363,-1.1754,-3.3837,31.3687,0.5349,90.5022
1740983534.299,3.89,3.477,2.125,0.884,0.2329,-1.1752,-3.3779,31.317,0.5546,90.5149
1740983534.379,3.89,3.467,2.125,0.894,0.2295,-1.1753,-3.372,31.3377,0.5364,90.5268
1740983534.458,3.891,3.458,2.126,0.903,0.2259,-1.1754,-3.366,31.3382,0.5795,90.4687
1740983534.538,3.887,3.458,2.122,0.903,0.222,-1.1759,-3.3598,31.2947,0.6314,90.4518
1740983534.618,3.888,3.446,2.123,0.915,0.2182,-1.1758,-3.3534,31.276,0.6524,90.4523
1740983534.697,3.89,3.442,2.125,0.919,0.2144,-1.1759,-3.3468,31.2085,0.6583,90.4988
1740983536.708,3.888,3.274,2.123,1.087,0.1314,-1.1783,-3.2104,31.3135,1.2496,90.7152
1740983536.788,3.89,3.271,2.125,1.09,0.1285,-1.178,-3.2089,31.3767,1.9696,90.2193
1740983536.868,3.89,3.268,2.125,1.093,0.1223,-1.1772,-3.2025,31.2426,2.6862,90.0171
1740983536.947,3.889,3.257,2.123,1.104,0.1179,-1.1772,-3.1856,31.6373,0.8463,92.6282
1740983537.027,3.89,3.257,2.124,1.105,0.1117,-1.1771,-3.1708,31.8303,0.1478,93.2258
1740983537.107,3.888,3.243,2.121,1.119,0.1053,-1.1772,-3.1582,32.1424,-0.3545,93.1797
1740983537.186,3.888,3.228,2.121,1.135,0.103,-1.178,-3.1487,32.3698,-1.3403,92.9029
1740983537.266,3.888,3.21,2.121,1.153,0.099,-1.1796,-3.1432,32.4255,-1.1225,92.1905
1740983537.345,3.896,3.21,2.13,1.152,0.0931,-1.1818,-3.1406,31.8609,0.2937,90.4837
1740983537.425,3.898,3.197,2.131,1.165,0.091,-1.1821,-3.1374,32.1074,0.0914,90.4976
1740983537.505,3.891,3.186,2.125,1.176,0.0897,-1.1813,-3.1352,32.0032,0.1986,90.5398
1740983537.584,3.891,3.185,2.125,1.177,0.0886,-1.1812,-3.1328,32.0262,0.1545,90.5477
1740983537.664,3.892,3.184,2.126,1.178,0.0857,-1.1812,-3.1284,31.9828,0.1471,90.5711
1740983537.744,3.891,3.184,2.125,1.178,0.0818,-1.1815,-3.1218,31.9816,0.2054,90.5187
1740983537.823,3.889,3.18,2.123,1.182,0.0772,-1.1816,-3.1138,31.9656,0.1358,90.526
1740983537.903,3.89,3.164,2.124,1.198,0.0726,-1.1817,-3.1061,31.8321,0.1058,90.5574
1740983537.982,3.89,3.158,2.124,1.203,0.0686,-1.1817,-3.0999,31.7502,0.2266,90.4689
1740983538.062,3.893,3.141,2.127,1.221,0.0652,-1.1817,-3.0942,31.7955,0.2335,90.4954
1740983538.142,3.895,3.141,2.129,1.22,0.062,-1.1818,-3.0892,31.7225,0.355,90.4016
1740983538.221,3.891,3.138,2.125,1.223,0.0586,-1.182,-3.0836,31.7664,0.2715,90.4311
1740983538.301,3.893,3.133,2.126,1.229,0.0553,-1.1818,-3.0802,32.2111,0.5806,90.0169
1740983538.381,3.893,3.124,2.125,1.239,0.0529,-1.1814,-3.0779,32.6414,0.7512,89.7964
1740983538.46,3.892,3.115,2.124,1.248,0.0515,-1.1813,-3.0764,32.6878,0.902,89.577
1740983538.54,3.889,3.115,2.121,1.248,0.0498,-1.1814,-3.0745,32.6349,1.027,89.4212
1740983538.62,3.886,3.111,2.118,1.252,0.0486,-1.1813,-3.0724,32.6743,1.0205,89.2201
1740983538.699,3.884,3.105,2.116,1.258,0.0468,-1.1809,-3.0683,32.6042,0.8807,88.8525
1740983538.779,3.884,3.111,2.116,1.252,0.0423,-1.1807,-3.0609,32.5088,0.9208,88.7903
1740983538.859,3.883,3.1,2.115,1.263,0.037,-1.1813,-3.0517,32.4963,0.874,88.7622
1740983538.938,3.885,3.1,2.118,1.263,0.0308,-1.1812,-3.0413,32.3461,0.9825,88.8341
1740983539.018,3.889,3.089,2.122,1.274,0.0245,-1.1811,-3.0313,32.3515,1.0627,89.0053
1740983539.098,3.888,3.08,2.12,1.283,0.0192,-1.1818,-3.0208,32.7279,0.6334,89.3907
1740983539.177,3.888,3.06,2.12,1.303,0.0114,-1.1834,-3.0068,32.4873,0.2765,90.5384
1740983539.257,3.888,3.041,2.12,1.322,0.0047,-1.1832,-2.9957,32.6738,0.1404,90.4382
1740983539.337,3.893,3.041,2.124,1.323,-0.0017,-1.1833,-2.9854,32.7607,0.1452,90.3909
1740983539.416,3.887,3.027,2.118,1.337,-0.0084,-1.1835,-2.9751,32.7942,0.1557,90.3217
1740983539.496,3.89,3.011,2.122,1.352,-0.0145,-1.1839,-2.9647,32.7197,0.1555,90.3661
1740983539.575,3.89,2.998,2.123,1.364,-0.0222,-1.1838,-2.9554,32.1385,0.7207,90.2347
1740983539.655,3.886,2.981,2.121,1.38,-0.0275,-1.1837,-2.9491,31.591,0.7713,90.136
1740983539.735,3.885,2.981,2.12,1.38,-0.0296,-1.1847,-2.9412,31.2737,0.1088,90.2436
1740983539.814,3.885,2.963,2.12,1.398,-0.036,-1.1865,-2.9317,31.298,0.0019,90.5847
1740983539.894,3.889,2.955,2.124,1.406,-0.0429,-1.185,-2.9208,31.2939,0.2906,90.3686
1740983539.975,3.889,2.943,2.124,1.418,-0.0507,-1.1846,-2.9069,31.1802,0.1687,90.4223
1740983540.053,3.891,2.926,2.127,1.434,-0.0544,-1.1845,-2.8977,30.7339,-0.2329,89.7782
1740983540.133,3.889,2.926,2.125,1.434,-0.0568,-1.1833,-2.8927,30.8098,-0.3464,89.2574
1740983540.212,3.895,2.914,2.131,1.446,-0.0616,-1.1834,-2.8868,30.8827,0.0056,88.6298
1740983540.292,3.893,2.901,2.128,1.459,-0.0676,-1.1831,-2.8772,30.995,0.0425,88.2313
1740983540.372,3.893,2.893,2.128,1.468,-0.0752,-1.1829,-2.8647,31.1792,0.0371,88.1783
1740983540.451,3.893,2.879,2.129,1.481,-0.0826,-1.1833,-2.8505,30.5694,-0.0214,88.453
1740983540.531,3.891,2.879,2.127,1.481,-0.0905,-1.1835,-2.8375,30.5656,0.1062,88.4912
1740983540.611,3.894,2.86,2.13,1.5,-0.1009,-1.186,-2.8201,30.3164,0.2199,90.6715
1740983540.69,3.894,2.847,2.13,1.513,-0.1073,-1.1875,-2.8093,30.3075,0.1837,90.4933
1740983540.77,3.894,2.821,2.13,1.539,-0.1131,-1.1864,-2.7989,30.2341,0.288,90.2862
1740983540.85,3.893,2.801,2.129,1.559,-0.1172,-1.1861,-2.7915,29.8075,0.5365,89.9742
1740983540.929,3.891,2.801,2.127,1.559,-0.1184,-1.1863,-2.7895,29.9973,0.5913,89.4026
1740983541.009,3.896,2.788,2.132,1.572,-0.1191,-1.1856,-2.7891,30.3205,0.5477,89.1322
1740983541.089,3.893,2.785,2.129,1.575,-0.1186,-1.185,-2.7883,30.6256,0.2764,88.9454
1740983541.168,3.893,2.783,2.129,1.577,-0.1171,-1.1841,-2.7832,30.5746,-1.0835,89.0578
1740983541.248,3.895,2.78,2.131,1.58,-0.1204,-1.1829,-2.7695,30.3497,-2.3399,89.6167
1740983541.328,3.897,2.78,2.133,1.58,-0.1308,-1.1825,-2.7496,30.7518,-2.472,90.0661
1740983541.407,3.908,2.781,2.144,1.579,-0.1443,-1.1832,-2.7271,30.8836,-2.3276,90.3947
1740983541.487,3.911,2.748,2.146,1.612,-0.1594,-1.1852,-2.704,31.0784,-1.7556,91.3844
1740983541.566,3.911,2.713,2.143,1.65,-0.1737,-1.1881,-2.6872,32.655,-0.2805,90.9334
1740983541.646,3.908,2.678,2.141,1.684,-0.1825,-1.1876,-2.6769,32.268,0.1769,90.5109
1740983541.726,3.889,2.678,2.123,1.683,-0.1855,-1.1872,-2.6742,31.8368,0.5057,90.5401
1740983541.925,3.892,2.651,2.127,1.71,-0.1882,-1.1874,-2.6721,31.4994,0.9511,90.4545
1740983542.005,3.89,2.652,2.125,1.709,-0.196,-1.1863,-2.6666,31.4474,2.408,89.7523
1740983542.084,3.888,2.648,2.123,1.713,-0.2066,-1.1861,-2.6516,31.3482,2.8551,89.5684
1740983542.164,3.888,2.636,2.123,1.724,-0.2178,-1.1866,-2.6315,31.0317,2.5886,89.8525
1740983542.244,3.898,2.617,2.134,1.743,-0.2283,-1.1871,-2.6126,30.7787,2.4041,89.7057
1740983542.323,3.896,2.617,2.131,1.743,-0.2344,-1.1881,-2.5966,31.0833,1.3021,89.9244
1740983542.403,3.895,2.585,2.13,1.776,-0.2379,-1.1896,-2.5843,31.2401,0.1368,90.208
1740983542.482,3.897,2.563,2.132,1.798,-0.2418,-1.1895,-2.5769,31.2143,0.1512,90.2883
1740983542.562,3.897,2.553,2.132,1.808,-0.2448,-1.1894,-2.5724,31.1836,0.2195,90.2371
1740983542.642,3.896,2.553,2.131,1.808,-0.2482,-1.1896,-2.5668,31.1838,0.28,90.253
1740983542.721,3.897,2.543,2.132,1.818,-0.2533,-1.1895,-2.5585,31.1914,0.3411,90.2099
1740983542.801,3.894,2.537,2.129,1.824,-0.2595,-1.1898,-2.5479,31.2761,0.3187,90.1422
1740983542.881,3.897,2.521,2.132,1.84,-0.2669,-1.1903,-2.5355,31.3401,0.3779,90.1573
1740983542.96,3.897,2.505,2.132,1.856,-0.274,-1.19,-2.523,31.4515,0.2671,90.2389
1740983543.04,3.896,2.505,2.131,1.856,-0.2809,-1.1901,-2.5115,31.4188,0.2697,90.2591
1740983543.12,3.893,2.489,2.128,1.872,-0.2867,-1.1902,-2.5015,31.574,0.1934,90.2356
1740983543.199,3.895,2.476,2.13,1.885,-0.2921,-1.1905,-2.4926,31.5157,0.2064,90.2695
1740983543.279,3.895,2.461,2.129,1.9,-0.2973,-1.1897,-2.4834,31.6047,0.2266,90.2483
1740983543.358,3.898,2.446,2.133,1.915,-0.3033,-1.19,-2.4736,31.541,0.2203,90.3118
1740983543.438,3.898,2.446,2.132,1.915,-0.3095,-1.1905,-2.4634,31.6287,0.2225,90.232
1740983543.518,3.895,2.436,2.129,1.925,-0.3159,-1.1903,-2.4528,31.6455,0.2926,90.0603
1740983543.597,3.895,2.417,2.129,1.944,-0.3222,-1.1906,-2.4424,31.7944,0.2169,89.9942
1740983543.677,3.895,2.402,2.129,1.959,-0.3285,-1.1909,-2.4321,31.9135,0.2379,89.9095
1740983543.757,3.895,2.386,2.129,1.975,-0.3346,-1.1909,-2.4215,31.8915,0.1623,89.9154
1740983543.836,3.894,2.386,2.128,1.975,-0.3404,-1.1909,-2.4113,31.8839,0.123,89.9795
1740983543.916,3.894,2.372,2.128,1.989,-0.3467,-1.191,-2.4009,31.8451,0.1646,90.0591
1740983543.996,3.896,2.356,2.13,2.005,-0.3531,-1.1912,-2.3909,31.7686,0.3555,90.0709
1740983544.075,3.896,2.342,2.13,2.019,-0.359,-1.1913,-2.3809,31.9061,0.2059,90.1799
1740983544.155,3.893,2.328,2.127,2.033,-0.3653,-1.1917,-2.3707,31.9043,0.2924,90.1293
1740983544.235,3.895,2.328,2.129,2.033,-0.372,-1.1921,-2.3601,31.8625,0.3628,90.0911
1740983544.314,3.892,2.314,2.126,2.047,-0.3788,-1.1917,-2.3488,31.9281,0.3134,90.1922
1740983544.394,3.892,2.298,2.126,2.063,-0.3851,-1.1919,-2.338,31.9083,0.3227,90.201
1740983544.473,3.892,2.284,2.126,2.077,-0.3919,-1.192,-2.3269,31.9765,0.2677,90.4397
1740983544.553,3.893,2.266,2.127,2.095,-0.3984,-1.192,-2.316,31.9608,0.276,90.5976
1740983544.633,3.895,2.266,2.128,2.096,-0.4045,-1.1921,-2.3059,32.119,0.259,90.7029
1740983544.712,3.895,2.25,2.128,2.112,-0.4106,-1.1925,-2.2956,32.1622,0.1972,90.8096
1740983544.792,3.896,2.233,2.129,2.129,-0.4174,-1.1927,-2.2849,32.129,0.2836,90.7583
1740983544.872,3.896,2.218,2.129,2.144,-0.4242,-1.1933,-2.2739,32.1252,0.3593,90.7001
1740983544.951,3.895,2.202,2.128,2.159,-0.4309,-1.1935,-2.263,32.1108,0.3538,90.5416
1740983545.031,3.892,2.202,2.125,2.16,-0.4371,-1.1938,-2.2524,32.1359,0.3101,90.5345
1740983545.111,3.895,2.186,2.128,2.176,-0.4437,-1.194,-2.2414,32.1599,0.222,90.6135
1740983545.19,3.895,2.171,2.128,2.191,-0.45,-1.1943,-2.2309,32.2995,0.1274,90.6825
1740983545.27,3.895,2.156,2.128,2.205,-0.4566,-1.1943,-2.2202,32.1258,0.1834,90.7496
1740983545.35,3.895,2.138,2.128,2.223,-0.4629,-1.1945,-2.2101,32.141,0.2689,90.7089
1740983545.429,3.894,2.138,2.127,2.224,-0.4691,-1.1946,-2.2,32.1666,0.3456,90.6418
1740983545.509,3.895,2.123,2.128,2.239,-0.4751,-1.1947,-2.1894,32.2641,0.1977,90.7717
1740983545.588,3.892,2.107,2.125,2.255,-0.4817,-1.195,-2.1794,32.2647,0.4483,90.4874
1740983545.668,3.892,2.092,2.125,2.27,-0.4883,-1.1952,-2.1684,32.3727,0.3184,90.5383
1740983545.748,3.895,2.078,2.128,2.284,-0.4948,-1.1952,-2.1578,32.3851,0.3035,90.4976
1740983545.827,3.892,2.078,2.125,2.284,-0.5014,-1.1959,-2.1471,32.395,0.2731,90.5542
1740983545.907,3.894,2.062,2.127,2.3,-0.5077,-1.1959,-2.1365,32.4085,0.2993,90.601
1740983545.987,3.894,2.047,2.126,2.315,-0.5139,-1.196,-2.1263,32.4778,0.2521,90.6331
1740983546.066,3.894,2.031,2.126,2.331,-0.52,-1.1962,-2.1161,32.5373,0.2075,90.6507
1740983546.146,3.895,2.016,2.127,2.346,-0.5265,-1.1962,-2.1057,32.4737,0.3103,90.5647
1740983546.226,3.896,2.016,2.128,2.346,-0.5331,-1.1965,-2.0953,32.4367,0.3633,90.4539
1740983546.305,3.896,2.001,2.129,2.361,-0.5395,-1.1972,-2.0849,32.4138,0.3533,90.2689
1740983546.385,3.903,1.985,2.136,2.377,-0.5457,-1.1971,-2.0745,32.422,0.2943,90.1923
1740983546.465,3.903,1.968,2.135,2.394,-0.5519,-1.197,-2.064,32.4691,0.2538,90.2533
1740983546.544,3.91,1.954,2.142,2.408,-0.5581,-1.1973,-2.0534,32.5548,0.1479,90.355
1740983546.624,3.914,1.954,2.146,2.408,-0.5645,-1.1976,-2.0428,32.4412,0.1423,90.4203
1740983546.703,3.916,1.94,2.149,2.422,-0.5709,-1.1976,-2.0325,32.379,0.2461,90.4241
1740983546.783,3.919,1.925,2.152,2.437,-0.5772,-1.1977,-2.0225,32.3453,0.3079,90.4187
1740983546.863,3.919,1.909,2.152,2.453,-0.5834,-1.1979,-2.0121,32.4089,0.2303,90.412
1740983546.943,3.917,1.894,2.15,2.468,-0.5897,-1.1979,-2.0023,32.365,0.3563,90.3056
1740983547.022,3.918,1.894,2.15,2.468,-0.5957,-1.1982,-1.9922,32.4901,0.333,90.3009
1740983547.102,3.918,1.881,2.15,2.481,-0.6019,-1.1983,-1.9819,32.5885,0.2912,90.3384
1740983547.181,3.917,1.865,2.149,2.497,-0.6082,-1.1985,-1.9719,32.6685,0.2771,90.3787
1740983547.261,3.917,1.849,2.149,2.513,-0.6143,-1.1986,-1.9616,32.7041,0.2329,90.4632
1740983547.341,3.915,1.834,2.146,2.528,-0.6206,-1.1984,-1.9513,32.7947,0.2195,90.4918
1740983547.42,3.917,1.834,2.148,2.528,-0.6269,-1.1987,-1.9416,32.8264,0.1848,90.4771
1740983547.5,3.915,1.821,2.146,2.541,-0.6329,-1.1985,-1.9312,32.8517,0.1295,90.5223
1740983547.58,3.915,1.804,2.146,2.558,-0.6396,-1.1992,-1.9208,32.8273,0.2509,90.429
1740983547.659,3.915,1.791,2.146,2.571,-0.6462,-1.1993,-1.9107,32.8844,0.2396,90.3378
1740983547.739,3.915,1.774,2.146,2.588,-0.6522,-1.1992,-1.9007,32.9636,0.2622,90.2622
1740983547.819,3.915,1.774,2.146,2.588,-0.6583,-1.1994,-1.8913,32.9823,0.3409,90.1657
1740983547.898,3.915,1.76,2.146,2.602,-0.664,-1.2,-1.8822,33.0113,0.3338,90.2273
1740983547.978,3.913,1.746,2.144,2.616,-0.6702,-1.2005,-1.8726,33.0223,0.2524,90.2149
1740983548.057,3.913,1.733,2.144,2.629,-0.6762,-1.2002,-1.8626,32.9515,0.2864,90.2713
1740983548.137,3.915,1.719,2.146,2.643,-0.6827,-1.2001,-1.8523,32.9029,0.4134,90.3532
1740983548.217,3.913,1.719,2.144,2.643,-0.6889,-1.2,-1.8423,32.9464,0.4345,90.349
1740983548.296,3.915,1.703,2.146,2.659,-0.6948,-1.2001,-1.8332,32.9923,0.3451,90.3332
1740983548.376,3.914,1.687,2.145,2.675,-0.7,-1.2006,-1.825,32.9638,0.4199,90.2689
1740983548.456,3.914,1.675,2.144,2.687,-0.7052,-1.2006,-1.8168,33.0623,0.3859,90.2702
1740983548.535,3.915,1.675,2.145,2.688,-0.71,-1.2008,-1.8089,33.202,0.3483,90.2531
1740983548.615,3.914,1.662,2.144,2.701,-0.7151,-1.2013,-1.8009,33.2617,0.3409,90.2658
1740983548.695,3.913,1.65,2.143,2.713,-0.7203,-1.2011,-1.7927,33.2795,0.3743,90.2858
1740983548.774,3.911,1.639,2.14,2.724,-0.7254,-1.201,-1.7846,33.3619,0.3834,90.3287
1740983548.854,3.911,1.626,2.14,2.737,-0.7304,-1.2011,-1.7767,33.3449,0.4189,90.365
1740983548.934,3.914,1.626,2.143,2.737,-0.7358,-1.2014,-1.7687,33.3965,0.3957,90.406
1740983549.013,3.912,1.615,2.141,2.748,-0.7407,-1.2016,-1.7602,33.4265,0.4747,90.4294
1740983549.093,3.913,1.604,2.142,2.759,-0.7471,-1.2022,-1.7512,33.3918,0.6032,90.4333
1740983549.172,3.913,1.59,2.142,2.773,-0.7529,-1.2016,-1.742,33.4112,0.5859,90.362
1740983549.252,3.91,1.578,2.139,2.785,-0.7587,-1.2016,-1.7322,33.4868,0.5777,90.3688
1740983549.332,3.91,1.578,2.138,2.785,-0.7647,-1.2019,-1.7231,33.582,0.5352,90.3166
1740983549.411,3.91,1.563,2.138,2.8,-0.7704,-1.2024,-1.7143,33.6073,0.6309,90.3096
1740983549.491,3.909,1.548,2.137,2.815,-0.7759,-1.202,-1.7055,33.6396,0.6241,90.357
1740983549.571,3.909,1.535,2.137,2.828,-0.7817,-1.2021,-1.696,33.7165,0.5612,90.4421
1740983549.65,3.91,1.523,2.138,2.84,-0.7875,-1.2018,-1.6869,33.7137,0.5862,90.4953
1740983549.73,3.911,1.523,2.139,2.84,-0.7936,-1.203,-1.678,33.5916,0.7397,90.499
1740983549.81,3.909,1.508,2.137,2.855,-0.7996,-1.203,-1.6688,33.5577,0.8069,90.4785
1740983549.889,3.905,1.494,2.133,2.869,-0.8053,-1.2027,-1.6591,33.6214,0.7868,90.5046
1740983549.969,3.905,1.48,2.133,2.883,-0.8118,-1.2027,-1.65,33.6656,0.7938,90.396
1740983550.048,3.91,1.467,2.138,2.896,-0.8175,-1.2025,-1.6408,33.7282,0.8337,90.2978
1740983550.128,3.908,1.467,2.135,2.896,-0.8238,-1.2032,-1.6313,33.893,0.8141,90.2422
1740983550.208,3.904,1.453,2.131,2.911,-0.8306,-1.2036,-1.6209,33.9897,0.686,90.269
1740983550.287,3.904,1.44,2.13,2.924,-0.8375,-1.2038,-1.6094,34.0764,0.7427,90.3071
1740983550.367,3.904,1.425,2.13,2.939,-0.8449,-1.2038,-1.5985,34.1023,0.7077,90.3499
1740983550.447,3.906,1.408,2.132,2.956,-0.8509,-1.2035,-1.5889,34.1661,0.7137,90.3669
1740983550.527,3.903,1.408,2.128,2.956,-0.857,-1.2039,-1.5801,34.2305,0.7505,90.332
1740983550.606,3.902,1.392,2.127,2.972,-0.8624,-1.2034,-1.5711,34.3077,0.7279,90.2946
1740983550.686,3.903,1.379,2.128,2.985,-0.8682,-1.2042,-1.5628,34.2848,0.7782,90.2595
1740983550.765,3.903,1.379,2.128,2.985,-0.8737,-1.2042,-1.5542,34.3332,0.7685,90.1779
1740983550.845,3.904,1.354,2.129,3.01,-0.8797,-1.2055,-1.5461,34.3854,0.8366,90.0542
1740983550.925,3.903,1.354,2.127,3.01,-0.8857,-1.2056,-1.5372,34.5344,0.7907,90.013
1740983551.004,3.901,1.341,2.125,3.023,-0.8917,-1.2047,-1.5273,34.5353,0.7383,90.1066
1740983551.084,3.902,1.328,2.126,3.036,-0.8977,-1.2051,-1.5176,34.5583,0.6729,90.168
1740983551.164,3.902,1.313,2.126,3.051,-0.9045,-1.2054,-1.508,34.4858,0.765,90.2099
1740983551.243,3.902,1.3,2.127,3.064,-0.911,-1.2051,-1.498,34.3326,0.8566,90.2091
1740983551.323,3.9,1.3,2.125,3.064,-0.9173,-1.2051,-1.4882,34.3889,0.8359,90.231
1740983551.403,3.901,1.285,2.125,3.079,-0.9242,-1.2055,-1.4779,34.4151,0.8674,90.1526
1740983551.482,3.899,1.27,2.123,3.094,-0.9311,-1.2053,-1.4674,34.4215,0.9052,90.1226
1740983551.562,3.899,1.253,2.123,3.111,-0.9373,-1.2057,-1.4567,34.4301,0.9745,90.1734
1740983551.641,3.899,1.24,2.123,3.124,-0.9446,-1.2055,-1.4466,34.5201,0.9881,90.1134
1740983551.721,3.898,1.24,2.123,3.123,-0.9515,-1.2059,-1.4357,34.2531,0.9722,90.1798
1740983551.801,3.897,1.224,2.126,3.138,-0.9574,-1.2059,-1.4242,33.4164,1.0271,90.267
1740983551.88,3.897,1.207,2.127,3.155,-0.9637,-1.2057,-1.4131,33.078,0.9705,90.3939
1740983551.96,3.897,1.19,2.128,3.172,-0.9702,-1.206,-1.4023,32.9759,0.9643,90.4211
1740983552.04,3.896,1.173,2.127,3.188,-0.9765,-1.2063,-1.3916,32.843,0.9694,90.3374
1740983552.119,3.898,1.173,2.13,3.188,-0.9832,-1.2061,-1.3808,32.7029,1.0508,90.2426
1740983552.199,3.898,1.158,2.13,3.203,-0.9894,-1.2062,-1.3701,32.6409,1.0247,90.1921
1740983552.279,3.896,1.143,2.128,3.218,-0.9959,-1.2065,-1.3596,32.6816,0.9817,90.1613
1740983552.358,3.896,1.13,2.127,3.232,-1.0022,-1.2056,-1.3544,32.9882,1.7989,89.2287
1740983552.438,3.895,1.115,2.126,3.246,-1.0053,-1.2053,-1.35,32.9478,1.9505,88.7489
1740983552.517,3.895,1.115,2.126,3.246,-1.0074,-1.2051,-1.3435,32.9125,1.3028,88.1513
1740983552.597,3.894,1.107,2.126,3.254,-1.0134,-1.2053,-1.3318,32.6691,1.4088,88.2271
1740983552.677,3.895,1.099,2.127,3.262,-1.0229,-1.2052,-1.318,32.7535,1.6852,88.2659
1740983552.757,3.895,1.081,2.127,3.28,-1.0326,-1.2065,-1.3012,32.7481,1.4444,89.1327
1740983552.836,3.894,1.062,2.128,3.299,-1.0343,-1.2046,-1.2905,31.8896,0.4579,88.6784
1740983552.916,3.896,1.062,2.13,3.298,-1.0394,-1.2048,-1.2817,31.7539,0.4633,88.6269
1740983552.995,3.902,1.04,2.136,3.32,-1.0448,-1.205,-1.2737,31.609,0.7761,88.234
1740983553.075,3.9,1.031,2.135,3.329,-1.0503,-1.2051,-1.2643,31.3308,0.776,88.2169
1740983553.155,3.9,1.02,2.135,3.34,-1.0566,-1.2059,-1.2515,31.0985,0.501,89.0419
1740983553.234,3.9,1.003,2.136,3.357,-1.0697,-1.2063,-1.2372,30.3377,2.1201,90.2819
1740983553.314,3.9,1.003,2.136,3.357,-1.0781,-1.206,-1.2272,30.0201,3.211,89.5943
1740983553.394,3.897,0.982,2.133,3.378,-1.0847,-1.2057,-1.2176,29.593,3.586,89.4747
1740983553.473,3.895,0.965,2.131,3.395,-1.0904,-1.2054,-1.2068,29.261,3.5736,89.4197
1740983553.553,3.895,0.954,2.13,3.406,-1.097,-1.2058,-1.1941,28.9071,3.5909,89.3951
1740983553.633,3.898,0.936,2.134,3.424,-1.098,-1.206,-1.1765,29.3659,0.8399,91.8299
1740983553.712,3.898,0.936,2.134,3.424,-1.0958,-1.2043,-1.1661,30.3662,-1.6529,91.8142
1740983553.792,3.907,0.919,2.143,3.441,-1.1011,-1.2053,-1.1561,30.4617,-1.6225,91.8314
1740983553.871,3.916,0.902,2.152,3.458,-1.1095,-1.2055,-1.1451,30.6026,-0.9361,92.1524
1740983553.951,3.916,0.89,2.152,3.47,-1.1152,-1.2056,-1.1338,30.705,-1.0656,91.7741
1740983554.031,3.909,0.872,2.145,3.488,-1.1204,-1.2055,-1.1286,30.5445,-0.109,89.7054
1740983554.111,3.909,0.872,2.145,3.488,-1.1308,-1.2062,-1.1228,30.4332,2.1563,88.1397
1740983554.19,3.909,0.86,2.145,3.5,-1.1404,-1.2063,-1.113,30.1023,3.2764,88.1296
1740983554.27,3.899,0.853,2.135,3.507,-1.141,-1.2059,-1.1027,30.1606,1.4324,87.4626
1740983554.349,3.899,0.832,2.135,3.528,-1.1477,-1.2067,-1.091,30.6233,1.9162,87.7807
1740983554.429,3.902,0.824,2.138,3.536,-1.1516,-1.2066,-1.0783,29.7203,0.6195,88.3823
1740983554.509,3.902,0.824,2.138,3.536,-1.156,-1.206,-1.068,29.2969,0.8081,88.0474
1740983554.588,3.913,0.804,2.149,3.556,-1.1617,-1.2059,-1.058,29.3251,0.8812,87.9045
1740983554.668,3.913,0.792,2.149,3.568,-1.1679,-1.2061,-1.0466,29.0955,0.9568,87.9029
1740983554.748,3.916,0.779,2.151,3.581,-1.1743,-1.207,-1.0351,28.9394,0.9371,88.1589
1740983554.827,3.914,0.76,2.15,3.6,-1.1817,-1.2069,-1.0245,29.3298,1.6291,87.5367
1740983554.907,3.919,0.76,2.154,3.6,-1.1891,-1.2058,-1.0166,28.5046,2.6834,86.9994
1740983554.987,3.912,0.747,2.146,3.613,-1.1943,-1.2046,-1.0121,28.4068,3.5966,86.3981
1740983555.066,3.912,0.735,2.146,3.625,-1.2001,-1.2046,-1.003,28.259,3.797,86.6185
1740983555.146,3.916,0.723,2.15,3.637,-1.2077,-1.2052,-0.9909,28.1991,4.2471,86.2835
1740983555.226,3.917,0.707,2.15,3.654,-1.2188,-1.2066,-0.9685,27.6042,4.3134,88.9356
1740983555.305,3.915,0.707,2.151,3.653,-1.2179,-1.2067,-0.9422,29.1007,-0.7954,92.7591
1740983555.385,3.785,0.685,2.02,3.675,-1.2201,-1.2056,-0.9289,28.9979,-1.376,91.8365
1740983555.464,3.785,0.662,2.021,3.698,-1.2291,-1.2069,-0.9183,29.4346,-0.4887,92.1233
1740983555.544,3.938,0.639,2.174,3.721,-1.2368,-1.2073,-0.9079,29.6048,0.1201,92.0304
1740983555.624,3.938,0.628,2.173,3.732,-1.2456,-1.2073,-0.8994,29.0694,1.4377,92.1856
1740983555.703,3.929,0.628,2.164,3.732,-1.2512,-1.2074,-0.8923,28.7404,2.3481,91.4707
1740983555.783,3.858,0.608,2.094,3.752,-1.2552,-1.2073,-0.8809,29.1258,1.3181,92.6631
1740983555.863,3.858,0.601,2.093,3.759,-1.2609,-1.207,-0.8689,28.9961,1.2488,92.7094
1740983555.942,3.816,0.582,2.052,3.778,-1.2651,-1.2083,-0.8564,29.5604,0.4135,92.6036
1740983556.022,3.794,0.572,2.03,3.788,-1.2697,-1.2093,-0.8474,29.3428,0.3863,91.39
1740983556.102,3.809,0.572,2.045,3.788,-1.2744,-1.2104,-0.8436,29.1906,1.5057,90.0736
1740983556.181,3.793,0.56,2.029,3.8,-1.2751,-1.2112,-0.8441,29.1694,1.5986,90.0031
1740983556.261,3.793,0.543,2.029,3.817,-1.2752,-1.2114,-0.8443,29.1639,1.587,90.0157
1740983556.34,3.783,0.544,2.019,3.816,-1.2752,-1.2114,-0.8443,29.1481,1.6252,89.9895
1740983556.42,3.777,0.544,2.013,3.816,-1.2753,-1.2115,-0.8444,29.1391,1.6104,89.9759
1740983556.5,3.778,0.544,2.014,3.816,-1.2753,-1.2115,-0.8444,29.1349,1.6236,89.9638
1740983556.58,3.782,0.548,2.018,3.812,-1.2754,-1.2115,-0.8444,29.1432,1.6461,89.9572
1740983556.659,3.782,0.548,2.018,3.812,-1.2754,-1.2116,-0.8444,29.1254,1.6504,89.954
1740983556.739,3.782,0.549,2.018,3.811,-1.2754,-1.2116,-0.8446,29.1705,1.6228,89.9967
1740983556.818,3.781,0.543,2.017,3.817,-1.2735,-1.2113,-0.8454,29.3385,1.0393,90.6689
1740983556.898,3.779,0.543,2.015,3.817,-1.2713,-1.2103,-0.848,29.2323,0.7019,91.4968
1740983556.978,3.786,0.544,2.022,3.816,-1.2694,-1.2094,-0.8528,29.2863,0.8623,92.4549
1740983557.057,3.786,0.555,2.022,3.805,-1.2643,-1.2086,-0.8653,29.2264,1.3508,92.7752
1740983557.137,3.787,0.557,2.023,3.803,-1.2569,-1.2089,-0.882,29.9765,1.3486,92.5907
1740983557.217,3.792,0.557,2.028,3.803,-1.2517,-1.2094,-0.9,30.1661,2.9743,90.685
1740983557.296,3.924,0.573,2.159,3.787,-1.2448,-1.21,-0.907,31.0984,0.9784,92.2634
1740983557.376,3.919,0.593,2.154,3.767,-1.236,-1.2093,-0.9146,31.1454,-0.006,92.0854
1740983557.456,3.919,0.608,2.154,3.752,-1.2287,-1.2094,-0.9214,31.3237,-1.1368,91.9288
1740983557.535,3.925,0.627,2.16,3.733,-1.2282,-1.209,-0.927,31.3099,-0.1099,92.2542
1740983557.615,3.935,0.627,2.17,3.733,-1.2274,-1.2091,-0.9343,31.1687,0.8368,92.4116
1740983557.694,3.929,0.63,2.164,3.73,-1.2205,-1.209,-0.9427,31.0879,0.0513,92.2586
1740983557.774,3.918,0.638,2.153,3.722,-1.212,-1.209,-0.9513,31.001,-1.115,91.7025
1740983557.854,3.918,0.652,2.154,3.708,-1.2172,-1.2097,-0.9552,30.4009,1.1252,91.8736
1740983557.933,3.933,0.667,2.169,3.693,-1.2182,-1.2109,-0.9615,30.3157,2.1839,91.0697
1740983558.013,3.916,0.667,2.152,3.693,-1.2172,-1.2094,-0.9613,30.1912,2.0739,91.1792
1740983558.093,3.913,0.666,2.149,3.694,-1.2173,-1.2096,-0.9611,30.1609,2.1096,91.1066
1740983558.172,3.916,0.672,2.152,3.688,-1.2172,-1.2096,-0.9617,30.101,2.1574,91.0773
1740983558.252,3.916,0.668,2.152,3.692,-1.2172,-1.2096,-0.9619,30.038,2.1576,91.1028
1740983558.332,3.917,0.673,2.153,3.687,-1.2171,-1.2096,-0.9619,29.923,2.152,91.0761
1740983558.411,3.917,0.673,2.153,3.687,-1.2172,-1.2097,-0.9621,29.9301,2.2268,91.0617
1740983558.491,3.917,0.673,2.153,3.687,-1.2168,-1.2095,-0.9623,29.7468,2.1693,91.1207
1740983558.571,3.915,0.672,2.151,3.688,-1.2173,-1.21,-0.9631,29.7872,2.1866,91.1179
1740983558.65,3.915,0.67,2.151,3.69,-1.2174,-1.2098,-0.9628,29.7505,2.2111,91.088
1740983558.73,3.92,0.669,2.156,3.691,-1.217,-1.2097,-0.9629,29.5732,2.1419,91.2121
1740983558.809,3.918,0.669,2.153,3.691,-1.2163,-1.2096,-0.9647,28.7506,2.1934,91.1903
1740983558.889,3.918,0.673,2.15,3.688,-1.2164,-1.2093,-0.9661,27.4967,2.0659,91.3852
1740983558.969,3.923,0.672,2.146,3.69,-1.2174,-1.2095,-0.9694,25.4188,2.3877,91.1689
1740983561.677,2.425,0.893,0.658,3.468,-1.1831,-1.2097,-1.2006,27.1251,1.5925,91.5001
1740983561.756,2.425,0.886,0.659,3.475,-1.1843,-1.2098,-1.2209,32.3677,3.5118,88.9042
1740983561.836,3.729,0.888,1.944,3.477,-1.183,-1.2103,-1.2345,36.1316,3.9473,88.5144
1740983561.916,3.817,0.906,2.015,3.463,-1.1783,-1.2103,-1.2417,38.0465,3.5599,88.7757
1740983561.995,3.809,0.906,2.006,3.463,-1.1742,-1.2107,-1.247,38.194,3.5285,88.7616
1740983562.075,3.82,0.922,2.017,3.447,-1.1709,-1.2107,-1.2505,38.22,3.4083,88.8737
1740983562.155,3.82,0.936,2.018,3.433,-1.1679,-1.211,-1.2531,38.1001,3.1368,89.0054
1740983562.234,3.821,0.94,2.019,3.429,-1.1657,-1.2111,-1.2547,38.0767,2.8994,89.1218
1740983562.314,3.823,0.944,2.021,3.425,-1.1653,-1.2113,-1.2549,38.0322,2.8389,89.1812
1740983562.393,3.824,0.944,2.023,3.425,-1.1652,-1.2112,-1.2549,38.0304,2.8613,89.1714
1740983562.473,3.822,0.945,2.02,3.424,-1.1651,-1.2112,-1.2549,38.0612,2.9013,89.1667
1740983562.553,3.822,0.945,2.02,3.424,-1.1632,-1.2114,-1.2561,38.0801,2.5241,89.4139
1740983562.632,3.822,0.945,2.024,3.423,-1.1542,-1.2113,-1.2593,37.6028,-0.1653,90.2687
1740983562.712,3.825,0.949,2.04,3.416,-1.1498,-1.2117,-1.2643,35.9924,0.5365,89.3235
1740983562.792,3.834,0.949,2.061,3.413,-1.1476,-1.212,-1.2651,33.9315,1.0613,89.6869
1740983562.871,3.824,0.957,2.056,3.404,-1.1451,-1.2117,-1.2672,32.7506,1.0103,89.7161
1740983562.951,3.824,0.959,2.058,3.402,-1.1413,-1.2112,-1.2704,32.0524,0.6603,89.5586
1740983563.031,3.823,0.962,2.057,3.399,-1.1386,-1.2104,-1.2747,32.0321,0.6361,89.0701
1740983563.11,3.824,0.969,2.057,3.392,-1.1343,-1.2097,-1.2819,32.1158,0.5234,88.6695
1740983563.19,3.826,0.969,2.059,3.392,-1.126,-1.2092,-1.2964,32.2681,0.5592,88.551
1740983563.269,3.823,0.976,2.055,3.385,-1.1151,-1.2091,-1.3209,32.605,1.7596,87.2924
1740983563.349,3.823,0.991,2.056,3.37,-1.1028,-1.2096,-1.3404,32.3606,1.4134,87.7863
1740983563.429,3.826,1.022,2.06,3.339,-1.0924,-1.2091,-1.3579,31.8896,1.5773,88.0603
1740983563.508,3.822,1.052,2.057,3.308,-1.086,-1.2105,-1.3684,31.5156,1.1572,90.1359
1740983563.588,3.821,1.052,2.056,3.308,-1.079,-1.2102,-1.3807,31.5103,1.3711,89.8936
1740983563.668,3.822,1.071,2.057,3.289,-1.0731,-1.2104,-1.3921,31.4459,1.4358,89.854
1740983563.747,3.822,1.092,2.057,3.268,-1.0664,-1.2108,-1.4038,31.4647,1.3614,89.9222
1740983563.827,3.822,1.106,2.057,3.254,-1.0589,-1.2114,-1.417,31.5699,1.287,89.9629
1740983563.907,3.822,1.124,2.057,3.236,-1.0508,-1.211,-1.4308,31.5592,1.23,90.1087
1740983563.986,3.821,1.124,2.055,3.236,-1.0428,-1.2109,-1.4453,31.6216,1.2169,90.1732
1740983564.066,3.82,1.142,2.054,3.219,-1.0349,-1.2099,-1.459,31.7551,1.2114,90.121
1740983564.146,3.82,1.162,2.054,3.199,-1.0268,-1.2099,-1.4733,31.8208,1.2408,90.0678
1740983564.225,3.82,1.181,2.054,3.18,-1.0185,-1.2088,-1.4862,31.8047,1.1511,90.0588
1740983564.305,3.819,1.2,2.053,3.161,-1.0108,-1.2088,-1.4997,31.8534,1.1071,90.1404
1740983564.385,3.818,1.2,2.052,3.161,-1.0034,-1.2088,-1.5126,31.8667,1.1501,90.2516
1740983564.464,3.82,1.222,2.054,3.139,-0.9956,-1.2084,-1.5265,31.821,1.1801,90.2325
1740983564.544,3.82,1.24,2.054,3.121,-0.9878,-1.2081,-1.5403,31.8312,1.2157,90.205
1740983564.624,3.817,1.259,2.051,3.102,-0.9801,-1.2083,-1.5541,31.9266,1.2623,90.1502
1740983564.703,3.818,1.259,2.052,3.102,-0.972,-1.2077,-1.5681,31.9819,1.3232,90.0471
1740983564.783,3.814,1.279,2.048,3.082,-0.9638,-1.2076,-1.5817,31.9762,1.194,90.0843
1740983564.863,3.817,1.3,2.051,3.061,-0.9559,-1.2081,-1.5948,32.0503,1.0886,90.06
1740983564.942,3.817,1.318,2.05,3.043,-0.948,-1.2078,-1.6079,32.0851,1.0526,90.0968
1740983565.022,3.818,1.338,2.051,3.023,-0.9405,-1.2071,-1.6215,32.1832,1.105,90.1258
1740983565.101,3.817,1.338,2.05,3.023,-0.9325,-1.2073,-1.635,32.2676,1.1092,90.1249
1740983565.181,3.814,1.359,2.047,3.002,-0.9247,-1.2067,-1.6486,32.3764,1.1788,90.0259
1740983565.261,3.815,1.379,2.047,2.982,-0.9165,-1.2065,-1.6621,32.4754,1.0983,89.9614
1740983565.34,3.815,1.398,2.047,2.963,-0.9081,-1.2061,-1.6753,32.4607,0.9868,90.0992
1740983565.42,3.811,1.416,2.043,2.945,-0.9005,-1.206,-1.688,32.4793,1.0069,90.1906
1740983565.5,3.816,1.416,2.048,2.945,-0.8944,-1.2059,-1.6984,32.4928,0.96,90.2834
1740983565.579,3.812,1.434,2.044,2.927,-0.8894,-1.206,-1.7069,32.5497,1.0184,90.254
1740983565.659,3.812,1.451,2.044,2.91,-0.8853,-1.2054,-1.7141,32.5606,1.1147,90.2869
1740983565.739,3.812,1.464,2.044,2.897,-0.881,-1.2054,-1.7214,32.5799,1.162,90.2746
1740983565.818,3.812,1.473,2.044,2.889,-0.8762,-1.2051,-1.7299,32.6644,1.1963,90.2251
1740983565.898,3.816,1.473,2.048,2.889,-0.8705,-1.2053,-1.7396,32.7071,1.2538,90.1412
1740983565.977,3.816,1.485,2.047,2.877,-0.8642,-1.2052,-1.7499,32.811,1.189,90.0896
1740983566.057,3.816,1.497,2.047,2.865,-0.8575,-1.2049,-1.7608,32.8634,1.1564,90.0882
1740983566.137,3.815,1.513,2.046,2.849,-0.8508,-1.2046,-1.7715,32.8903,1.0997,90.1403
1740983566.216,3.815,1.529,2.046,2.833,-0.8436,-1.2046,-1.7831,32.945,0.9717,90.1838
1740983566.296,3.812,1.529,2.043,2.833,-0.8366,-1.2049,-1.795,33.0173,0.9923,90.2143
1740983566.376,3.817,1.546,2.047,2.816,-0.829,-1.2049,-1.8069,33.0901,0.9678,90.2907
1740983566.455,3.817,1.564,2.047,2.798,-0.8218,-1.2043,-1.8191,33.1628,0.9996,90.2721
1740983566.535,3.813,1.583,2.043,2.779,-0.8147,-1.2038,-1.8308,33.2098,1.0607,90.2169
1740983566.615,3.813,1.601,2.043,2.762,-0.8071,-1.2033,-1.8424,33.2739,0.9642,90.1907
1740983566.694,3.817,1.601,2.047,2.762,-0.7998,-1.2025,-1.8537,33.2609,0.9282,90.2268
1740983566.774,3.814,1.619,2.044,2.744,-0.7927,-1.2025,-1.8655,33.2764,0.9026,90.2776
1740983566.853,3.814,1.635,2.044,2.728,-0.7852,-1.2029,-1.8772,33.3002,0.8506,90.3629
1740983566.933,3.815,1.653,2.044,2.71,-0.778,-1.2032,-1.8891,33.3487,0.8383,90.3737
1740983567.013,3.815,1.671,2.044,2.692,-0.7709,-1.2027,-1.9005,33.3806,0.7835,90.3503
1740983567.092,3.817,1.671,2.046,2.692,-0.7636,-1.2024,-1.9122,33.3546,0.7482,90.3266
1740983567.172,3.816,1.687,2.045,2.676,-0.7564,-1.2022,-1.9239,33.4459,0.7767,90.2624
1740983567.252,3.816,1.706,2.045,2.657,-0.7492,-1.2018,-1.9355,33.4613,0.7834,90.1893
1740983567.331,3.818,1.722,2.047,2.641,-0.7419,-1.2018,-1.9469,33.5043,0.6936,90.1982
1740983567.411,3.817,1.738,2.046,2.625,-0.7353,-1.2017,-1.9576,33.5605,0.6745,90.1935
1740983567.491,3.82,1.738,2.049,2.625,-0.7282,-1.2013,-1.9686,33.5749,0.6734,90.2465
1740983567.57,3.82,1.756,2.048,2.608,-0.7214,-1.2007,-1.9794,33.6427,0.6862,90.3422
1740983567.65,3.82,1.772,2.048,2.592,-0.7146,-1.2009,-1.9909,33.7293,0.6841,90.3493
1740983567.73,3.819,1.787,2.047,2.577,-0.7072,-1.2009,-2.0022,33.7522,0.6676,90.3998
1740983567.809,3.817,1.803,2.044,2.561,-0.6998,-1.2007,-2.0134,33.8461,0.5383,90.3593
1740983567.889,3.817,1.803,2.044,2.561,-0.6924,-1.2005,-2.0248,33.9226,0.4344,90.3235
1740983567.969,3.82,1.821,2.047,2.543,-0.6851,-1.2002,-2.036,33.9482,0.3354,90.4366
1740983568.048,3.82,1.838,2.047,2.527,-0.6782,-1.2,-2.0472,34.0274,0.3381,90.4788
1740983568.128,3.82,1.854,2.046,2.511,-0.671,-1.2,-2.0582,34.0669,0.3341,90.5497
1740983568.208,3.82,1.872,2.046,2.493,-0.6643,-1.1995,-2.0692,34.1183,0.3932,90.5799
1740983568.287,3.815,1.872,2.041,2.493,-0.6573,-1.1995,-2.0804,34.1992,0.4604,90.4964
1740983568.367,3.803,1.889,2.028,2.476,-0.6504,-1.1991,-2.0916,34.2637,0.4842,90.4248
1740983568.446,3.803,1.906,2.028,2.46,-0.6433,-1.1989,-2.1028,34.3868,0.4981,90.3384
1740983568.526,3.797,1.922,2.022,2.444,-0.6361,-1.1988,-2.114,34.4318,0.4976,90.2577
1740983568.606,3.801,1.94,2.025,2.426,-0.6289,-1.1984,-2.1247,34.5058,0.4151,90.2889
1740983568.685,3.801,1.94,2.025,2.426,-0.6219,-1.198,-2.1352,34.5799,0.3605,90.3861
1740983568.765,3.799,1.955,2.022,2.412,-0.6151,-1.1979,-2.1459,34.6758,0.4056,90.4181
1740983568.845,3.799,1.971,2.022,2.396,-0.6082,-1.1978,-2.1565,34.8112,0.3947,90.5067
1740983568.924,3.802,1.986,2.024,2.381,-0.6013,-1.1978,-2.1673,34.9253,0.3987,90.4943
1740983569.004,3.802,2.003,2.023,2.365,-0.5943,-1.1977,-2.1783,35.0564,0.4807,90.4484
1740983569.084,3.803,2.003,2.023,2.365,-0.5867,-1.1976,-2.19,35.2048,0.4786,90.3816
1740983569.163,3.802,2.02,2.022,2.349,-0.579,-1.1975,-2.2012,35.2675,0.3244,90.436
1740983569.243,3.802,2.039,2.021,2.33,-0.5713,-1.1974,-2.2125,35.3566,0.2901,90.4532
1740983569.323,3.805,2.056,2.024,2.313,-0.5642,-1.1968,-2.2233,35.4187,0.2771,90.5933
1740983569.402,3.804,2.072,2.022,2.298,-0.5573,-1.1969,-2.2341,35.5023,0.3049,90.6125
1740983569.482,3.807,2.072,2.025,2.298,-0.5502,-1.196,-2.2444,35.5475,0.3691,90.6556
1740983569.561,3.808,2.087,2.025,2.283,-0.5434,-1.1959,-2.2549,35.6665,0.4339,90.6125
1740983569.641,3.808,2.101,2.024,2.27,-0.5369,-1.1956,-2.2649,35.8265,0.5023,90.5095
1740983569.721,3.809,2.119,2.025,2.252,-0.5296,-1.1957,-2.2761,35.9342,0.5598,90.4294
1740983569.8,3.811,2.135,2.026,2.237,-0.5225,-1.1955,-2.2869,36.069,0.5729,90.3585
1740983569.88,3.811,2.135,2.025,2.237,-0.5149,-1.1951,-2.2976,36.181,0.5692,90.2958
1740983569.96,3.811,2.153,2.024,2.22,-0.5081,-1.1949,-2.3076,36.3321,0.5561,90.3354
1740983570.039,3.811,2.171,2.023,2.203,-0.5015,-1.1945,-2.3168,36.4234,0.5231,90.4306
1740983570.119,3.812,2.186,2.023,2.188,-0.496,-1.1943,-2.3254,36.5276,0.6243,90.4534
1740983570.199,3.816,2.186,2.026,2.189,-0.4901,-1.194,-2.3341,36.7085,0.6498,90.4678
1740983570.278,3.815,2.199,2.024,2.177,-0.4838,-1.194,-2.3434,36.814,0.7052,90.4263
1740983570.358,3.819,2.214,2.033,2.159,-0.4763,-1.1942,-2.3528,36.1816,0.7594,90.3281
1740983570.437,3.819,2.229,2.045,2.137,-0.4677,-1.1939,-2.361,34.0779,0.7312,90.2987
1740983570.517,3.818,2.24,2.05,2.122,-0.4596,-1.1935,-2.3705,32.6821,0.6237,90.2217
1740983570.597,3.812,2.24,2.044,2.122,-0.4534,-1.1929,-2.3799,32.5608,0.5556,90.1872
1740983570.676,3.814,2.252,2.046,2.11,-0.4484,-1.1924,-2.3884,32.5598,0.5477,90.2223
1740983570.756,3.818,2.266,2.05,2.096,-0.4432,-1.1929,-2.3972,32.6018,0.4984,90.2787
1740983570.836,3.818,2.279,2.05,2.083,-0.4381,-1.1926,-2.4057,32.6398,0.4509,90.3587
1740983570.915,3.814,2.291,2.046,2.072,-0.4327,-1.1935,-2.415,32.687,0.4607,90.3945
1740983570.995,3.813,2.291,2.045,2.072,-0.4276,-1.194,-2.4245,32.7212,0.4957,90.2942
1740983571.076,3.818,2.305,2.049,2.058,-0.421,-1.1925,-2.4348,32.7891,0.5515,90.1735
1740983571.154,3.817,2.317,2.049,2.046,-0.415,-1.192,-2.4449,32.7695,0.5661,90.0912
1740983571.234,3.817,2.332,2.048,2.031,-0.4083,-1.1922,-2.4563,32.8344,0.6432,89.9809
1740983571.314,3.817,2.346,2.048,2.017,-0.4013,-1.192,-2.4672,32.8405,0.5782,89.9586
1740983571.393,3.816,2.346,2.047,2.017,-0.3946,-1.1923,-2.4784,32.8614,0.5409,89.9648
1740983571.473,3.817,2.361,2.048,2.002,-0.3878,-1.1919,-2.489,32.8437,0.4424,90.0955
1740983571.553,3.817,2.378,2.048,1.985,-0.3814,-1.1917,-2.4994,32.9379,0.4042,90.2092
1740983571.632,3.815,2.393,2.046,1.97,-0.3746,-1.1919,-2.5104,33.0366,0.3207,90.278
1740983571.712,3.818,2.408,2.048,1.956,-0.3682,-1.1915,-2.5214,33.1446,0.3865,90.2295
1740983571.791,3.814,2.408,2.044,1.956,-0.3606,-1.1913,-2.5333,33.2593,0.3239,90.2263
1740983571.871,3.813,2.428,2.042,1.936,-0.3533,-1.1911,-2.545,33.3854,0.2644,90.1163
1740983571.951,3.813,2.445,2.042,1.919,-0.3458,-1.1909,-2.5564,33.4235,0.2518,90.1133
1740983572.03,3.817,2.463,2.046,1.901,-0.339,-1.1913,-2.5676,33.4412,0.3101,90.1654
1740983572.11,3.819,2.479,2.048,1.886,-0.3326,-1.1912,-2.5785,33.474,0.3326,90.2381
1740983572.19,3.819,2.479,2.048,1.886,-0.3254,-1.1909,-2.5895,33.5169,0.3004,90.3454
1740983572.269,3.818,2.49,2.047,1.875,-0.3186,-1.1905,-2.6006,33.5587,0.3015,90.3958
1740983572.349,3.818,2.51,2.046,1.855,-0.3112,-1.1904,-2.6124,33.6492,0.3254,90.3227
1740983572.429,3.816,2.521,2.044,1.844,-0.3038,-1.1904,-2.6245,33.7335,0.3343,90.2696
1740983572.508,3.82,2.54,2.047,1.826,-0.2964,-1.1903,-2.6364,33.8366,0.369,90.2492
1740983572.588,3.82,2.54,2.047,1.826,-0.2889,-1.1903,-2.6477,33.8749,0.3002,90.2448
1740983572.668,3.821,2.559,2.048,1.807,-0.2819,-1.1902,-2.6589,33.9489,0.2645,90.2658
1740983572.747,3.821,2.577,2.048,1.789,-0.2753,-1.19,-2.6693,33.9728,0.2311,90.2854
1740983572.827,3.822,2.594,2.049,1.772,-0.2687,-1.1899,-2.6795,34.0135,0.2205,90.3493
1740983572.906,3.821,2.611,2.047,1.756,-0.2619,-1.1898,-2.6899,34.1279,0.1906,90.4274
1740983572.986,3.822,2.611,2.046,1.757,-0.2589,-1.1891,-2.7,34.4632,1.1325,90.2526
1740983573.066,3.823,2.62,2.047,1.748,-0.2572,-1.1877,-2.7089,34.5077,2.2766,89.5272
1740983573.145,3.823,2.64,2.046,1.729,-0.2529,-1.1872,-2.7175,34.7147,2.6707,89.3023
1740983573.225,3.816,2.652,2.038,1.718,-0.2464,-1.1868,-2.7272,34.9848,2.7046,89.3846
1740983573.305,3.822,2.663,2.043,1.708,-0.2391,-1.1863,-2.7387,35.131,2.7794,89.46
1740983573.384,3.825,2.663,2.045,1.708,-0.2308,-1.1864,-2.7497,35.2336,2.2793,90.0648
1740983573.464,3.827,2.674,2.046,1.698,-0.2234,-1.1861,-2.7615,35.4122,2.3887,89.9129
1740983573.544,3.827,2.694,2.045,1.679,-0.2114,-1.1877,-2.7713,35.5588,0.688,90.5766
1740983573.623,3.824,2.711,2.039,1.664,-0.2011,-1.1887,-2.7819,35.9415,-0.168,90.4921
1740983573.703,3.824,2.733,2.044,1.638,-0.1956,-1.1878,-2.7882,35.2573,-0.4734,91.0137
1740983573.783,3.833,2.733,2.052,1.639,-0.1959,-1.1873,-2.7883,35.4636,-0.4839,91.2018
1740983573.982,3.833,2.75,2.051,1.623,-0.1956,-1.1875,-2.7883,35.5018,-0.5961,91.2395
1740983574.061,3.83,2.744,2.047,1.63,-0.1944,-1.1867,-2.7896,35.7404,-0.7847,91.8799
1740983574.141,3.83,2.744,2.045,1.631,-0.1912,-1.1857,-2.7952,35.979,-0.6552,92.8432
1740983574.22,3.834,2.753,2.047,1.624,-0.1804,-1.1851,-2.8102,36.3147,-0.874,92.8395
1740983575.814,3.941,3.05,2.126,1.35,-0.007,-1.1841,-2.9926,39.2464,0.2116,90.5115
1740983575.893,3.937,3.05,2.15,1.328,0.0033,-1.1838,-2.9998,36.2069,0.1002,90.5185
1740983575.973,3.904,3.037,2.125,1.334,0.0113,-1.184,-3.0095,34.942,0.1198,90.4391
1740983576.052,3.892,3.025,2.113,1.346,0.0181,-1.1839,-3.0201,34.9865,0.1651,90.4498
1740983576.132,3.892,3.038,2.113,1.334,0.0241,-1.1836,-3.0296,35.0289,0.2453,90.4347
1740983576.212,3.892,3.056,2.113,1.316,0.0298,-1.1828,-3.038,35.0686,0.234,90.4343
1740983576.291,3.89,3.056,2.111,1.316,0.0353,-1.1826,-3.0464,35.1047,0.2603,90.4917
1740983576.371,3.894,3.062,2.115,1.31,0.0409,-1.1828,-3.0547,35.1007,0.2236,90.5333
1740983576.451,3.893,3.077,2.113,1.296,0.0466,-1.1828,-3.0635,35.2172,0.1809,90.5981
1740983576.53,3.893,3.09,2.112,1.283,0.053,-1.1822,-3.0724,35.3354,0.1336,90.6775
1740983576.61,3.896,3.106,2.116,1.267,0.0596,-1.1824,-3.082,35.1539,0.0993,90.6941
1740983576.69,3.896,3.106,2.125,1.26,0.0673,-1.1825,-3.0906,33.5363,0.1316,90.6973
1740983576.769,3.894,3.116,2.128,1.246,0.0744,-1.1824,-3.0987,31.9074,0.1738,90.6672
1740983576.849,3.895,3.127,2.13,1.234,0.0803,-1.182,-3.1079,31.5745,0.2258,90.6176
1740983576.928,3.895,3.142,2.129,1.219,0.0852,-1.1825,-3.1177,31.6493,0.3107,90.5498
1740983577.008,3.896,3.152,2.13,1.209,0.0907,-1.1815,-3.1265,31.7554,0.3429,90.6098
1740983577.088,3.898,3.152,2.132,1.21,0.0964,-1.1821,-3.1362,31.8689,0.283,90.6126
1740983577.167,3.896,3.163,2.13,1.198,0.1027,-1.1804,-3.1403,31.7642,-0.7255,91.5438
1740983577.247,3.896,3.183,2.13,1.178,0.1047,-1.1797,-3.1419,31.7453,-1.2377,92.0636
1740983577.327,3.898,3.193,2.132,1.169,0.1044,-1.1796,-3.1423,31.8439,-1.0182,92.3182
1740983577.406,3.907,3.191,2.141,1.171,0.1043,-1.1798,-3.1422,31.9142,-0.9616,92.4335
1740983577.486,3.9,3.191,2.134,1.171,0.105,-1.1793,-3.1445,32.0123,-0.7211,92.937
1740983577.566,3.904,3.191,2.137,1.171,0.1092,-1.1783,-3.1537,32.1856,-0.5944,93.3484
1740983577.645,3.904,3.19,2.137,1.173,0.116,-1.1773,-3.1679,32.3551,-0.1055,93.3718
1740983577.725,3.901,3.207,2.133,1.156,0.123,-1.177,-3.1876,32.5435,1.3458,91.8375
1740983577.804,3.896,3.229,2.124,1.138,0.1292,-1.178,-3.2076,33.772,3.1906,89.1414
1740983577.884,3.892,3.229,2.122,1.136,0.1409,-1.179,-3.2147,33.2469,0.5874,91.143
1740983577.964,3.892,3.248,2.12,1.119,0.1481,-1.1797,-3.2236,33.7782,0.241,91.0863
1740983578.043,3.892,3.27,2.119,1.097,0.152,-1.1795,-3.2298,33.8201,0.2122,91.0488
1740983578.123,3.895,3.285,2.122,1.082,0.155,-1.179,-3.2347,33.8594,0.2103,91.0703
1740983578.203,3.896,3.291,2.123,1.077,0.159,-1.1787,-3.2405,33.9915,0.1223,91.1451
1740983578.282,3.899,3.291,2.125,1.078,0.1646,-1.1785,-3.249,34.1962,0.1236,91.1462
1740983578.362,3.897,3.299,2.125,1.068,0.1717,-1.1774,-3.257,33.6659,-0.2946,90.7737
1740983578.442,3.897,3.309,2.125,1.058,0.1734,-1.1775,-3.2617,33.7235,0.0472,89.9494
1740983578.521,3.899,3.327,2.127,1.04,0.1741,-1.1773,-3.2613,33.5823,-0.2804,90.2523
1740983578.601,3.898,3.332,2.127,1.034,0.1741,-1.1771,-3.2615,33.5029,-0.2469,90.218
1740983578.681,3.899,3.332,2.128,1.034,0.1751,-1.1774,-3.2625,33.4207,-0.4299,90.2866
1740983578.76,3.9,3.332,2.129,1.034,0.1795,-1.1767,-3.2667,33.3894,-1.0268,90.4899
1740983578.84,3.9,3.331,2.128,1.036,0.1888,-1.1751,-3.2787,33.767,-1.7581,90.9384
1740983578.919,3.899,3.334,2.125,1.034,0.199,-1.1736,-3.3025,34.0529,0.1359,88.786
1740983578.999,3.905,3.366,2.134,1.0,0.2111,-1.1753,-3.3234,33.402,0.7914,88.5989
1740983579.079,3.898,3.366,2.131,0.996,0.221,-1.1763,-3.3373,32.0543,0.3425,90.5172
1740983579.158,3.896,3.395,2.13,0.967,0.2287,-1.1767,-3.3501,31.777,0.5698,90.618
1740983579.238,3.896,3.413,2.13,0.948,0.2339,-1.1767,-3.3593,31.6879,0.5835,90.594
1740983579.318,3.898,3.435,2.132,0.926,0.2388,-1.1765,-3.3676,31.5926,0.5451,90.5954
1740983579.397,3.899,3.446,2.134,0.915,0.245,-1.1756,-3.3778,31.4255,0.5599,90.599
1740983579.477,3.899,3.446,2.134,0.915,0.2525,-1.1759,-3.3908,31.1974,0.6101,90.53
1740983579.557,3.898,3.461,2.133,0.9,0.2611,-1.1752,-3.4056,31.024,0.584,90.5208
1740983579.636,3.898,3.477,2.134,0.883,0.2698,-1.175,-3.4209,30.8532,0.5721,90.5092
1740983579.716,3.9,3.501,2.136,0.859,0.2784,-1.176,-3.4363,30.7445,0.6342,90.4602
1740983579.796,3.901,3.521,2.137,0.839,0.2861,-1.1747,-3.4493,30.6927,0.6542,90.4334
1740983579.875,3.902,3.521,2.138,0.839,0.293,-1.1739,-3.4613,30.643,0.7323,90.4737
1740983579.955,3.902,3.539,2.138,0.821,0.3001,-1.1739,-3.4737,30.4991,0.6797,90.4214
1740983580.035,3.902,3.56,2.138,0.8,0.3076,-1.1738,-3.4864,30.3115,0.611,90.4297
1740983580.114,3.9,3.576,2.136,0.784,0.3151,-1.1735,-3.4997,30.2187,0.6565,90.42
1740983580.194,3.899,3.594,2.135,0.766,0.3226,-1.1735,-3.5135,30.1288,0.7066,90.3426
1740983580.274,3.899,3.594,2.135,0.766,0.3299,-1.1727,-3.5263,30.0208,0.6899,90.467
1740983580.353,3.898,3.613,2.134,0.747,0.3367,-1.1717,-3.5389,29.929,0.768,90.4125
1740983580.433,3.898,3.631,2.134,0.729,0.3434,-1.172,-3.551,29.87,0.7525,90.3835
1740983580.512,3.898,3.653,2.134,0.707,0.3497,-1.1724,-3.5621,29.7533,0.7268,90.3212
1740983580.592,3.898,3.67,2.134,0.69,0.3557,-1.1722,-3.5729,29.6297,0.7189,90.3037
1740983580.672,3.899,3.67,2.135,0.69,0.3618,-1.1724,-3.5837,29.4894,0.6802,90.3279
1740983580.751,3.9,3.683,2.136,0.677,0.3678,-1.172,-3.5944,29.4833,0.6285,90.4399
1740983580.831,3.9,3.7,2.136,0.66,0.3728,-1.1716,-3.605,29.4605,0.8736,90.2982
1740983580.911,3.899,3.719,2.135,0.641,0.375,-1.1711,-3.6134,29.6415,1.6198,90.1365
1740983580.99,3.898,3.732,2.134,0.628,0.3785,-1.1706,-3.6218,29.6129,1.9433,89.972
1740983581.07,3.894,3.732,2.13,0.628,0.3831,-1.1695,-3.6259,29.7793,1.018,92.0013
1740983581.15,3.898,3.742,2.134,0.618,0.3881,-1.1682,-3.6327,29.8716,0.7449,92.7154
1740983581.229,3.898,3.75,2.134,0.61,0.3951,-1.1676,-3.645,29.7818,0.679,92.6944
1740983581.309,3.894,3.759,2.13,0.601,0.4037,-1.1681,-3.6594,29.6776,0.5082,92.5831
1740983581.389,3.897,3.759,2.133,0.601,0.4159,-1.1699,-3.6794,29.4522,0.1027,90.3819
1740983581.468,3.896,3.781,2.13,0.58,0.4223,-1.1714,-3.6962,28.394,0.652,90.2809
1740983581.548,3.895,3.806,2.13,0.555,0.4272,-1.1712,-3.7047,28.515,0.6509,90.3697
1740983581.627,3.895,3.832,2.129,0.53,0.4308,-1.1703,-3.7098,28.3107,0.593,90.3444
1740983581.707,3.899,3.848,2.133,0.514,0.433,-1.1703,-3.715,28.368,0.6596,90.4222
1740983581.787,3.9,3.848,2.134,0.514,0.4367,-1.17,-3.7223,28.3385,0.7093,90.4403
1740983581.866,3.899,3.857,2.134,0.504,0.4408,-1.1693,-3.7315,28.5612,0.9359,90.0261
1740983581.948,3.896,3.864,2.131,0.497,0.4445,-1.1689,-3.7405,28.4458,1.2972,89.6656
1740983583.838,3.883,4.109,2.119,0.251,0.5503,-1.1657,-3.9378,29.2581,0.7587,90.65
1740983583.917,3.881,4.107,2.117,0.253,0.5502,-1.1657,-3.9377,29.2581,0.7523,90.6618
1740983583.997,3.881,4.107,2.117,0.253,0.5501,-1.1657,-3.9377,29.2633,0.7593,90.6509
1740983584.077,3.881,4.107,2.117,0.253,0.5502,-1.1657,-3.9378,29.263,0.7576,90.6412
1740983584.156,3.879,4.107,2.115,0.253,0.5502,-1.1657,-3.9376,29.2726,0.7598,90.6358
1740983584.236,3.879,4.108,2.115,0.252,0.55,-1.1657,-3.9375,29.2715,0.7599,90.6416
1740983584.315,3.882,4.108,2.118,0.252,0.5503,-1.1657,-3.9378,29.2695,0.758,90.63
1740983584.395,3.882,4.108,2.118,0.252,0.5503,-1.1656,-3.9377,29.2635,0.7596,90.6268
1740983584.475,3.88,4.108,2.116,0.252,0.5502,-1.1657,-3.9378,29.2604,0.7637,90.6126
1740983584.554,3.882,4.107,2.118,0.253,0.5501,-1.1656,-3.9377,29.2587,0.7695,90.6111
1740983584.634,3.882,4.107,2.118,0.253,0.5503,-1.1657,-3.9377,29.269,0.7692,90.6169
1740983584.714,3.882,4.107,2.118,0.253,0.5503,-1.1657,-3.938,29.2699,0.7672,90.6167
1740983584.793,3.882,4.109,2.118,0.251,0.5503,-1.1657,-3.9378,29.2691,0.7705,90.6219
1740983584.873,3.88,4.109,2.116,0.251,0.5503,-1.1657,-3.9379,29.2733,0.7778,90.6209
1740983584.953,3.881,4.108,2.117,0.252,0.5502,-1.1658,-3.938,29.2628,0.78,90.6291
1740983585.032,3.881,4.11,2.117,0.25,0.5502,-1.1658,-3.9379,29.2627,0.7683,90.6346
1740983585.112,3.881,4.108,2.117,0.252,0.5502,-1.1658,-3.9378,29.262,0.7747,90.6272
1740983585.192,3.882,4.109,2.118,0.251,0.5502,-1.1657,-3.9379,29.2646,0.7745,90.6273
1740983585.271,3.881,4.109,2.117,0.251,0.5504,-1.1657,-3.9381,29.2697,0.7772,90.6266
1740983585.351,3.881,4.107,2.117,0.253,0.5503,-1.1657,-3.9379,29.272,0.7786,90.6292
1740983585.431,3.881,4.109,2.117,0.251,0.5502,-1.1657,-3.938,29.2739,0.7812,90.627
1740983585.51,3.879,4.107,2.115,0.253,0.5503,-1.1657,-3.9379,29.2762,0.7859,90.6217
1740983585.59,3.882,4.108,2.118,0.252,0.5502,-1.1657,-3.9378,29.2705,0.7927,90.621
1740983585.67,3.882,4.108,2.118,0.252,0.5503,-1.1658,-3.938,29.2692,0.785,90.6139
1740983585.749,3.882,4.108,2.118,0.252,0.5502,-1.1657,-3.938,29.2736,0.7823,90.6301
1740983585.829,3.882,4.108,2.118,0.252,0.5502,-1.1658,-3.9378,29.2744,0.766,90.6435
1740983585.908,3.879,4.107,2.115,0.253,0.5502,-1.1657,-3.9379,29.2771,0.7723,90.6332
1740983585.988,3.88,4.109,2.116,0.251,0.5502,-1.1657,-3.938,29.268,0.7773,90.6205
1740983586.068,3.881,4.109,2.117,0.251,0.5503,-1.1657,-3.9381,29.2583,0.7811,90.6175
1740983586.147,3.88,4.108,2.116,0.252,0.5503,-1.1658,-3.9381,29.256,0.7731,90.6207
1740983586.227,3.88,4.108,2.116,0.252,0.5503,-1.1658,-3.9381,29.2572,0.772,90.6138
1740983586.307,3.883,4.108,2.119,0.252,0.5504,-1.1657,-3.9381,29.2564,0.7773,90.6057
1740983586.386,3.879,4.106,2.115,0.254,0.5503,-1.1658,-3.938,29.2509,0.7741,90.6111
1740983586.466,3.881,4.106,2.117,0.254,0.5503,-1.1658,-3.9379,29.2506,0.773,90.6161
1740983586.546,3.879,4.109,2.115,0.251,0.5504,-1.1657,-3.9381,29.2603,0.7784,90.6183
1740983586.625,3.879,4.108,2.115,0.252,0.5503,-1.1657,-3.938,29.2607,0.78,90.617
1740983586.705,3.879,4.109,2.115,0.251,0.5503,-1.1658,-3.9381,29.2583,0.7765,90.6164
1740983586.785,3.883,4.109,2.119,0.251,0.5504,-1.1658,-3.9382,29.2629,0.7743,90.6311
1740983586.864,3.879,4.109,2.115,0.251,0.5504,-1.1658,-3.9382,29.263,0.7714,90.6374
1740983586.944,3.879,4.107,2.115,0.253,0.5502,-1.1658,-3.9381,29.2641,0.7793,90.6388
1740983587.023,3.879,4.107,2.115,0.253,0.5503,-1.1658,-3.9382,29.2622,0.7778,90.6396
1740983587.103,3.881,4.108,2.117,0.252,0.5503,-1.1658,-3.9381,29.2705,0.772,90.6443
1740983587.183,3.88,4.108,2.116,0.252,0.5502,-1.1658,-3.9382,29.2668,0.7846,90.6359
1740983587.262,3.88,4.107,2.116,0.253,0.5502,-1.1657,-3.9381,29.2723,0.7842,90.6353
1740983602.076,4.084,4.115,2.314,0.251,0.7316,-1.161,-3.8358,33.0243,0.5382,90.7124
1740983602.156,4.084,4.115,2.314,0.251,0.7314,-1.161,-3.8358,33.0289,0.5507,90.7113
1740983602.235,4.083,4.114,2.313,0.252,0.7314,-1.1609,-3.8356,33.0286,0.5551,90.7096
1740983602.315,4.083,4.115,2.313,0.251,0.7315,-1.161,-3.8358,33.0218,0.555,90.7027
1740983602.395,4.082,4.114,2.312,0.252,0.7313,-1.1609,-3.8356,33.0273,0.5527,90.7083
1740983602.474,4.082,4.114,2.312,0.252,0.7315,-1.161,-3.8356,33.0303,0.5535,90.7013
1740983602.554,4.083,4.114,2.313,0.252,0.7314,-1.161,-3.8355,33.0251,0.5574,90.7071
1740983602.634,4.084,4.113,2.314,0.253,0.7314,-1.1609,-3.8356,33.0245,0.5596,90.7008
1740983602.713,4.084,4.116,2.314,0.25,0.7314,-1.161,-3.8356,33.0253,0.5733,90.6797
1740983602.793,4.083,4.114,2.313,0.252,0.7315,-1.161,-3.8356,33.0303,0.5739,90.6714
1740983602.873,4.083,4.114,2.313,0.252,0.7314,-1.1609,-3.8355,33.031,0.5784,90.6679
1740983602.952,4.084,4.114,2.314,0.252,0.7315,-1.161,-3.8355,33.0412,0.5716,90.667
1740983603.032,4.081,4.113,2.311,0.253,0.7314,-1.1609,-3.8354,33.0426,0.5775,90.6563
1740983603.112,4.081,4.114,2.311,0.252,0.7315,-1.1609,-3.8355,33.0397,0.5703,90.6534
1740983603.191,4.083,4.115,2.313,0.251,0.7314,-1.1608,-3.8353,33.0455,0.5793,90.6528
1740983603.271,4.083,4.115,2.313,0.251,0.7314,-1.1609,-3.8354,33.0477,0.5663,90.667
1740983603.351,4.083,4.115,2.313,0.251,0.7314,-1.161,-3.8354,33.0378,0.5714,90.6631
1740983603.43,4.084,4.115,2.314,0.251,0.7315,-1.1609,-3.8355,33.036,0.569,90.662
1740983603.51,4.084,4.115,2.314,0.251,0.7314,-1.1609,-3.8354,33.0378,0.5767,90.6615
1740983603.59,4.084,4.115,2.314,0.251,0.7315,-1.1609,-3.8354,33.0311,0.5739,90.6674
1740983603.669,4.083,4.115,2.313,0.251,0.7314,-1.1609,-3.8352,33.0214,0.5637,90.6816
1740983603.749,4.084,4.115,2.314,0.251,0.7314,-1.161,-3.8355,33.0206,0.568,90.6762
1740983603.828,4.083,4.114,2.313,0.252,0.7314,-1.1608,-3.8354,33.0263,0.5694,90.676
1740983603.908,4.083,4.115,2.313,0.251,0.7314,-1.1609,-3.8353,33.0237,0.5571,90.69
1740983603.988,4.083,4.116,2.313,0.25,0.7313,-1.1609,-3.8351,33.0123,0.5496,90.6989
1740983604.067,4.082,4.116,2.312,0.25,0.7313,-1.1608,-3.8352,33.0158,0.5531,90.6889
1740983604.147,4.084,4.115,2.314,0.251,0.7313,-1.1609,-3.8352,33.0187,0.5524,90.6863
1740983604.227,4.083,4.117,2.313,0.249,0.7314,-1.1609,-3.8352,33.0217,0.5502,90.6851
1740983604.306,4.083,4.115,2.313,0.251,0.7315,-1.1608,-3.8352,33.0292,0.5526,90.6778
1740983604.386,4.083,4.115,2.313,0.251,0.7313,-1.1608,-3.8351,33.0335,0.5618,90.6755
1740983604.466,4.083,4.115,2.313,0.251,0.7313,-1.1609,-3.8352,33.0344,0.5683,90.6609
1740983604.545,4.082,4.115,2.312,0.251,0.7314,-1.1608,-3.8352,33.0303,0.5752,90.6549
1740983604.625,4.083,4.114,2.313,0.252,0.7313,-1.1608,-3.8351,33.0268,0.5706,90.659
1740983604.704,4.083,4.113,2.313,0.253,0.7313,-1.1608,-3.8352,33.0286,0.5712,90.6536
1740983604.784,4.082,4.114,2.312,0.252,0.7313,-1.1608,-3.8351,33.0258,0.5631,90.6579
1740983604.864,4.083,4.114,2.313,0.252,0.7313,-1.1608,-3.835,33.0366,0.5614,90.6699
1740983604.943,4.082,4.115,2.312,0.251,0.7313,-1.1608,-3.8351,33.0316,0.5535,90.6628
1740983605.023,4.079,4.115,2.309,0.251,0.7313,-1.1609,-3.8352,33.0349,0.565,90.6588
1740983605.103,4.079,4.116,2.309,0.25,0.7314,-1.1608,-3.8351,33.0348,0.5671,90.6574
1740983605.182,4.083,4.114,2.313,0.252,0.7314,-1.1608,-3.835,33.03,0.5639,90.6705
1740983605.262,4.083,4.114,2.313,0.252,0.7314,-1.1608,-3.835,33.0289,0.5679,90.6676
1740983605.342,4.082,4.115,2.312,0.251,0.7313,-1.1608,-3.8351,33.0322,0.5718,90.6592
1740983605.421,4.083,4.116,2.313,0.25,0.7314,-1.1608,-3.8351,33.0312,0.5635,90.6618
1740983605.501,4.083,4.115,2.313,0.251,0.7314,-1.1608,-3.8352,33.0249,0.5674,90.6587
1740983605.581,4.082,4.115,2.312,0.251,0.7313,-1.1608,-3.8349,33.019,0.5634,90.6706
1740983605.66,4.083,4.115,2.313,0.251,0.7313,-1.1608,-3.8351,33.0215,0.5673,90.6601
1740983605.74,4.084,4.115,2.314,0.251,0.7314,-1.1608,-3.835,33.0259,0.5602,90.6703
1740983605.82,4.084,4.114,2.314,0.252,0.7314,-1.1608,-3.835,33.0214,0.5635,90.6665
1740983605.899,4.084,4.115,2.314,0.251,0.7314,-1.1608,-3.8349,33.0282,0.5708,90.6694
1740983605.979,4.083,4.115,2.313,0.251,0.7314,-1.1608,-3.8351,33.0292,0.5664,90.6621
1740983606.058,4.083,4.115,2.313,0.251,0.7313,-1.1607,-3.8348,33.0313,0.5738,90.661
1740983606.138,4.082,4.114,2.312,0.252,0.7312,-1.1608,-3.8349,33.0304,0.5787,90.6616
1740983606.218,4.082,4.113,2.312,0.253,0.7314,-1.1608,-3.835,33.0259,0.5659,90.6668
1740983606.297,4.082,4.115,2.312,0.251,0.7313,-1.1607,-3.8348,33.0297,0.565,90.6888
1740983606.377,4.081,4.114,2.311,0.252,0.7313,-1.1607,-3.835,33.0188,0.5597,90.6809
1740983606.457,4.082,4.114,2.312,0.252,0.7313,-1.1607,-3.8348,33.0251,0.5544,90.6879
1740983606.536,4.084,4.113,2.314,0.253,0.7312,-1.1608,-3.8348,33.0255,0.5536,90.6874
1740983606.616,4.084,4.114,2.314,0.252,0.7312,-1.1607,-3.8347,33.0217,0.5564,90.6877
1740983606.696,4.084,4.114,2.314,0.252,0.7314,-1.1607,-3.8348,33.0243,0.5477,90.6799
1740983606.775,4.084,4.114,2.314,0.252,0.7313,-1.1607,-3.8348,33.0227,0.5528,90.6769
1740983606.855,4.081,4.114,2.311,0.252,0.7313,-1.1608,-3.8348,33.0204,0.5506,90.6783
1740983606.934,4.082,4.114,2.312,0.252,0.7312,-1.1607,-3.8346,33.0295,0.5584,90.6823
1740983607.014,4.082,4.115,2.312,0.251,0.7313,-1.1608,-3.8349,33.0264,0.5589,90.6751
1740983607.094,4.085,4.115,2.315,0.251,0.7313,-1.1606,-3.8347,33.0197,0.5616,90.684
1740983607.173,4.083,4.115,2.313,0.251,0.7314,-1.1607,-3.8347,33.0345,0.5559,90.6644
1740983607.253,4.085,4.115,2.315,0.251,0.7314,-1.1607,-3.8349,33.0426,0.5697,90.6584
1740983607.333,4.083,4.115,2.313,0.251,0.7314,-1.1607,-3.8349,33.0436,0.5699,90.6679
1740983607.412,4.083,4.113,2.313,0.253,0.7314,-1.1607,-3.8348,33.0378,0.5682,90.6723
1740983607.492,4.084,4.116,2.314,0.25,0.7312,-1.1607,-3.8347,33.0306,0.5663,90.6748
1740983607.571,4.082,4.115,2.312,0.251,0.7314,-1.1607,-3.8348,33.0266,0.5551,90.6739
1740983607.651,4.084,4.115,2.314,0.251,0.7314,-1.1608,-3.8349,33.0238,0.5766,90.6547
1740983607.731,4.085,4.115,2.315,0.251,0.7313,-1.1607,-3.8348,33.0268,0.5621,90.6772
1740983607.81,4.085,4.116,2.315,0.25,0.7314,-1.1606,-3.8348,33.0257,0.558,90.6699
1740983607.89,4.084,4.116,2.314,0.25,0.7313,-1.1606,-3.8347,33.0304,0.5636,90.6711
1740983607.97,4.083,4.114,2.313,0.252,0.7313,-1.1607,-3.8346,33.0396,0.562,90.6735
1740983608.05,4.082,4.114,2.312,0.252,0.7313,-1.1607,-3.8347,33.0334,0.5528,90.6798
1740983608.129,4.083,4.116,2.313,0.25,0.7314,-1.1607,-3.8348,33.0319,0.5517,90.678
1740983608.209,4.083,4.115,2.313,0.251,0.7313,-1.1607,-3.8348,33.037,0.5632,90.6681
1740983608.288,4.082,4.114,2.312,0.252,0.7313,-1.1606,-3.8346,33.0387,0.5559,90.6761
1740983608.368,4.082,4.116,2.312,0.25,0.7313,-1.1607,-3.8347,33.0399,0.5568,90.6722
1740983608.448,4.085,4.116,2.315,0.25,0.7313,-1.1607,-3.8347,33.0319,0.5485,90.673
1740983608.527,4.082,4.114,2.312,0.252,0.7313,-1.1607,-3.8347,33.0272,0.5501,90.6718
1740983608.607,4.082,4.115,2.312,0.251,0.7314,-1.1606,-3.8347,33.0262,0.5464,90.6701
1740983608.687,4.082,4.114,2.312,0.252,0.7314,-1.1606,-3.8347,33.0226,0.5544,90.6639
1740983608.766,4.084,4.115,2.314,0.251,0.7313,-1.1607,-3.8346,33.0219,0.5583,90.6667
1740983608.846,4.081,4.115,2.311,0.251,0.7313,-1.1607,-3.8346,33.0222,0.5607,90.6705
1740983608.926,4.082,4.115,2.312,0.251,0.7313,-1.1607,-3.8347,33.0264,0.5633,90.6632
1740983609.005,4.082,4.116,2.312,0.25,0.7315,-1.1606,-3.8347,33.0337,0.5623,90.6581
1740983609.085,4.083,4.115,2.313,0.251,0.7312,-1.1606,-3.8345,33.0333,0.57,90.6656
1740983609.165,4.084,4.115,2.314,0.251,0.7314,-1.1606,-3.8346,33.0415,0.5675,90.6591
1740983609.244,4.082,4.116,2.312,0.25,0.7314,-1.1606,-3.8346,33.0427,0.5676,90.6604
1740983609.324,4.082,4.116,2.312,0.25,0.7312,-1.1606,-3.8345,33.0409,0.5721,90.6589
1740983609.403,4.082,4.114,2.312,0.252,0.7314,-1.1606,-3.8346,33.0451,0.5757,90.6504
1740983609.483,4.083,4.115,2.313,0.251,0.7313,-1.1607,-3.8347,33.0415,0.5741,90.6545
1740983609.563,4.083,4.115,2.313,0.251,0.7312,-1.1606,-3.8346,33.0423,0.5741,90.6602
1740983609.642,4.084,4.115,2.314,0.251,0.7314,-1.1607,-3.8346,33.0503,0.5592,90.6658
1740983609.722,4.084,4.114,2.314,0.252,0.7313,-1.1607,-3.8346,33.0381,0.5608,90.66
1740983609.802,4.084,4.113,2.314,0.253,0.7312,-1.1605,-3.8344,33.0307,0.5548,90.6737
1740983609.881,4.084,4.115,2.314,0.251,0.7312,-1.1606,-3.8345,33.0271,0.5596,90.6576
1740983609.961,4.082,4.115,2.312,0.251,0.7313,-1.1606,-3.8345,33.0191,0.5542,90.6618
1740983610.041,4.082,4.114,2.312,0.252,0.7313,-1.1606,-3.8346,33.0148,0.5557,90.6606
1740983610.12,4.083,4.115,2.313,0.251,0.7312,-1.1606,-3.8343,33.021,0.551,90.669
1740983610.2,4.083,4.114,2.313,0.252,0.7314,-1.1606,-3.8346,33.0291,0.5547,90.6542
1740983610.279,4.082,4.113,2.312,0.253,0.7315,-1.1607,-3.8347,33.0367,0.5563,90.6523
1740983610.359,4.084,4.113,2.314,0.253,0.7304,-1.1607,-3.8333,32.9995,0.5695,90.6797
1740983610.439,4.084,4.115,2.314,0.251,0.7283,-1.1606,-3.8297,32.9876,0.5523,90.6749
1740983610.518,4.083,4.114,2.314,0.251,0.7243,-1.1608,-3.8233,32.9462,0.5635,90.6931
1740983610.598,4.083,4.11,2.314,0.255,0.7182,-1.1609,-3.8136,32.8904,0.584,90.6918
1740983610.678,4.085,4.099,2.316,0.266,0.7111,-1.1614,-3.8025,32.767,0.716,90.6132
1740983610.757,4.083,4.099,2.314,0.266,0.7046,-1.1616,-3.7921,32.8211,0.6903,90.658
1740983610.837,4.082,4.081,2.314,0.283,0.7002,-1.1618,-3.785,32.6838,0.7057,90.6018
1740983610.917,4.082,4.064,2.314,0.3,0.6976,-1.1619,-3.7802,32.6657,0.6819,90.6137
1740983610.996,4.082,4.054,2.314,0.31,0.6955,-1.1621,-3.7773,32.6549,0.7145,90.5461
1740983611.076,4.083,4.046,2.315,0.318,0.6936,-1.1621,-3.7741,32.6424,0.7213,90.5131
1740983611.156,4.082,4.046,2.314,0.318,0.692,-1.1624,-3.7713,32.6504,0.6866,90.4945
1740983611.235,4.082,4.043,2.314,0.321,0.6895,-1.1626,-3.7675,32.6725,0.6901,90.5049
1740983611.315,4.082,4.039,2.314,0.325,0.6865,-1.1629,-3.7628,32.6898,0.6939,90.4772
1740983611.394,4.084,4.035,2.315,0.33,0.6832,-1.1628,-3.7573,32.7201,0.7298,90.4533
1740983611.474,4.083,4.025,2.314,0.34,0.6797,-1.163,-3.7517,32.7171,0.7308,90.4557
1740983611.554,4.083,4.025,2.314,0.34,0.6762,-1.1629,-3.7458,32.7611,0.6606,90.5163
1740983611.633,4.082,4.02,2.313,0.345,0.6723,-1.1633,-3.7396,32.7518,0.6382,90.5521
1740983611.713,4.082,4.009,2.314,0.355,0.6682,-1.1633,-3.7328,32.6749,0.6583,90.5647
1740983611.793,4.082,3.999,2.314,0.365,0.6639,-1.1634,-3.7262,32.557,0.7175,90.5795
1740983611.872,4.082,3.987,2.314,0.377,0.6599,-1.1635,-3.7197,32.5258,0.7319,90.6346
1740983611.952,4.083,3.987,2.315,0.377,0.6558,-1.1637,-3.7132,32.481,0.7624,90.611
1740983612.032,4.081,3.979,2.313,0.385,0.6522,-1.1639,-3.707,32.4214,0.7124,90.5597
1740983612.111,4.081,3.967,2.314,0.396,0.6486,-1.1638,-3.7011,32.3725,0.6993,90.5615
1740983612.191,4.082,3.96,2.315,0.403,0.6453,-1.1643,-3.6956,32.2608,0.7564,90.4981
1740983612.27,4.084,3.951,2.317,0.412,0.6431,-1.164,-3.6928,32.3463,0.9612,89.9867
1740983612.35,4.085,3.951,2.318,0.412,0.6427,-1.1638,-3.692,32.2493,0.879,90.0772
1740983612.43,4.079,3.942,2.312,0.421,0.6427,-1.1638,-3.6921,32.233,0.882,90.0046
1740983612.509,4.079,3.943,2.312,0.42,0.6428,-1.1637,-3.6922,32.1894,0.8634,89.9486
1740983612.589,4.081,3.943,2.314,0.42,0.6415,-1.1629,-3.6901,32.1886,0.8466,88.8069
1740983612.669,4.084,3.943,2.317,0.42,0.6368,-1.1622,-3.6817,32.2062,0.8491,87.8562
1740983612.748,4.084,3.943,2.317,0.42,0.6283,-1.1623,-3.6671,32.1752,0.7047,87.9382
1740983612.828,4.084,3.942,2.317,0.421,0.6184,-1.1635,-3.6513,32.0687,0.7877,88.4852
1740983612.908,4.084,3.922,2.318,0.44,0.6081,-1.1653,-3.6336,31.8194,0.6429,90.3055
1740983612.987,4.085,3.896,2.318,0.467,0.6019,-1.1663,-3.6245,32.1375,0.7804,90.5069
1740983613.067,4.083,3.87,2.316,0.493,0.6013,-1.1657,-3.6236,32.1341,0.8137,90.4355
1740983613.147,4.085,3.87,2.318,0.493,0.6015,-1.1657,-3.6238,32.0804,0.7857,90.4187
1740983613.226,4.084,3.863,2.317,0.5,0.6011,-1.1656,-3.6228,32.1373,0.7546,90.342
1740983613.306,4.084,3.866,2.317,0.497,0.5989,-1.1658,-3.62,32.3126,0.7717,90.2049
1740983613.386,4.083,3.865,2.315,0.498,0.5955,-1.1654,-3.6145,32.4297,0.6491,89.9098
1740983613.465,4.086,3.855,2.318,0.509,0.5894,-1.1664,-3.6049,32.4618,0.6725,90.1555
1740983613.545,4.084,3.855,2.316,0.509,0.5816,-1.1671,-3.5928,32.501,0.7204,90.3949
1740983613.625,4.083,3.848,2.315,0.516,0.575,-1.1666,-3.5813,32.541,0.6609,90.416
1740983613.704,4.083,3.827,2.315,0.537,0.5704,-1.1664,-3.5754,32.455,0.7475,90.6356
1740983613.784,4.084,3.812,2.316,0.552,0.5709,-1.1663,-3.5757,32.5013,0.7635,90.5432
1740983613.863,4.079,3.807,2.311,0.557,0.5713,-1.1664,-3.5758,32.4836,0.6771,90.5922
1740983613.943,4.082,3.807,2.314,0.557,0.5712,-1.1665,-3.5759,32.5014,0.7178,90.5969
1740983614.023,4.081,3.807,2.313,0.557,0.5712,-1.1665,-3.5757,32.515,0.7209,90.645
1740983614.102,4.081,3.806,2.313,0.558,0.5698,-1.1661,-3.5735,32.5617,0.7686,90.9307
1740983614.182,4.081,3.806,2.313,0.558,0.5648,-1.1648,-3.5655,32.6004,0.6556,92.1453
1740983614.262,4.081,3.802,2.313,0.562,0.5555,-1.1649,-3.5504,32.5293,0.5962,92.7991
1740983614.341,4.081,3.802,2.314,0.561,0.5438,-1.1647,-3.5307,32.3104,0.698,92.9018
1740983614.421,4.083,3.786,2.316,0.576,0.5338,-1.1658,-3.514,32.0183,0.9627,90.6256
1740983614.501,4.083,3.757,2.316,0.606,0.529,-1.1667,-3.5012,32.1285,-0.0943,91.0894
1740983614.58,4.083,3.732,2.316,0.631,0.5259,-1.1675,-3.4976,32.346,0.0193,91.1745
1740983614.66,4.084,3.732,2.317,0.631,0.5263,-1.1678,-3.4988,32.2118,0.077,91.0259
1740983614.74,4.084,3.714,2.317,0.649,0.5261,-1.168,-3.4979,32.2977,0.0072,91.0912
1740983614.819,4.085,3.714,2.317,0.649,0.5247,-1.168,-3.4952,32.375,-0.1515,91.2325
1740983614.899,4.085,3.714,2.318,0.649,0.5209,-1.1681,-3.4886,32.3514,-0.2605,91.2648
1740983614.978,4.087,3.71,2.321,0.652,0.5129,-1.1688,-3.4795,31.8919,0.7179,90.3213
1740983615.058,4.087,3.71,2.321,0.652,0.506,-1.1688,-3.4676,31.9398,0.4788,90.5832
1740983615.138,4.082,3.698,2.316,0.664,0.5001,-1.1689,-3.4575,31.8375,0.4879,90.6219
1740983615.217,4.083,3.684,2.317,0.678,0.496,-1.169,-3.451,31.7574,0.529,90.5957
1740983615.297,4.083,3.671,2.317,0.691,0.4931,-1.1693,-3.4462,31.7138,0.5703,90.5857
1740983615.377,4.084,3.657,2.318,0.705,0.4907,-1.1697,-3.4425,31.6802,0.5689,90.5793
1740983615.456,4.082,3.657,2.316,0.704,0.4879,-1.1698,-3.4376,31.6336,0.6032,90.5681
1740983615.536,4.085,3.651,2.319,0.71,0.4841,-1.17,-3.4316,31.5755,0.6194,90.5489
1740983615.616,4.085,3.645,2.32,0.716,0.4798,-1.1702,-3.4242,31.5025,0.614,90.5272
1740983615.695,4.085,3.634,2.32,0.727,0.4753,-1.1701,-3.4164,31.507,0.5418,90.5147
1740983615.775,4.081,3.621,2.316,0.74,0.4711,-1.1705,-3.4091,31.4878,0.4918,90.518
1740983615.855,4.082,3.621,2.317,0.74,0.4672,-1.1705,-3.4023,31.4995,0.4754,90.5088
1740983615.934,4.085,3.614,2.32,0.747,0.4638,-1.1705,-3.3961,31.5233,0.4382,90.4971
1740983616.014,4.083,3.6,2.317,0.761,0.4602,-1.1708,-3.3901,31.5701,0.4159,90.5004
1740983616.094,4.083,3.596,2.317,0.765,0.4566,-1.171,-3.3841,31.5692,0.3837,90.5073
1740983616.173,4.084,3.585,2.318,0.776,0.4531,-1.171,-3.3775,31.6153,0.3431,90.571
1740983616.253,4.082,3.585,2.317,0.776,0.449,-1.1711,-3.3706,31.5391,0.3737,90.6304
1740983616.332,4.084,3.578,2.319,0.783,0.4447,-1.1713,-3.3636,31.4056,0.4435,90.6309
1740983616.412,4.085,3.57,2.32,0.791,0.4406,-1.1715,-3.3566,31.3287,0.4761,90.6654
1740983616.492,4.085,3.557,2.32,0.804,0.4366,-1.1715,-3.3497,31.259,0.4553,90.6577
1740983616.572,4.086,3.547,2.321,0.814,0.4329,-1.1717,-3.343,31.2318,0.3866,90.6909
1740983616.651,4.086,3.547,2.321,0.814,0.4292,-1.1718,-3.3365,31.1486,0.4205,90.6926
1740983616.731,4.086,3.538,2.321,0.823,0.4254,-1.1722,-3.3304,31.1186,0.4592,90.669
1740983616.81,4.086,3.525,2.321,0.836,0.4218,-1.1723,-3.3241,31.118,0.4423,90.6649
1740983616.89,4.086,3.521,2.321,0.84,0.4181,-1.1724,-3.3179,31.1496,0.4292,90.6469
1740983616.97,4.086,3.513,2.321,0.848,0.4144,-1.1726,-3.3115,31.1671,0.4136,90.6628
1740983617.049,4.087,3.513,2.322,0.848,0.4109,-1.1729,-3.3053,31.188,0.3849,90.6466
1740983617.129,4.086,3.501,2.321,0.86,0.4072,-1.1728,-3.2991,31.1768,0.3925,90.6098
1740983617.209,4.086,3.488,2.321,0.873,0.4037,-1.1728,-3.2929,31.1899,0.3811,90.6729
1740983617.288,4.086,3.483,2.321,0.878,0.3998,-1.1728,-3.2862,31.1175,0.406,90.6989
1740983617.368,4.087,3.474,2.322,0.887,0.3958,-1.1731,-3.2795,31.0987,0.3837,90.7198
1740983617.447,4.086,3.474,2.321,0.887,0.3921,-1.1731,-3.2727,31.0623,0.387,90.7316
1740983617.527,4.089,3.465,2.324,0.896,0.3882,-1.1731,-3.2666,31.0245,0.4859,90.604
1740983617.607,4.089,3.451,2.324,0.91,0.3855,-1.1729,-3.2646,31.3397,0.8377,90.0091
1740983617.686,4.087,3.445,2.322,0.916,0.3839,-1.1729,-3.2635,31.3788,1.1317,89.7159
1740983617.766,4.086,3.442,2.321,0.919,0.3826,-1.1725,-3.2615,31.3613,1.1458,89.167
1740983617.846,4.081,3.442,2.316,0.919,0.3799,-1.1721,-3.2564,31.2502,1.1333,88.5714
1740983617.925,4.081,3.437,2.316,0.924,0.375,-1.1718,-3.2464,31.207,0.9154,88.4914
1740983618.005,4.081,3.438,2.317,0.922,0.3704,-1.1717,-3.2367,30.8131,0.6413,88.0936
1740983618.085,4.083,3.425,2.319,0.935,0.3657,-1.1722,-3.2265,30.6755,0.3935,88.2853
1740983618.164,4.088,3.412,2.324,0.948,0.3616,-1.1728,-3.2164,30.0366,0.1129,88.7286
1740983618.244,4.09,3.412,2.326,0.948,0.3577,-1.1732,-3.2097,29.8503,0.165,88.7664
1740983618.324,4.094,3.399,2.33,0.961,0.3536,-1.174,-3.2013,29.2173,0.1346,89.5275
1740983618.403,4.094,3.387,2.33,0.973,0.3459,-1.1754,-3.1896,29.3033,0.6499,90.8117
1740983618.483,4.095,3.372,2.331,0.988,0.3418,-1.1758,-3.182,29.4602,0.4842,90.922
1740983618.563,4.1,3.353,2.336,1.007,0.339,-1.1757,-3.1767,29.2245,0.573,90.9035
1740983618.642,4.095,3.353,2.331,1.007,0.3372,-1.1759,-3.1731,29.1864,0.5159,90.936
1740983618.722,4.096,3.345,2.331,1.015,0.335,-1.176,-3.1687,29.0593,0.5167,90.9106
1740983618.802,4.096,3.339,2.331,1.022,0.332,-1.1761,-3.1628,28.8592,0.4861,90.9139
1740983618.881,4.097,3.338,2.332,1.023,0.3281,-1.1767,-3.1551,28.7381,0.4659,90.9624
1740983618.961,4.099,3.328,2.334,1.033,0.324,-1.1764,-3.1468,28.5921,0.492,90.9372
1740983619.04,4.102,3.328,2.334,1.035,0.3192,-1.1759,-3.1401,27.5954,1.2015,90.915
1740983619.12,4.103,3.313,2.335,1.05,0.3161,-1.1755,-3.138,27.5442,1.7382,90.7623
1740983619.2,4.103,3.31,2.335,1.053,0.3137,-1.1753,-3.136,27.4661,2.1403,90.5746
1740983619.279,4.108,3.305,2.339,1.059,0.3099,-1.175,-3.1317,27.3075,2.6706,90.4697
1740983619.359,4.106,3.305,2.338,1.058,0.308,-1.1748,-3.1183,27.605,1.0658,92.6502
1740983619.44,4.117,3.305,2.35,1.057,0.3036,-1.1742,-3.1037,27.8554,0.4352,93.2786
1740983619.518,4.114,3.289,2.346,1.074,0.2972,-1.1747,-3.091,27.6218,0.3843,93.161
1740983619.598,4.114,3.272,2.347,1.091,0.295,-1.175,-3.0793,27.7153,-0.7297,92.793
1740983619.678,4.112,3.258,2.344,1.105,0.2909,-1.1773,-3.0725,27.5065,-0.4379,91.3509
1740983619.757,4.117,3.246,2.348,1.118,0.285,-1.1785,-3.0666,27.1227,0.4846,90.5763
1740983619.837,4.121,3.246,2.352,1.118,0.2827,-1.1789,-3.063,27.117,0.6688,90.6118
1740983619.916,4.12,3.233,2.35,1.131,0.2819,-1.1785,-3.0604,27.0052,0.6013,90.5576
1740983619.996,4.12,3.231,2.35,1.133,0.2807,-1.1783,-3.059,26.9873,0.7364,90.3044
1740983620.076,4.122,3.224,2.353,1.14,0.2792,-1.1781,-3.0578,27.2884,1.0001,89.9563
1740983620.155,4.119,3.224,2.35,1.14,0.2775,-1.1778,-3.0563,27.2305,1.3469,89.5124
1740983620.235,4.115,3.22,2.346,1.144,0.2781,-1.1775,-3.0554,27.3067,0.9974,88.9555
1740983620.315,4.115,3.223,2.346,1.141,0.2758,-1.1769,-3.0503,27.0533,1.0503,88.3893
1740983620.394,4.115,3.218,2.345,1.147,0.2727,-1.1765,-3.042,26.8739,0.8279,87.9503
1740983620.474,4.119,3.214,2.347,1.152,0.2683,-1.1764,-3.0315,26.4512,0.531,87.9869
1740983620.554,4.123,3.214,2.351,1.152,0.2637,-1.1763,-3.0211,26.3584,0.5389,87.9906
1740983620.633,4.128,3.207,2.353,1.162,0.2597,-1.177,-3.0106,25.7455,0.3765,88.3708
1740983620.713,4.131,3.198,2.352,1.174,0.2557,-1.178,-3.0001,25.0459,0.3007,89.2014
1740983620.792,4.131,3.181,2.352,1.191,0.2486,-1.1792,-2.9882,25.105,0.9648,90.229
1740983620.872,4.144,3.17,2.364,1.202,0.2453,-1.1798,-2.9794,25.0334,0.6605,90.315
1740983620.952,4.148,3.17,2.367,1.203,0.2435,-1.1797,-2.9746,24.8283,0.6457,90.2885
1740983621.031,4.15,3.153,2.369,1.22,0.242,-1.1799,-2.971,24.8246,0.6336,90.2943
1740983621.111,4.151,3.15,2.369,1.223,0.2405,-1.18,-2.9675,24.7148,0.6219,90.2885
1740983621.191,4.151,3.138,2.368,1.236,0.2383,-1.1801,-2.962,24.5681,0.6041,90.2315
1740983621.27,4.152,3.135,2.368,1.24,0.2354,-1.1802,-2.9547,24.4047,0.5405,90.2972
1740983621.35,4.154,3.135,2.369,1.241,0.2321,-1.18,-2.9464,24.2788,0.4835,90.3263
1740983621.43,4.161,3.133,2.375,1.243,0.2288,-1.1802,-2.9382,24.1521,0.4512,90.34
1740983621.908,4.171,3.11,2.391,1.262,0.2145,-1.1781,-2.915,25.057,1.246,91.9219
1740983621.987,4.171,3.102,2.404,1.26,0.2072,-1.1776,-2.9011,27.9262,0.55,92.7675
1740983622.067,4.159,3.072,2.395,1.288,0.1972,-1.1779,-2.8878,30.7945,0.1747,92.8178
1740983622.147,4.137,3.072,2.363,1.296,0.1936,-1.179,-2.8746,34.0367,-2.5881,92.7146
1740983622.226,4.119,3.039,2.347,1.327,0.1878,-1.1798,-2.8661,33.6711,-2.0533,91.721
1740983622.306,4.13,3.017,2.358,1.349,0.183,-1.1802,-2.8632,33.4958,-1.2326,90.5179
1740983622.385,4.13,2.998,2.358,1.368,0.1809,-1.1801,-2.8632,33.4872,-0.5695,89.6353
1740983622.465,4.126,2.999,2.354,1.367,0.1795,-1.18,-2.8634,33.4807,-0.0978,88.9805
1740983622.545,4.117,2.999,2.346,1.366,0.178,-1.1802,-2.8606,33.4185,-0.2049,88.9604
1740983622.624,4.115,2.995,2.343,1.371,0.1749,-1.18,-2.856,33.539,-0.0778,88.6751
1740983622.704,4.115,2.998,2.343,1.368,0.1701,-1.18,-2.8496,33.6053,0.0125,88.471
1740983622.784,4.112,2.994,2.341,1.371,0.1652,-1.1802,-2.8414,33.4024,0.0007,88.5371
1740983622.863,4.114,2.982,2.344,1.383,0.1602,-1.1803,-2.8333,33.181,0.0682,88.5196
1740983622.943,4.111,2.982,2.341,1.382,0.1558,-1.1804,-2.8263,33.0003,0.0881,88.5398
1740983623.023,4.11,2.964,2.341,1.4,0.1519,-1.1803,-2.8198,32.8374,0.154,88.5326
1740983623.102,4.11,2.955,2.341,1.408,0.1473,-1.1809,-2.8125,32.7325,0.1372,88.9
1740983623.182,4.112,2.95,2.345,1.412,0.1397,-1.1826,-2.8,32.1748,0.2214,90.4806
1740983623.262,4.111,2.939,2.344,1.423,0.1335,-1.1833,-2.7907,32.0938,0.4613,90.5736
1740983623.341,4.112,2.939,2.345,1.423,0.13,-1.1835,-2.7845,32.0977,0.447,90.5235
1740983623.421,4.111,2.918,2.344,1.444,0.1276,-1.1833,-2.7801,32.0157,0.4218,90.4822
1740983623.501,4.111,2.907,2.345,1.455,0.1253,-1.1836,-2.7761,31.9109,0.3856,90.487
1740983623.58,4.111,2.903,2.345,1.459,0.1223,-1.1835,-2.7712,31.8689,0.3852,90.3841
1740983623.66,4.111,2.895,2.346,1.466,0.1205,-1.1826,-2.7691,31.4677,0.7512,89.7778
1740983623.739,4.11,2.895,2.345,1.466,0.1199,-1.1825,-2.7684,31.5179,0.7942,89.4095
1740983623.819,4.111,2.889,2.344,1.473,0.1194,-1.1819,-2.7669,32.0704,0.5728,88.9709
1740983623.899,4.111,2.883,2.343,1.48,0.1197,-1.1813,-2.765,32.5028,0.1583,88.8328
1740983623.978,4.112,2.881,2.344,1.482,0.1196,-1.1802,-2.7603,32.5226,-0.789,89.0968
1740983624.058,4.111,2.88,2.343,1.483,0.1174,-1.1793,-2.75,32.4618,-2.0864,89.6472
1740983624.138,4.116,2.88,2.348,1.483,0.1089,-1.1793,-2.7355,32.6199,-2.0386,89.9865
1740983624.217,4.128,2.873,2.36,1.49,0.0997,-1.1801,-2.7197,32.6166,-1.9345,90.2222
1740983624.297,4.128,2.853,2.359,1.511,0.088,-1.1801,-2.7037,32.8587,-1.4515,90.7848
1740983624.377,4.13,2.83,2.355,1.537,0.0734,-1.1818,-2.6868,34.1263,-0.7339,92.4144
1740983624.456,4.124,2.808,2.349,1.56,0.0677,-1.1835,-2.6793,34.2004,-0.5363,91.6679
1740983624.536,4.117,2.808,2.343,1.559,0.0639,-1.1849,-2.6766,33.934,0.3426,90.1651
1740983624.615,4.118,2.789,2.344,1.578,0.0614,-1.1851,-2.6741,34.0411,0.4847,90.0616
1740983624.695,4.118,2.785,2.344,1.582,0.06,-1.1851,-2.6719,33.9638,0.4339,90.0343
1740983624.775,4.11,2.774,2.336,1.593,0.0577,-1.1853,-2.6683,34.0128,0.4325,90.0242
1740983624.854,4.109,2.776,2.335,1.591,0.0537,-1.1853,-2.6619,34.0579,0.3638,90.0939
1740983624.934,4.111,2.776,2.34,1.589,0.0472,-1.1844,-2.656,33.3283,1.4211,89.9762
1740983625.014,4.11,2.767,2.339,1.598,0.0429,-1.1834,-2.6536,33.2943,2.32,89.5187
1740983625.093,4.11,2.752,2.339,1.612,0.0376,-1.183,-2.6504,33.2358,3.2061,88.9634
1740983625.173,4.098,2.75,2.329,1.614,0.0305,-1.1831,-2.641,32.8983,3.6404,88.6948
1740983625.253,4.093,2.737,2.326,1.625,0.0217,-1.1835,-2.6268,32.1809,3.608,88.805
1740983625.332,4.096,2.737,2.33,1.624,0.0138,-1.1837,-2.6105,31.6963,3.0754,89.3572
1740983625.412,4.105,2.719,2.34,1.642,0.0117,-1.1824,-2.5977,31.4682,1.8129,89.5894
1740983625.491,4.105,2.7,2.34,1.661,0.0091,-1.1821,-2.5978,31.5018,2.4178,87.512
1740983625.571,4.109,2.684,2.343,1.677,0.0077,-1.183,-2.5905,31.6589,1.381,87.6201
1740983625.651,4.107,2.686,2.341,1.676,0.0065,-1.1839,-2.5736,31.9623,-1.5538,90.3611
1740983625.73,4.106,2.686,2.34,1.675,-0.0,-1.1841,-2.5666,31.7279,-0.4398,88.9936
1740983625.81,4.125,2.674,2.359,1.687,-0.0061,-1.184,-2.5598,31.6941,-0.0836,88.5173
1740983625.89,4.125,2.661,2.359,1.7,-0.0106,-1.1839,-2.5524,31.6583,0.0877,88.2737
1740983625.969,4.109,2.647,2.344,1.714,-0.0153,-1.1843,-2.5444,31.433,0.041,88.3039
1740983626.049,4.113,2.647,2.348,1.714,-0.02,-1.1845,-2.5368,31.4538,0.1591,88.0919
1740983626.129,4.11,2.635,2.345,1.726,-0.026,-1.1847,-2.5271,31.3726,0.2512,88.3474
1740983626.208,4.11,2.631,2.345,1.729,-0.0352,-1.1863,-2.5111,31.0374,0.1817,90.4548
1740983626.288,4.11,2.612,2.345,1.748,-0.0416,-1.1864,-2.5001,30.9132,0.2553,90.1691
1740983626.368,4.112,2.587,2.348,1.773,-0.0476,-1.1871,-2.4903,30.8856,0.3317,90.1388
1740983626.447,4.112,2.587,2.347,1.774,-0.0503,-1.187,-2.483,31.4271,-0.2552,90.5912
1740983626.527,4.111,2.573,2.345,1.788,-0.0517,-1.1866,-2.4789,31.8015,-0.5299,91.0331
1740983626.607,4.116,2.564,2.35,1.797,-0.0521,-1.1862,-2.4754,31.8378,-1.1665,91.2665
1740983626.686,4.116,2.56,2.35,1.801,-0.0534,-1.1855,-2.4691,31.7303,-1.9215,91.592
1740983626.766,4.119,2.556,2.353,1.805,-0.0597,-1.186,-2.4573,31.7086,-2.0645,91.744
1740983626.847,4.125,2.556,2.359,1.805,-0.0686,-1.1855,-2.4408,31.7329,-2.3264,92.2944
1740983626.925,4.127,2.54,2.361,1.821,-0.0775,-1.1857,-2.4253,31.8092,-2.3154,92.3554
1740983627.005,4.131,2.519,2.365,1.842,-0.0866,-1.185,-2.4098,31.8504,-2.1312,92.3196
1740983627.084,4.131,2.497,2.365,1.864,-0.0958,-1.1855,-2.3965,31.6534,-1.7454,92.019
1740983627.164,4.127,2.481,2.362,1.879,-0.1066,-1.1877,-2.3885,31.1305,0.2934,89.934
1740983627.244,4.127,2.481,2.362,1.88,-0.1118,-1.1881,-2.3792,31.3772,0.049,90.1781
1740983627.323,4.113,2.461,2.348,1.9,-0.1167,-1.188,-2.3707,31.308,0.1282,90.1673
1740983627.403,4.113,2.442,2.348,1.919,-0.1216,-1.1882,-2.3625,31.2138,0.1445,90.139
1740983627.483,4.113,2.431,2.348,1.929,-0.1277,-1.1882,-2.3527,31.0477,0.3213,89.9728
1740983627.562,4.112,2.421,2.347,1.939,-0.135,-1.1877,-2.3398,31.0425,0.1913,90.1026
1740983627.642,4.114,2.421,2.349,1.939,-0.1428,-1.188,-2.3258,30.9197,0.1836,90.0273
1740983627.722,4.114,2.407,2.35,1.953,-0.1512,-1.1887,-2.3114,30.8114,0.1049,89.9831
1740983627.801,4.114,2.383,2.35,1.977,-0.1588,-1.1891,-2.2979,30.8176,0.0885,89.9623
1740983627.881,4.114,2.366,2.35,1.994,-0.1661,-1.1892,-2.2857,30.8573,0.1524,89.9779
1740983627.961,4.115,2.347,2.351,2.013,-0.1727,-1.1892,-2.2739,30.7263,0.1298,90.1501
1740983628.04,4.115,2.347,2.351,2.013,-0.1789,-1.1893,-2.2633,30.3481,0.352,90.0344
1740983628.12,4.118,2.329,2.354,2.031,-0.1848,-1.1897,-2.252,30.1277,0.2322,90.1876
1740983628.199,4.118,2.316,2.354,2.044,-0.1904,-1.1895,-2.2409,29.8017,0.173,90.3857
1740983628.279,4.12,2.297,2.356,2.063,-0.1969,-1.1895,-2.2289,29.4658,0.3988,90.4225
1740983628.359,4.122,2.282,2.358,2.078,-0.2028,-1.1894,-2.2169,29.2698,0.208,90.5004
1740983628.438,4.125,2.282,2.361,2.078,-0.2092,-1.1896,-2.2045,29.1429,0.226,90.5878
1740983628.518,4.128,2.267,2.363,2.093,-0.216,-1.1899,-2.192,28.9663,0.2138,90.6429
1740983628.598,4.128,2.25,2.363,2.11,-0.2226,-1.1901,-2.1799,28.9108,0.2518,90.7073
1740983628.677,4.137,2.232,2.372,2.128,-0.2289,-1.1902,-2.1671,28.8095,0.1345,90.7695
1740983628.757,4.146,2.215,2.381,2.146,-0.2356,-1.1906,-2.1547,28.5993,0.2627,90.6941
1740983628.837,4.157,2.215,2.392,2.146,-0.2421,-1.1911,-2.1428,28.4666,0.3379,90.6057
1740983628.916,4.161,2.196,2.395,2.165,-0.2479,-1.1914,-2.131,28.3245,0.2384,90.6638
1740983628.996,4.161,2.178,2.395,2.183,-0.2538,-1.1915,-2.1193,28.1767,0.2558,90.6452
1740983629.076,4.161,2.163,2.395,2.198,-0.2596,-1.1917,-2.1079,28.0846,0.229,90.6079
1740983629.155,4.164,2.148,2.398,2.213,-0.2651,-1.1921,-2.0968,28.0426,0.1473,90.5719
1740983629.235,4.165,2.148,2.398,2.213,-0.2711,-1.1922,-2.0856,27.915,0.2713,90.4458
1740983629.314,4.168,2.133,2.401,2.229,-0.2769,-1.1922,-2.0739,27.7809,0.2533,90.4559
1740983629.394,4.168,2.116,2.401,2.246,-0.2827,-1.1926,-2.062,27.6979,0.1496,90.4808
1740983629.474,4.168,2.098,2.4,2.264,-0.2883,-1.1925,-2.0495,27.4852,0.0666,90.6635
1740983629.554,4.17,2.082,2.401,2.28,-0.2945,-1.1932,-2.0383,27.2283,0.2626,90.5166
1740983629.633,4.174,2.082,2.405,2.28,-0.2994,-1.1932,-2.0272,27.2876,0.0711,90.5646
1740983629.713,4.174,2.067,2.405,2.295,-0.3049,-1.1934,-2.0159,27.2203,0.0658,90.5202
1740983629.792,4.174,2.053,2.405,2.309,-0.3106,-1.1935,-2.0051,27.2238,0.0948,90.4699
1740983629.872,4.178,2.039,2.409,2.323,-0.3167,-1.1937,-1.9933,27.1743,0.1533,90.525
1740983629.952,4.181,2.022,2.412,2.34,-0.3228,-1.194,-1.9811,27.172,0.2117,90.5227
1740983630.031,4.181,2.022,2.412,2.34,-0.328,-1.1942,-1.9711,27.3319,0.2056,90.4675
1740983630.111,4.182,2.004,2.413,2.358,-0.3329,-1.1947,-1.9623,27.3397,0.4034,90.2823
1740983630.191,4.182,1.988,2.414,2.374,-0.3378,-1.194,-1.9531,27.3929,0.3672,90.2121
1740983630.27,4.182,1.979,2.413,2.383,-0.3426,-1.1949,-1.9426,27.3237,0.4365,90.1556
1740983630.352,4.182,1.963,2.414,2.399,-0.349,-1.1952,-1.9298,27.4479,0.2323,90.4192
1740983630.43,4.185,1.963,2.417,2.399,-0.3547,-1.1951,-1.9188,27.4702,0.3193,90.2978
1740983630.509,4.184,1.949,2.416,2.413,-0.36,-1.1957,-1.9078,27.4312,0.286,90.1476
1740983630.589,4.184,1.931,2.416,2.431,-0.3665,-1.1959,-1.8971,27.5423,0.5301,90.3077
1740983630.668,4.186,1.913,2.418,2.449,-0.3705,-1.1956,-1.888,27.4321,0.4814,89.9997
1740983630.748,4.185,1.9,2.417,2.462,-0.3763,-1.1959,-1.877,27.5246,0.6387,89.9499
1740983630.828,4.188,1.9,2.42,2.462,-0.3811,-1.1962,-1.867,27.4693,0.5067,90.143
1740983630.907,4.187,1.886,2.419,2.476,-0.3868,-1.1963,-1.8564,27.5804,0.624,89.9922
1740983630.987,4.187,1.873,2.419,2.489,-0.3907,-1.1962,-1.8459,27.5647,0.2121,90.4522
1740983631.067,4.191,1.856,2.423,2.506,-0.3965,-1.1962,-1.8364,27.5786,0.7505,89.7554
1740983631.148,4.191,1.841,2.423,2.521,-0.401,-1.197,-1.8257,27.3599,0.429,89.9464
1740983631.226,4.189,1.841,2.42,2.521,-0.4056,-1.1971,-1.8152,27.3122,0.445,89.9366
1740983631.306,4.191,1.828,2.422,2.534,-0.4112,-1.1967,-1.8056,27.1716,0.896,89.4228
1740983631.385,4.191,1.815,2.422,2.547,-0.4164,-1.1979,-1.794,27.2156,0.2728,90.3678
1740983631.465,4.194,1.8,2.424,2.562,-0.4209,-1.1972,-1.7815,27.022,0.1689,90.4137
1740983631.544,4.2,1.8,2.431,2.562,-0.4283,-1.1974,-1.7675,27.2649,0.4309,90.1043
1740983631.624,4.201,1.785,2.432,2.577,-0.4335,-1.1976,-1.7575,27.2238,0.4052,89.8717
1740983631.704,4.202,1.768,2.433,2.594,-0.4383,-1.1984,-1.7475,27.0944,0.5618,89.7367
1740983631.783,4.202,1.751,2.434,2.611,-0.4445,-1.1979,-1.7376,27.4246,0.8651,89.6125
1740983631.863,4.203,1.737,2.435,2.624,-0.4503,-1.1978,-1.7261,27.6614,0.3684,90.1699
1740983631.943,4.203,1.737,2.436,2.624,-0.4561,-1.1983,-1.7119,27.7903,0.1331,90.4728
1740983632.022,4.203,1.721,2.433,2.642,-0.463,-1.1977,-1.6997,26.868,0.8837,89.6749
1740983632.102,4.203,1.704,2.426,2.661,-0.4637,-1.1977,-1.6936,25.5237,0.6016,89.7055
1740983632.182,4.203,1.686,2.429,2.678,-0.4666,-1.1986,-1.6889,26.0188,0.7443,89.7855
1740983632.261,4.215,1.682,2.44,2.682,-0.4683,-1.1983,-1.6857,25.8379,0.7787,89.5511
1740983632.341,4.223,1.682,2.449,2.682,-0.4708,-1.1985,-1.6808,26.1103,0.8182,89.7203
1740983632.421,4.222,1.675,2.449,2.689,-0.4753,-1.1981,-1.672,26.2084,0.815,89.769
1740983632.5,4.22,1.669,2.448,2.694,-0.4799,-1.1989,-1.6616,26.377,0.6684,89.9458
1740983632.58,4.22,1.658,2.447,2.706,-0.4842,-1.1998,-1.6497,26.2038,0.3841,90.2481
1740983632.659,4.219,1.644,2.449,2.718,-0.4897,-1.1991,-1.6397,27.0437,0.4716,89.9245
1740983632.739,4.222,1.644,2.449,2.72,-0.4926,-1.1996,-1.6278,26.2234,-0.2649,91.0841
1740983632.819,4.218,1.627,2.447,2.736,-0.4969,-1.1996,-1.6198,26.6577,0.2383,90.7408
1740983632.898,4.223,1.613,2.452,2.75,-0.5008,-1.1988,-1.6133,26.6218,0.5421,90.0897
1740983632.978,4.223,1.601,2.452,2.762,-0.5047,-1.199,-1.6054,26.691,0.393,90.3193
1740983633.058,4.223,1.588,2.453,2.774,-0.5092,-1.1994,-1.5976,26.9854,0.7279,89.7356
1740983633.137,4.225,1.588,2.454,2.775,-0.5125,-1.1991,-1.5891,26.596,0.6109,90.2872
1740983633.217,4.223,1.576,2.454,2.786,-0.5162,-1.1995,-1.5822,27.1246,0.6766,89.9052
1740983633.297,4.226,1.565,2.457,2.797,-0.5202,-1.1995,-1.5736,27.1383,0.718,89.8428
1740983633.376,4.226,1.554,2.458,2.808,-0.5243,-1.2001,-1.5653,27.4492,0.7986,89.8643
1740983633.456,4.225,1.545,2.457,2.816,-0.5283,-1.2001,-1.557,27.5654,0.6452,90.0954
1740983633.536,4.223,1.545,2.455,2.816,-0.5321,-1.2005,-1.5492,27.5337,0.6551,89.9785
1740983633.615,4.222,1.532,2.455,2.829,-0.5361,-1.2003,-1.5413,27.8786,0.6503,90.005
1740983633.695,4.227,1.519,2.461,2.842,-0.5397,-1.2004,-1.5325,28.2346,0.398,90.1943
1740983633.775,4.227,1.506,2.462,2.854,-0.5442,-1.2006,-1.5243,28.6271,0.4493,90.1441
1740983633.856,4.223,1.493,2.459,2.867,-0.5502,-1.2008,-1.5157,29.3043,0.7864,89.8087
1740983633.934,4.222,1.493,2.458,2.867,-0.5552,-1.201,-1.5066,29.493,0.5768,90.1609
1740983634.013,4.214,1.48,2.45,2.88,-0.5605,-1.2003,-1.4979,30.0869,0.5786,90.0823
1740983634.093,4.214,1.467,2.45,2.893,-0.5657,-1.2008,-1.4882,30.3453,0.655,89.8895
1740983634.173,4.216,1.455,2.451,2.905,-0.5708,-1.2008,-1.4799,30.9983,0.4958,90.3275
1740983634.252,4.208,1.444,2.439,2.918,-0.5779,-1.2017,-1.4687,32.7585,0.1428,90.6054
1740983634.332,4.209,1.444,2.437,2.919,-0.5888,-1.2013,-1.4533,33.4512,0.0396,90.7153
1740983634.412,4.207,1.43,2.435,2.933,-0.599,-1.2016,-1.4379,33.4432,0.2894,90.5981
1740983634.491,4.207,1.411,2.436,2.951,-0.606,-1.2018,-1.4248,33.3554,0.4262,90.5111
1740983634.571,4.207,1.386,2.435,2.977,-0.6121,-1.2018,-1.4151,33.5083,0.4084,90.5292
1740983634.651,4.206,1.367,2.434,2.996,-0.6171,-1.202,-1.4071,33.5057,0.2664,90.4558
1740983634.73,4.205,1.367,2.434,2.995,-0.6221,-1.2023,-1.3981,33.4104,0.2634,90.4441
1740983634.81,4.208,1.355,2.437,3.007,-0.6287,-1.2023,-1.387,33.4121,0.2319,90.4205
1740983634.89,4.208,1.34,2.437,3.022,-0.6366,-1.2025,-1.3742,33.327,0.2613,90.5263
1740983634.969,4.207,1.324,2.437,3.038,-0.645,-1.2025,-1.3612,33.1634,0.4113,90.4659
1740983635.049,4.205,1.306,2.435,3.056,-0.6529,-1.2026,-1.3487,33.1587,0.4419,90.4249
1740983635.128,4.204,1.306,2.434,3.056,-0.6597,-1.2027,-1.3376,33.1559,0.4263,90.465
1740983635.208,4.205,1.288,2.429,3.076,-0.665,-1.2022,-1.3307,34.2845,0.1869,90.4178
1740983635.288,4.205,1.27,2.426,3.095,-0.6674,-1.2017,-1.3268,34.8847,-0.1249,90.1217
1740983635.367,4.205,1.261,2.427,3.103,-0.6703,-1.2013,-1.3228,34.6915,0.0015,89.0402
1740983635.447,4.206,1.255,2.43,3.109,-0.6761,-1.2011,-1.3132,34.3246,0.0103,88.6877
1740983635.529,4.205,1.255,2.432,3.108,-0.6866,-1.2012,-1.2977,33.7397,0.2771,88.4551
1740983635.606,4.205,1.247,2.434,3.115,-0.6967,-1.2012,-1.281,33.2982,0.2371,88.5269
1740983635.686,4.205,1.225,2.437,3.136,-0.7064,-1.2017,-1.2626,32.5659,-0.0536,89.4925
1740983635.766,4.203,1.199,2.436,3.162,-0.7157,-1.2025,-1.2457,32.2138,-0.3466,90.6653
1740983635.845,4.204,1.172,2.436,3.189,-0.7257,-1.2039,-1.2325,32.3919,0.48,90.6676
1740983635.925,4.206,1.172,2.438,3.189,-0.7323,-1.2041,-1.2219,32.4109,0.3374,90.4973
1740983636.005,4.203,1.152,2.435,3.209,-0.735,-1.2026,-1.2139,32.6355,-0.6298,91.6518
1740983636.084,4.203,1.138,2.434,3.223,-0.7349,-1.2024,-1.2125,32.7192,-0.7962,91.7866
1740983636.164,4.205,1.127,2.437,3.234,-0.7338,-1.2025,-1.212,32.6501,-1.1448,91.7545
1740983636.243,4.207,1.128,2.439,3.233,-0.7357,-1.2019,-1.2056,32.5936,-1.7552,92.1107
1740983636.323,4.209,1.128,2.442,3.233,-0.7415,-1.2015,-1.1917,32.3271,-2.3463,92.0709
1740983636.403,4.217,1.125,2.45,3.236,-0.7531,-1.2016,-1.1721,32.2117,-2.1161,92.117
1740983636.482,4.217,1.109,2.449,3.252,-0.7677,-1.2023,-1.1506,32.342,-1.4211,91.9152
1740983636.562,4.22,1.079,2.452,3.282,-0.7816,-1.2032,-1.1309,32.3818,-0.7325,91.1657
1740983636.761,4.209,1.025,2.441,3.336,-0.7984,-1.2025,-1.1162,32.3985,2.0422,88.0997
1740983636.841,4.197,1.013,2.43,3.348,-0.7992,-1.2028,-1.1113,32.1095,1.4746,87.7757
1740983636.921,4.196,1.013,2.429,3.348,-0.8041,-1.2023,-1.1022,32.2011,1.3899,87.5885
1740983637.12,4.2,0.996,2.433,3.365,-0.8236,-1.2036,-1.0623,32.2599,-0.2088,89.4933
1740983637.199,4.202,0.979,2.437,3.381,-0.8294,-1.2022,-1.0542,31.2783,0.4105,87.8515
1740983637.281,4.202,0.952,2.437,3.408,-0.8348,-1.2025,-1.0437,31.0913,0.4486,87.7775
1740983637.358,4.209,0.942,2.445,3.418,-0.8407,-1.2028,-1.0338,30.6651,0.5944,87.6044
1740983637.438,4.207,0.926,2.443,3.434,-0.8477,-1.2038,-1.0202,29.8534,0.6856,88.2378
1740983637.518,4.207,0.926,2.442,3.434,-0.8605,-1.2038,-1.0056,28.5037,2.383,89.4771
1740983637.597,4.211,0.907,2.445,3.453,-0.868,-1.203,-0.9965,28.3909,3.5573,88.6839
1740983637.677,4.211,0.887,2.445,3.473,-0.8739,-1.2025,-0.9871,28.1081,3.768,88.6713
1740983637.757,4.208,0.876,2.441,3.485,-0.8797,-1.2022,-0.9763,27.9386,3.99,88.3976
1740983637.836,4.207,0.861,2.439,3.5,-0.8859,-1.2019,-0.9623,27.4836,3.8348,88.6222
1740983637.916,4.212,0.861,2.446,3.499,-0.8867,-1.2024,-0.9439,28.2083,0.9611,90.8643
1740983637.996,4.219,0.847,2.454,3.513,-0.8859,-1.2012,-0.9309,29.0396,-1.5943,91.2071
1740983638.075,4.219,0.828,2.454,3.532,-0.8955,-1.2013,-0.9244,28.722,0.6519,91.1126
1740983638.155,4.23,0.813,2.465,3.547,-0.8991,-1.2006,-0.9232,28.6807,1.411,91.0427
1740983638.235,4.226,0.799,2.461,3.561,-0.8922,-1.2005,-0.9239,28.7829,-0.7593,90.0467
1740983638.314,4.221,0.799,2.455,3.561,-0.891,-1.2007,-0.9198,28.1261,-1.7661,89.103
1740983638.394,4.237,0.8,2.472,3.56,-0.8979,-1.1992,-0.9071,28.5084,-1.6292,88.852
1740983638.473,4.237,0.8,2.47,3.56,-0.9115,-1.2018,-0.893,27.9819,0.5846,87.4341
1740983638.553,4.241,0.786,2.467,3.576,-0.9203,-1.2038,-0.8686,25.9745,0.3479,89.013
1740983638.633,4.235,0.758,2.458,3.604,-0.9321,-1.2055,-0.8495,25.5679,0.8579,89.5974
1740983638.712,4.099,0.758,2.326,3.604,-0.9375,-1.2043,-0.8386,26.2803,0.9193,89.6519
1740983638.792,3.106,0.733,1.337,3.628,-0.9413,-1.2053,-0.8316,26.6627,1.0293,89.5888
1740983638.872,3.106,0.714,1.338,3.647,-0.9445,-1.205,-0.8256,26.9816,1.0116,89.6046
1740983638.951,4.095,0.7,2.327,3.661,-0.9481,-1.2051,-0.8187,27.3698,1.0261,89.6322
1740983639.031,4.094,0.689,2.328,3.671,-0.9537,-1.2053,-0.8102,28.4335,1.0613,89.5779
1740983639.111,4.093,0.689,2.329,3.671,-0.9635,-1.2041,-0.8037,29.2474,2.7812,89.4007
1740983639.19,4.198,0.683,2.434,3.677,-0.9711,-1.2027,-0.7983,30.8374,3.5568,88.9973
1740983639.27,4.198,0.672,2.427,3.689,-0.9765,-1.2028,-0.784,33.3612,1.1682,91.831
1740983639.35,4.216,0.657,2.423,3.708,-0.9864,-1.2029,-0.7718,36.7359,1.0377,92.1412
1740983639.429,4.216,0.642,2.414,3.724,-0.991,-1.2034,-0.758,37.6692,-1.0461,92.1537
1740983639.509,4.223,0.642,2.42,3.724,-0.9985,-1.2041,-0.746,37.8278,-1.3088,91.7655
1740983639.589,4.223,0.626,2.422,3.739,-1.0112,-1.2059,-0.7385,37.5841,1.4457,89.3738
1740983639.668,4.223,0.606,2.423,3.759,-1.0185,-1.2067,-0.7281,37.4759,1.186,89.6448
1740983639.748,4.229,0.589,2.43,3.776,-1.0241,-1.2068,-0.7208,37.4095,1.2216,89.7014
1740983639.827,4.222,0.575,2.423,3.79,-1.0283,-1.2069,-0.7151,37.3501,1.2926,89.7006
1740983639.907,4.222,0.575,2.424,3.79,-1.0334,-1.2072,-0.7079,37.2396,1.2968,89.6922
1740983639.987,4.222,0.563,2.441,3.799,-1.0382,-1.2071,-0.6974,35.1837,1.3735,89.654
1740983640.066,4.222,0.551,2.457,3.809,-1.0418,-1.2069,-0.6844,31.0995,1.6158,89.5769
1740983640.146,4.212,0.539,2.444,3.821,-1.0455,-1.2067,-0.6697,27.5613,1.688,89.6667
1740983640.226,4.209,0.527,2.439,3.834,-1.0522,-1.2074,-0.6566,26.9928,1.8059,89.6435
1740983640.305,2.727,0.527,0.959,3.834,-1.0584,-1.2077,-0.6429,27.0407,1.6512,89.678
1740983640.385,2.727,0.504,0.96,3.857,-1.0645,-1.2081,-0.6308,27.1055,1.7179,89.6032
1740983640.465,2.733,0.49,0.966,3.871,-1.0695,-1.2078,-0.6197,27.1764,1.6101,89.6776
1740983640.544,2.735,0.473,0.968,3.888,-1.0746,-1.2084,-0.61,27.2463,1.5816,89.6558
1740983640.624,2.73,0.455,0.965,3.905,-1.0806,-1.2084,-0.6014,28.5475,1.567,89.6473
1740983640.704,2.74,0.455,0.976,3.905,-1.0866,-1.2088,-0.593,30.0863,1.503,89.6698
1740983640.785,2.74,0.44,0.976,3.92,-1.0923,-1.2089,-0.584,30.1851,1.6166,89.5891
1740983640.865,2.728,0.43,0.964,3.93,-1.0978,-1.2084,-0.5775,30.5877,2.0873,88.8802
1740983640.942,2.724,0.416,0.96,3.944,-1.1004,-1.2078,-0.575,30.2753,2.5612,88.3133
1740983643.431,4.225,0.776,2.455,3.585,-0.8894,-1.2051,-0.9302,33.0688,-0.9715,89.7826
1740983643.511,4.228,0.776,2.457,3.585,-0.8821,-1.2089,-0.9503,33.2071,0.0441,90.6592
1740983643.591,4.226,0.796,2.451,3.566,-0.8816,-1.2052,-0.9718,34.0472,4.43,87.6035
1740983643.67,4.226,0.822,2.454,3.54,-0.8727,-1.2066,-0.984,33.5834,3.5747,88.908
1740983643.75,4.204,0.847,2.43,3.515,-0.8662,-1.2072,-0.998,34.0138,4.2132,88.1032
1740983643.831,4.206,0.865,2.437,3.496,-0.8556,-1.2069,-1.01,32.7896,3.6361,87.8207
1740983643.909,4.205,0.865,2.441,3.495,-0.8461,-1.2075,-1.0165,30.1856,2.2101,88.063
1740983643.989,4.206,0.885,2.442,3.475,-0.836,-1.208,-1.023,29.6292,0.136,89.1752
1740983644.069,4.206,0.898,2.442,3.462,-0.8311,-1.2072,-1.0373,30.0075,0.782,87.605
1740983644.148,4.224,0.911,2.46,3.449,-0.8218,-1.2069,-1.0535,30.0451,0.2958,88.2409
1740983644.228,4.221,0.93,2.457,3.43,-0.8135,-1.208,-1.0729,30.4769,0.9545,88.7279
1740983644.307,4.222,0.93,2.457,3.43,-0.8082,-1.2071,-1.0907,31.1609,1.8215,87.764
1740983644.387,4.208,0.958,2.444,3.402,-0.7973,-1.2069,-1.1049,30.7918,1.3173,87.6763
1740983644.467,4.208,0.979,2.444,3.381,-0.789,-1.2073,-1.1197,30.7909,1.1956,87.7571
1740983644.546,4.211,1.0,2.447,3.36,-0.7833,-1.2079,-1.1315,30.7356,1.5789,88.9962
1740983644.626,4.211,1.022,2.447,3.338,-0.7715,-1.2079,-1.1402,30.1415,-0.9482,91.0841
1740983644.706,4.209,1.022,2.445,3.338,-0.7632,-1.207,-1.1503,30.6409,-1.5211,91.6033
1740983644.785,4.226,1.039,2.462,3.321,-0.7563,-1.2066,-1.1623,30.5278,-1.6104,92.039
1740983644.865,4.226,1.054,2.462,3.306,-0.7494,-1.2061,-1.1758,30.4096,-1.2827,92.1837
1740983644.945,4.226,1.075,2.462,3.285,-0.7428,-1.2055,-1.1912,30.4029,-0.6405,92.4144
1740983645.024,4.224,1.09,2.46,3.27,-0.7357,-1.2053,-1.2078,30.4492,0.0474,92.5619
1740983645.104,4.22,1.09,2.456,3.27,-0.724,-1.2071,-1.2316,30.1746,0.504,90.0435
1740983645.184,4.22,1.115,2.456,3.245,-0.7147,-1.2079,-1.2503,29.9821,0.8113,90.2993
1740983645.383,4.213,1.166,2.449,3.194,-0.6969,-1.2051,-1.2784,29.4892,0.2479,89.1903
1740983645.464,4.219,1.185,2.455,3.175,-0.6907,-1.2046,-1.2914,29.8018,0.4668,88.5249
1740983645.542,4.216,1.198,2.452,3.162,-0.6822,-1.2047,-1.3075,30.1501,0.3181,88.5973
1740983645.623,4.211,1.216,2.447,3.144,-0.6712,-1.2043,-1.3274,30.5124,0.3317,88.6365
1740983647.752,4.218,1.618,2.439,2.748,-0.4745,-1.2015,-1.6329,34.7744,0.4623,90.548
1740983647.832,4.216,1.615,2.437,2.751,-0.4747,-1.2016,-1.6328,34.7771,0.4304,90.5506
1740983647.911,4.218,1.615,2.439,2.751,-0.4748,-1.2016,-1.6329,34.776,0.4066,90.5391
1740983647.991,4.216,1.615,2.437,2.751,-0.4747,-1.2015,-1.6328,34.7877,0.3764,90.5477
1740983648.071,4.216,1.615,2.437,2.751,-0.4747,-1.2015,-1.6329,34.7772,0.3535,90.5589
1740983648.15,4.217,1.617,2.438,2.749,-0.4747,-1.2016,-1.6327,34.7851,0.3209,90.5638
1740983648.23,4.217,1.616,2.438,2.75,-0.4746,-1.2015,-1.6329,34.7835,0.3235,90.537
1740983648.31,4.216,1.616,2.437,2.75,-0.4747,-1.2016,-1.6328,34.7784,0.294,90.5503
1740983648.389,4.214,1.616,2.435,2.75,-0.4745,-1.2015,-1.6329,34.8893,0.2802,90.5552
1740983648.469,4.214,1.615,2.434,2.751,-0.4747,-1.2015,-1.633,34.9643,0.2996,90.5469
1740983648.549,4.216,1.616,2.436,2.75,-0.4749,-1.2015,-1.6329,34.9623,0.2763,90.5454
1740983648.628,4.215,1.618,2.435,2.748,-0.4748,-1.2014,-1.6329,34.9948,0.2669,90.5333
1740983648.708,4.214,1.618,2.434,2.748,-0.4749,-1.2014,-1.6328,34.9841,0.272,90.544
1740983648.787,4.217,1.617,2.437,2.749,-0.4747,-1.2014,-1.6329,34.9581,0.3037,90.557
1740983648.867,4.217,1.616,2.437,2.75,-0.4749,-1.2015,-1.6328,34.9491,0.2867,90.5557
1740983648.947,4.215,1.615,2.435,2.751,-0.4747,-1.2015,-1.6329,34.9486,0.2734,90.5577
1740983649.026,4.218,1.617,2.438,2.749,-0.4747,-1.2014,-1.6328,34.951,0.3068,90.5712
1740983649.106,4.218,1.617,2.438,2.749,-0.4748,-1.2014,-1.6328,34.9479,0.3478,90.5702
1740983649.186,4.217,1.618,2.437,2.748,-0.4748,-1.2014,-1.6327,34.952,0.344,90.5674
1740983649.265,4.217,1.617,2.437,2.749,-0.4748,-1.2013,-1.6328,34.9582,0.3678,90.5633
1740983649.345,4.215,1.618,2.435,2.748,-0.4747,-1.2013,-1.6327,34.9548,0.3853,90.5725
1740983649.425,4.214,1.616,2.434,2.75,-0.4748,-1.2013,-1.6327,34.9609,0.415,90.5655
1740983649.504,4.217,1.616,2.437,2.75,-0.4747,-1.2014,-1.6327,34.9669,0.395,90.5589
1740983649.584,4.218,1.617,2.438,2.749,-0.4746,-1.2014,-1.6327,34.9726,0.3568,90.5653
1740983649.664,4.218,1.618,2.438,2.748,-0.4747,-1.2013,-1.6327,34.9822,0.3806,90.5688
1740983649.743,4.219,1.618,2.439,2.748,-0.4747,-1.2012,-1.6326,34.9926,0.3597,90.548
1740983649.823,4.216,1.615,2.436,2.751,-0.4748,-1.2013,-1.6326,34.9895,0.3539,90.5524
1740983649.902,4.216,1.615,2.436,2.751,-0.4748,-1.2014,-1.6326,34.9559,0.3505,90.5412
1740983649.982,4.215,1.617,2.436,2.749,-0.4741,-1.2014,-1.6334,34.7979,0.3197,90.6002
1740983650.064,4.215,1.617,2.441,2.747,-0.4703,-1.201,-1.6372,33.9708,0.3029,90.5891
1740983650.141,4.214,1.618,2.446,2.743,-0.4638,-1.2009,-1.6442,32.4168,0.3512,90.5981
1740983650.221,4.214,1.623,2.45,2.737,-0.4549,-1.2004,-1.6544,30.2001,0.4104,90.6588
1740983650.301,4.219,1.623,2.451,2.738,-0.4454,-1.2004,-1.6671,27.6623,0.5216,90.6058
1740983650.38,4.229,1.638,2.452,2.727,-0.4376,-1.2004,-1.6786,25.506,0.5962,90.4993
1740983650.46,4.229,1.66,2.446,2.707,-0.4348,-1.2011,-1.6835,24.631,0.6166,90.4474
1740983650.54,4.251,1.683,2.469,2.684,-0.435,-1.2003,-1.6831,24.6836,0.5939,90.5213
1740983650.619,4.27,1.693,2.487,2.674,-0.4352,-1.2003,-1.6828,24.629,0.5652,90.5423
1740983650.699,4.271,1.693,2.488,2.674,-0.4352,-1.2003,-1.6829,24.6291,0.5428,90.5678
1740983650.778,4.271,1.692,2.488,2.675,-0.4352,-1.2003,-1.6829,24.6225,0.533,90.5843
1740983650.858,4.268,1.693,2.485,2.674,-0.4352,-1.2002,-1.6829,24.611,0.5197,90.5891
1740983650.938,4.271,1.693,2.488,2.674,-0.4353,-1.2003,-1.683,24.6417,0.5139,90.5958
1740983651.018,4.268,1.692,2.485,2.676,-0.4351,-1.2003,-1.683,24.6017,0.5082,90.5953
1740983651.097,4.269,1.692,2.486,2.676,-0.4353,-1.2003,-1.6829,24.5992,0.4631,90.5714
1740983651.177,4.269,1.694,2.486,2.674,-0.4353,-1.2002,-1.6829,24.5967,0.4673,90.5637
1740983651.256,4.27,1.692,2.487,2.675,-0.4353,-1.2004,-1.6831,24.6089,0.4454,90.566
1740983651.336,4.268,1.692,2.485,2.675,-0.4354,-1.2006,-1.6829,24.6292,0.4022,90.5775
1740983651.416,4.271,1.692,2.488,2.675,-0.4354,-1.2006,-1.683,24.6365,0.3814,90.5764
1740983651.495,4.269,1.692,2.486,2.675,-0.4353,-1.2004,-1.683,24.6381,0.3649,90.5932
1740983651.575,4.269,1.694,2.486,2.674,-0.4352,-1.2005,-1.683,24.6018,0.3521,90.5988
1740983651.655,4.268,1.692,2.485,2.675,-0.4354,-1.2004,-1.6833,24.6135,0.3749,90.6004
1740983651.734,4.27,1.692,2.488,2.675,-0.4351,-1.2005,-1.6842,24.7795,0.3335,90.6086
1740983651.814,4.269,1.693,2.489,2.673,-0.434,-1.2004,-1.6879,25.0853,0.3938,90.6619
1740983651.894,4.27,1.693,2.495,2.671,-0.4314,-1.2002,-1.6957,25.9753,0.3481,90.5922
1740983651.973,4.27,1.694,2.501,2.668,-0.4279,-1.2003,-1.7059,27.2157,0.2198,90.5984
1740983652.053,4.261,1.701,2.496,2.66,-0.423,-1.1998,-1.7176,28.5971,0.0066,90.6341
1740983652.133,4.244,1.708,2.48,2.652,-0.4182,-1.1998,-1.7294,29.936,-0.018,90.5598
1740983652.212,4.226,1.708,2.462,2.652,-0.4145,-1.2002,-1.7385,30.8164,-0.044,90.5964
1740983652.292,4.216,1.721,2.451,2.639,-0.4123,-1.1999,-1.7424,30.9299,-0.0613,90.5723
1740983652.371,4.216,1.734,2.451,2.626,-0.4123,-1.1998,-1.7422,30.955,0.0042,90.5967
1740983652.451,4.214,1.74,2.449,2.62,-0.4126,-1.1998,-1.7421,30.9631,0.0298,90.582
1740983652.531,4.213,1.74,2.448,2.62,-0.4124,-1.1998,-1.742,30.9685,0.0516,90.5897
1740983652.611,4.215,1.74,2.45,2.62,-0.4126,-1.1998,-1.7422,30.9822,0.0525,90.5511
1740983652.69,4.214,1.74,2.449,2.62,-0.4122,-1.1998,-1.7427,31.0456,0.0609,90.5984
1740983652.77,4.214,1.741,2.449,2.619,-0.4097,-1.1997,-1.7472,30.9567,0.0559,90.547
1740983652.849,4.216,1.741,2.451,2.619,-0.404,-1.1997,-1.7574,30.9716,0.0891,90.5598
1740983652.929,4.214,1.747,2.45,2.613,-0.3963,-1.1987,-1.7709,30.8555,0.2491,90.4762
1740983653.009,4.212,1.747,2.448,2.613,-0.3885,-1.1993,-1.7859,30.7461,0.4511,90.466
1740983653.092,4.211,1.763,2.447,2.597,-0.3804,-1.1992,-1.7998,30.7286,0.3926,90.4783
1740983654.98,4.206,2.058,2.442,2.302,-0.2428,-1.1936,-2.0413,30.3273,0.1585,90.7419
1740983655.059,4.206,2.07,2.442,2.29,-0.2375,-1.1943,-2.0508,30.3218,0.1601,90.6981
1740983655.139,4.207,2.081,2.443,2.279,-0.2325,-1.1953,-2.0608,30.31,0.3161,90.6592
1740983655.219,4.205,2.096,2.441,2.264,-0.2271,-1.1932,-2.0701,30.3098,0.3332,90.6869
1740983655.298,4.204,2.096,2.44,2.264,-0.221,-1.1938,-2.0805,30.3275,0.2599,90.7074
1740983655.378,4.2,2.11,2.436,2.25,-0.2152,-1.1939,-2.0908,30.375,0.2071,90.763
1740983655.46,4.2,2.125,2.436,2.235,-0.2094,-1.194,-2.1009,30.3959,0.24,90.7608
1740983655.537,4.191,2.14,2.427,2.22,-0.2044,-1.1931,-2.1099,30.3945,0.1915,90.7941
1740983655.617,4.185,2.156,2.421,2.204,-0.1992,-1.1936,-2.1192,30.3699,0.1179,90.8535
1740983655.697,4.178,2.156,2.414,2.204,-0.1939,-1.1933,-2.1284,30.4677,0.166,90.8451
1740983655.776,4.179,2.169,2.415,2.191,-0.189,-1.1912,-2.1375,30.3979,0.2506,90.766
1740983655.856,4.179,2.181,2.415,2.179,-0.1836,-1.192,-2.1477,30.4026,0.3812,90.6392
1740983655.936,4.178,2.194,2.414,2.166,-0.1778,-1.1924,-2.1582,30.3647,0.3922,90.6097
1740983656.015,4.176,2.211,2.412,2.149,-0.1717,-1.1919,-2.1682,30.2882,0.3085,90.6132
1740983656.095,4.176,2.211,2.412,2.149,-0.1659,-1.1918,-2.1783,30.3153,0.2914,90.5856
1740983656.174,4.175,2.224,2.411,2.136,-0.1597,-1.1919,-2.189,30.41,0.233,90.5139
1740983656.254,4.175,2.239,2.411,2.121,-0.1537,-1.1915,-2.1997,30.4736,0.2379,90.4251
1740983656.334,4.176,2.254,2.412,2.106,-0.148,-1.1914,-2.21,30.4871,0.2931,90.3188
1740983656.413,4.174,2.269,2.41,2.091,-0.1424,-1.1915,-2.2201,30.4953,0.3161,90.2807
1740983656.493,4.173,2.269,2.409,2.091,-0.137,-1.1909,-2.2304,30.4766,0.4312,90.1422
1740983656.573,4.173,2.287,2.409,2.073,-0.1311,-1.1913,-2.2412,30.4862,0.4627,90.0197
1740983656.652,4.171,2.301,2.407,2.059,-0.1244,-1.1909,-2.2506,29.9623,-0.047,90.6169
1740983656.732,4.171,2.315,2.406,2.045,-0.1197,-1.1904,-2.2603,28.9718,0.1388,90.152
1740983656.812,4.176,2.331,2.41,2.03,-0.1156,-1.1899,-2.2717,28.1244,0.5194,89.9037
1740983656.891,4.179,2.331,2.408,2.033,-0.1101,-1.1898,-2.285,26.7861,0.2562,90.1956
1740983656.971,4.179,2.346,2.402,2.022,-0.1043,-1.1902,-2.3005,25.4057,0.1251,90.3683
1740983659.261,4.248,2.472,2.464,1.9,-0.1069,-1.1899,-2.3497,24.4101,0.2529,90.0547
1740983659.34,4.223,2.451,2.445,1.917,-0.1106,-1.19,-2.3441,25.4019,0.2731,90.0368
1740983659.42,4.205,2.433,2.433,1.932,-0.1147,-1.1902,-2.338,26.4817,0.2394,90.0858
1740983659.502,4.194,2.433,2.427,1.929,-0.119,-1.1901,-2.3313,27.7882,0.1473,90.1456
1740983659.579,4.166,2.421,2.401,1.939,-0.1235,-1.1902,-2.325,28.9089,0.0464,90.2026
1740983659.661,4.166,2.402,2.402,1.958,-0.1277,-1.1903,-2.3192,30.0645,-0.0611,90.229
1740983659.741,4.148,2.389,2.383,1.971,-0.1311,-1.1903,-2.3147,31.0855,-0.165,90.237
1740983659.818,4.14,2.381,2.374,1.98,-0.134,-1.1906,-2.3115,31.7782,-0.2181,90.2765
1740983659.898,4.133,2.381,2.366,1.981,-0.135,-1.1904,-2.3103,32.2332,-0.1966,90.2761
1740983659.978,4.131,2.374,2.364,1.988,-0.1352,-1.1905,-2.3102,32.2609,-0.1515,90.2871
1740983660.057,4.131,2.368,2.364,1.994,-0.1352,-1.1906,-2.3103,32.2572,-0.0896,90.2682
1740983660.137,4.132,2.367,2.365,1.995,-0.1352,-1.1905,-2.3103,32.26,-0.0628,90.2608
1740983660.216,4.131,2.369,2.364,1.993,-0.1353,-1.1905,-2.3102,32.2663,-0.0398,90.2497
1740983660.296,4.13,2.369,2.363,1.993,-0.1353,-1.1905,-2.3102,32.261,-0.0382,90.2477
1740983660.376,4.13,2.369,2.363,1.993,-0.1352,-1.1906,-2.3103,32.2661,-0.0316,90.2412
1740983660.455,4.13,2.366,2.363,1.996,-0.1344,-1.1906,-2.3115,32.2953,-0.0346,90.2906
1740983660.537,4.132,2.369,2.365,1.993,-0.13,-1.1904,-2.319,32.2716,0.0551,90.2476
1740983660.617,4.131,2.369,2.364,1.993,-0.1216,-1.1902,-2.3334,32.1741,0.2443,90.2203
1740983660.694,4.131,2.369,2.364,1.993,-0.1101,-1.1901,-2.353,32.2936,0.3396,90.0438
1740983660.774,4.131,2.388,2.364,1.973,-0.0974,-1.1883,-2.3659,31.9942,-0.9045,92.0723
1740983660.854,4.131,2.41,2.365,1.951,-0.0886,-1.1868,-2.3813,31.6431,-0.8042,92.51
1740983660.933,4.136,2.437,2.37,1.924,-0.0752,-1.1874,-2.3991,31.6383,-1.7634,92.4378
1740983661.013,4.137,2.463,2.372,1.898,-0.0619,-1.1874,-2.4167,31.3134,-2.4879,92.1521
1740983661.093,4.146,2.463,2.381,1.898,-0.0528,-1.1874,-2.4332,31.2036,-1.9803,91.7512
1740983661.172,4.147,2.487,2.382,1.873,-0.0453,-1.1876,-2.4495,31.0283,-1.4757,91.4104
1740983661.252,4.147,2.508,2.382,1.853,-0.0387,-1.1888,-2.4671,31.2245,-0.2221,90.5079
1740983661.331,4.148,2.529,2.383,1.831,-0.0352,-1.189,-2.4753,31.0944,0.2741,89.9134
1740983661.411,4.13,2.553,2.365,1.807,-0.0363,-1.1892,-2.4742,31.0899,0.2604,90.059
1740983661.491,4.132,2.553,2.367,1.807,-0.0383,-1.1889,-2.4709,31.1035,0.245,90.0962
1740983661.57,4.132,2.561,2.367,1.799,-0.0396,-1.189,-2.4683,31.0538,0.221,90.1158
1740983661.65,4.132,2.557,2.367,1.803,-0.0397,-1.189,-2.4681,31.0894,0.2092,90.1197
1740983661.73,4.133,2.548,2.368,1.812,-0.0389,-1.1889,-2.4697,30.9945,0.2166,90.1862
1740983661.809,4.131,2.554,2.366,1.806,-0.0341,-1.1883,-2.4776,31.1244,0.0485,90.1098
1740983661.889,4.132,2.554,2.367,1.806,-0.0263,-1.1872,-2.4893,30.9051,-0.2643,89.0456
1740983661.969,4.136,2.559,2.371,1.802,-0.0189,-1.1867,-2.5051,31.3382,0.1539,88.1213
1740983662.05,4.136,2.578,2.371,1.783,-0.0079,-1.1863,-2.525,31.4467,0.1583,88.1613
1740983662.128,4.133,2.599,2.367,1.762,0.0046,-1.1859,-2.5458,31.7708,0.1348,88.1433
1740983662.207,4.131,2.622,2.364,1.74,0.0156,-1.1863,-2.5653,32.1532,0.1239,88.4186
1740983662.287,4.129,2.622,2.36,1.741,0.0178,-1.185,-2.5824,32.7488,2.8928,87.0322
1740983662.367,4.129,2.653,2.362,1.709,0.0227,-1.186,-2.5883,32.1653,2.2014,90.2004
1740983662.446,4.125,2.675,2.358,1.687,0.0311,-1.1854,-2.5954,32.2937,0.7735,92.1734
1740983662.526,4.114,2.678,2.347,1.684,0.0383,-1.1849,-2.6125,32.2262,1.9931,90.8369
1740983662.606,4.124,2.694,2.357,1.668,0.0481,-1.1849,-2.6324,32.3417,2.8075,89.2684
1740983662.686,4.123,2.694,2.356,1.668,0.0647,-1.1875,-2.648,32.2422,0.4326,90.3465
1740983662.765,4.123,2.727,2.358,1.633,0.0779,-1.1857,-2.6603,30.9685,-1.01,91.7691
1740983662.845,4.126,2.748,2.36,1.613,0.0855,-1.1844,-2.6666,31.6144,-2.0277,92.5799
1740983662.924,4.13,2.769,2.362,1.593,0.0904,-1.1838,-2.6738,32.3961,-2.2057,92.401
1740983663.004,4.143,2.769,2.366,1.6,0.0887,-1.1839,-2.679,34.5331,-1.615,92.8
1740983663.084,4.144,2.785,2.362,1.587,0.0857,-1.1838,-2.6818,35.2825,-0.3779,92.7441
1740983663.163,4.144,2.791,2.349,1.59,0.0879,-1.1838,-2.6847,37.0192,-0.8869,92.9686
1740983663.243,4.134,2.793,2.313,1.606,0.0905,-1.1838,-2.689,39.5471,-0.8489,93.0161
1740983665.234,4.269,2.929,2.451,1.468,0.1338,-1.1829,-2.705,39.108,1.4949,88.0058
1740983665.314,4.212,2.877,2.402,1.514,0.1321,-1.1831,-2.702,38.4413,1.5616,88.0342
1740983665.393,4.185,2.877,2.375,1.514,0.1328,-1.183,-2.702,38.4723,1.3197,88.0668
1740983665.473,4.179,2.851,2.37,1.54,0.1329,-1.1832,-2.7024,38.4472,1.304,88.0721
1740983665.553,4.179,2.851,2.37,1.54,0.1328,-1.1831,-2.7023,38.4485,1.2774,88.0835
1740983665.632,4.18,2.85,2.371,1.541,0.1329,-1.1832,-2.7023,38.4463,1.2257,88.0899
1740983665.712,4.178,2.85,2.369,1.541,0.133,-1.1831,-2.7023,38.4406,1.2201,88.0945
1740983665.791,4.179,2.85,2.37,1.541,0.1329,-1.1832,-2.7024,38.4336,1.2128,88.1021
1740983665.871,4.177,2.857,2.368,1.534,0.1329,-1.1831,-2.7023,38.4293,1.197,88.1106
1740983665.951,4.177,2.849,2.369,1.541,0.1328,-1.1832,-2.7025,38.3538,1.2515,88.077
1740983666.03,4.177,2.856,2.371,1.533,0.1332,-1.1831,-2.7025,38.1774,1.213,88.0404
1740983666.11,4.178,2.85,2.372,1.539,0.1333,-1.183,-2.7026,38.1733,1.2251,88.0484
1740983666.19,4.178,2.85,2.372,1.539,0.1332,-1.1831,-2.7025,38.1713,1.2266,88.0607
1740983666.269,4.177,2.85,2.371,1.539,0.1331,-1.1832,-2.7025,38.1732,1.2323,88.068
1740983666.349,4.177,2.855,2.37,1.534,0.1331,-1.1831,-2.7025,38.1821,1.2154,88.0842
1740983666.429,4.174,2.855,2.368,1.534,0.1332,-1.1831,-2.7027,38.1818,1.2083,88.0735
1740983666.508,4.175,2.849,2.368,1.54,0.1333,-1.183,-2.7026,38.1863,1.1985,88.0774
1740983666.588,4.177,2.849,2.371,1.54,0.1333,-1.1831,-2.7026,38.1793,1.2083,88.081
1740983666.667,4.176,2.851,2.37,1.538,0.1333,-1.1831,-2.7026,38.1743,1.2057,88.078
1740983666.747,4.176,2.849,2.37,1.54,0.1332,-1.1831,-2.7026,38.176,1.2087,88.0771
1740983666.827,4.176,2.85,2.37,1.539,0.1332,-1.1832,-2.7026,38.1722,1.2019,88.0762
1740983666.907,4.175,2.849,2.369,1.54,0.1332,-1.1831,-2.7027,38.1723,1.2037,88.0759
1740983666.986,4.176,2.849,2.37,1.54,0.1332,-1.1832,-2.7026,38.1644,1.185,88.0902
1740983667.066,4.176,2.856,2.37,1.533,0.1332,-1.183,-2.7025,38.1626,1.1954,88.0875
1740983667.146,4.176,2.857,2.37,1.532,0.1332,-1.1831,-2.7025,38.1655,1.1997,88.08
1740983667.225,4.177,2.85,2.371,1.539,0.1332,-1.1831,-2.7025,38.154,1.1865,88.0815
1740983667.305,4.176,2.855,2.37,1.534,0.1332,-1.1832,-2.7026,38.1375,1.2003,88.0739
1740983667.384,4.177,2.855,2.373,1.532,0.1333,-1.183,-2.7019,37.9,1.1203,87.9919
1740983667.464,4.177,2.851,2.379,1.532,0.1315,-1.1831,-2.6986,37.2729,1.1625,88.0705
1740983667.544,4.177,2.85,2.384,1.53,0.1306,-1.183,-2.6938,36.7352,0.7017,88.3282
1740983667.623,4.174,2.841,2.382,1.538,0.131,-1.1825,-2.693,36.6375,0.4827,88.3374
1740983667.703,4.17,2.834,2.378,1.545,0.1312,-1.1826,-2.6933,36.6407,0.4423,88.3351
1740983667.783,4.17,2.834,2.378,1.545,0.1312,-1.1827,-2.6934,36.6459,0.4384,88.3213
1740983667.864,4.17,2.835,2.377,1.545,0.1313,-1.1827,-2.6932,36.7818,0.4064,88.375
1740983667.942,4.17,2.841,2.376,1.539,0.131,-1.1827,-2.693,36.8307,0.353,88.4209
1740983668.022,4.172,2.834,2.378,1.546,0.131,-1.1828,-2.693,36.8527,0.3687,88.4063
1740983668.101,4.171,2.84,2.377,1.54,0.131,-1.1828,-2.6931,36.8666,0.3662,88.4069
1740983668.181,4.173,2.84,2.379,1.541,0.1309,-1.1828,-2.6929,36.9244,0.3959,88.3964
1740983668.26,4.173,2.833,2.382,1.545,0.1313,-1.1819,-2.6884,36.4888,-0.6469,88.8853
1740983668.34,4.171,2.833,2.396,1.535,0.1295,-1.1807,-2.6762,34.2454,-1.8374,89.5681
1740983668.42,4.172,2.829,2.408,1.531,0.1228,-1.1802,-2.6585,30.4691,-1.6763,89.8474
1740983668.499,4.175,2.811,2.41,1.549,0.1143,-1.1809,-2.6393,28.9478,-1.486,90.4486
1740983668.579,4.185,2.811,2.421,1.549,0.0963,-1.1827,-2.6242,30.7838,0.1215,93.2261
1740983668.659,4.185,2.787,2.42,1.574,0.0992,-1.1823,-2.6169,31.1167,-1.7179,92.6788
1740983668.74,4.19,2.749,2.426,1.611,0.1047,-1.1832,-2.6217,30.8782,-2.1894,92.3942
1740983668.818,4.173,2.745,2.409,1.615,0.1048,-1.1836,-2.6246,30.8831,-1.6923,92.5392
1740983668.898,4.186,2.745,2.422,1.615,0.1064,-1.1837,-2.6263,30.7959,-1.9397,92.4702
1740983668.977,4.181,2.754,2.417,1.606,0.1064,-1.1836,-2.6262,30.8146,-1.905,92.4867
1740983669.057,4.181,2.759,2.417,1.601,0.1061,-1.1836,-2.6262,30.8086,-1.8179,92.5157
1740983669.137,4.185,2.758,2.421,1.602,0.1064,-1.1836,-2.6264,30.6589,-1.8911,92.4739
1740983669.216,4.185,2.757,2.421,1.603,0.1067,-1.1835,-2.6263,30.6528,-1.9312,92.4774
1740983669.296,4.182,2.757,2.418,1.603,0.1066,-1.1836,-2.6264,30.6579,-1.9309,92.5
1740983669.375,4.182,2.758,2.418,1.602,0.1065,-1.1837,-2.6265,30.7487,-1.9004,92.5107
1740983669.457,4.182,2.758,2.418,1.602,0.106,-1.1839,-2.6267,30.723,-1.7089,92.561
1740983669.535,4.184,2.754,2.42,1.606,0.1063,-1.1838,-2.6283,30.7103,-1.5203,92.6318
1740983669.614,4.182,2.755,2.416,1.606,0.1061,-1.1835,-2.6319,31.5452,-0.9617,92.7088
1740983669.694,4.181,2.755,2.414,1.607,0.1063,-1.1832,-2.6338,32.2627,-0.8828,92.7622
1740983669.774,4.173,2.761,2.401,1.604,0.1063,-1.1833,-2.6362,33.4691,-0.6521,92.7852
1740983669.853,4.173,2.757,2.382,1.621,0.1097,-1.1835,-2.6398,36.4673,-0.8632,92.8676
1740983672.621,4.293,2.964,2.485,1.426,0.2262,-1.183,-2.7325,38.204,0.6983,90.0177
1740983672.701,4.262,2.932,2.457,1.456,0.2252,-1.1832,-2.7308,37.9686,0.6368,90.1934
1740983672.78,4.244,2.932,2.44,1.456,0.2248,-1.1833,-2.7298,37.8839,0.5998,90.1916
1740983672.86,4.243,2.92,2.439,1.468,0.2246,-1.1831,-2.7293,37.8774,0.5103,90.224
1740983672.94,4.243,2.917,2.439,1.471,0.2246,-1.1831,-2.7295,37.8961,0.4997,90.2235
1740983673.019,4.24,2.917,2.436,1.471,0.2247,-1.1831,-2.7294,37.8988,0.4739,90.2294
1740983673.099,4.243,2.918,2.439,1.47,0.2246,-1.1832,-2.7295,37.9,0.4597,90.2284
1740983673.178,4.241,2.918,2.437,1.47,0.2246,-1.1832,-2.7294,37.9057,0.4445,90.2367
1740983673.258,4.244,2.918,2.44,1.47,0.2246,-1.1832,-2.7295,37.9026,0.4454,90.2293
1740983673.338,4.244,2.916,2.44,1.472,0.2246,-1.1832,-2.7295,37.8979,0.4323,90.2368
1740983673.417,4.241,2.923,2.436,1.465,0.2247,-1.1831,-2.7295,37.9421,0.4027,90.2384
1740983673.497,4.24,2.922,2.434,1.467,0.2251,-1.1832,-2.73,38.1009,0.2998,90.1911
1740983673.577,4.24,2.922,2.433,1.468,0.2253,-1.183,-2.7301,38.1629,0.1842,90.1953
1740983673.656,4.24,2.919,2.435,1.469,0.2247,-1.183,-2.7293,38.0057,0.3311,90.2464
1740983673.736,4.246,2.924,2.446,1.461,0.2238,-1.1829,-2.7272,37.4996,0.275,90.0743
1740983673.816,4.247,2.923,2.448,1.461,0.2233,-1.1827,-2.7252,37.3297,0.0136,89.9585
1740983673.897,4.238,2.918,2.44,1.465,0.2231,-1.1825,-2.7242,37.2726,-0.0612,89.9601
1740983673.975,4.243,2.918,2.445,1.466,0.2229,-1.1823,-2.7243,37.2879,-0.0342,89.9006
1740983674.055,4.243,2.909,2.445,1.474,0.2231,-1.1824,-2.7243,37.2838,-0.0418,89.8987
1740983674.134,4.24,2.909,2.442,1.474,0.223,-1.1825,-2.7243,37.28,-0.0328,89.8951
1740983674.214,4.241,2.91,2.443,1.473,0.2229,-1.1824,-2.724,37.2341,-0.0725,89.8669
1740983674.294,4.241,2.91,2.441,1.475,0.2213,-1.182,-2.7225,37.4579,-0.0794,89.2383
1740983674.373,4.237,2.914,2.442,1.467,0.2163,-1.1814,-2.7146,36.922,-0.0625,89.0033
1740983674.453,4.237,2.915,2.448,1.462,0.2093,-1.1808,-2.7045,36.1961,0.1117,88.6227
1740983674.533,4.243,2.905,2.457,1.47,0.2036,-1.1812,-2.6955,35.8017,0.0024,88.7268
1740983674.612,4.234,2.879,2.449,1.495,0.2013,-1.1817,-2.6914,35.6725,-0.1163,88.8652
1740983674.692,4.226,2.879,2.44,1.496,0.2014,-1.1817,-2.6925,35.7965,0.0956,88.5438
1740983674.771,4.227,2.871,2.441,1.504,0.2017,-1.1816,-2.693,35.8038,0.125,88.5168
1740983674.851,4.227,2.865,2.442,1.51,0.2019,-1.1817,-2.693,35.7749,0.1017,88.5442
1740983674.931,4.228,2.867,2.442,1.508,0.2019,-1.1817,-2.6929,35.7826,0.1197,88.5426
1740983675.01,4.227,2.871,2.442,1.503,0.2017,-1.1817,-2.6928,35.7084,0.1455,88.5409
1740983675.09,4.227,2.871,2.442,1.503,0.2017,-1.1818,-2.6931,35.7398,0.1377,88.5271
1740983675.169,4.227,2.872,2.442,1.502,0.2018,-1.1817,-2.6929,35.7408,0.1405,88.5307
1740983675.251,4.227,2.866,2.442,1.508,0.2017,-1.1817,-2.6927,35.7353,0.1393,88.5271
1740983675.329,4.227,2.87,2.441,1.505,0.2016,-1.1817,-2.6929,35.883,0.1221,88.49
1740983675.409,4.227,2.865,2.441,1.51,0.2018,-1.1818,-2.6931,35.8238,0.1039,88.5058
1740983675.488,4.227,2.865,2.441,1.51,0.2019,-1.1817,-2.6929,35.8353,0.1142,88.5134
1740983675.568,4.226,2.866,2.44,1.509,0.2018,-1.1817,-2.6931,35.843,0.1313,88.5074
1740983675.647,4.226,2.871,2.44,1.504,0.2018,-1.1817,-2.693,35.8412,0.128,88.5236
1740983675.727,4.228,2.866,2.442,1.509,0.2017,-1.1817,-2.693,35.8607,0.1678,88.4798
1740983675.807,4.226,2.871,2.44,1.504,0.2016,-1.1818,-2.6924,35.7883,0.0583,88.6278
1740983675.886,4.226,2.871,2.44,1.504,0.2017,-1.1817,-2.6925,35.8049,0.0755,88.6196
1740983675.966,4.227,2.869,2.441,1.506,0.2017,-1.1817,-2.6925,35.8139,0.0908,88.6064
1740983676.046,4.227,2.87,2.441,1.505,0.2016,-1.1816,-2.6924,35.8254,0.1137,88.599
1740983676.125,4.226,2.865,2.44,1.51,0.2017,-1.1816,-2.6925,35.8278,0.1041,88.5926
1740983676.205,4.228,2.865,2.442,1.51,0.2017,-1.1817,-2.6927,35.862,0.1478,88.572
1740983676.285,4.227,2.865,2.441,1.51,0.2055,-1.1815,-2.6969,35.8076,-0.0816,88.8524
1740983676.364,4.229,2.867,2.442,1.508,0.2117,-1.1814,-2.7074,35.9516,0.1441,88.7508
1740983676.444,4.229,2.867,2.44,1.51,0.2231,-1.1822,-2.7211,36.2678,-0.4257,90.2108
1740983676.524,4.228,2.884,2.438,1.494,0.2332,-1.1828,-2.7399,36.3992,0.6668,90.4092
1740983676.603,4.231,2.911,2.444,1.465,0.2465,-1.1826,-2.758,36.0121,0.5257,90.4954
1740983676.683,4.231,2.911,2.445,1.464,0.2579,-1.1824,-2.7731,35.8152,0.454,90.472
1740983676.763,4.233,2.931,2.448,1.444,0.2669,-1.1826,-2.7859,35.7239,0.3706,90.4986
1740983676.842,4.233,2.962,2.449,1.412,0.275,-1.1823,-2.7976,35.5066,0.4365,90.5027
1740983676.925,4.236,2.98,2.454,1.393,0.2838,-1.1815,-2.8104,35.3109,0.5216,90.46
1740983677.001,4.234,2.998,2.453,1.374,0.2926,-1.181,-2.8228,35.0726,0.4601,90.5639
1740983677.081,4.238,2.998,2.462,1.371,0.3047,-1.1793,-2.8301,34.3948,-1.6666,92.2108
1740983677.161,4.237,3.015,2.461,1.353,0.3127,-1.1783,-2.8396,34.291,-1.9447,92.9141
1740983677.24,4.237,3.027,2.463,1.34,0.3147,-1.1777,-2.8542,33.8536,0.4975,92.8189
1740983677.44,4.235,3.059,2.461,1.308,0.3416,-1.1787,-2.9025,33.8605,1.5058,89.845
1740983677.519,4.228,3.09,2.453,1.278,0.3559,-1.18,-2.9165,34.054,0.2224,90.7966
1740983677.599,4.229,3.118,2.455,1.249,0.3663,-1.1802,-2.9344,33.8746,0.6213,90.337
1740983677.678,4.24,3.118,2.471,1.246,0.376,-1.178,-2.9458,32.8267,-0.0602,89.8652
1740983677.758,4.237,3.142,2.467,1.223,0.3816,-1.1769,-2.9561,33.0706,0.2623,88.5315
1740983677.838,4.237,3.158,2.466,1.207,0.3876,-1.1767,-2.9655,33.2605,0.1084,88.5413
1740983677.917,4.241,3.175,2.468,1.192,0.3955,-1.1757,-2.9808,33.8223,0.5855,87.9848
1740983677.997,4.242,3.196,2.469,1.171,0.405,-1.1761,-2.9994,33.7029,1.2484,88.2148
1740983678.077,4.24,3.196,2.468,1.17,0.4171,-1.1768,-3.0156,33.4369,0.608,89.498
1740983678.156,4.238,3.217,2.47,1.146,0.429,-1.1778,-3.0259,32.6238,-1.0786,92.933
1740983678.236,4.238,3.241,2.47,1.122,0.4388,-1.1763,-3.033,32.5291,-2.4418,92.7993
1740983678.316,4.242,3.257,2.474,1.106,0.441,-1.1746,-3.0399,32.4583,-1.6803,93.1779
1740983678.395,4.26,3.271,2.492,1.092,0.4427,-1.1737,-3.0507,32.4185,-0.0781,93.4711
1740983678.475,4.253,3.271,2.487,1.091,0.4485,-1.1739,-3.0663,31.8649,0.9021,93.1288
1740983678.554,4.243,3.283,2.477,1.078,0.4544,-1.1736,-3.0885,31.729,3.2315,90.3436
1740983678.634,4.243,3.3,2.476,1.062,0.4653,-1.1736,-3.1067,31.9891,2.8785,90.2532
1740983678.714,4.239,3.318,2.472,1.044,0.4757,-1.1734,-3.1238,32.1008,2.9558,90.0028
1740983678.793,4.239,3.35,2.472,1.013,0.4853,-1.1731,-3.1384,32.267,2.8102,90.1684
1740983678.873,4.239,3.35,2.475,1.01,0.4946,-1.1722,-3.1495,30.8068,2.413,89.5372
1740983678.953,4.243,3.374,2.478,0.987,0.4977,-1.1703,-3.1557,31.0468,2.6335,88.5552
1740983679.032,4.243,3.39,2.478,0.971,0.501,-1.1696,-3.1614,31.2469,2.4376,88.4127
1740983679.112,4.246,3.404,2.48,0.957,0.5076,-1.1698,-3.1754,31.6281,2.8189,87.9102
1740983679.192,4.239,3.416,2.472,0.947,0.5183,-1.1694,-3.1953,32.2146,3.0167,87.8672
1740983679.271,4.238,3.416,2.471,0.947,0.5266,-1.1688,-3.2129,32.3272,3.3099,89.4422
1740983679.351,4.238,3.44,2.473,0.921,0.5388,-1.1696,-3.2311,31.3962,3.2247,89.1473
1740983679.43,4.238,3.461,2.472,0.9,0.5487,-1.1707,-3.2479,31.6212,3.0689,89.292
1740983679.512,4.25,3.488,2.485,0.873,0.5565,-1.1703,-3.2611,31.4842,3.0959,89.2794
1740983679.59,4.248,3.514,2.483,0.847,0.5636,-1.1702,-3.2731,31.3322,3.0417,89.32
1740983679.669,4.25,3.514,2.485,0.847,0.5715,-1.1693,-3.2862,31.1876,3.0224,89.3715
1740983679.749,4.25,3.532,2.485,0.829,0.5803,-1.1697,-3.3017,31.0625,3.0295,89.3993
1740983679.829,4.253,3.547,2.489,0.813,0.5893,-1.1688,-3.3176,30.8575,3.0831,89.3794
1740983679.908,4.259,3.571,2.495,0.789,0.5986,-1.1681,-3.334,30.7136,3.1085,89.4707
1740983679.988,4.258,3.571,2.494,0.789,0.6076,-1.1678,-3.35,30.6861,3.0592,89.531
1740983680.068,4.259,3.594,2.495,0.766,0.616,-1.1674,-3.3647,30.7066,3.0383,89.4848
1740983680.147,4.259,3.615,2.495,0.745,0.6236,-1.1677,-3.3782,30.6703,2.9958,89.4928
1740983680.227,4.26,3.638,2.496,0.722,0.6312,-1.1665,-3.3887,30.3017,2.4086,90.0691
1740983680.308,4.262,3.658,2.498,0.702,0.6373,-1.1661,-3.3968,30.4365,2.058,90.4016
1740983680.386,4.249,3.658,2.485,0.702,0.6423,-1.1664,-3.4095,30.0266,2.8055,89.824
1740983680.466,4.238,3.673,2.474,0.687,0.6508,-1.1662,-3.4268,30.2601,3.0827,89.4848
1740983680.545,4.238,3.686,2.474,0.674,0.6596,-1.1659,-3.4445,30.6562,3.4004,89.3766
1740983680.625,4.258,3.712,2.492,0.65,0.6685,-1.1641,-3.4554,31.8209,2.1558,90.3354
1740983680.705,4.247,3.734,2.474,0.634,0.6735,-1.1644,-3.4577,33.6987,0.3297,92.7626
1740983680.785,4.229,3.734,2.454,0.636,0.6779,-1.1646,-3.4651,34.2075,0.3493,93.1446
1740983680.864,4.228,3.748,2.45,0.624,0.6875,-1.1646,-3.4787,34.629,-0.1301,93.1603
1740983680.944,4.228,3.759,2.425,0.636,0.6986,-1.1668,-3.5005,37.7931,-0.0021,90.9379
1740983681.025,4.23,3.778,2.412,0.63,0.7088,-1.1669,-3.5189,39.1891,0.3582,90.2286
1740983681.103,4.251,3.831,2.429,0.581,0.723,-1.1667,-3.5367,39.4481,0.3032,90.4074
1740983681.262,4.27,3.868,2.452,0.541,0.7506,-1.1631,-3.5728,39.1583,0.7464,87.9862
1740983681.342,4.27,3.907,2.448,0.506,0.7622,-1.1625,-3.5864,39.4456,0.5021,87.9566
1740983681.423,4.271,3.928,2.445,0.489,0.7738,-1.1626,-3.6012,39.7627,0.4415,88.1009
1740983681.501,4.272,3.956,2.444,0.463,0.783,-1.1641,-3.6122,39.9154,0.2514,90.6607
1740983681.583,4.281,3.956,2.453,0.463,0.7932,-1.165,-3.625,39.9386,0.3572,90.7413
1740983681.662,4.281,3.977,2.452,0.443,0.8033,-1.1638,-3.6388,39.9961,0.5262,90.7116
1740983683.791,4.274,4.08,2.499,0.291,0.8747,-1.1609,-3.7134,34.1632,0.8576,90.526
1740983683.871,4.275,4.08,2.5,0.291,0.8749,-1.161,-3.7137,34.163,0.8336,90.5159
1740983683.95,4.275,4.077,2.5,0.294,0.875,-1.161,-3.7137,34.1712,0.8391,90.5046
1740983684.03,4.275,4.079,2.5,0.292,0.8749,-1.1611,-3.7136,34.1785,0.8327,90.5228
1740983684.11,4.268,4.078,2.493,0.293,0.8749,-1.1609,-3.7135,34.1759,0.8238,90.5366
1740983684.189,4.274,4.079,2.499,0.292,0.875,-1.1609,-3.7135,34.1818,0.8253,90.532
1740983684.269,4.272,4.079,2.497,0.292,0.8735,-1.1608,-3.7111,34.185,0.8039,90.5289
1740983684.349,4.274,4.078,2.499,0.292,0.8696,-1.161,-3.7049,34.0604,0.7609,90.5761
1740983684.428,4.274,4.077,2.499,0.293,0.8639,-1.1618,-3.696,34.0568,0.7338,90.6527
1740983684.508,4.274,4.066,2.5,0.303,0.8572,-1.1618,-3.6854,33.8911,0.7079,90.6331
1740983684.587,4.275,4.055,2.501,0.315,0.8504,-1.1618,-3.6748,33.9443,0.6688,90.7067
1740983684.667,4.274,4.055,2.5,0.314,0.8439,-1.1617,-3.6647,33.9227,0.714,90.7388
1740983684.747,4.274,4.037,2.5,0.332,0.8387,-1.1622,-3.6567,33.86,0.7007,90.7412
1740983684.826,4.268,4.022,2.494,0.347,0.8339,-1.1626,-3.6496,33.8352,0.7098,90.705
1740983684.906,4.269,4.008,2.496,0.361,0.8291,-1.1624,-3.6421,33.8163,0.7468,90.6714
1740983684.986,4.268,4.0,2.495,0.369,0.8243,-1.1623,-3.6345,33.8026,0.7552,90.6632
1740983685.065,4.268,4.0,2.495,0.369,0.8209,-1.1624,-3.6295,33.7943,0.7903,90.6794
1740983685.145,4.268,3.986,2.495,0.383,0.8207,-1.1627,-3.6291,33.8073,0.7698,90.6449
1740983685.225,4.266,3.979,2.493,0.39,0.8209,-1.1628,-3.6296,33.8134,0.8047,90.6137
1740983685.304,4.27,3.976,2.497,0.393,0.8215,-1.1627,-3.6305,33.7585,0.8486,90.6145
1740983685.384,4.269,3.976,2.495,0.393,0.8255,-1.1626,-3.6365,33.8728,0.7265,90.7527
1740983685.464,4.27,3.98,2.496,0.389,0.8349,-1.1621,-3.6511,33.9367,0.687,90.7452
1740983685.543,4.27,3.983,2.496,0.386,0.8475,-1.1621,-3.6706,33.9009,0.7187,90.6788
1740983685.623,4.268,4.002,2.494,0.367,0.861,-1.1616,-3.6915,33.9242,0.7132,90.6548
1740983685.702,4.272,4.031,2.498,0.339,0.8736,-1.1609,-3.7114,33.9649,0.8659,90.5689
1740983685.782,4.274,4.031,2.5,0.338,0.8823,-1.1609,-3.7248,33.921,0.8765,90.566
1740983685.862,4.276,4.06,2.502,0.31,0.8837,-1.1611,-3.7269,33.9612,0.8984,90.5957
1740983685.941,4.276,4.087,2.502,0.283,0.8815,-1.1608,-3.7235,33.9559,0.8548,90.6427
1740983686.021,4.27,4.095,2.496,0.275,0.8786,-1.1606,-3.7191,33.9973,0.8379,90.673
1740983686.101,4.271,4.088,2.497,0.282,0.8764,-1.1606,-3.7157,33.9756,0.8153,90.6236
1740983686.18,4.274,4.088,2.5,0.282,0.8711,-1.1611,-3.7072,33.9596,0.7538,90.7084
1740983686.26,4.271,4.082,2.498,0.287,0.8622,-1.1619,-3.6937,33.8106,0.7877,90.6504
1740983686.34,4.271,4.077,2.498,0.291,0.8508,-1.162,-3.675,33.6624,0.6175,90.7685
1740983686.419,4.271,4.055,2.499,0.313,0.84,-1.1621,-3.6584,33.614,0.6746,90.8581
1740983686.499,4.274,4.027,2.502,0.341,0.8364,-1.1614,-3.6525,33.5983,0.6619,90.8617
1740983686.579,4.272,4.027,2.499,0.341,0.8374,-1.1613,-3.6542,33.6173,0.6613,90.8032
1740983686.658,4.269,4.006,2.496,0.362,0.8398,-1.1619,-3.6578,33.6397,0.6587,90.7336
1740983686.738,4.269,4.006,2.496,0.362,0.8415,-1.162,-3.6607,33.6416,0.6955,90.7021
1740983686.817,4.267,4.012,2.494,0.356,0.8426,-1.1621,-3.6622,33.6334,0.6956,90.699
1740983686.897,4.27,4.016,2.497,0.352,0.8426,-1.1621,-3.6622,33.642,0.6929,90.7267
1740983686.977,4.272,4.016,2.499,0.352,0.8424,-1.162,-3.6622,33.6501,0.6934,90.738
1740983687.056,4.269,4.019,2.496,0.349,0.8425,-1.1621,-3.6622,33.6554,0.6845,90.7588
1740983687.136,4.269,4.018,2.496,0.35,0.8423,-1.162,-3.6621,33.6475,0.6891,90.7519
1740983687.216,4.272,4.018,2.499,0.35,0.8425,-1.1621,-3.6623,33.6468,0.6834,90.7563
1740983687.295,4.273,4.019,2.5,0.349,0.8425,-1.162,-3.6622,33.6516,0.6917,90.7635
1740983687.375,4.273,4.019,2.5,0.349,0.8426,-1.1621,-3.6624,33.654,0.6895,90.7689
1740983687.455,4.272,4.019,2.499,0.349,0.8426,-1.1621,-3.6623,33.6577,0.6825,90.7856
1740983687.534,4.272,4.018,2.499,0.35,0.8425,-1.1621,-3.6623,33.6627,0.6885,90.7874
1740983687.614,4.273,4.017,2.5,0.351,0.8425,-1.1621,-3.6623,33.6581,0.6878,90.7848
1740983687.694,4.274,4.018,2.501,0.35,0.8424,-1.1621,-3.6624,33.6534,0.6921,90.7859
1740983687.773,4.272,4.018,2.499,0.35,0.8425,-1.1622,-3.6623,33.6555,0.6915,90.792
1740983687.853,4.272,4.02,2.499,0.348,0.8425,-1.1621,-3.6625,33.6637,0.6962,90.7844
1740983687.933,4.272,4.019,2.499,0.349,0.8425,-1.1621,-3.6625,33.6727,0.6991,90.7811
1740983688.012,4.27,4.018,2.497,0.35,0.8427,-1.1622,-3.6627,33.6633,0.6983,90.7863
1740983688.092,4.271,4.018,2.498,0.35,0.8425,-1.1622,-3.6626,33.6614,0.7002,90.7919
1740983688.171,4.273,4.018,2.5,0.35,0.8425,-1.1621,-3.6624,33.6671,0.6948,90.8048
1740983688.251,4.27,4.018,2.497,0.35,0.8426,-1.1622,-3.6626,33.6655,0.6921,90.7987
1740983688.331,4.27,4.019,2.497,0.349,0.8426,-1.1621,-3.6628,33.67,0.6913,90.7956
1740983688.411,4.269,4.019,2.496,0.349,0.8426,-1.1621,-3.6625,33.6669,0.685,90.8013
1740983688.49,4.268,4.019,2.495,0.349,0.8426,-1.1622,-3.6627,33.6665,0.6802,90.7971
1740983688.57,4.273,4.019,2.5,0.349,0.8426,-1.1622,-3.6628,33.6691,0.6903,90.7863
1740983688.649,4.267,4.018,2.494,0.35,0.8426,-1.1622,-3.6626,33.666,0.6819,90.7981
1740983688.729,4.267,4.018,2.494,0.35,0.8424,-1.1621,-3.6627,33.6669,0.6939,90.7905
1740983688.809,4.272,4.019,2.499,0.349,0.8425,-1.1624,-3.6627,33.654,0.6749,90.8035
1740983688.888,4.271,4.019,2.498,0.349,0.8426,-1.1622,-3.6629,33.6474,0.6725,90.8021
1740983688.968,4.274,4.019,2.501,0.349,0.8426,-1.1622,-3.6627,33.652,0.6699,90.8106
1740983689.048,4.275,4.019,2.502,0.349,0.8426,-1.1623,-3.6628,33.6508,0.6652,90.8131
1740983689.127,4.275,4.02,2.502,0.348,0.8426,-1.1623,-3.6628,33.6511,0.6663,90.8181
1740983689.207,4.27,4.018,2.497,0.35,0.8426,-1.1623,-3.6628,33.6478,0.6544,90.8188
1740983710.97,4.542,4.078,2.772,0.287,1.1143,-1.1566,-3.5729,32.923,0.7395,90.9128
1740983711.049,4.542,4.078,2.772,0.287,1.1143,-1.1566,-3.5729,32.9208,0.7307,90.9202
1740983711.129,4.543,4.077,2.773,0.288,1.1145,-1.1565,-3.5729,32.9227,0.7437,90.9123
1740983711.208,4.543,4.078,2.773,0.287,1.1145,-1.1567,-3.573,32.9231,0.758,90.8998
1740983711.288,4.55,4.079,2.78,0.286,1.1144,-1.1566,-3.5729,32.9287,0.7672,90.8983
1740983711.368,4.54,4.078,2.77,0.287,1.1144,-1.1566,-3.5729,32.9226,0.7632,90.8967
1740983711.447,4.55,4.078,2.78,0.287,1.1144,-1.1566,-3.5728,32.9139,0.7551,90.9046
1740983711.527,4.548,4.079,2.778,0.286,1.1143,-1.1567,-3.573,32.92,0.7609,90.8966
1740983711.607,4.548,4.079,2.778,0.286,1.1143,-1.1566,-3.5728,32.9245,0.7557,90.9046
1740983711.686,4.541,4.077,2.771,0.288,1.1143,-1.1566,-3.5728,32.922,0.749,90.9079
1740983711.766,4.55,4.079,2.78,0.286,1.1143,-1.1566,-3.573,32.9228,0.7481,90.9016
1740983711.846,4.542,4.079,2.772,0.286,1.1143,-1.1565,-3.5726,32.9218,0.7441,90.911
1740983711.925,4.539,4.079,2.769,0.286,1.1143,-1.1566,-3.5728,32.928,0.7459,90.9023
1740983712.005,4.539,4.079,2.769,0.286,1.1144,-1.1566,-3.5728,32.9244,0.7529,90.892
1740983712.084,4.542,4.078,2.772,0.287,1.1144,-1.1566,-3.5729,32.9242,0.7485,90.8957
1740983712.164,4.548,4.08,2.778,0.285,1.1143,-1.1565,-3.5727,32.9227,0.7395,90.9071
1740983712.244,4.543,4.08,2.773,0.285,1.1143,-1.1566,-3.5728,32.9281,0.7532,90.9006
1740983712.324,4.541,4.079,2.771,0.286,1.1143,-1.1566,-3.5727,32.9229,0.7362,90.9155
1740983712.403,4.541,4.077,2.771,0.288,1.1143,-1.1565,-3.5727,32.9266,0.7473,90.8972
1740983712.483,4.54,4.078,2.77,0.287,1.1143,-1.1565,-3.5727,32.9297,0.751,90.8966
1740983712.562,4.548,4.078,2.778,0.287,1.1142,-1.1567,-3.5728,32.9381,0.7501,90.8941
1740983712.642,4.541,4.078,2.771,0.287,1.1143,-1.1565,-3.5728,32.9304,0.7412,90.8931
1740983712.722,4.548,4.078,2.778,0.287,1.1143,-1.1565,-3.5726,32.9265,0.7348,90.9068
1740983712.801,4.548,4.078,2.778,0.287,1.1143,-1.1565,-3.5726,32.9281,0.7363,90.9058
1740983712.881,4.55,4.079,2.78,0.286,1.1143,-1.1566,-3.5727,32.9278,0.7366,90.9036
1740983712.961,4.55,4.078,2.78,0.287,1.1143,-1.1566,-3.5728,32.9274,0.7331,90.9091
1740983713.04,4.541,4.078,2.771,0.287,1.1142,-1.1565,-3.5727,32.9266,0.74,90.9117
1740983713.12,4.541,4.077,2.771,0.288,1.1144,-1.1565,-3.5726,32.9303,0.7354,90.9107
1740983713.2,4.542,4.077,2.772,0.288,1.1143,-1.1565,-3.5726,32.9317,0.7387,90.9118
1740983713.279,4.541,4.077,2.771,0.288,1.1143,-1.1565,-3.5726,32.9315,0.7435,90.904
1740983713.359,4.551,4.077,2.781,0.288,1.1143,-1.1565,-3.5724,32.9311,0.7349,90.9166
1740983713.439,4.547,4.078,2.777,0.287,1.1142,-1.1565,-3.5725,32.9365,0.7506,90.9043
1740983713.518,4.547,4.078,2.777,0.287,1.1142,-1.1565,-3.5725,32.9316,0.749,90.9037
1740983713.598,4.55,4.076,2.78,0.289,1.1143,-1.1564,-3.5725,32.9302,0.7515,90.9023
1740983713.677,4.539,4.078,2.769,0.287,1.1143,-1.1565,-3.5727,32.9298,0.7652,90.8905
1740983713.757,4.539,4.078,2.769,0.287,1.1142,-1.1565,-3.5725,32.9296,0.7605,90.8933
1740983713.837,4.544,4.078,2.774,0.287,1.1143,-1.1565,-3.5726,32.9309,0.7652,90.8862
1740983713.917,4.544,4.079,2.774,0.286,1.1144,-1.1565,-3.5726,32.9321,0.7671,90.8853
1740983713.996,4.548,4.078,2.778,0.287,1.1143,-1.1565,-3.5726,32.9318,0.7759,90.8808
1740983714.076,4.548,4.078,2.778,0.287,1.1142,-1.1565,-3.5725,32.9357,0.7796,90.8789
1740983714.156,4.548,4.078,2.778,0.287,1.1144,-1.1567,-3.5728,32.9365,0.7831,90.8711
1740983714.235,4.548,4.078,2.778,0.287,1.1143,-1.1566,-3.5727,32.9393,0.7722,90.8828
1740983714.315,4.548,4.078,2.778,0.287,1.1143,-1.1566,-3.5727,32.9358,0.7676,90.8907
1740983714.394,4.544,4.077,2.774,0.288,1.1143,-1.1566,-3.5727,32.9427,0.7665,90.8878
1740983714.474,4.548,4.078,2.778,0.287,1.1142,-1.1565,-3.5726,32.9405,0.7634,90.901
1740983714.554,4.548,4.078,2.778,0.287,1.1141,-1.1566,-3.5725,32.9385,0.7729,90.8953
1740983714.633,4.542,4.079,2.772,0.286,1.1143,-1.1565,-3.5726,32.935,0.7625,90.8902
1740983714.713,4.542,4.077,2.772,0.288,1.1143,-1.1566,-3.5725,32.9296,0.7632,90.8954
1740983714.792,4.543,4.078,2.773,0.287,1.1142,-1.1565,-3.5726,32.9274,0.7624,90.8974
1740983714.872,4.541,4.077,2.771,0.288,1.1143,-1.1565,-3.5727,32.9316,0.7695,90.8849
1740983714.952,4.548,4.077,2.778,0.288,1.1143,-1.1565,-3.5724,32.9314,0.7675,90.8941
1740983715.032,4.55,4.077,2.78,0.288,1.1142,-1.1565,-3.5725,32.9338,0.7712,90.8923
1740983715.111,4.55,4.079,2.78,0.286,1.1142,-1.1565,-3.5727,32.9328,0.7798,90.8807
1740983715.191,4.547,4.078,2.777,0.287,1.1143,-1.1566,-3.5725,32.9246,0.7793,90.8685
1740983715.272,4.548,4.077,2.778,0.288,1.1126,-1.1565,-3.5698,32.9068,0.7577,90.8914
1740983715.35,4.543,4.077,2.773,0.288,1.1092,-1.1565,-3.564,32.876,0.7759,90.85
1740983715.432,4.547,4.077,2.778,0.288,1.1033,-1.1567,-3.5546,32.7431,0.7952,90.8602
1740983717.56,4.539,3.922,2.772,0.44,1.0235,-1.1587,-3.4242,31.9777,1.3695,88.6625
1740983717.64,4.548,3.922,2.781,0.44,1.0186,-1.158,-3.4144,31.9321,1.2492,88.6544
1740983717.719,4.548,3.914,2.781,0.448,1.014,-1.1576,-3.4068,31.9439,1.2628,88.7397
1740983717.799,4.548,3.899,2.781,0.463,1.0106,-1.1585,-3.4009,32.0393,1.1952,89.0178
1740983717.879,4.549,3.889,2.781,0.474,1.0057,-1.1596,-3.3933,32.4092,1.1394,89.92
1740983717.96,4.55,3.88,2.782,0.483,1.001,-1.1609,-3.3842,32.2603,0.8576,90.7848
1740983718.038,4.55,3.88,2.782,0.483,0.9987,-1.1611,-3.3796,32.3777,0.7335,90.9607
1740983718.237,4.552,3.853,2.784,0.51,0.9963,-1.1607,-3.3759,32.3678,0.7859,90.8618
1740983718.317,4.546,3.851,2.778,0.512,0.9943,-1.1608,-3.373,32.4132,0.7805,90.8408
1740983718.397,4.546,3.85,2.778,0.513,0.9918,-1.1608,-3.3685,32.3969,0.814,90.7976
1740983718.476,4.545,3.847,2.777,0.516,0.9882,-1.161,-3.3629,32.3785,0.8307,90.7583
1740983718.556,4.551,3.841,2.783,0.522,0.9843,-1.1614,-3.3569,32.4132,0.8471,90.7552
1740983718.635,4.544,3.841,2.776,0.522,0.981,-1.1615,-3.3516,32.4067,0.8724,90.6999
1740983718.715,4.544,3.831,2.776,0.532,0.9779,-1.1613,-3.3467,32.4192,0.8483,90.6956
1740983718.795,4.551,3.823,2.783,0.541,0.9755,-1.1616,-3.3428,32.48,0.8333,90.6612
1740983718.874,4.543,3.814,2.775,0.55,0.9735,-1.1619,-3.3394,32.5043,0.8198,90.6524
1740983718.956,4.545,3.814,2.777,0.55,0.9709,-1.1619,-3.3354,32.4991,0.8128,90.6933
1740983719.034,4.542,3.809,2.774,0.554,0.9683,-1.162,-3.3317,32.3045,1.0123,90.6741
1740983719.113,4.542,3.806,2.775,0.556,0.9666,-1.1618,-3.33,32.0502,1.2398,90.6268
1740983719.193,4.544,3.797,2.778,0.565,0.9661,-1.1618,-3.3293,31.8968,1.2404,90.6849
1740983719.272,4.54,3.795,2.774,0.567,0.964,-1.1617,-3.3281,31.8068,1.6349,90.5634
1740983719.352,4.548,3.795,2.782,0.567,0.9585,-1.1609,-3.3243,31.7201,2.6087,90.0923
1740983719.432,4.538,3.793,2.772,0.568,0.9496,-1.1606,-3.3139,31.6024,3.3818,89.9458
1740983719.511,4.538,3.791,2.772,0.57,0.9393,-1.1612,-3.2991,31.4889,3.64,89.7757
1740983719.591,4.539,3.773,2.771,0.59,0.9284,-1.1605,-3.2869,32.2799,4.6114,88.2268
1740983719.671,4.558,3.751,2.79,0.612,0.9232,-1.1604,-3.2756,32.4573,3.9293,87.7118
1740983719.75,4.567,3.751,2.8,0.612,0.9214,-1.1604,-3.2653,32.195,2.6816,87.5146
1740983719.83,4.501,3.733,2.733,0.63,0.918,-1.162,-3.2524,32.3571,1.3448,88.2823
1740983719.91,4.501,3.725,2.732,0.639,0.9086,-1.1648,-3.2345,32.7442,0.8006,90.9315
1740983719.989,4.534,3.711,2.764,0.654,0.9008,-1.1653,-3.223,32.897,0.892,90.7924
1740983720.069,4.546,3.681,2.776,0.684,0.8949,-1.1648,-3.2134,32.9465,0.8723,90.8068
1740983720.149,4.539,3.681,2.769,0.684,0.8898,-1.1653,-3.2054,32.9459,0.8526,90.7706
1740983720.228,4.537,3.667,2.767,0.698,0.8846,-1.1653,-3.1971,32.8736,0.8687,90.677
1740983720.308,4.537,3.652,2.767,0.713,0.879,-1.1652,-3.1878,32.8453,0.8782,90.6323
1740983720.388,4.545,3.637,2.776,0.727,0.8724,-1.1653,-3.1782,32.6003,1.1431,90.4772
1740983720.467,4.546,3.625,2.782,0.735,0.8653,-1.165,-3.1742,30.5364,1.914,90.3144
1740983720.547,4.536,3.625,2.771,0.736,0.861,-1.1651,-3.1718,28.7521,1.9749,90.2401
1740983720.626,4.544,3.612,2.777,0.751,0.8573,-1.1659,-3.1669,27.832,1.8851,90.207
1740983720.706,4.544,3.608,2.772,0.759,0.8517,-1.1663,-3.1595,26.5398,2.114,90.2412
1740983720.786,4.55,3.608,2.77,0.764,0.8447,-1.1654,-3.1495,25.2365,2.1466,90.162
1740983720.865,4.56,3.601,2.781,0.771,0.8396,-1.166,-3.1337,25.4044,1.2529,90.1517
1740983720.945,4.572,3.601,2.795,0.769,0.8314,-1.167,-3.1143,25.7409,0.9409,90.4958
1740983721.027,4.575,3.597,2.798,0.773,0.824,-1.1672,-3.0981,25.7307,0.9455,90.5851
1740983721.104,4.575,3.566,2.799,0.803,0.8191,-1.1668,-3.0877,25.9325,1.0208,90.5622
1740983721.184,4.578,3.545,2.803,0.824,0.8161,-1.1674,-3.0813,25.9709,1.0234,90.5333
1740983721.264,4.576,3.527,2.801,0.841,0.8139,-1.1677,-3.0769,26.0342,1.0108,90.47
1740983721.343,4.573,3.527,2.8,0.84,0.8113,-1.1677,-3.0718,26.4868,0.9555,90.4681
1740983721.423,4.578,3.524,2.812,0.837,0.8057,-1.168,-3.0652,28.4743,0.8988,90.4202
1740983721.503,4.578,3.516,2.813,0.845,0.7981,-1.1681,-3.0573,31.375,0.8046,90.4079
1740983721.582,4.565,3.496,2.789,0.873,0.789,-1.1682,-3.0487,34.2162,0.8254,90.4843
1740983721.662,4.54,3.468,2.755,0.908,0.7811,-1.1684,-3.0389,35.5658,0.7158,90.5364
1740983721.741,4.543,3.468,2.758,0.908,0.7743,-1.1682,-3.0289,35.4572,0.7831,90.5045
1740983721.821,4.54,3.461,2.757,0.914,0.7681,-1.1685,-3.0193,35.3025,0.7328,90.5211
1740983721.903,4.54,3.445,2.757,0.93,0.7616,-1.169,-3.0099,35.2606,0.7774,90.386
1740983721.98,4.544,3.431,2.762,0.943,0.7558,-1.1694,-3.0009,35.0868,0.7597,90.3359
1740983722.06,4.536,3.421,2.755,0.952,0.7492,-1.1699,-2.9913,34.94,0.7662,90.3167
1740983722.14,4.542,3.421,2.762,0.951,0.7429,-1.17,-2.9814,34.8698,0.781,90.2398
1740983722.219,4.538,3.405,2.761,0.965,0.7377,-1.17,-2.9728,34.3232,0.8211,90.2203
1740983722.299,4.538,3.39,2.764,0.978,0.7337,-1.17,-2.9656,33.8415,0.8406,90.1716
1740983722.381,4.531,3.376,2.76,0.989,0.7294,-1.1701,-2.958,33.1803,1.1014,90.0742
1740983722.458,4.53,3.367,2.762,0.996,0.7258,-1.1698,-2.9487,32.5482,0.5446,90.6635
1740983722.538,4.532,3.367,2.766,0.994,0.719,-1.1699,-2.9392,31.63,1.6019,89.9171
1740983722.617,4.533,3.347,2.769,1.013,0.7149,-1.1706,-2.9267,30.5921,0.7754,90.6688
1740983722.697,4.533,3.332,2.769,1.028,0.7083,-1.1702,-2.9154,29.6702,1.2376,90.4375
1740983722.779,4.537,3.322,2.772,1.039,0.7052,-1.1699,-2.9045,28.7832,0.6028,90.5901
1740983722.857,4.538,3.305,2.771,1.057,0.6987,-1.1707,-2.8921,27.8526,1.1923,90.2677
1740983722.936,4.556,3.305,2.783,1.061,0.6952,-1.1704,-2.8839,26.4315,1.4028,89.9746
1740983723.016,4.556,3.295,2.777,1.076,0.6939,-1.1707,-2.877,25.3898,1.3491,89.9357
1740983723.095,4.556,3.287,2.781,1.081,0.6926,-1.17,-2.8752,25.9553,1.3755,89.1523
1740983723.175,4.583,3.289,2.816,1.073,0.6884,-1.1696,-2.8708,27.8887,1.3169,88.421
1740983723.255,4.578,3.279,2.811,1.083,0.6784,-1.1699,-2.8613,32.1371,1.3461,88.3997
1740983723.334,4.56,3.279,2.766,1.103,0.6656,-1.1709,-2.8486,36.6093,1.0742,88.4696
1740983723.733,4.623,3.256,2.798,1.147,0.6074,-1.1706,-2.7965,39.3014,4.0758,88.7646
1740983723.812,4.596,3.238,2.813,1.135,0.5995,-1.1708,-2.7782,35.1526,3.7221,89.4666
1740983723.892,4.596,3.195,2.821,1.173,0.5894,-1.1715,-2.7607,33.968,3.5191,89.6688
1740983723.972,4.552,3.14,2.779,1.226,0.5786,-1.1726,-2.7428,33.671,3.2485,89.6691
1740983724.051,4.53,3.109,2.757,1.257,0.5673,-1.1728,-2.7259,33.5218,3.3407,89.6044
1740983724.131,4.514,3.109,2.742,1.256,0.5576,-1.1729,-2.7102,33.3843,3.2366,89.6593
1740983724.211,4.513,3.086,2.741,1.279,0.5484,-1.1729,-2.6956,33.3243,3.1114,89.7444
1740983724.29,4.513,3.058,2.742,1.307,0.5404,-1.1739,-2.6806,33.1852,2.7064,89.9099
1740983724.37,4.505,3.042,2.732,1.324,0.5354,-1.1755,-2.6625,33.6583,0.3239,90.6908
1740983724.45,4.505,3.042,2.733,1.323,0.5261,-1.1764,-2.6473,33.4357,0.5627,90.5696
1740983724.531,4.514,3.015,2.741,1.351,0.516,-1.1764,-2.6322,33.5704,0.6048,90.4526
1740983726.779,4.509,2.525,2.73,1.843,0.2468,-1.1822,-2.2176,34.6392,0.541,89.9738
1740983726.859,4.508,2.508,2.733,1.858,0.2372,-1.1824,-2.2016,33.9821,0.5568,90.0682
1740983726.938,4.508,2.508,2.731,1.859,0.2286,-1.1807,-2.1923,34.2836,1.5057,88.6564
1740983727.018,4.496,2.48,2.719,1.887,0.2225,-1.1803,-2.1826,34.2911,1.2332,88.1738
1740983727.099,4.496,2.465,2.721,1.901,0.2151,-1.18,-2.1696,34.0138,1.0384,87.8503
1740983727.177,4.5,2.451,2.723,1.916,0.205,-1.1803,-2.1546,34.4184,0.964,87.7356
1740983727.259,4.503,2.429,2.726,1.938,0.1939,-1.181,-2.137,34.306,0.8939,87.7346
1740983727.337,4.502,2.429,2.727,1.937,0.1815,-1.1821,-2.115,34.0748,0.2107,89.7055
1740983727.416,4.496,2.406,2.723,1.959,0.1686,-1.1827,-2.0971,33.6572,0.6456,89.606
1740983727.496,4.496,2.372,2.727,1.991,0.1564,-1.1823,-2.0829,32.7507,1.5441,89.6258
1740983727.575,4.501,2.347,2.732,2.016,0.1468,-1.1816,-2.0746,32.6648,3.0487,88.7543
1740983727.655,4.49,2.326,2.722,2.036,0.1392,-1.182,-2.0634,32.3997,3.1481,88.9431
1740983727.735,4.483,2.326,2.718,2.035,0.1299,-1.1817,-2.0481,31.4326,3.3176,89.1196
1740983727.814,4.483,2.311,2.719,2.049,0.1204,-1.1817,-2.0285,30.3083,3.0646,89.7733
1740983727.894,4.483,2.291,2.717,2.07,0.1109,-1.1825,-2.0144,31.5665,3.447,89.5235
1740983727.974,4.506,2.264,2.735,2.099,0.1093,-1.1834,-1.9971,33.1355,-0.3054,91.1473
1740983728.053,4.501,2.245,2.722,2.123,0.101,-1.1854,-1.9857,34.6997,0.0655,90.915
1740983728.133,4.5,2.245,2.714,2.126,0.092,-1.1851,-1.9754,35.7154,0.2156,90.5661
1740983728.213,4.5,2.227,2.701,2.15,0.0822,-1.1841,-1.9628,37.1313,0.0444,90.483
1740983728.292,4.5,2.209,2.689,2.174,0.0706,-1.1847,-1.9499,38.2706,0.221,90.5265
1740983728.372,4.506,2.196,2.68,2.194,0.0569,-1.1854,-1.9363,39.4863,0.6101,90.4612
1740983729.487,4.519,2.013,2.722,2.362,-0.0799,-1.1905,-1.7822,36.9479,0.6837,90.6695
1740983729.567,4.494,1.983,2.727,2.378,-0.0827,-1.189,-1.7655,32.0874,-0.8532,91.5247
1740983729.646,4.461,1.946,2.687,2.418,-0.0819,-1.1881,-1.7469,26.2426,-2.0751,92.0405
1740983731.161,4.744,1.723,2.976,2.639,-0.1627,-1.1939,-1.4682,27.5661,0.8576,90.6283
1740983731.241,4.652,1.723,2.887,2.637,-0.1746,-1.1941,-1.4563,31.1706,1.6245,88.6419
1740983731.321,4.581,1.665,2.817,2.695,-0.178,-1.1923,-1.447,30.4769,0.9009,87.7452
1740983733.449,4.617,1.189,2.851,3.172,-0.3778,-1.1994,-1.0385,28.3109,0.9782,89.6844
1740983733.529,4.621,1.189,2.857,3.171,-0.3871,-1.1992,-1.024,29.3898,1.0996,89.6292
1740983733.609,4.612,1.168,2.844,3.193,-0.3978,-1.1997,-1.0113,32.2655,1.0977,89.5401
1740983733.688,4.612,1.146,2.817,3.222,-0.4099,-1.1997,-0.9995,36.6537,0.8093,89.6751
1740983733.768,4.607,1.122,2.779,3.254,-0.4228,-1.1999,-0.9873,39.5785,0.7413,89.7745
1740983733.847,4.603,1.108,2.773,3.268,-0.4339,-1.2001,-0.9738,39.7041,0.9074,89.806
1740983733.927,4.621,1.108,2.793,3.267,-0.4448,-1.2001,-0.9599,39.5291,1.0263,89.7643
1740983734.007,4.619,1.09,2.795,3.284,-0.4552,-1.1997,-0.9465,39.2542,1.2354,89.6759
1740983734.086,4.619,1.068,2.797,3.305,-0.4653,-1.1998,-0.9335,39.1038,1.3501,89.5017
1740983734.166,4.613,1.045,2.814,3.323,-0.4745,-1.2002,-0.9181,37.1004,1.4253,89.5721
1740983734.246,4.606,1.022,2.836,3.339,-0.4797,-1.1999,-0.9013,32.818,1.3752,89.7401
1740983734.325,4.592,1.022,2.828,3.338,-0.4864,-1.2004,-0.8839,30.4068,1.3342,89.7598
1740983734.405,4.589,0.995,2.825,3.365,-0.4956,-1.2004,-0.8673,30.4229,1.3107,89.7357
1740983734.485,4.589,0.975,2.825,3.385,-0.5054,-1.2004,-0.851,30.6327,1.3962,89.5822
1740983734.564,4.592,0.95,2.828,3.41,-0.5144,-1.2008,-0.836,30.7843,1.4413,89.5037
1740983734.644,4.59,0.929,2.825,3.431,-0.5227,-1.2007,-0.822,31.3904,1.3008,89.6733
1740983734.723,4.592,0.929,2.818,3.433,-0.532,-1.2005,-0.8107,33.7832,1.2692,89.5944
1740983734.803,4.589,0.904,2.786,3.464,-0.5415,-1.1998,-0.8065,37.4832,1.8471,88.6972
1740983734.883,4.589,0.886,2.786,3.481,-0.5473,-1.1997,-0.8012,37.4531,2.3462,88.0276
1740983734.962,4.589,0.878,2.794,3.488,-0.5519,-1.1994,-0.7919,36.6741,2.0064,87.3399
1740983735.042,4.592,0.869,2.796,3.497,-0.5614,-1.1987,-0.7769,36.7824,1.8198,87.1371
1740983735.124,4.589,0.869,2.803,3.495,-0.572,-1.1988,-0.7579,35.6509,1.1158,87.7238
1740983735.201,4.587,0.853,2.812,3.509,-0.5829,-1.1999,-0.7396,33.9477,1.6924,87.9104
1740983735.281,4.587,0.828,2.823,3.532,-0.592,-1.2016,-0.7168,30.0991,1.5619,89.8619
1740983735.363,4.584,0.8,2.817,3.561,-0.598,-1.2016,-0.6989,27.8776,1.35,89.6506
1740983735.44,4.585,0.774,2.818,3.587,-0.6054,-1.2018,-0.6847,27.8427,1.4818,89.6401
1740983735.52,4.603,0.774,2.833,3.587,-0.6151,-1.1998,-0.6736,27.0714,2.9339,89.5969
1740983735.6,4.471,0.753,2.703,3.608,-0.6204,-1.1992,-0.6647,27.6825,2.927,90.2242
1740983735.679,4.471,0.736,2.705,3.624,-0.6239,-1.1989,-0.6505,28.1248,1.6054,91.883
1740983735.759,4.454,0.723,2.689,3.637,-0.6344,-1.1987,-0.6359,31.2771,1.3932,92.0322
1740983735.839,4.469,0.7,2.683,3.663,-0.6415,-1.1991,-0.6195,35.6439,-1.3952,91.8732
1740983735.918,4.589,0.7,2.806,3.663,-0.6573,-1.2019,-0.6082,35.2701,1.9628,88.796
1740983735.998,4.589,0.677,2.808,3.686,-0.668,-1.202,-0.5907,34.9443,1.4329,89.4842
1740983736.077,4.603,0.658,2.824,3.704,-0.6767,-1.202,-0.5789,34.654,1.7081,89.3351
1740983736.164,4.585,0.635,2.807,3.727,-0.6833,-1.2021,-0.5674,34.4761,1.5897,89.4654
1740983737.453,4.579,0.626,2.799,3.736,-0.6566,-1.2031,-0.6103,34.8354,1.771,89.567
1740983737.531,4.586,0.642,2.809,3.72,-0.6474,-1.2017,-0.615,34.3586,-0.2718,91.0083
1740983737.611,4.589,0.642,2.81,3.72,-0.6414,-1.2007,-0.6199,34.6148,-0.9078,91.9594
1740983737.69,4.589,0.657,2.81,3.705,-0.6367,-1.1998,-0.6296,34.6868,-0.2716,92.1091
1740983737.77,4.596,0.667,2.817,3.695,-0.6346,-1.1993,-0.6436,34.5939,1.7747,92.18
1740983737.849,4.601,0.686,2.825,3.676,-0.6256,-1.2005,-0.6661,34.174,3.3705,90.0795
1740983737.929,4.585,0.702,2.805,3.661,-0.6131,-1.2009,-0.6874,34.854,3.5226,88.5355
1740983738.009,4.576,0.702,2.794,3.661,-0.5958,-1.2023,-0.7027,35.0854,1.169,89.561
1740983738.088,4.576,0.735,2.792,3.628,-0.5854,-1.202,-0.7198,35.416,1.5591,89.5305
1740983738.168,4.593,0.765,2.815,3.597,-0.5761,-1.2017,-0.7314,34.4322,1.0589,88.935
1740983738.248,4.589,0.784,2.81,3.579,-0.5719,-1.2005,-0.739,34.706,1.3271,87.8349
1740983738.327,4.591,0.784,2.81,3.579,-0.5669,-1.1997,-0.7466,34.86,1.2225,87.6376
1740983738.407,4.594,0.801,2.811,3.562,-0.5577,-1.1989,-0.7605,35.1891,1.2461,87.6719
1740983738.487,4.594,0.808,2.808,3.556,-0.5469,-1.2001,-0.7806,35.6101,2.155,87.1405
1740983738.566,4.592,0.826,2.805,3.538,-0.5345,-1.2004,-0.7995,35.6807,1.6683,87.7045
1740983738.646,4.591,0.856,2.81,3.507,-0.525,-1.2003,-0.8128,34.9141,1.5838,89.489
1740983738.726,4.593,0.878,2.81,3.486,-0.5134,-1.2014,-0.8295,35.1793,1.5574,89.2354
1740983738.805,4.593,0.878,2.809,3.486,-0.5061,-1.2016,-0.8418,35.2917,1.6942,89.1071
1740983738.887,4.593,0.904,2.809,3.46,-0.4976,-1.2016,-0.8532,35.3033,1.4313,89.2408
1740983738.964,4.596,0.924,2.812,3.44,-0.4895,-1.2015,-0.8655,35.2905,1.3897,89.3526
1740983739.044,4.6,0.943,2.816,3.421,-0.4804,-1.2016,-0.8795,35.3985,1.4114,89.4239
1740983739.124,4.602,0.959,2.817,3.405,-0.4708,-1.2018,-0.8949,35.5024,1.4807,89.5401
1740983739.203,4.595,0.959,2.809,3.406,-0.4608,-1.2016,-0.9106,35.6568,1.6504,89.4374
1740983739.283,4.595,0.983,2.808,3.382,-0.4503,-1.2011,-0.9258,35.7777,1.5605,89.4666
1740983739.363,4.604,1.004,2.816,3.361,-0.4399,-1.2013,-0.941,35.8575,1.4619,89.5792
1740983739.442,4.599,1.028,2.81,3.337,-0.4294,-1.2013,-0.9561,35.9264,1.3649,89.6214
1740983739.641,4.61,1.074,2.819,3.292,-0.4036,-1.2012,-0.9946,36.2395,1.4805,89.3037
1740983739.721,4.606,1.074,2.814,3.293,-0.394,-1.2013,-1.0092,36.3489,1.5756,89.2702
1740983739.801,4.613,1.096,2.82,3.271,-0.3838,-1.2006,-1.0237,36.4059,1.5067,89.3369
1740983739.881,4.613,1.119,2.82,3.248,-0.3734,-1.2013,-1.0378,36.4569,1.3505,89.5248
1740983739.96,4.612,1.142,2.819,3.225,-0.364,-1.2004,-1.0513,36.4436,1.4116,89.6479
1740983740.04,4.615,1.163,2.82,3.205,-0.3548,-1.2009,-1.0653,36.6423,1.4145,89.7579
1740983740.119,4.613,1.163,2.817,3.205,-0.345,-1.2002,-1.0798,36.7285,1.519,89.8003
1740983740.199,4.619,1.185,2.821,3.184,-0.3351,-1.1998,-1.0939,36.915,1.4989,89.8611
1740983740.279,4.619,1.205,2.821,3.164,-0.325,-1.1998,-1.1076,36.9123,1.3317,90.0677
1740983740.36,4.621,1.227,2.822,3.142,-0.3147,-1.2,-1.1219,37.0062,1.2395,90.1576
1740983740.438,4.619,1.248,2.821,3.121,-0.3039,-1.1998,-1.1367,36.9974,1.2187,90.2179
1740983740.518,4.622,1.248,2.822,3.122,-0.2938,-1.1994,-1.152,37.1258,1.3797,90.0548
1740983740.597,4.624,1.27,2.823,3.1,-0.2834,-1.1996,-1.1669,37.2675,1.3996,90.0202
1740983740.677,4.624,1.296,2.822,3.075,-0.2731,-1.1992,-1.1817,37.3597,1.5131,89.9873
1740983740.756,4.627,1.316,2.824,3.055,-0.2625,-1.1991,-1.196,37.4198,1.3836,90.0227
1740983740.836,4.628,1.34,2.825,3.031,-0.252,-1.1987,-1.21,37.4616,1.27,90.1837
1740983740.916,4.633,1.34,2.828,3.032,-0.2421,-1.1989,-1.2241,37.612,1.2483,90.2279
1740983740.995,4.638,1.362,2.832,3.01,-0.2325,-1.1987,-1.2379,37.7448,1.3005,90.305
1740983741.075,4.638,1.385,2.829,2.988,-0.2229,-1.1985,-1.2518,38.0061,1.3973,90.2419
1740983741.155,4.641,1.405,2.833,2.968,-0.2119,-1.1968,-1.2605,37.9021,0.0064,92.0397
1740983741.234,4.643,1.428,2.836,2.945,-0.2093,-1.1953,-1.2686,37.7803,1.2384,92.5097
1740983741.314,4.648,1.428,2.841,2.945,-0.2004,-1.194,-1.2812,37.7823,1.3046,92.5926
1740983741.394,4.646,1.44,2.839,2.933,-0.1881,-1.1945,-1.2987,37.8121,1.5939,92.241
1740983741.473,4.646,1.458,2.828,2.919,-0.1699,-1.1959,-1.321,38.7221,1.053,90.9169
1740983741.553,4.644,1.482,2.825,2.896,-0.1551,-1.1967,-1.3436,38.8234,1.5771,89.8775
1740983741.632,4.642,1.52,2.82,2.859,-0.1424,-1.1963,-1.3597,39.037,1.4463,89.955
1740983741.712,4.636,1.52,2.821,2.857,-0.1313,-1.1952,-1.3718,38.5201,0.9737,89.573
1740983741.794,4.636,1.55,2.816,2.829,-0.1234,-1.1934,-1.3817,38.9123,1.0181,88.4503
1740983741.871,4.637,1.573,2.811,2.808,-0.1165,-1.1936,-1.3932,39.4144,1.4636,87.7432
1740983741.951,4.641,1.591,2.815,2.79,-0.1057,-1.1927,-1.4074,39.3776,1.3846,87.7774
1740983742.031,4.646,1.61,2.819,2.772,-0.0962,-1.194,-1.4224,39.4576,1.9873,89.3677
1740983742.11,4.648,1.61,2.825,2.771,-0.0817,-1.1947,-1.4386,39.1705,1.3487,90.1827
1740983742.19,4.648,1.638,2.828,2.742,-0.0724,-1.1925,-1.4464,38.8847,0.2258,92.4883
1740983742.27,4.649,1.658,2.835,2.72,-0.0697,-1.1906,-1.4529,38.398,1.332,92.6499
1740983742.349,4.661,1.675,2.846,2.704,-0.061,-1.1908,-1.4654,38.5243,1.3374,92.6535
1740983742.429,4.648,1.685,2.834,2.693,-0.0501,-1.1911,-1.4827,38.3959,2.0512,91.6951
1740983742.509,4.653,1.685,2.827,2.697,-0.0329,-1.1932,-1.5039,39.3434,1.4281,90.6538
1740983742.588,4.653,1.709,2.827,2.674,-0.0185,-1.1934,-1.5221,39.3709,1.3391,90.515
1740983742.668,4.651,1.739,2.825,2.644,-0.0059,-1.1917,-1.5365,39.3628,1.1213,90.4233
1740983742.75,4.664,1.77,2.845,2.611,0.0052,-1.1915,-1.5493,38.7878,0.9338,89.8523
1740983742.827,4.668,1.793,2.848,2.588,0.012,-1.1902,-1.5582,38.8768,0.7671,88.9212
1740983742.907,4.67,1.793,2.845,2.59,0.0187,-1.1888,-1.5683,39.2488,1.0237,88.1017
1740983742.987,4.67,1.808,2.842,2.577,0.029,-1.1889,-1.5829,39.5174,1.155,87.9763
1740983743.068,4.67,1.826,2.846,2.557,0.041,-1.1886,-1.5998,39.1846,1.8539,88.4534
1740983743.146,4.673,1.85,2.881,2.521,0.0566,-1.1897,-1.6152,36.2383,1.524,89.9639
1740983743.225,4.673,1.871,2.891,2.496,0.0706,-1.1896,-1.6314,35.0782,1.0843,90.2748
1740983743.305,4.658,1.871,2.883,2.493,0.0809,-1.1893,-1.6452,33.8811,1.2602,90.2614
1740983743.385,4.658,1.889,2.888,2.473,0.0894,-1.1882,-1.6568,32.8495,1.3281,90.2247
1740983743.464,4.659,1.909,2.892,2.452,0.0975,-1.1888,-1.6688,32.0849,1.3611,90.2268
1740983743.544,4.674,1.927,2.907,2.434,0.1057,-1.1883,-1.6822,32.0431,1.3073,90.1359
1740983743.624,4.681,1.946,2.914,2.415,0.115,-1.1881,-1.6969,32.0099,1.1764,90.1893
1740983743.703,4.684,1.946,2.917,2.415,0.1246,-1.1876,-1.7128,31.9087,1.1274,90.2223
1740983743.783,4.684,1.965,2.917,2.396,0.134,-1.1874,-1.7287,31.8903,1.0826,90.3684
1740983743.863,4.685,1.988,2.918,2.373,0.1432,-1.1873,-1.7443,32.0001,1.1902,90.3669
1740983744.062,4.668,2.036,2.901,2.325,0.1655,-1.1855,-1.7811,31.9572,1.0435,90.3953
1740983746.551,4.693,2.589,2.888,1.794,0.4557,-1.1776,-2.2309,37.6167,3.2609,89.4009
1740983746.63,4.707,2.606,2.901,1.777,0.4649,-1.1768,-2.2438,37.6905,3.2027,89.4985
1740983746.71,4.71,2.606,2.899,1.78,0.4784,-1.1776,-2.2622,38.0616,3.3393,88.6073
1740983746.79,4.713,2.62,2.894,1.77,0.4958,-1.1794,-2.2774,38.7442,1.2083,89.6382
1740983746.869,4.713,2.649,2.897,1.74,0.5101,-1.1792,-2.292,38.5344,0.6809,90.2442
1740983746.949,4.709,2.674,2.893,1.716,0.521,-1.1792,-2.306,38.5484,0.638,90.2842
1740983747.028,4.717,2.697,2.893,1.697,0.53,-1.1779,-2.3202,39.1186,0.9632,89.8118
1740983747.108,4.719,2.697,2.9,1.694,0.5361,-1.1762,-2.331,38.7335,1.778,88.3644
1740983747.188,4.719,2.726,2.902,1.664,0.5436,-1.1761,-2.3399,38.5647,1.6668,87.9674
1740983747.267,4.719,2.747,2.906,1.641,0.5537,-1.1763,-2.3522,38.2462,1.7053,87.9776
1740983747.347,4.716,2.758,2.921,1.62,0.5662,-1.1749,-2.3642,36.5715,0.3761,89.3042
1740983747.427,4.715,2.773,2.944,1.591,0.5738,-1.1764,-2.376,33.2172,0.0676,90.8215
1740983747.506,4.711,2.773,2.942,1.59,0.5794,-1.1766,-2.3895,32.6525,0.9063,90.5668
1740983747.586,4.711,2.775,2.946,1.586,0.5863,-1.1768,-2.4014,31.3463,0.4926,91.0002
1740983747.666,4.689,2.792,2.925,1.568,0.5908,-1.176,-2.4127,30.0106,0.8978,90.6533
1740983747.745,4.704,2.813,2.939,1.547,0.5955,-1.177,-2.4238,29.0244,0.9277,90.7601
1740983747.825,4.705,2.829,2.937,1.533,0.6004,-1.1767,-2.4376,27.7664,1.1372,90.5002
1740983747.905,4.706,2.829,2.934,1.536,0.6082,-1.1771,-2.4525,26.5899,1.2843,90.0869
1740983747.984,4.706,2.85,2.928,1.518,0.6146,-1.1763,-2.4706,25.6321,1.1505,90.3082
1740983748.064,4.716,2.868,2.931,1.505,0.6218,-1.1759,-2.4878,24.5391,1.2416,90.3451
1740983748.86,4.864,3.131,3.092,1.234,0.6711,-1.1736,-2.6587,26.7817,0.8205,90.658
1740983748.94,4.75,3.103,2.984,1.259,0.6749,-1.1735,-2.6739,28.17,0.7829,90.6812
1740983749.02,4.666,3.081,2.897,1.282,0.68,-1.1734,-2.686,27.3056,0.845,90.7117
1740983749.099,4.646,3.081,2.872,1.286,0.6849,-1.1735,-2.6985,26.2494,0.701,90.9006
1740983749.179,4.646,3.101,2.867,1.269,0.6899,-1.1727,-2.7119,25.3421,0.8986,90.736
1740983749.259,4.658,3.125,2.872,1.25,0.6965,-1.1734,-2.7283,24.4423,0.9238,90.5936
1740983749.657,4.691,3.235,2.903,1.142,0.7283,-1.1716,-2.8173,24.2017,1.12,90.482
1740983749.736,4.685,3.265,2.909,1.103,0.7328,-1.1713,-2.8343,25.9736,1.0716,90.5256
1740983749.816,4.661,3.269,2.894,1.093,0.7381,-1.171,-2.8503,27.7965,0.8652,90.5449
1740983749.896,4.625,3.269,2.861,1.091,0.7427,-1.1715,-2.8659,29.4505,0.7074,90.6226
1740983749.975,4.625,3.275,2.86,1.086,0.7477,-1.1711,-2.8811,31.0835,0.7807,90.4802
1740983750.055,4.612,3.287,2.843,1.076,0.7521,-1.1704,-2.8948,32.5636,0.8518,90.4971
1740983750.135,4.593,3.296,2.822,1.069,0.7569,-1.1698,-2.9078,33.0847,1.2828,90.0237
1740983750.214,4.58,3.312,2.812,1.051,0.7654,-1.1696,-2.9209,32.4301,1.2594,90.1625
1740983750.294,4.579,3.312,2.812,1.051,0.7758,-1.1699,-2.9384,32.2329,0.8434,90.4377
1740983750.374,4.579,3.334,2.811,1.029,0.7866,-1.1695,-2.9572,32.2536,1.0362,90.2891
1740983750.453,4.581,3.361,2.813,1.002,0.7969,-1.1697,-2.9753,32.3777,0.9644,90.4109
1740983750.533,4.585,3.387,2.817,0.976,0.807,-1.1692,-2.992,32.4507,0.9897,90.4577
1740983750.613,4.576,3.387,2.807,0.977,0.8164,-1.1685,-3.0073,32.6593,0.9649,90.5658
1740983750.694,4.583,3.413,2.814,0.951,0.825,-1.1683,-3.0216,32.7764,0.9951,90.5178
1740983750.772,4.583,3.435,2.811,0.931,0.8328,-1.168,-3.0358,33.2938,0.9855,90.4782
1740983750.851,4.582,3.451,2.807,0.917,0.8404,-1.1675,-3.0503,33.9635,1.0287,90.369
1740983750.931,4.578,3.479,2.8,0.892,0.8482,-1.1675,-3.065,34.4943,1.0595,90.4044
1740983751.011,4.583,3.479,2.806,0.891,0.8568,-1.1673,-3.0788,34.2841,1.0482,90.358
1740983751.091,4.584,3.5,2.808,0.869,0.8647,-1.1667,-3.0924,34.164,1.2213,90.509
1740983751.17,4.584,3.519,2.805,0.852,0.866,-1.164,-3.1024,34.5888,2.7591,90.9971
1740983751.25,4.58,3.539,2.801,0.833,0.8694,-1.1628,-3.1137,34.6744,3.8197,90.8209
1740983751.329,4.585,3.554,2.805,0.818,0.8769,-1.1615,-3.1258,34.7826,3.8209,91.3426
1740983751.409,4.598,3.554,2.815,0.821,0.8936,-1.1623,-3.1389,35.2685,1.2769,92.6134
1740983751.489,4.578,3.566,2.796,0.808,0.9163,-1.1634,-3.1564,35.1442,-1.8227,92.3609
1740983751.568,4.578,3.589,2.797,0.785,0.9281,-1.1622,-3.1733,34.9961,-1.4353,93.0277
1740983751.648,4.607,3.626,2.83,0.745,0.9305,-1.1618,-3.1876,34.3806,0.9785,93.022
1740983751.728,4.604,3.642,2.825,0.73,0.9411,-1.1615,-3.1997,34.6493,-0.0645,92.8707
1740983751.807,4.591,3.642,2.8,0.739,0.951,-1.1611,-3.2073,36.1763,-2.0525,92.7589
1740983751.887,4.606,3.661,2.805,0.729,0.9499,-1.1614,-3.2102,37.3153,-1.1876,93.0248
1740983751.967,4.606,3.69,2.804,0.7,0.9443,-1.1616,-3.21,37.3445,0.4328,93.1543
1740983752.048,4.618,3.697,2.812,0.697,0.9461,-1.1614,-3.2102,37.7652,-0.2627,93.179
1740983756.367,4.856,4.192,3.028,0.224,1.3432,-1.151,-3.4689,39.3461,0.8305,90.7348
1740983756.447,4.842,4.169,3.028,0.234,1.3399,-1.1513,-3.4632,38.2243,0.8968,90.6988
1740983756.526,4.822,4.141,3.013,0.257,1.3375,-1.1513,-3.4586,37.7947,0.7568,90.8466
1740983756.608,4.815,4.141,3.007,0.257,1.3348,-1.1514,-3.4553,37.7463,0.8202,90.7678
1740983756.685,4.806,4.123,2.998,0.275,1.3328,-1.1515,-3.4527,37.7365,0.8243,90.7515
1740983756.765,4.806,4.118,2.998,0.279,1.3309,-1.1515,-3.4505,37.7294,0.8426,90.7402
1740983756.845,4.807,4.114,2.999,0.283,1.33,-1.1516,-3.4491,37.7228,0.8291,90.737
1740983756.924,4.811,4.112,3.004,0.285,1.3293,-1.1516,-3.4482,37.6908,0.8352,90.7302
1740983757.004,4.808,4.112,3.001,0.285,1.3279,-1.1519,-3.4464,37.7082,0.8385,90.7027
1740983757.084,4.809,4.108,3.001,0.289,1.326,-1.1518,-3.4439,37.7182,0.8662,90.6563
1740983757.163,4.809,4.105,3.003,0.291,1.3234,-1.1519,-3.4401,37.6227,0.8414,90.6945
1740983757.243,4.804,4.099,3.005,0.291,1.3205,-1.1521,-3.4354,36.9174,0.9741,90.6677
1740983757.326,4.809,4.094,3.018,0.289,1.318,-1.1521,-3.4305,36.0327,1.0329,90.6328
1740983759.095,4.798,4.133,3.015,0.243,1.353,-1.1511,-3.4806,35.0734,0.9161,90.7198
1740983759.176,4.798,4.136,3.016,0.24,1.3466,-1.151,-3.4707,35.0253,0.917,90.7612
1740983759.254,4.799,4.135,3.017,0.241,1.3374,-1.1515,-3.4567,34.9719,0.7852,90.852
1740983759.333,4.799,4.12,3.018,0.255,1.3269,-1.1517,-3.4418,34.817,0.9912,90.7853
1740983759.413,4.798,4.097,3.017,0.277,1.322,-1.1512,-3.4345,34.7898,1.0089,90.7177
1740983759.493,4.795,4.097,3.014,0.278,1.3222,-1.1516,-3.435,34.8313,0.9923,90.6754
1740983759.573,4.795,4.077,3.014,0.298,1.3238,-1.1518,-3.4374,34.8568,0.9614,90.6145
1740983759.652,4.795,4.073,3.014,0.301,1.325,-1.1518,-3.439,34.829,0.9453,90.6357
1740983759.732,4.796,4.076,3.015,0.298,1.3253,-1.1519,-3.4394,34.8338,0.9635,90.6419
1740983759.812,4.796,4.079,3.015,0.296,1.3251,-1.1518,-3.4391,34.8374,0.9563,90.6625
1740983759.891,4.796,4.079,3.015,0.296,1.3251,-1.1518,-3.4392,34.8401,0.9717,90.6581
1740983760.09,4.792,4.078,3.011,0.297,1.325,-1.1518,-3.4392,34.8465,0.9629,90.6562
1740983760.17,4.792,4.078,3.011,0.297,1.3252,-1.1517,-3.4392,34.8397,0.9624,90.6592
1740983760.249,4.797,4.078,3.016,0.297,1.325,-1.1518,-3.4391,34.8435,0.9706,90.6721
1740983760.329,4.795,4.08,3.014,0.295,1.3252,-1.1518,-3.4393,34.8482,0.9734,90.6648
1740983760.409,4.793,4.078,3.012,0.297,1.3251,-1.1517,-3.4391,34.8446,0.9749,90.6787
1740983760.488,4.796,4.078,3.015,0.297,1.325,-1.1517,-3.439,34.8448,0.9841,90.6809
1740983760.568,4.796,4.079,3.015,0.296,1.325,-1.1517,-3.439,34.845,0.9852,90.6738
1740983760.648,4.793,4.08,3.012,0.295,1.325,-1.1517,-3.439,34.8512,0.9932,90.6741
1740983760.727,4.793,4.079,3.012,0.296,1.325,-1.1517,-3.439,34.86,1.0005,90.6685
1740983760.807,4.794,4.08,3.013,0.295,1.325,-1.1517,-3.4389,34.8583,1.0015,90.6812
1740983760.887,4.792,4.08,3.011,0.295,1.3251,-1.1517,-3.4389,34.8566,1.0103,90.6758
1740983760.966,4.792,4.078,3.011,0.297,1.3251,-1.1517,-3.439,34.859,1.0128,90.6765
1740983761.046,4.792,4.078,3.011,0.297,1.325,-1.1517,-3.4389,34.8636,1.0048,90.6807
1740983761.126,4.797,4.08,3.016,0.295,1.325,-1.1517,-3.4389,34.8585,0.9895,90.6879
1740983761.205,4.796,4.079,3.015,0.296,1.325,-1.1516,-3.4388,34.8574,0.9974,90.6801
1740983761.285,4.796,4.079,3.015,0.296,1.325,-1.1516,-3.4388,34.8604,0.9962,90.6834
1740983761.364,4.796,4.079,3.015,0.296,1.325,-1.1516,-3.4389,34.863,1.0002,90.6837
1740983761.444,4.791,4.08,3.01,0.295,1.325,-1.1516,-3.4388,34.8674,0.9976,90.6845
1740983761.524,4.797,4.079,3.016,0.296,1.3249,-1.1516,-3.4387,34.8748,1.0102,90.6795
1740983761.604,4.796,4.079,3.015,0.296,1.3249,-1.1516,-3.4388,34.8649,1.016,90.6683
1740983761.683,4.794,4.079,3.013,0.296,1.3251,-1.1516,-3.4388,34.8591,1.0103,90.67
1740983761.763,4.794,4.081,3.013,0.294,1.3249,-1.1517,-3.4388,34.8545,1.0119,90.6707
1740983761.842,4.795,4.08,3.014,0.295,1.3252,-1.1517,-3.4389,34.8589,1.0139,90.6668
1740983761.922,4.793,4.08,3.012,0.295,1.3249,-1.1517,-3.4387,34.8586,1.0197,90.6722
1740983762.002,4.794,4.08,3.013,0.295,1.3249,-1.1516,-3.4387,34.8663,1.0183,90.6738
1740983762.081,4.797,4.079,3.016,0.296,1.325,-1.1516,-3.4388,34.8561,1.0042,90.677
1740983762.161,4.797,4.079,3.016,0.296,1.3249,-1.1516,-3.4387,34.8585,1.0149,90.6719
1740983762.241,4.796,4.079,3.015,0.296,1.3249,-1.1516,-3.4386,34.8625,1.0219,90.6732
1740983762.32,4.793,4.08,3.012,0.295,1.3249,-1.1516,-3.4387,34.8558,1.0238,90.6632
1740983762.4,4.794,4.08,3.013,0.295,1.3251,-1.1516,-3.4387,34.8587,1.0215,90.6675
1740983762.48,4.795,4.078,3.014,0.297,1.3249,-1.1516,-3.4386,34.8602,1.0282,90.6681
1740983762.559,4.795,4.08,3.014,0.295,1.3248,-1.1516,-3.4386,34.8674,1.0364,90.6631
1740983762.639,4.791,4.08,3.01,0.295,1.3249,-1.1515,-3.4385,34.8646,1.0358,90.6595
1740983762.719,4.791,4.08,3.01,0.295,1.3249,-1.1515,-3.4384,34.8683,1.0423,90.6557
1740983762.798,4.796,4.08,3.015,0.295,1.3248,-1.1515,-3.4385,34.8699,1.0456,90.6489
1740983762.878,4.794,4.079,3.013,0.296,1.3248,-1.1515,-3.4384,34.8687,1.0564,90.6312
1740983762.958,4.794,4.079,3.013,0.296,1.3249,-1.1515,-3.4385,34.8726,1.0561,90.6302
1740983763.037,4.792,4.081,3.011,0.294,1.3249,-1.1515,-3.4385,34.8743,1.048,90.6399
1740983763.117,4.792,4.08,3.011,0.295,1.3249,-1.1515,-3.4385,34.8668,1.044,90.6428
1740983763.196,4.792,4.08,3.011,0.295,1.3247,-1.1515,-3.4384,34.8717,1.0461,90.649
1740983763.276,4.793,4.08,3.012,0.295,1.3247,-1.1514,-3.4382,34.8677,1.035,90.6541
1740983763.356,4.793,4.08,3.012,0.295,1.3249,-1.1514,-3.4383,34.865,1.0282,90.6507
1740983763.435,4.795,4.08,3.014,0.295,1.3248,-1.1515,-3.4383,34.87,1.0339,90.6537
1740983763.515,4.796,4.078,3.015,0.297,1.325,-1.1515,-3.4384,34.8654,1.033,90.6524
1740983763.595,4.794,4.078,3.013,0.297,1.3249,-1.1515,-3.4384,34.8665,1.0262,90.6639
1740983763.674,4.796,4.079,3.015,0.296,1.3248,-1.1515,-3.4382,34.8661,1.0267,90.6648
1740983777.532,5.274,3.908,3.508,0.454,1.6375,-1.1461,-3.0452,28.3977,1.4171,90.5613
1740983777.612,5.268,3.907,3.502,0.455,1.6376,-1.146,-3.0453,28.4003,1.4151,90.5622
1740983777.691,5.273,3.908,3.507,0.454,1.6376,-1.146,-3.0453,28.3995,1.422,90.5624
1740983777.771,5.273,3.908,3.507,0.454,1.6377,-1.1461,-3.0454,28.3978,1.423,90.5638
1740983777.851,5.27,3.908,3.504,0.454,1.6375,-1.146,-3.0451,28.3958,1.4134,90.5704
1740983777.93,5.27,3.908,3.504,0.454,1.6374,-1.146,-3.0451,28.3924,1.4171,90.5652
1740983778.01,5.272,3.908,3.506,0.454,1.6374,-1.146,-3.0451,28.3942,1.4175,90.5579
1740983778.09,5.269,3.909,3.503,0.453,1.6376,-1.146,-3.0452,28.3982,1.4163,90.5497
1740983778.169,5.274,3.909,3.508,0.453,1.6377,-1.146,-3.0451,28.3955,1.4109,90.5498
1740983778.249,5.273,3.908,3.507,0.454,1.6377,-1.1461,-3.0453,28.3957,1.4181,90.5477
1740983778.329,5.273,3.91,3.507,0.452,1.6374,-1.146,-3.045,28.4027,1.4171,90.5504
1740983778.408,5.273,3.907,3.507,0.455,1.6375,-1.1458,-3.045,28.3976,1.4123,90.5526
1740983778.488,5.272,3.907,3.506,0.455,1.6376,-1.1459,-3.0451,28.3963,1.4144,90.5541
1740983778.568,5.268,3.909,3.502,0.453,1.6374,-1.146,-3.0451,28.3914,1.4125,90.5552
1740983778.647,5.272,3.906,3.506,0.456,1.6375,-1.1459,-3.0451,28.3854,1.4011,90.5643
1740983778.727,5.272,3.909,3.506,0.453,1.6375,-1.1459,-3.0451,28.3881,1.4011,90.5687
1740983778.807,5.272,3.908,3.506,0.454,1.6374,-1.1459,-3.045,28.3826,1.4016,90.5701
1740983778.886,5.275,3.908,3.509,0.454,1.6375,-1.1459,-3.0449,28.3842,1.3938,90.568
1740983778.966,5.27,3.906,3.504,0.456,1.6364,-1.146,-3.0432,28.3625,1.4219,90.5458
1740983779.046,5.271,3.909,3.505,0.453,1.6322,-1.146,-3.0353,28.3701,1.4769,90.4748
1740983779.125,5.271,3.905,3.505,0.457,1.6247,-1.145,-3.0212,28.3083,1.546,90.4861
1740983779.209,5.272,3.898,3.505,0.464,1.6157,-1.1464,-3.0037,28.1962,1.5378,90.5579
1740983779.284,5.275,3.898,3.508,0.464,1.6081,-1.1472,-2.9884,28.08,1.4872,90.5397
1740983779.364,5.277,3.873,3.51,0.489,1.6012,-1.1469,-2.9746,28.0711,1.4289,90.5447
1740983779.444,5.278,3.853,3.512,0.509,1.5958,-1.1472,-2.9639,28.2756,1.3427,90.561
1740983779.523,5.278,3.83,3.512,0.532,1.5913,-1.1474,-2.9556,28.2437,1.426,90.4417
1740983779.603,5.28,3.816,3.514,0.546,1.5869,-1.1481,-2.9472,28.3463,1.4267,90.4287
1740983779.683,5.279,3.816,3.513,0.546,1.5814,-1.1484,-2.9359,28.3625,1.3834,90.3706
1740983779.762,5.28,3.806,3.514,0.556,1.5739,-1.149,-2.9221,28.2919,1.4232,90.461
1740983779.842,5.283,3.791,3.517,0.571,1.5667,-1.1492,-2.9078,28.2554,1.4117,90.5389
1740983779.923,5.283,3.77,3.517,0.592,1.5598,-1.1491,-2.8941,28.321,1.3583,90.5935
1740983780.001,5.283,3.749,3.517,0.613,1.5536,-1.1492,-2.8826,28.2501,1.4148,90.5684
1740983780.081,5.284,3.749,3.518,0.613,1.5487,-1.149,-2.8733,28.2756,1.4514,90.5141
1740983780.16,5.284,3.734,3.518,0.628,1.5448,-1.1492,-2.8659,28.2592,1.5017,90.4847
1740983780.242,5.284,3.721,3.518,0.641,1.541,-1.1497,-2.8592,28.3101,1.5979,90.4081
1740983780.32,5.284,3.706,3.518,0.656,1.5361,-1.1503,-2.8501,28.2382,1.6138,90.3696
1740983780.519,5.287,3.681,3.52,0.681,1.5164,-1.1512,-2.812,28.141,1.6936,90.5971
1740983780.718,5.289,3.635,3.522,0.727,1.4952,-1.1519,-2.7697,28.0733,1.6144,90.4232
1740983780.917,5.295,3.589,3.528,0.773,1.4754,-1.1534,-2.7313,28.1101,1.6673,90.5029
1740983781.116,5.296,3.549,3.529,0.813,1.4556,-1.1532,-2.6928,27.987,1.6348,90.38
1740983781.196,5.299,3.527,3.532,0.835,1.4474,-1.1544,-2.6772,28.0012,1.7178,90.1672
1740983781.275,5.301,3.527,3.533,0.835,1.439,-1.1546,-2.6615,27.9147,1.8332,90.016
1740983781.357,5.3,3.507,3.532,0.855,1.4305,-1.1546,-2.645,27.8846,1.8621,90.014
1740983781.435,5.3,3.483,3.532,0.88,1.4228,-1.1547,-2.6297,27.7151,1.8975,89.9959
1740983781.514,5.304,3.459,3.535,0.904,1.416,-1.1551,-2.6159,27.5511,1.8293,90.0392
1740983781.594,5.306,3.437,3.537,0.926,1.4106,-1.1554,-2.6043,27.4541,1.7494,90.041
1740983781.674,5.309,3.437,3.54,0.926,1.4056,-1.1559,-2.5945,27.4914,1.7397,90.0124
1740983781.753,5.315,3.422,3.546,0.941,1.4006,-1.1559,-2.5836,27.4453,1.6655,90.0003
1740983781.835,5.315,3.403,3.546,0.96,1.3933,-1.1561,-2.5695,27.4927,1.7728,89.944
1740983781.915,5.315,3.395,3.546,0.968,1.385,-1.1566,-2.5531,27.5145,1.7965,90.0368
1740983781.992,5.316,3.37,3.546,0.994,1.3763,-1.1565,-2.5351,27.2122,1.737,90.1811
1740983782.072,5.318,3.37,3.548,0.994,1.3675,-1.1568,-2.5168,27.2657,1.6017,90.2511
1740983784.441,5.303,2.827,3.538,1.533,1.0993,-1.1643,-2.0615,28.9421,1.8264,89.7472
1740983784.521,5.303,2.813,3.538,1.547,1.0908,-1.1642,-2.0449,28.9661,1.7414,89.6748
1740983784.602,5.317,2.786,3.552,1.575,1.0817,-1.1644,-2.028,28.9013,1.7601,89.6691
1740983784.68,5.316,2.786,3.551,1.575,1.0731,-1.1647,-2.0125,28.8673,1.8476,89.6456
1740983784.76,5.32,2.762,3.554,1.599,1.0651,-1.1645,-1.9966,28.5812,1.8122,89.7073
1740983784.84,5.323,2.741,3.557,1.62,1.0573,-1.1648,-1.981,28.6271,1.6378,89.818
1740983784.919,5.323,2.719,3.557,1.642,1.0493,-1.1645,-1.9651,28.5601,1.4958,89.9459
1740983785.001,5.324,2.697,3.558,1.664,1.0407,-1.1653,-1.949,28.5961,1.4957,89.9747
1740983785.079,5.325,2.697,3.559,1.664,1.0322,-1.1656,-1.9338,28.5587,1.5833,89.9104
1740983785.158,5.327,2.675,3.561,1.686,1.0238,-1.1659,-1.9181,28.4861,1.6658,89.9027
1740983785.238,5.327,2.661,3.561,1.7,1.0155,-1.166,-1.9015,28.3875,1.6084,90.024
1740983785.318,5.327,2.634,3.561,1.727,1.0075,-1.1664,-1.8856,28.2665,1.4481,90.1854
1740983785.397,5.328,2.611,3.562,1.75,0.9994,-1.1665,-1.8693,28.2769,1.3045,90.2307
1740983785.477,5.334,2.611,3.567,1.75,0.9911,-1.1662,-1.8528,28.1782,1.2177,90.1912
1740983785.556,5.334,2.595,3.568,1.766,0.9828,-1.1669,-1.8374,28.3429,1.29,90.0441
1740983785.636,5.334,2.572,3.569,1.789,0.974,-1.1672,-1.8219,28.8571,1.3063,90.0959
1740983785.718,5.338,2.543,3.573,1.818,0.9657,-1.1673,-1.806,28.766,1.2498,90.2028
1740983785.795,5.337,2.52,3.572,1.841,0.958,-1.1676,-1.7911,28.7044,1.1407,90.204
1740983785.875,5.337,2.52,3.572,1.841,0.9498,-1.1675,-1.7752,28.653,1.152,90.1676
1740983785.955,5.338,2.505,3.572,1.856,0.9414,-1.1675,-1.7598,28.5988,1.1967,89.9324
1740983786.034,5.338,2.481,3.572,1.88,0.9331,-1.1677,-1.7445,28.5079,1.3695,89.7541
1740983786.114,5.339,2.463,3.573,1.898,0.9249,-1.168,-1.7289,28.4343,1.3668,89.7286
1740983786.194,5.342,2.437,3.576,1.924,0.9169,-1.1684,-1.7132,28.3589,1.3001,89.7577
1740983786.273,5.345,2.437,3.578,1.924,0.9091,-1.1682,-1.697,28.2228,1.1351,89.7489
1740983786.353,5.354,2.414,3.588,1.947,0.901,-1.1684,-1.681,28.2924,1.0378,89.6463
1740983786.432,5.354,2.397,3.588,1.964,0.893,-1.1683,-1.665,28.2875,1.0471,89.6005
1740983786.512,5.365,2.372,3.599,1.989,0.8849,-1.168,-1.6495,28.3905,1.0494,89.5473
1740983786.592,5.369,2.35,3.603,2.011,0.8763,-1.1684,-1.6337,28.337,1.1389,89.6537
1740983786.671,5.373,2.35,3.607,2.011,0.8682,-1.1688,-1.6184,28.6359,1.089,89.7414
1740983786.751,5.377,2.327,3.613,2.033,0.8588,-1.1691,-1.6037,30.0922,1.0574,89.7368
1740983786.831,5.377,2.307,3.613,2.053,0.8499,-1.169,-1.5878,30.0908,0.9977,89.9099
1740983786.91,5.361,2.28,3.597,2.08,0.8404,-1.1689,-1.5715,30.0391,1.0931,89.836
1740983786.99,5.342,2.258,3.578,2.102,0.8313,-1.1692,-1.556,30.0041,1.281,89.8093
1740983787.07,5.348,2.258,3.584,2.102,0.8224,-1.1695,-1.5398,29.8812,1.3201,89.9519
1740983787.149,5.356,2.235,3.592,2.125,0.8134,-1.1694,-1.5235,29.6645,1.2859,90.1159
1740983787.229,5.356,2.213,3.592,2.147,0.8051,-1.1694,-1.5072,29.4925,1.1985,90.2487
1740983787.309,5.368,2.19,3.604,2.17,0.796,-1.1698,-1.4906,29.4486,1.0719,90.4236
1740983787.388,5.373,2.165,3.609,2.195,0.787,-1.17,-1.4748,30.051,0.9558,90.5207
1740983787.468,5.376,2.165,3.611,2.195,0.7771,-1.1704,-1.4599,30.8122,1.223,90.5184
1740983787.547,5.372,2.141,3.608,2.219,0.7684,-1.1706,-1.4444,30.698,1.207,90.5564
1740983787.627,5.372,2.116,3.608,2.244,0.7594,-1.1706,-1.4286,30.5973,1.1675,90.6148
1740983787.707,5.369,2.096,3.605,2.264,0.7509,-1.1708,-1.4133,30.5615,1.1164,90.5488
1740983787.787,5.37,2.074,3.606,2.286,0.7421,-1.1713,-1.3979,30.6259,1.065,90.5126
1740983787.866,5.375,2.074,3.611,2.286,0.7329,-1.1718,-1.3828,30.5617,1.315,90.2982
1740983787.947,5.372,2.052,3.608,2.308,0.7239,-1.1717,-1.3672,30.5949,1.3965,90.2023
1740983789.957,5.396,1.603,3.631,2.757,0.5071,-1.178,-0.9701,28.847,2.1616,89.9927
1740983790.036,5.4,1.581,3.635,2.779,0.4989,-1.1785,-0.9539,28.958,1.9615,90.048
1740983790.116,5.4,1.557,3.636,2.803,0.4896,-1.1791,-0.9384,29.6511,1.9083,90.0074
1740983790.196,5.401,1.534,3.636,2.826,0.4798,-1.1794,-0.9231,30.8524,1.9522,89.8346
1740983790.275,5.398,1.534,3.627,2.828,0.4689,-1.1797,-0.9098,32.8134,2.1557,89.6949
1740983790.355,5.391,1.507,3.619,2.855,0.4596,-1.1801,-0.8951,33.0317,2.1434,89.7821
1740983790.436,5.383,1.486,3.612,2.876,0.4502,-1.1801,-0.8796,32.8763,2.0603,89.8732
1740983790.514,5.383,1.465,3.612,2.897,0.4414,-1.1803,-0.8649,32.888,2.0174,89.8124
1740983790.594,5.384,1.445,3.614,2.917,0.4322,-1.1805,-0.8497,32.7576,2.0253,89.8016
1740983790.674,5.386,1.445,3.616,2.917,0.4224,-1.1811,-0.8349,32.6417,2.2718,89.5462
1740983790.753,5.383,1.423,3.613,2.938,0.413,-1.1811,-0.8197,32.6219,2.3558,89.4916
1740983790.835,5.382,1.399,3.613,2.962,0.4035,-1.1813,-0.8038,32.4216,2.3871,89.4985
1740983790.912,5.382,1.378,3.614,2.983,0.3948,-1.1817,-0.7887,32.2406,2.2122,89.5542
1740983790.992,5.384,1.356,3.616,3.005,0.3858,-1.182,-0.7731,32.0878,2.1727,89.5065
1740983791.072,5.382,1.356,3.615,3.005,0.3768,-1.1821,-0.7578,31.9808,2.1749,89.3819
1740983791.151,5.383,1.332,3.616,3.029,0.3675,-1.1822,-0.7426,31.8055,2.3015,89.2993
1740983791.231,5.386,1.311,3.62,3.05,0.3581,-1.1824,-0.7276,31.6901,2.47,89.2671
1740983791.311,5.386,1.288,3.62,3.072,0.3497,-1.1826,-0.7122,31.5482,2.3418,89.3513
1740983791.39,5.384,1.267,3.618,3.093,0.3409,-1.1826,-0.6969,31.4725,2.3148,89.3699
1740983791.47,5.389,1.267,3.624,3.093,0.3321,-1.183,-0.6815,31.3417,2.2766,89.3821
1740983791.55,5.389,1.244,3.624,3.116,0.3229,-1.1833,-0.6667,31.3431,2.4438,89.159
1740983791.629,5.389,1.221,3.624,3.139,0.3139,-1.1833,-0.6516,31.2724,2.5673,89.0478
1740983791.709,5.387,1.2,3.622,3.16,0.3051,-1.1832,-0.6368,31.1623,2.6657,88.8924
1740983791.788,5.39,1.177,3.625,3.183,0.2962,-1.1835,-0.621,30.9787,2.6559,88.9857
1740983791.868,5.387,1.177,3.622,3.183,0.2876,-1.1839,-0.605,30.9018,2.5331,88.9879
1740983791.948,5.39,1.156,3.625,3.204,0.2786,-1.184,-0.5889,30.787,2.454,88.9831
1740983792.028,5.39,1.136,3.626,3.224,0.2699,-1.1841,-0.5731,30.6555,2.4168,88.9957
1740983792.109,5.393,1.111,3.629,3.249,0.2601,-1.1839,-0.5572,30.5399,2.6968,88.89
1740983792.187,5.396,1.088,3.632,3.272,0.2517,-1.1842,-0.5425,30.4239,2.8085,88.949
1740983792.267,5.395,1.088,3.631,3.272,0.2435,-1.184,-0.5267,30.3296,2.6627,89.1033
1740983792.346,5.393,1.067,3.629,3.293,0.2353,-1.1846,-0.5112,30.1925,2.5415,89.1951
1740983792.426,5.393,1.046,3.629,3.314,0.2266,-1.1848,-0.4955,30.1192,2.5068,89.1634
1740983792.505,5.396,1.023,3.632,3.337,0.2174,-1.1849,-0.4798,30.0026,2.615,89.106
1740983792.585,5.397,1.001,3.633,3.359,0.2087,-1.1848,-0.4644,29.8078,2.7295,88.9862
1740983792.665,5.398,1.001,3.634,3.359,0.2007,-1.185,-0.4505,29.7482,2.8846,88.8582
1740983792.744,5.4,0.979,3.636,3.381,0.198,-1.1845,-0.4452,29.6471,2.8503,88.9789
1740983792.824,5.4,0.958,3.636,3.402,0.1989,-1.1846,-0.447,29.6704,2.8948,88.8982
1740983792.904,5.401,0.948,3.637,3.412,0.2002,-1.1848,-0.4495,29.746,2.9088,88.8755
1740983792.985,5.399,0.954,3.635,3.406,0.2023,-1.1849,-0.453,29.7136,2.861,88.9736
1740983793.063,5.4,0.954,3.636,3.406,0.207,-1.1847,-0.462,29.9144,2.8029,89.0568
1740983793.142,5.401,0.956,3.637,3.404,0.2162,-1.1849,-0.4777,30.1108,2.6757,89.136
1740983793.224,5.401,0.964,3.637,3.396,0.2276,-1.1843,-0.4976,30.1126,2.5905,89.1773
1740983795.353,5.38,1.436,3.614,2.925,0.4624,-1.1811,-0.9155,31.5327,2.4148,89.5655
1740983795.432,5.378,1.457,3.612,2.904,0.4716,-1.1813,-0.9305,31.5175,2.2059,89.706
1740983795.514,5.378,1.477,3.612,2.884,0.4808,-1.1808,-0.946,31.5287,2.1778,89.7226
1740983795.592,5.378,1.5,3.612,2.861,0.4891,-1.1804,-0.9609,31.5669,2.2243,89.7766
1740983795.673,5.379,1.523,3.613,2.838,0.4982,-1.1801,-0.9772,31.6142,2.3263,89.826
1740983795.751,5.379,1.523,3.613,2.838,0.5066,-1.1798,-0.9924,31.7258,2.4183,89.7568
1740983795.83,5.378,1.546,3.611,2.815,0.5156,-1.1797,-1.0075,31.7717,2.4184,89.7613
1740983795.91,5.378,1.569,3.612,2.792,0.5251,-1.1795,-1.0227,31.7262,2.3078,89.8492
1740983795.99,5.376,1.59,3.61,2.771,0.534,-1.1788,-1.0376,31.7354,2.175,89.9987
1740983796.069,5.377,1.59,3.611,2.771,0.543,-1.1789,-1.0528,31.7456,2.1367,89.9166
1740983796.149,5.377,1.612,3.611,2.749,0.5521,-1.1784,-1.0688,31.7416,2.2516,89.8007
1740983796.23,5.377,1.639,3.61,2.722,0.5612,-1.1781,-1.0846,31.8439,2.2936,89.7333
1740983796.308,5.377,1.659,3.61,2.702,0.5699,-1.1778,-1.0997,31.8562,2.3097,89.7173
1740983796.392,5.378,1.682,3.611,2.679,0.5801,-1.1777,-1.1156,31.7965,2.1155,89.7058
1740983796.468,5.375,1.682,3.609,2.679,0.589,-1.1774,-1.1301,31.7475,2.0913,89.7502
1740983796.547,5.376,1.704,3.609,2.657,0.5976,-1.1772,-1.1456,31.7966,2.1171,89.812
1740983796.627,5.376,1.728,3.609,2.633,0.6063,-1.1765,-1.1613,31.8267,2.2535,89.8208
1740983796.707,5.376,1.748,3.609,2.613,0.6152,-1.1763,-1.1769,31.8789,2.3345,89.7728
1740983796.786,5.375,1.77,3.608,2.591,0.6241,-1.1759,-1.1916,31.8584,2.228,89.8232
1740983796.866,5.374,1.77,3.607,2.591,0.6333,-1.1762,-1.2065,31.8621,2.0729,89.9549
1740983796.946,5.373,1.793,3.606,2.568,0.6424,-1.1761,-1.2217,31.9253,1.9789,89.9858
1740983797.025,5.373,1.814,3.606,2.547,0.6516,-1.1754,-1.2371,31.8592,1.906,89.9977
1740983797.105,5.374,1.834,3.607,2.527,0.6605,-1.1748,-1.2529,31.9109,1.9699,89.9271
1740983797.184,5.373,1.861,3.606,2.5,0.6694,-1.1749,-1.2685,31.9916,1.9925,89.9224
1740983797.264,5.373,1.861,3.606,2.5,0.6785,-1.1748,-1.2835,31.9644,1.8756,89.9431
1740983797.344,5.372,1.884,3.605,2.477,0.6881,-1.1746,-1.2983,31.868,1.6631,89.8914
1740983797.423,5.372,1.905,3.605,2.456,0.6974,-1.1744,-1.3135,31.8701,1.552,90.085
1740983797.503,5.373,1.926,3.606,2.435,0.7062,-1.174,-1.3289,31.911,1.5994,90.0889
1740983797.585,5.375,1.95,3.608,2.411,0.7153,-1.174,-1.345,31.9435,1.6745,90.1622
1740983797.662,5.372,1.95,3.605,2.411,0.7242,-1.1733,-1.3601,31.9591,1.6963,90.1201
1740983797.742,5.372,1.971,3.605,2.39,0.7335,-1.173,-1.3751,31.9658,1.6225,90.1179
1740983797.822,5.372,1.993,3.605,2.368,0.7424,-1.1721,-1.3895,31.9317,1.541,90.2725
1740983797.901,5.373,2.015,3.606,2.346,0.7516,-1.1725,-1.4045,31.8658,1.403,90.4229
1740983797.981,5.365,2.039,3.598,2.322,0.7603,-1.1725,-1.4197,31.8365,1.4842,90.3936
1740983798.061,5.363,2.039,3.596,2.322,0.7694,-1.1719,-1.4355,31.9243,1.5212,90.4
1740983798.144,5.356,2.059,3.589,2.302,0.7787,-1.1715,-1.4516,32.0143,1.624,90.344
1740983798.22,5.356,2.08,3.589,2.281,0.7873,-1.1715,-1.4659,32.0243,1.5302,90.2935
1740983798.299,5.343,2.102,3.576,2.259,0.797,-1.1712,-1.4812,32.0212,1.3985,90.2879
1740983798.379,5.344,2.124,3.576,2.237,0.8061,-1.171,-1.4966,32.0906,1.3784,90.221
1740983798.461,5.345,2.124,3.577,2.237,0.8159,-1.1708,-1.5134,32.1433,1.4907,90.0453
1740983798.538,5.345,2.15,3.577,2.212,0.8247,-1.1704,-1.5284,32.2142,1.5553,89.9445
1740983798.618,5.345,2.17,3.577,2.192,0.8345,-1.1701,-1.5444,32.2892,1.549,89.782
1740983798.698,5.343,2.194,3.575,2.168,0.8438,-1.1697,-1.5594,32.27,1.4781,89.6783
1740983798.777,5.341,2.217,3.573,2.145,0.8535,-1.1692,-1.5745,32.2862,1.3023,89.7505
1740983798.857,5.344,2.217,3.576,2.145,0.8628,-1.1695,-1.5898,32.3121,1.2406,89.6221
1740983798.937,5.342,2.242,3.574,2.12,0.8715,-1.1692,-1.6053,32.3369,1.3654,89.6369
1740983799.016,5.342,2.266,3.573,2.096,0.8811,-1.1691,-1.6213,32.3657,1.3776,89.5251
1740983801.386,5.344,2.787,3.567,1.58,1.1549,-1.1636,-2.0658,33.9747,1.9838,89.768
1740983801.467,5.344,2.787,3.567,1.58,1.1622,-1.1628,-2.0772,34.026,2.049,89.7377
1740983801.545,5.347,2.809,3.57,1.558,1.1685,-1.1627,-2.087,34.061,1.9707,89.7077
1740983801.625,5.347,2.828,3.568,1.54,1.1739,-1.1626,-2.0956,34.2589,1.9907,89.6841
1740983801.704,5.347,2.841,3.565,1.529,1.1791,-1.1624,-2.1042,34.733,1.959,89.7159
1740983801.784,5.346,2.861,3.56,1.511,1.1846,-1.1619,-2.1129,35.1752,1.9076,89.7115
1740983801.863,5.351,2.861,3.56,1.513,1.1911,-1.1625,-2.1232,35.7195,1.7716,89.7642
1740983801.945,5.356,2.874,3.56,1.503,1.1979,-1.1623,-2.1345,36.2693,1.8257,89.7627
1740983802.023,5.358,2.888,3.555,1.493,1.2047,-1.1622,-2.1455,36.8914,1.8956,89.7515
1740983802.102,5.358,2.906,3.549,1.479,1.2118,-1.1623,-2.1565,37.4568,1.9163,89.7148
1740983802.182,5.36,2.921,3.55,1.464,1.2192,-1.1619,-2.1665,37.5522,1.9194,89.7416
1740983802.262,5.364,2.921,3.553,1.465,1.2261,-1.1611,-2.1763,37.6048,2.0418,89.6389
1740983802.341,5.367,2.944,3.555,1.442,1.234,-1.1613,-2.1862,37.6488,1.8567,89.6433
1740983802.421,5.372,2.96,3.56,1.426,1.2418,-1.161,-2.1964,37.6651,1.8104,89.617
1740983802.501,5.372,2.978,3.561,1.408,1.2493,-1.161,-2.2062,37.6085,1.7482,89.7549
1740983802.582,5.374,2.991,3.563,1.395,1.2568,-1.1607,-2.2167,37.5936,1.8134,89.7542
1740983802.66,5.374,2.991,3.564,1.395,1.2646,-1.1608,-2.2272,37.5121,1.8846,89.7623
1740983802.74,5.379,3.0,3.578,1.381,1.2726,-1.1603,-2.2375,36.7203,1.9769,89.7899
1740983802.819,5.379,3.021,3.588,1.354,1.2809,-1.1604,-2.2472,35.7401,2.0026,89.8422
1740983802.899,5.375,3.029,3.593,1.341,1.2888,-1.1601,-2.2569,34.7311,1.9926,89.8045
1740983802.98,5.368,3.043,3.593,1.323,1.2968,-1.1598,-2.2667,33.6807,1.9787,89.8156
1740983803.058,5.365,3.043,3.595,1.32,1.3039,-1.1594,-2.276,32.6395,1.9312,89.9105
1740983803.138,5.362,3.054,3.595,1.308,1.3113,-1.1594,-2.2862,31.8798,1.8514,89.9581
1740983803.217,5.362,3.072,3.595,1.29,1.318,-1.1588,-2.2973,31.87,1.8023,89.9977
1740983803.297,5.366,3.086,3.599,1.276,1.3245,-1.1589,-2.3092,31.9092,1.9139,89.9497
1740983803.377,5.366,3.1,3.599,1.262,1.3311,-1.1588,-2.3206,31.9315,1.9191,89.9091
1740983803.456,5.367,3.1,3.6,1.262,1.3374,-1.1584,-2.3315,32.0192,1.9753,89.8634
1740983803.536,5.365,3.117,3.598,1.245,1.3437,-1.1581,-2.3422,32.055,1.9721,89.8409
1740983803.616,5.365,3.133,3.597,1.229,1.3506,-1.1579,-2.353,32.0886,1.8878,89.7619
1740983803.695,5.364,3.142,3.597,1.22,1.3581,-1.1577,-2.3651,32.0508,1.8,89.8227
1740983803.777,5.365,3.16,3.598,1.202,1.3663,-1.1572,-2.379,31.9586,1.7693,89.9139
1740983805.905,5.365,3.614,3.595,0.75,1.6068,-1.1486,-2.776,32.7029,1.7921,90.4552
1740983805.985,5.366,3.636,3.596,0.728,1.6154,-1.1479,-2.7896,32.7752,1.7351,90.422
1740983806.065,5.365,3.657,3.595,0.707,1.6201,-1.1481,-2.7976,32.6907,1.6959,90.3585
1740983806.144,5.365,3.657,3.595,0.707,1.62,-1.1486,-2.7973,32.7272,1.7125,90.4124
1740983806.224,5.369,3.678,3.599,0.686,1.6188,-1.1485,-2.795,32.7207,1.7043,90.4795
1740983806.304,5.369,3.678,3.599,0.686,1.6179,-1.1484,-2.7936,32.6674,1.6977,90.4702
1740983806.383,5.367,3.676,3.597,0.688,1.6174,-1.1485,-2.7931,32.7253,1.7167,90.4716
1740983806.463,5.365,3.675,3.595,0.689,1.6173,-1.1485,-2.793,32.6953,1.7105,90.4709
1740983806.543,5.367,3.675,3.597,0.689,1.6174,-1.1486,-2.7931,32.6996,1.7127,90.4585
1740983806.622,5.368,3.674,3.598,0.69,1.6173,-1.1485,-2.7931,32.688,1.7027,90.4592
1740983806.702,5.368,3.675,3.598,0.689,1.6175,-1.1485,-2.7932,32.6807,1.6961,90.4599
1740983806.782,5.366,3.676,3.596,0.688,1.6175,-1.1485,-2.7931,32.6797,1.6948,90.4604
1740983806.861,5.368,3.676,3.598,0.688,1.6174,-1.1485,-2.7931,32.6778,1.6914,90.4754
1740983806.941,5.365,3.673,3.595,0.691,1.6175,-1.1485,-2.7932,32.6726,1.6855,90.4792
1740983807.02,5.366,3.673,3.596,0.691,1.6175,-1.1486,-2.7932,32.6684,1.6831,90.4908
1740983807.1,5.366,3.674,3.596,0.69,1.6174,-1.1485,-2.7931,32.6699,1.6801,90.5011
1740983807.182,5.368,3.674,3.598,0.69,1.6174,-1.1486,-2.7931,32.67,1.6785,90.5077
1740983807.26,5.366,3.674,3.596,0.69,1.6174,-1.1484,-2.7929,32.6679,1.6714,90.5204
1740983807.339,5.366,3.677,3.596,0.687,1.6174,-1.1485,-2.7931,32.6733,1.6735,90.5149
1740983807.419,5.366,3.676,3.596,0.688,1.6176,-1.1486,-2.7932,32.6624,1.6642,90.5132
1740983807.498,5.366,3.675,3.596,0.689,1.6174,-1.1486,-2.7931,32.6646,1.6752,90.5126
1740983807.578,5.367,3.674,3.597,0.69,1.6174,-1.1486,-2.7931,32.6708,1.6678,90.515
1740983807.658,5.367,3.674,3.597,0.69,1.6174,-1.1486,-2.7929,32.6719,1.671,90.5139
1740983807.737,5.366,3.674,3.596,0.69,1.6173,-1.1486,-2.793,32.6771,1.6727,90.5108
1740983807.817,5.367,3.674,3.597,0.69,1.6175,-1.1485,-2.7931,32.6822,1.6691,90.5129
1740983807.897,5.367,3.672,3.597,0.692,1.6175,-1.1486,-2.7931,32.6818,1.678,90.5212
1740983807.976,5.367,3.674,3.597,0.69,1.6174,-1.1484,-2.7931,32.6799,1.6819,90.5142
1740983808.056,5.366,3.674,3.596,0.69,1.6174,-1.1486,-2.7931,32.6777,1.6879,90.5073
1740983808.136,5.368,3.673,3.598,0.691,1.6175,-1.1486,-2.7932,32.6707,1.6836,90.5106
1740983808.215,5.368,3.675,3.598,0.689,1.6174,-1.1485,-2.7932,32.6787,1.6811,90.5143
1740983808.295,5.365,3.676,3.595,0.688,1.6175,-1.1485,-2.7931,32.6652,1.6716,90.5196
1740983808.375,5.366,3.674,3.596,0.69,1.6176,-1.1486,-2.7932,32.6622,1.6628,90.5181
1740983808.454,5.367,3.674,3.597,0.69,1.6175,-1.1486,-2.7931,32.6536,1.6708,90.5182
1740983808.534,5.365,3.676,3.595,0.688,1.6174,-1.1485,-2.7931,32.6575,1.6713,90.5128
1740983808.613,5.365,3.676,3.595,0.688,1.6173,-1.1485,-2.7931,32.6533,1.6691,90.5121
1740983808.693,5.369,3.675,3.599,0.689,1.6174,-1.1485,-2.7931,32.6542,1.6629,90.5089
1740983808.773,5.368,3.675,3.598,0.689,1.6175,-1.1486,-2.7932,32.6627,1.6706,90.5082
1740983808.852,5.365,3.675,3.595,0.689,1.6174,-1.1485,-2.7931,32.6723,1.6732,90.5161
1740983808.932,5.369,3.673,3.599,0.691,1.6175,-1.1486,-2.7931,32.6735,1.6703,90.5263
1740983809.012,5.369,3.677,3.599,0.687,1.6175,-1.1486,-2.7931,32.6738,1.675,90.5181
1740983809.091,5.367,3.674,3.597,0.69,1.6174,-1.1486,-2.793,32.6751,1.6776,90.5179
1740983809.171,5.367,3.677,3.597,0.687,1.6173,-1.1485,-2.7932,32.6687,1.6678,90.5122
1740983809.25,5.367,3.677,3.597,0.687,1.6173,-1.1486,-2.793,32.666,1.6669,90.5191
1740983809.33,5.365,3.674,3.595,0.69,1.6175,-1.1486,-2.7932,32.6667,1.6561,90.5244
1740983809.41,5.365,3.675,3.595,0.689,1.6175,-1.1485,-2.7931,32.6642,1.652,90.5227
1740983809.489,5.366,3.673,3.596,0.691,1.6173,-1.1485,-2.7932,32.6677,1.6543,90.5206
1740983809.569,5.365,3.675,3.595,0.689,1.6174,-1.1485,-2.7931,32.6637,1.6348,90.5335
1740983809.649,5.365,3.675,3.595,0.689,1.6175,-1.1485,-2.7932,32.6651,1.6526,90.5147
1740983809.729,5.367,3.675,3.597,0.689,1.6175,-1.1485,-2.7932,32.6638,1.6609,90.5125
1740983809.808,5.367,3.674,3.597,0.69,1.6175,-1.1486,-2.7932,32.6666,1.6629,90.5158
1740983809.888,5.368,3.675,3.598,0.689,1.6173,-1.1485,-2.793,32.6601,1.6676,90.5256
1740983809.967,5.367,3.676,3.597,0.688,1.6175,-1.1486,-2.7933,32.657,1.6655,90.5184
1740983810.047,5.366,3.676,3.596,0.688,1.6175,-1.1486,-2.7931,32.6572,1.6624,90.5269
1740983810.127,5.367,3.676,3.597,0.688,1.6175,-1.1486,-2.7931,32.6672,1.662,90.5345
1740983810.206,5.367,3.674,3.597,0.69,1.6175,-1.1485,-2.7931,32.6696,1.6702,90.5248
1740983810.286,5.366,3.673,3.596,0.691,1.6173,-1.1485,-2.7931,32.6745,1.6755,90.5308
1740983810.366,5.365,3.674,3.595,0.69,1.6174,-1.1485,-2.793,32.6686,1.6791,90.5265
1740983810.445,5.366,3.674,3.596,0.69,1.6174,-1.1486,-2.793,32.6669,1.6731,90.524
1740983810.525,5.366,3.676,3.596,0.688,1.6175,-1.1485,-2.7931,32.6722,1.6781,90.5179
1740983810.605,5.366,3.674,3.596,0.69,1.6174,-1.1485,-2.793,32.6718,1.6782,90.519
1740983810.684,5.365,3.675,3.595,0.689,1.6175,-1.1485,-2.793,32.6708,1.67,90.521
1740983810.764,5.365,3.674,3.595,0.69,1.6175,-1.1486,-2.7931,32.6614,1.6718,90.5163
1740983810.843,5.366,3.674,3.596,0.69,1.6174,-1.1485,-2.793,32.6616,1.6711,90.5205
1740983810.923,5.368,3.674,3.598,0.69,1.6175,-1.1485,-2.7931,32.671,1.6646,90.5162
1740983811.003,5.368,3.676,3.598,0.688,1.6174,-1.1485,-2.793,32.6686,1.6585,90.5222
1740983811.082,5.369,3.674,3.599,0.69,1.6175,-1.1485,-2.7931,32.6629,1.6577,90.5183
1740983811.162,5.366,3.675,3.596,0.689,1.6174,-1.1485,-2.793,32.6517,1.6637,90.5248
1740983811.242,5.366,3.675,3.596,0.689,1.6175,-1.1485,-2.7931,32.6555,1.6653,90.516
1740983811.321,5.367,3.675,3.597,0.689,1.6174,-1.1485,-2.7931,32.6516,1.6672,90.5198
1740983811.401,5.367,3.675,3.597,0.689,1.6174,-1.1485,-2.793,32.6581,1.6676,90.509
1740983811.481,5.366,3.675,3.596,0.689,1.6176,-1.1486,-2.7932,32.6596,1.6555,90.5178
1740983811.56,5.365,3.675,3.595,0.689,1.6175,-1.1486,-2.7931,32.6535,1.651,90.5267
1740983811.64,5.366,3.675,3.596,0.689,1.6174,-1.1485,-2.7932,32.6529,1.6577,90.5225
1740983811.719,5.365,3.674,3.595,0.69,1.6173,-1.1486,-2.7931,32.6435,1.6466,90.5344
1740983811.799,5.365,3.676,3.595,0.688,1.6174,-1.1485,-2.7931,32.6375,1.6419,90.5309
1740983811.879,5.368,3.675,3.598,0.689,1.6173,-1.1485,-2.7931,32.64,1.6471,90.5307
1740983811.958,5.367,3.675,3.597,0.689,1.6174,-1.1485,-2.7931,32.6458,1.6435,90.5323
1740983812.038,5.365,3.675,3.595,0.689,1.6174,-1.1485,-2.7931,32.6536,1.6425,90.5365
1740983812.118,5.365,3.675,3.595,0.689,1.6174,-1.1485,-2.793,32.6538,1.6362,90.5477
1740983812.197,5.365,3.674,3.595,0.69,1.6175,-1.1486,-2.7931,32.653,1.6458,90.5382
1740983812.277,5.366,3.674,3.596,0.69,1.6173,-1.1486,-2.793,32.666,1.6545,90.5383
1740983812.357,5.366,3.675,3.596,0.689,1.6174,-1.1486,-2.793,32.6618,1.6455,90.5469
