Timestamp,d_laser_x,d_laser_z,laser_x,laser_z,X,Y,Z,Yaw,Roll,Pitch,X_aligned,Z_aligned,Error,High_Error_Flag
1740983054.381,4.038,2.043,0.226,-0.272,-1.0658,-1.1994,-4.8176,34.7586,0.5298,90.3393,0.02333816083107454,-0.2657445152556037,0.19992504842480446,1
1740983054.46,4.038,2.043,0.226,-0.272,-1.0656,-1.1995,-4.8177,34.7601,0.5426,90.324,0.023148511668810823,-0.26586297704375594,0.20010841217351874,1
1740983054.54,4.038,2.043,0.226,-0.272,-1.0657,-1.1995,-4.8179,34.7496,0.5449,90.3379,0.02303004988065771,-0.2656733278814918,0.20023641304162293,1
1740983054.62,4.038,2.043,0.226,-0.272,-1.0657,-1.1995,-4.8177,34.7465,0.5418,90.3374,0.023200678976085243,-0.26577766249604196,0.20006065296719938,1
1740983054.699,4.04,2.042,0.224,-0.271,-1.0657,-1.1994,-4.8175,34.7471,0.5535,90.3362,0.023371308071513663,-0.26588199711059257,0.19988493846097702,1
1740983054.779,4.04,2.042,0.224,-0.271,-1.0658,-1.1994,-4.8177,34.7466,0.5574,90.3206,0.023252846283360107,-0.26569234794832797,0.20001293235367884,1
1740983054.859,4.039,2.043,0.225,-0.272,-1.0657,-1.1995,-4.8178,34.7475,0.5435,90.3272,0.0231153644283717,-0.26572549518876665,0.20014852731588786,1
1740983054.938,4.039,2.043,0.225,-0.272,-1.0657,-1.1995,-4.8178,34.7388,0.5416,90.3276,0.0231153644283717,-0.26572549518876665,0.20014852731588786,1
1740983055.018,4.04,2.042,0.224,-0.271,-1.0658,-1.1994,-4.8176,34.745,0.5428,90.3329,0.02333816083107454,-0.2657445152556037,0.19992504842480446,1
1740983055.098,4.039,2.042,0.225,-0.271,-1.0656,-1.1995,-4.8177,34.7492,0.5351,90.3306,0.023148511668810823,-0.26586297704375594,0.20010841217351874,1
1740983055.177,4.039,2.042,0.225,-0.271,-1.0657,-1.1994,-4.8178,34.741,0.5286,90.3331,0.0231153644283717,-0.26572549518876665,0.20014852731588786,1
1740983055.257,4.039,2.044,0.225,-0.273,-1.0658,-1.1994,-4.8176,34.7454,0.5219,90.35,0.02333816083107454,-0.2657445152556037,0.19992504842480446,1
1740983055.337,4.039,2.043,0.225,-0.272,-1.0658,-1.1995,-4.8177,34.7537,0.5286,90.3454,0.023252846283360107,-0.26569234794832797,0.20001293235367884,1
1740983055.416,4.04,2.043,0.224,-0.272,-1.0656,-1.1994,-4.8179,34.7493,0.5305,90.3338,0.02297788257338329,-0.26575864242920577,0.20028413033667972,1
1740983055.496,4.039,2.043,0.225,-0.272,-1.0658,-1.1994,-4.8176,34.7552,0.5328,90.3447,0.02333816083107454,-0.2657445152556037,0.19992504842480446,1
1740983055.575,4.039,2.044,0.225,-0.273,-1.0658,-1.1994,-4.8177,34.7545,0.5343,90.3307,0.023252846283360107,-0.26569234794832797,0.20001293235367884,1
1740983055.655,4.038,2.044,0.226,-0.273,-1.0657,-1.1995,-4.8176,34.7568,0.5334,90.3281,0.02328599352380012,-0.26582982980331726,0.19997279001055396,1
1740983055.735,4.04,2.043,0.224,-0.272,-1.0656,-1.1995,-4.8177,34.7501,0.5384,90.3177,0.023148511668810823,-0.26586297704375594,0.20010841217351874,1
1740983055.814,4.038,2.044,0.226,-0.273,-1.0659,-1.1994,-4.8176,34.7574,0.5467,90.3226,0.02339032813834896,-0.26565920070788973,0.19987734546645278,1
1740983055.894,4.039,2.044,0.225,-0.273,-1.0657,-1.1995,-4.8176,34.751,0.5344,90.3297,0.02328599352380012,-0.26582982980331726,0.19997279001055396,1
1740983055.974,4.039,2.043,0.225,-0.272,-1.0657,-1.1994,-4.8176,34.75,0.5364,90.3319,0.02328599352380012,-0.26582982980331726,0.19997279001055396,1
1740983056.053,4.039,2.043,0.225,-0.272,-1.0657,-1.1993,-4.8174,34.7477,0.5466,90.3331,0.023456622619227208,-0.26593416441786744,0.19979709833351442,1
1740983056.133,4.039,2.043,0.225,-0.272,-1.0656,-1.1994,-4.8178,34.7508,0.5397,90.3275,0.023063197121096835,-0.26581080973648064,0.20019626555873507,1
1740983056.213,4.039,2.044,0.225,-0.273,-1.0656,-1.1996,-4.8178,34.7476,0.5474,90.3344,0.023063197121096835,-0.26581080973648064,0.20019626555873507,1
1740983056.294,4.04,2.044,0.224,-0.273,-1.0657,-1.1994,-4.8177,34.7459,0.5468,90.3344,0.023200678976085243,-0.26577766249604196,0.20006065296719938,1
1740983056.372,4.04,2.043,0.224,-0.272,-1.0656,-1.1994,-4.8177,34.75,0.5459,90.3349,0.023148511668810823,-0.26586297704375594,0.20010841217351874,1
1740983056.452,4.04,2.043,0.224,-0.272,-1.0657,-1.1994,-4.8177,34.7519,0.5675,90.3029,0.023200678976085243,-0.26577766249604196,0.20006065296719938,1
1740983056.531,4.04,2.042,0.224,-0.271,-1.0691,-1.1993,-4.8122,34.738,0.5513,90.3489,0.02966666754769065,-0.26574616977390253,0.19360505796962227,1
1740983056.611,4.038,2.045,0.225,-0.275,-1.0786,-1.1997,-4.7967,34.5579,0.4094,90.4476,0.047846316634442054,-0.2657272203687291,0.175454674482827,1
1740983138.505,4.025,2.188,0.238,-0.417,-0.943,-1.1987,-4.7513,34.5438,0.8853,90.3941,0.015840252632197238,-0.4050977045717228,0.15099944612299265,1
1740983138.585,4.025,2.19,0.239,-0.419,-0.9389,-1.1983,-4.7581,34.7319,0.9121,90.4041,0.007900003789388599,-0.4050482241332829,0.15890269964697679,1
1740983138.664,4.037,2.189,0.227,-0.417,-0.9345,-1.1981,-4.7647,34.8146,0.9393,90.3698,-2.6117879816656142e-05,-0.4053590219525347,0.1667612425371197,1
1740983138.744,4.044,2.191,0.221,-0.419,-0.9295,-1.1983,-4.7721,34.9598,0.8531,90.4298,-0.008947759774379893,-0.4057643685998693,0.17560991747118038,1
1740983138.824,4.058,2.19,0.208,-0.417,-0.924,-1.1976,-4.7796,35.0831,0.7685,90.4607,-0.018215552753030995,-0.40654412067849766,0.18478187769113774,1
1740983138.903,4.069,2.19,0.198,-0.417,-0.9191,-1.1975,-4.7867,35.1941,0.6994,90.4948,-0.026829083697177847,-0.4070206546999442,0.19333514324744847,1
1740983138.983,4.069,2.192,0.198,-0.419,-0.9146,-1.1975,-4.793,35.2427,0.6486,90.5285,-0.03455142903051556,-0.40757326898873547,0.20100038007882168,1
1740983139.063,4.079,2.193,0.189,-0.42,-0.9118,-1.1972,-4.7974,35.3262,0.643,90.5481,-0.0397659537336188,-0.40766671480461847,0.20619748836978383,1
1740983139.142,4.093,2.193,0.175,-0.42,-0.911,-1.1973,-4.7984,35.3296,0.6271,90.5746,-0.04103643766895537,-0.4078275581135782,0.2074550547658514,1
1740983139.222,4.102,2.194,0.166,-0.421,-0.9112,-1.1974,-4.7981,35.3219,0.6312,90.5923,-0.04067615941126412,-0.40781343093997613,0.20709640381369504,1
1740983139.302,4.101,2.194,0.167,-0.421,-0.9114,-1.1973,-4.798,35.3267,0.6298,90.6043,-0.040486510249001295,-0.407694969151823,0.20691472340237624,1
1740983139.381,4.101,2.195,0.167,-0.422,-0.9113,-1.1973,-4.7979,35.329,0.6295,90.6044,-0.04045336300856217,-0.40783245100681187,0.20687284849402823,1
1740983139.461,4.099,2.194,0.169,-0.421,-0.9113,-1.1973,-4.798,35.3246,0.6366,90.6011,-0.040538677556275715,-0.407780283699537,0.20696131577123286,1
1740983139.541,4.102,2.194,0.166,-0.421,-0.9114,-1.1974,-4.7981,35.3296,0.6461,90.5957,-0.04057182479671484,-0.40764280184454815,0.2070032210918677,1
1740983139.62,4.101,2.194,0.167,-0.421,-0.9115,-1.1973,-4.7978,35.3309,0.6398,90.5974,-0.040263713846298455,-0.40771398921865964,0.20669116510424335,1
1740983139.7,4.101,2.194,0.167,-0.42,-0.9114,-1.1973,-4.7981,35.3362,0.6437,90.5807,-0.04057182479671484,-0.40764280184454815,0.2070032210918677,1
1740983139.779,4.101,2.195,0.167,-0.422,-0.9113,-1.1974,-4.798,35.3274,0.6459,90.5808,-0.040538677556275715,-0.407780283699537,0.20696131577123286,1
1740983139.859,4.1,2.194,0.168,-0.421,-0.9115,-1.1973,-4.7979,35.3193,0.6425,90.5946,-0.04034902839401289,-0.40766182191138434,0.20677966175104545,1
1740983139.939,4.098,2.194,0.17,-0.421,-0.9114,-1.1974,-4.798,35.3168,0.6291,90.5907,-0.040486510249001295,-0.407694969151823,0.20691472340237624,1
1740983140.018,4.099,2.194,0.169,-0.421,-0.9114,-1.1974,-4.798,35.3093,0.6292,90.5886,-0.040486510249001295,-0.407694969151823,0.20691472340237624,1
1740983140.098,4.101,2.194,0.167,-0.421,-0.9114,-1.1972,-4.7978,35.3036,0.6284,90.5992,-0.040315881153572874,-0.40779930376637363,0.20673775948584644,1
1740983140.178,4.101,2.194,0.167,-0.421,-0.9114,-1.1975,-4.7981,35.3075,0.6244,90.5859,-0.04057182479671484,-0.40764280184454815,0.2070032210918677,1
1740983140.257,4.098,2.195,0.17,-0.422,-0.9114,-1.1973,-4.7979,35.3071,0.6102,90.5989,-0.04040119570128731,-0.4077471364590983,0.20682623619588222,1
1740983140.337,4.1,2.194,0.168,-0.421,-0.9114,-1.1973,-4.798,35.313,0.6227,90.584,-0.040486510249001295,-0.407694969151823,0.20691472340237624,1
1740983140.417,4.099,2.193,0.169,-0.42,-0.9115,-1.1974,-4.7981,35.3159,0.6206,90.5916,-0.04051965748944042,-0.40755748729683416,0.20695668647649576,1
1740983140.496,4.099,2.193,0.169,-0.42,-0.9114,-1.1973,-4.7979,35.3179,0.6223,90.5828,-0.04040119570128731,-0.4077471364590983,0.20682623619588222,1
1740983140.576,4.099,2.195,0.169,-0.422,-0.9114,-1.1974,-4.7983,35.314,0.6272,90.5796,-0.04074245389214326,-0.40753846722999754,0.20718024786611014,1
1740983140.656,4.1,2.196,0.168,-0.423,-0.9114,-1.1973,-4.7982,35.3139,0.636,90.5938,-0.04065713934442883,-0.40759063453727284,0.20709172925091832,1
1740983140.735,4.101,2.194,0.167,-0.421,-0.9115,-1.1975,-4.798,35.3026,0.6329,90.5983,-0.04043434294172643,-0.4076096546041095,0.20686816887961174,1
1740983140.815,4.1,2.194,0.167,-0.421,-0.9115,-1.1974,-4.7981,35.2913,0.6448,90.5851,-0.04051965748944042,-0.40755748729683416,0.20695668647649576,1
1740983140.895,4.1,2.194,0.167,-0.421,-0.9115,-1.1974,-4.7982,35.2826,0.6359,90.5869,-0.040604972037153964,-0.4075053199895593,0.20704521452827004,1
1740983140.974,4.101,2.194,0.166,-0.421,-0.9115,-1.1974,-4.7982,35.2844,0.6215,90.5965,-0.040604972037153964,-0.4075053199895593,0.20704521452827004,1
1740983153.717,4.07,2.568,0.188,-0.799,-0.6011,-1.1908,-4.5811,33.5423,0.2324,90.9669,-0.01731441073056761,-0.7855769001879218,0.1643464338254715,1
1740983153.797,4.069,2.568,0.189,-0.799,-0.6011,-1.1907,-4.581,33.5465,0.2339,90.9756,-0.01722909618285362,-0.7856290674951971,0.1642527225410914,1
1740983153.876,4.069,2.563,0.189,-0.794,-0.6011,-1.1908,-4.581,33.5422,0.2314,90.9817,-0.01722909618285362,-0.7856290674951971,0.1642527225410914,1
1740983153.956,4.071,2.564,0.187,-0.795,-0.6011,-1.1908,-4.581,33.5371,0.2353,90.9806,-0.01722909618285362,-0.7856290674951971,0.1642527225410914,1
1740983154.036,4.071,2.562,0.187,-0.793,-0.6011,-1.1908,-4.581,33.5304,0.2343,90.9734,-0.01722909618285362,-0.7856290674951971,0.1642527225410914,1
1740983154.115,4.071,2.563,0.187,-0.794,-0.6011,-1.1908,-4.5811,33.5407,0.2381,90.9656,-0.01731441073056761,-0.7855769001879218,0.1643464338254715,1
1740983154.195,4.071,2.563,0.187,-0.794,-0.6011,-1.1908,-4.5812,33.5369,0.2336,90.9638,-0.017399725278281153,-0.785524732880647,0.1644401525179883,1
1740983154.275,4.071,2.562,0.187,-0.793,-0.6011,-1.1909,-4.5812,33.5429,0.2356,90.9651,-0.017399725278281153,-0.785524732880647,0.1644401525179883,1
1740983154.354,4.07,2.568,0.188,-0.799,-0.601,-1.1909,-4.5812,33.5359,0.2238,90.9721,-0.017451892585555573,-0.7856100474283609,0.16447505203497434,1
1740983154.434,4.072,2.57,0.186,-0.801,-0.6011,-1.1908,-4.581,33.5358,0.2252,90.9747,-0.01722909618285362,-0.7856290674951971,0.1642527225410914,1
1740983154.514,4.07,2.569,0.188,-0.8,-0.601,-1.1908,-4.5811,33.5337,0.2246,90.9759,-0.01736657803784203,-0.7856622147356358,0.16438135323971012,1
1740983154.593,4.072,2.569,0.186,-0.8,-0.6012,-1.1908,-4.5812,33.5264,0.2322,90.97,-0.017347557971006733,-0.785439418332933,0.16440530641792248,1
1740983154.673,4.072,2.569,0.186,-0.8,-0.601,-1.1908,-4.581,33.5237,0.2283,90.9644,-0.017281263490128485,-0.7857143820429107,0.16428766187370614,1
1740983154.753,4.071,2.568,0.187,-0.799,-0.601,-1.1909,-4.5815,33.5212,0.2344,90.954,-0.017707836228697982,-0.785453545506535,0.16475619286957216,1
1740983154.832,4.071,2.563,0.187,-0.794,-0.6011,-1.191,-4.5815,33.5186,0.2278,90.9678,-0.017655668921423118,-0.7853682309588215,0.1647213529179117,1
1740983154.912,4.071,2.563,0.187,-0.794,-0.6012,-1.1909,-4.5812,33.5212,0.2214,90.9703,-0.017347557971006733,-0.785439418332933,0.16440530641792248,1
1740983154.992,4.071,2.563,0.187,-0.794,-0.6011,-1.1908,-4.5812,33.5163,0.2212,90.9697,-0.017399725278281153,-0.785524732880647,0.1644401525179883,1
1740983155.071,4.071,2.563,0.187,-0.794,-0.6011,-1.1909,-4.5813,33.52,0.2256,90.9606,-0.01748503982599514,-0.7854725655733721,0.16453387860598362,1
1740983155.151,4.071,2.568,0.187,-0.799,-0.6011,-1.1909,-4.5812,33.5221,0.2266,90.9674,-0.017399725278281153,-0.785524732880647,0.1644401525179883,1
1740983155.231,4.072,2.563,0.186,-0.794,-0.6011,-1.1909,-4.5812,33.5254,0.2279,90.9685,-0.017399725278281153,-0.785524732880647,0.1644401525179883,1
1740983155.31,4.07,2.564,0.188,-0.795,-0.6011,-1.1909,-4.5812,33.5217,0.2163,90.9809,-0.017399725278281153,-0.785524732880647,0.1644401525179883,1
1740983155.39,4.07,2.564,0.188,-0.795,-0.6011,-1.1909,-4.5814,33.5153,0.2191,90.978,-0.017570354373709574,-0.7854203982660963,0.16462761207682647,1
1740983155.47,4.07,2.568,0.188,-0.799,-0.6009,-1.1909,-4.5813,33.5085,0.219,90.9759,-0.01758937444054398,-0.7856431946687996,0.16460369124860208,1
1740983155.549,4.071,2.563,0.187,-0.794,-0.6011,-1.1909,-4.5814,33.5189,0.2228,90.9709,-0.017570354373709574,-0.7854203982660963,0.16462761207682647,1
1740983155.629,4.07,2.567,0.188,-0.798,-0.6011,-1.1909,-4.5812,33.5174,0.2302,90.9702,-0.017399725278281153,-0.785524732880647,0.1644401525179883,1
1740983155.708,4.073,2.569,0.185,-0.8,-0.6011,-1.1908,-4.5815,33.5233,0.2244,90.9681,-0.017655668921423118,-0.7853682309588215,0.1647213529179117,1
1740983155.788,4.071,2.569,0.187,-0.8,-0.601,-1.191,-4.5815,33.528,0.2126,90.9789,-0.017707836228697982,-0.785453545506535,0.16475619286957216,1
1740983155.868,4.071,2.568,0.187,-0.799,-0.6012,-1.1909,-4.5811,33.5331,0.2173,90.9683,-0.017262243423292745,-0.7854915856402083,0.16431156785017192,1
1740983155.947,4.071,2.568,0.187,-0.799,-0.6011,-1.1909,-4.5814,33.5381,0.2195,90.9621,-0.017570354373709574,-0.7854203982660963,0.16462761207682647,1
1740983156.027,4.071,2.564,0.187,-0.795,-0.6011,-1.1909,-4.5814,33.5388,0.2172,90.9601,-0.017570354373709574,-0.7854203982660963,0.16462761207682647,1
1740983156.107,4.073,2.563,0.185,-0.794,-0.6011,-1.1909,-4.5815,33.5346,0.2158,90.9587,-0.017655668921423118,-0.7853682309588215,0.1647213529179117,1
1740983156.186,4.072,2.563,0.186,-0.794,-0.6011,-1.191,-4.5815,33.5262,0.2059,90.9785,-0.017655668921423118,-0.7853682309588215,0.1647213529179117,1
1740983156.266,4.072,2.563,0.186,-0.794,-0.601,-1.191,-4.5814,33.522,0.2031,90.9904,-0.017622521680983994,-0.7855057128138103,0.1646624718625538,1
1740983156.346,4.07,2.568,0.188,-0.799,-0.6011,-1.1908,-4.5813,33.5323,0.2031,90.9886,-0.01748503982599514,-0.7854725655733721,0.16453387860598362,1
1740983156.425,4.071,2.563,0.187,-0.794,-0.6011,-1.1908,-4.5813,33.5377,0.2009,90.9887,-0.01748503982599514,-0.7854725655733721,0.16453387860598362,1
1740983156.505,4.07,2.563,0.188,-0.794,-0.6011,-1.1909,-4.5814,33.5312,0.2025,90.9922,-0.017570354373709574,-0.7854203982660963,0.16462761207682647,1
1740983156.585,4.072,2.563,0.186,-0.794,-0.6011,-1.191,-4.5814,33.538,0.2003,91.0029,-0.017570354373709574,-0.7854203982660963,0.16462761207682647,1
1740983156.664,4.072,2.569,0.186,-0.8,-0.601,-1.1909,-4.5815,33.532,0.2017,90.9914,-0.017707836228697982,-0.785453545506535,0.16475619286957216,1
1740983156.744,4.071,2.568,0.187,-0.799,-0.6013,-1.1909,-4.581,33.535,0.2118,90.9933,-0.017124761568304336,-0.7854584383997691,0.16418300429284413,1
1740983156.824,4.07,2.563,0.188,-0.794,-0.6018,-1.1909,-4.5805,33.5517,0.2696,90.9289,-0.016437352293360963,-0.7852927021975757,0.16354050490577443,1
1740983156.903,4.071,2.57,0.187,-0.801,-0.6043,-1.191,-4.5762,33.4839,0.193,90.9225,-0.011464644059795415,-0.7854030327175594,0.15864307074085052,1
1740983217.353,4.039,2.587,0.221,-0.817,-0.5885,-1.1916,-4.564,34.0006,0.5895,90.7075,-0.009298703788082285,-0.8052471427439274,0.15374856824305,1
1740983217.433,4.054,2.584,0.207,-0.813,-0.5826,-1.1922,-4.5734,34.1382,0.6742,90.6355,-0.020396142402397288,-0.8053769741751835,0.1648065119044561,1
1740983217.513,4.054,2.584,0.207,-0.813,-0.5768,-1.1907,-4.5819,34.2367,0.6311,90.7109,-0.030673582780011532,-0.805890996824203,0.175026485060877,1
1740983217.592,4.066,2.59,0.195,-0.819,-0.5714,-1.1903,-4.5902,34.2662,0.628,90.7073,-0.04057172483309923,-0.8061680958969162,0.18488929594317702,1
1740983217.672,4.08,2.586,0.182,-0.815,-0.5654,-1.1903,-4.5988,34.3137,0.5779,90.7689,-0.051038814372976304,-0.8068005803340883,0.19530531808821205,1
1740983217.752,4.096,2.592,0.166,-0.82,-0.5602,-1.1899,-4.6069,34.3699,0.5585,90.7607,-0.06066199271608763,-0.8070113849259242,0.2049055970285291,1
1740983217.831,4.111,2.593,0.151,-0.821,-0.5585,-1.1901,-4.61,34.3711,0.5958,90.702,-0.06419358791888907,-0.806844545711531,0.20844112670570886,1
1740983217.911,4.111,2.593,0.151,-0.822,-0.5586,-1.1903,-4.6098,34.3576,0.5886,90.7386,-0.06397079151618623,-0.8068635657783676,0.20821766837278355,1
1740983217.99,4.117,2.588,0.145,-0.817,-0.5587,-1.1905,-4.6095,34.3595,0.5769,90.7525,-0.0636626805657694,-0.8069347531524795,0.20790646477169078,1
1740983218.07,4.118,2.593,0.144,-0.821,-0.5591,-1.1902,-4.6089,34.3622,0.5637,90.7791,-0.06294212405038735,-0.8069064988052741,0.20718813062734515,1
1740983218.15,4.116,2.589,0.146,-0.817,-0.559,-1.1902,-4.609,34.3655,0.5621,90.7767,-0.06307960590537576,-0.8069396460457132,0.2073238382425216,1
1740983218.229,4.118,2.588,0.144,-0.817,-0.5591,-1.1901,-4.6087,34.3556,0.5428,90.7836,-0.06277149495495937,-0.8070108334198247,0.20701264351453336,1
1740983218.309,4.118,2.588,0.144,-0.817,-0.559,-1.1904,-4.609,34.3582,0.54,90.7761,-0.06307960590537576,-0.8069396460457132,0.2073238382425216,1
1740983218.389,4.117,2.593,0.145,-0.822,-0.5589,-1.1904,-4.6089,34.3559,0.522,90.7846,-0.06304645866493663,-0.8070771279007021,0.2072841031926721,1
1740983218.468,4.117,2.594,0.145,-0.823,-0.5591,-1.1904,-4.6089,34.3465,0.5356,90.7868,-0.06294212405038735,-0.8069064988052741,0.20718813062734515,1
1740983218.548,4.117,2.588,0.145,-0.817,-0.5591,-1.1903,-4.6091,34.3457,0.5368,90.7749,-0.06311275314581488,-0.8068021641907244,0.20736366212726903,1
1740983218.628,4.117,2.589,0.145,-0.818,-0.559,-1.1903,-4.6089,34.3357,0.5285,90.7813,-0.06299429135766221,-0.8069918133529881,0.2072360983386393,1
1740983218.708,4.118,2.589,0.144,-0.818,-0.559,-1.1903,-4.609,34.3424,0.5349,90.7712,-0.06307960590537576,-0.8069396460457132,0.2073238382425216,1
1740983218.787,4.118,2.588,0.144,-0.817,-0.5591,-1.1903,-4.609,34.3492,0.5419,90.769,-0.06302743859810134,-0.8068543314979992,0.20727589083596554,1
1740983218.866,4.118,2.593,0.144,-0.822,-0.5591,-1.1904,-4.6089,34.3519,0.5423,90.767,-0.06294212405038735,-0.8069064988052741,0.20718813062734515,1
1740983218.946,4.116,2.593,0.146,-0.821,-0.5591,-1.1903,-4.609,34.3597,0.5288,90.7655,-0.06302743859810134,-0.8068543314979992,0.20727589083596554,1
1740983219.026,4.116,2.594,0.146,-0.823,-0.559,-1.1902,-4.6089,34.356,0.5281,90.7704,-0.06299429135766221,-0.8069918133529881,0.2072360983386393,1
1740983219.106,4.117,2.594,0.145,-0.823,-0.5591,-1.1902,-4.6089,34.3542,0.5256,90.7664,-0.06294212405038735,-0.8069064988052741,0.20718813062734515,1
1740983219.185,4.116,2.594,0.146,-0.823,-0.559,-1.1905,-4.6091,34.35,0.5197,90.7658,-0.06316492045308975,-0.8068874787384379,0.20741158924370773,1
1740983219.265,4.118,2.589,0.144,-0.818,-0.5591,-1.1904,-4.609,34.3394,0.5089,90.783,-0.06302743859810134,-0.8068543314979992,0.20727589083596554,1
1740983219.345,4.118,2.594,0.144,-0.823,-0.5591,-1.1903,-4.6089,34.3429,0.4997,90.7816,-0.06294212405038735,-0.8069064988052741,0.20718813062734515,1
1740983219.424,4.118,2.594,0.144,-0.823,-0.5591,-1.1903,-4.609,34.3485,0.4999,90.7853,-0.06302743859810134,-0.8068543314979992,0.20727589083596554,1
1740983219.504,4.117,2.594,0.145,-0.823,-0.5591,-1.1903,-4.609,34.3446,0.4949,90.7847,-0.06302743859810134,-0.8068543314979992,0.20727589083596554,1
1740983219.583,4.118,2.595,0.144,-0.824,-0.559,-1.1903,-4.6089,34.3505,0.5003,90.7731,-0.06299429135766221,-0.8069918133529881,0.2072360983386393,1
1740983219.663,4.118,2.588,0.144,-0.817,-0.5591,-1.1903,-4.6088,34.3514,0.4899,90.7807,-0.06285680950267292,-0.8069586661125498,0.20710038151549687,1
1740983219.743,4.118,2.592,0.144,-0.821,-0.5592,-1.1903,-4.6088,34.3501,0.492,90.7783,-0.0628046421953985,-0.8068733515648359,0.2070524306597153,1
1740983235.154,4.123,2.805,0.13,-1.039,-0.3619,-1.1858,-4.5047,32.2922,0.7596,90.5393,-0.07691829527799054,-1.0295051210778325,0.20513814970742117,1
1740983235.234,4.124,2.805,0.129,-1.039,-0.3619,-1.1858,-4.5046,32.2944,0.7708,90.5397,-0.076832980730277,-1.0295572883851074,0.20505051767184607,1
1740983235.313,4.125,2.807,0.128,-1.041,-0.362,-1.1858,-4.5046,32.2955,0.7585,90.5528,-0.07678081342300214,-1.0294719738373934,0.20500235322732693,1
1740983235.393,4.125,2.807,0.128,-1.041,-0.362,-1.1857,-4.5046,32.3045,0.7629,90.5387,-0.07678081342300214,-1.0294719738373934,0.20500235322732693,1
1740983235.472,4.124,2.81,0.129,-1.044,-0.3619,-1.1858,-4.5045,32.3064,0.7569,90.5385,-0.07674766618256301,-1.0296094556923827,0.2049628969584485,1
1740983235.552,4.123,2.806,0.13,-1.04,-0.3619,-1.1857,-4.5047,32.2965,0.7599,90.5312,-0.07691829527799054,-1.0295051210778325,0.20513814970742117,1
1740983235.632,4.125,2.81,0.128,-1.044,-0.362,-1.1857,-4.5047,32.2964,0.7475,90.5409,-0.07686612797071612,-1.0294198065301186,0.205090005842884,1
1740983235.712,4.125,2.805,0.128,-1.039,-0.362,-1.1858,-4.5047,32.297,0.7387,90.5448,-0.07686612797071612,-1.0294198065301186,0.205090005842884,1
1740983235.791,4.123,2.805,0.13,-1.039,-0.3618,-1.1858,-4.5049,32.2908,0.7416,90.5406,-0.07714109168069339,-1.029486101010996,0.20536158786374734,1
1740983235.871,4.123,2.81,0.13,-1.044,-0.3619,-1.1858,-4.5047,32.2969,0.7381,90.5458,-0.07691829527799054,-1.0295051210778325,0.20513814970742117,1
1740983235.95,4.124,2.811,0.129,-1.045,-0.3621,-1.1858,-4.5046,32.2953,0.7451,90.5393,-0.07672864611572772,-1.0293866592896799,0.20495422625550216,1
1740983236.03,4.125,2.81,0.128,-1.044,-0.3619,-1.1857,-4.5048,32.2953,0.7461,90.5457,-0.07700360982570498,-1.0294529537705568,0.2052257930506714,1
1740983236.11,4.125,2.811,0.128,-1.045,-0.3621,-1.1857,-4.5047,32.3001,0.7462,90.5514,-0.07681396066344126,-1.0293344919824046,0.2050418994446839,1
1740983236.189,4.123,2.811,0.13,-1.045,-0.362,-1.1859,-4.5049,32.3017,0.7492,90.534,-0.0770367570661441,-1.029315471915568,0.20526534493776377,1
1740983236.269,4.123,2.81,0.13,-1.044,-0.3619,-1.1857,-4.5048,32.3027,0.7551,90.5371,-0.07700360982570498,-1.0294529537705568,0.2052257930506714,1
1740983236.349,4.123,2.811,0.13,-1.045,-0.362,-1.1858,-4.5048,32.3005,0.7487,90.5411,-0.07695144251843056,-1.0293676392228428,0.2051776697511863,1
1740983236.428,4.123,2.804,0.13,-1.038,-0.3621,-1.1858,-4.5047,32.2916,0.7495,90.5437,-0.07681396066344126,-1.0293344919824046,0.2050418994446839,1
1740983236.508,4.123,2.81,0.13,-1.044,-0.3619,-1.1858,-4.5048,32.2931,0.7439,90.5457,-0.07700360982570498,-1.0294529537705568,0.2052257930506714,1
1740983236.588,4.122,2.81,0.131,-1.044,-0.362,-1.1858,-4.5048,32.2972,0.7512,90.5411,-0.07695144251843056,-1.0293676392228428,0.2051776697511863,1
1740983236.667,4.124,2.811,0.129,-1.045,-0.3621,-1.1858,-4.5047,32.2925,0.7585,90.537,-0.07681396066344126,-1.0293344919824046,0.2050418994446839,1
1740983236.747,4.122,2.81,0.131,-1.044,-0.3619,-1.1858,-4.5048,32.2887,0.7639,90.5251,-0.07700360982570498,-1.0294529537705568,0.2052257930506714,1
1740983236.827,4.124,2.811,0.129,-1.045,-0.3634,-1.1859,-4.5023,32.2848,0.7293,90.5174,-0.0740882365237363,-1.0294774182367274,0.20231246848553797,1
1740983236.906,4.124,2.806,0.129,-1.04,-0.3683,-1.1858,-4.4943,32.1759,0.8208,90.4046,-0.06470687465016356,-1.0294703899807578,0.19294235668860452,1
1740983236.986,4.124,2.806,0.128,-1.04,-0.3781,-1.1852,-4.4777,31.9004,0.7345,90.5333,-0.04543226361673369,-1.02976933731247,0.1736777337394612,1
1740983237.065,4.116,2.807,0.136,-1.042,-0.3898,-1.1869,-4.4581,31.6316,0.8311,90.4968,-0.022607037313667533,-1.0300123274558715,0.15087497455231244,1
1740983285.251,4.03,2.746,0.22,-0.982,-0.4551,-1.189,-4.4768,30.6203,0.9729,90.5805,-0.0044956060858520885,-0.9645466413382291,0.1519815391686621,1
1740983285.331,4.03,2.743,0.22,-0.979,-0.4496,-1.189,-4.4866,30.6081,0.9951,90.4811,-0.015725633661924032,-0.9641265453495294,0.1620589151599432,1
1740983285.41,4.045,2.746,0.205,-0.982,-0.4469,-1.1888,-4.4909,30.5991,0.9794,90.4894,-0.020802676510038864,-0.9641868439249737,0.16655102779165762,1
1740983285.49,4.059,2.749,0.191,-0.985,-0.4471,-1.1889,-4.4908,30.5763,0.9807,90.5123,-0.020613027347775592,-0.9640683821368206,0.16643490995901142,1
1740983285.57,4.065,2.745,0.185,-0.981,-0.4477,-1.1889,-4.4901,30.5854,0.9908,90.523,-0.019702821670130266,-0.9639216660014633,0.1656891057532574,1
1740983285.649,4.065,2.745,0.185,-0.981,-0.4479,-1.1887,-4.4896,30.594,0.9975,90.5158,-0.019171914317011485,-0.964011873442411,0.16517503288436405,1
1740983285.729,4.065,2.742,0.185,-0.978,-0.4478,-1.1888,-4.4899,30.5888,0.9937,90.509,-0.019480025267427425,-0.9639406860683,0.16548189768303517,1
1740983285.809,4.063,2.75,0.187,-0.986,-0.4478,-1.1889,-4.49,30.5864,0.9909,90.5046,-0.019565339815141858,-0.9638885187610247,0.16558159356846167,1
1740983285.888,4.066,2.747,0.184,-0.983,-0.4478,-1.1888,-4.49,30.5821,0.9944,90.4967,-0.019565339815141858,-0.9638885187610247,0.16558159356846167,1
1740983285.968,4.065,2.748,0.185,-0.984,-0.4477,-1.1888,-4.49,30.5862,0.9993,90.4974,-0.019617507122416278,-0.9639738333087382,0.16558941420701268,1
1740983286.047,4.065,2.748,0.185,-0.984,-0.4478,-1.1889,-4.4901,30.5986,0.9979,90.4966,-0.019650654362855402,-0.9638363514537494,0.1656812898204371,1
1740983286.127,4.065,2.749,0.185,-0.985,-0.4479,-1.1889,-4.4901,30.6028,1.0015,90.4892,-0.019598487055580982,-0.9637510369060354,0.165673533878569,1
1740983286.207,4.064,2.743,0.186,-0.979,-0.4478,-1.1889,-4.4903,30.6007,0.9958,90.4814,-0.019821283458283823,-0.9637320168391987,0.16588068342139464,1
1740983286.286,4.064,2.742,0.186,-0.978,-0.4478,-1.1889,-4.4904,30.6054,1.0025,90.4792,-0.01990659800599781,-0.9636798495319239,0.16598038076905794,1
1740983286.366,4.064,2.745,0.186,-0.981,-0.4478,-1.1889,-4.4903,30.5997,0.991,90.4856,-0.019821283458283823,-0.9637320168391987,0.16588068342139464,1
1740983286.446,4.064,2.745,0.186,-0.981,-0.4479,-1.1889,-4.4901,30.6201,0.9815,90.489,-0.019598487055580982,-0.9637510369060354,0.165673533878569,1
1740983286.525,4.064,2.749,0.186,-0.985,-0.4478,-1.1888,-4.4903,30.6216,0.9866,90.4746,-0.019821283458283823,-0.9637320168391987,0.16588068342139464,1
1740983286.605,4.065,2.742,0.185,-0.978,-0.4478,-1.189,-4.4903,30.6143,0.9831,90.4793,-0.019821283458283823,-0.9637320168391987,0.16588068342139464,1
1740983286.685,4.064,2.75,0.186,-0.986,-0.4478,-1.1889,-4.4904,30.6175,0.9875,90.4719,-0.01990659800599781,-0.9636798495319239,0.16598038076905794,1
1740983286.764,4.065,2.744,0.185,-0.98,-0.4478,-1.189,-4.4904,30.6226,0.9837,90.4708,-0.01990659800599781,-0.9636798495319239,0.16598038076905794,1
1740983286.844,4.064,2.744,0.186,-0.98,-0.4478,-1.1891,-4.4905,30.6129,0.984,90.4666,-0.019991912553711355,-0.963627682224649,0.16608007848063486,1
1740983286.924,4.064,2.746,0.186,-0.982,-0.448,-1.1891,-4.4902,30.6128,0.9875,90.4699,-0.019631634296020106,-0.9636135550510465,0.16576554384719222,1
1740983287.003,4.064,2.743,0.186,-0.979,-0.4478,-1.1891,-4.4907,30.6136,0.991,90.4515,-0.020162541649139776,-0.9635233476100984,0.16627947499291398,1
1740983287.083,4.065,2.749,0.185,-0.985,-0.4479,-1.189,-4.4905,30.6056,0.9962,90.4604,-0.019939745246436935,-0.963542367676935,0.16607234116307118,1
1740983287.163,4.062,2.745,0.188,-0.981,-0.4479,-1.1891,-4.4905,30.5981,0.9943,90.466,-0.019939745246436935,-0.963542367676935,0.16607234116307118,1
1740983287.242,4.064,2.745,0.186,-0.981,-0.4479,-1.189,-4.4906,30.6091,0.9993,90.4527,-0.02002505979415048,-0.9634902003696597,0.1661720438800581,1
1740983287.322,4.064,2.745,0.186,-0.981,-0.4479,-1.1891,-4.4906,30.5989,0.9908,90.4502,-0.02002505979415048,-0.9634902003696597,0.1661720438800581,1
1740983287.402,4.064,2.746,0.186,-0.982,-0.4478,-1.1892,-4.4906,30.5936,0.9883,90.4609,-0.0200772271014249,-0.9635755149173737,0.166179776555471,1
1740983287.481,4.064,2.749,0.186,-0.985,-0.4479,-1.189,-4.4907,30.5958,0.9903,90.4607,-0.02011037434186491,-0.9634380330623844,0.16627174695410118,1
1740983287.561,4.064,2.745,0.186,-0.981,-0.4479,-1.1891,-4.4906,30.5921,0.9875,90.4616,-0.02002505979415048,-0.9634902003696597,0.1661720438800581,1
1740983287.641,4.065,2.745,0.185,-0.981,-0.4478,-1.1891,-4.4908,30.6042,0.9843,90.4594,-0.02024785619685332,-0.9634711803028231,0.16637917379230957,1
1740983298.034,4.107,2.963,0.144,-1.198,-0.2363,-1.1834,-4.4143,31.228,0.7122,90.5779,-0.06531608208149331,-1.1838194387832535,0.20673667531293496,1
1740983298.134,4.108,2.958,0.143,-1.193,-0.2364,-1.1835,-4.4143,31.2284,0.7193,90.5838,-0.06526391477421889,-1.1837341242355395,0.20669007232517078,1
1740983298.213,4.108,2.962,0.143,-1.197,-0.2364,-1.1834,-4.4142,31.2224,0.7195,90.5809,-0.0651786002265049,-1.1837862915428148,0.20660159070673295,1
1740983298.293,4.108,2.963,0.143,-1.198,-0.2365,-1.1834,-4.4142,31.2243,0.7143,90.5872,-0.06512643291923048,-1.1837009769951008,0.20655500565440396,1
1740983298.373,4.108,2.962,0.143,-1.197,-0.2363,-1.1835,-4.4142,31.2144,0.702,90.5918,-0.06523076753377977,-1.1838716060905288,0.20664821364873723,1
1740983298.452,4.108,2.959,0.143,-1.194,-0.2365,-1.1834,-4.4141,31.2216,0.7045,90.592,-0.0650411183715165,-1.1837531443023757,0.2064665145868912,1
1740983298.532,4.107,2.959,0.144,-1.194,-0.2363,-1.1834,-4.4142,31.2143,0.7024,90.5923,-0.06523076753377977,-1.1838716060905288,0.20664821364873723,1
1740983298.611,4.107,2.958,0.144,-1.193,-0.2363,-1.1835,-4.4144,31.2126,0.7027,90.5933,-0.0654013966292073,-1.1837672714759786,0.2068251474910094,1
1740983298.691,4.107,2.958,0.144,-1.193,-0.2365,-1.1834,-4.4142,31.2132,0.7033,90.6027,-0.06512643291923048,-1.1837009769951008,0.20655500565440396,1
1740983298.771,4.107,2.962,0.144,-1.197,-0.2364,-1.1835,-4.4142,31.2237,0.7044,90.5965,-0.0651786002265049,-1.1837862915428148,0.20660159070673295,1
1740983298.85,4.109,2.959,0.142,-1.194,-0.2364,-1.1834,-4.4143,31.2253,0.7144,90.5957,-0.06526391477421889,-1.1837341242355395,0.20669007232517078,1
1740983298.93,4.109,2.959,0.142,-1.194,-0.2363,-1.1834,-4.4143,31.2403,0.706,90.5933,-0.06531608208149331,-1.1838194387832535,0.20673667531293496,1
1740983299.01,4.107,2.963,0.144,-1.198,-0.2364,-1.1835,-4.4141,31.2368,0.7023,90.6008,-0.06509328567879136,-1.1838384588500896,0.20651311960096067,1
1740983299.089,4.107,2.958,0.144,-1.193,-0.2364,-1.1836,-4.4143,31.2397,0.7139,90.5902,-0.06526391477421889,-1.1837341242355395,0.20669007232517078,1
1740983299.169,4.107,2.963,0.144,-1.198,-0.2365,-1.1834,-4.4143,31.2365,0.7127,90.5925,-0.06521174746694403,-1.1836488096878255,0.20664350721985578,1
1740983299.249,4.109,2.962,0.142,-1.197,-0.2364,-1.1834,-4.4144,31.2323,0.7105,90.5871,-0.06534922932193243,-1.1836819569282646,0.2067785644427779,1
1740983299.328,4.109,2.962,0.142,-1.197,-0.2364,-1.1834,-4.4142,31.2302,0.7143,90.5915,-0.0651786002265049,-1.1837862915428148,0.20660159070673295,1
1740983299.408,4.11,2.962,0.141,-1.197,-0.2364,-1.1834,-4.4141,31.2279,0.7085,90.5988,-0.06509328567879136,-1.1838384588500896,0.20651311960096067,1
1740983299.487,4.107,2.962,0.144,-1.197,-0.2364,-1.1834,-4.4143,31.2305,0.7084,90.5876,-0.06526391477421889,-1.1837341242355395,0.20669007232517078,1
1740983299.567,4.106,2.958,0.145,-1.193,-0.2363,-1.1835,-4.4144,31.2311,0.701,90.5889,-0.0654013966292073,-1.1837672714759786,0.2068251474910094,1
1740983299.647,4.106,2.957,0.145,-1.192,-0.2365,-1.1835,-4.4142,31.2253,0.7041,90.5998,-0.06512643291923048,-1.1837009769951008,0.20655500565440396,1
1740983299.727,4.106,2.957,0.145,-1.192,-0.2366,-1.1835,-4.4143,31.224,0.7065,90.5974,-0.0651595801596696,-1.183563495140112,0.2065969800226059,1
1740983299.806,4.108,2.958,0.143,-1.193,-0.2366,-1.1834,-4.4142,31.2212,0.7023,90.5982,-0.06507426561195562,-1.1836156624473868,0.2065084585173913,1
1740983299.886,4.108,2.957,0.143,-1.192,-0.2364,-1.1834,-4.4143,31.2152,0.6988,90.5932,-0.06526391477421889,-1.1837341242355395,0.20669007232517078,1
1740983299.965,4.107,2.959,0.144,-1.194,-0.2363,-1.1835,-4.4143,31.2212,0.6963,90.6019,-0.06531608208149331,-1.1838194387832535,0.20673667531293496,1
1740983300.045,4.108,2.957,0.143,-1.192,-0.2364,-1.1835,-4.4145,31.2256,0.7095,90.5955,-0.06543454386964731,-1.1836297896209893,0.2068670670460824,1
1740983300.125,4.108,2.957,0.143,-1.192,-0.2364,-1.1835,-4.4143,31.2217,0.7013,90.6061,-0.06526391477421889,-1.1837341242355395,0.20669007232517078,1
1740983300.204,4.108,2.961,0.143,-1.196,-0.2363,-1.1834,-4.4143,31.2174,0.6945,90.6012,-0.06531608208149331,-1.1838194387832535,0.20673667531293496,1
1740983300.284,4.108,2.959,0.143,-1.194,-0.2364,-1.1835,-4.4145,31.2213,0.7055,90.6015,-0.06543454386964731,-1.1836297896209893,0.2068670670460824,1
1740983300.364,4.109,2.961,0.142,-1.196,-0.2364,-1.1835,-4.4143,31.2245,0.7021,90.6028,-0.06526391477421889,-1.1837341242355395,0.20669007232517078,1
1740983300.443,4.107,2.959,0.144,-1.194,-0.2364,-1.1836,-4.4143,31.2345,0.7099,90.591,-0.06526391477421889,-1.1837341242355395,0.20669007232517078,1
1740983300.523,4.107,2.959,0.144,-1.194,-0.2365,-1.1835,-4.4138,31.18,0.6348,90.66,-0.06478517472837453,-1.1839096462242011,0.2062011045071369,1
1740983300.602,4.107,2.957,0.144,-1.192,-0.2391,-1.1838,-4.4099,31.3516,0.7937,90.47,-0.06010155737839051,-1.1837259929673705,0.20153916652282847,1
1740983300.682,4.106,2.959,0.145,-1.194,-0.2439,-1.1841,-4.4016,31.366,0.7844,90.5031,-0.05051641916894978,-1.1839607811809403,0.19195978755642598,1
1740983300.762,4.102,2.962,0.149,-1.197,-0.2505,-1.1846,-4.391,31.2853,0.8048,90.5268,-0.03803003483114553,-1.1838597556029882,0.17951161353643497,1
1740983300.842,4.089,2.961,0.162,-1.196,-0.2566,-1.1844,-4.3801,31.2032,0.7756,90.5959,-0.025548543386571865,-1.1843418046854315,0.16702888137328398,1
1740983300.921,4.089,2.961,0.162,-1.196,-0.262,-1.1843,-4.3699,31.2088,0.6521,90.6605,-0.014029424926919276,-1.1850558844509451,0.1554888564798792,1
1740983365.712,4.022,3.159,0.229,-1.394,-0.0912,-1.1809,-4.2603,31.3643,0.8188,91.0038,-0.009626441457469603,-1.3879485007198875,0.16499697228521495,1
1740983365.911,4.052,3.167,0.199,-1.402,-0.0747,-1.1805,-4.2885,31.3606,0.8222,90.9129,-0.042292749613117575,-1.3873142204410902,0.1976385248219682,1
1740983366.11,4.081,3.165,0.17,-1.4,-0.0686,-1.1799,-4.2991,31.3744,0.8963,90.8089,-0.05451829741454928,-1.3869886732804724,0.20986230943419726,1
1740983366.19,4.095,3.165,0.156,-1.4,-0.0691,-1.1801,-4.2983,31.3683,0.8847,90.8467,-0.05357494449646438,-1.386979439000104,0.20892104096633116,1
1740983366.269,4.094,3.165,0.157,-1.4,-0.0692,-1.1802,-4.2982,31.3509,0.8717,90.8242,-0.05343746264147553,-1.3869462917596658,0.20878569806085762,1
1740983366.349,4.094,3.165,0.157,-1.4,-0.0691,-1.1801,-4.2981,31.3322,0.8716,90.8185,-0.053404315401036406,-1.3870837736146546,0.20874471281697524,1
1740983366.429,4.094,3.156,0.157,-1.391,-0.0692,-1.1801,-4.2982,31.3315,0.8795,90.8011,-0.05343746264147553,-1.3869462917596658,0.20878569806085762,1
1740983366.508,4.093,3.164,0.158,-1.399,-0.0692,-1.1801,-4.2983,31.3338,0.8751,90.7831,-0.05352277718918996,-1.38689412445239,0.20887388738055981,1
1740983366.588,4.094,3.166,0.157,-1.401,-0.0691,-1.1801,-4.2983,31.3316,0.8703,90.778,-0.05357494449646438,-1.386979439000104,0.20892104096633116,1
1740983366.668,4.094,3.166,0.157,-1.401,-0.0692,-1.1801,-4.2983,31.3302,0.8822,90.7619,-0.05352277718918996,-1.38689412445239,0.20887388738055981,1
1740983366.747,4.094,3.165,0.157,-1.4,-0.0691,-1.1801,-4.2983,31.3264,0.8715,90.7497,-0.05357494449646438,-1.386979439000104,0.20892104096633116,1
1740983366.827,4.094,3.157,0.157,-1.392,-0.0692,-1.1802,-4.2983,31.3233,0.8791,90.7444,-0.05352277718918996,-1.38689412445239,0.20887388738055981,1
1740983366.906,4.095,3.157,0.156,-1.392,-0.0691,-1.1802,-4.2982,31.3203,0.8801,90.7283,-0.05348962994874995,-1.3870316063073798,0.2088328715594081,1
1740983366.986,4.094,3.164,0.157,-1.399,-0.0692,-1.1802,-4.2984,31.3172,0.8849,90.7181,-0.05360809173690351,-1.3868419571451152,0.20896208733685057,1
1740983367.066,4.093,3.164,0.158,-1.399,-0.0691,-1.1802,-4.2985,31.319,0.8849,90.7182,-0.053745573591891915,-1.3868751043855538,0.20909741171967955,1
1740983367.146,4.093,3.158,0.158,-1.393,-0.0691,-1.1803,-4.2984,31.3198,0.8836,90.7241,-0.05366025904417837,-1.3869272716928291,0.20900922102424666,1
1740983367.225,4.095,3.165,0.156,-1.4,-0.0692,-1.1802,-4.2983,31.3368,0.8802,90.7302,-0.05352277718918996,-1.38689412445239,0.20887388738055981,1
1740983367.305,4.095,3.159,0.156,-1.394,-0.0692,-1.1802,-4.2982,31.3361,0.8787,90.7212,-0.05343746264147553,-1.3869462917596658,0.20878569806085762,1
1740983367.384,4.094,3.157,0.157,-1.392,-0.0692,-1.1801,-4.2983,31.3366,0.8786,90.7129,-0.05352277718918996,-1.38689412445239,0.20887388738055981,1
1740983367.464,4.095,3.157,0.156,-1.392,-0.0691,-1.1802,-4.2983,31.3352,0.8745,90.7097,-0.05357494449646438,-1.386979439000104,0.20892104096633116,1
1740983367.544,4.095,3.165,0.156,-1.4,-0.069,-1.1803,-4.2983,31.3296,0.8766,90.7154,-0.05362711180373925,-1.387064753547818,0.20896823176608506,1
1740983367.623,4.093,3.156,0.158,-1.391,-0.0691,-1.1802,-4.2985,31.3264,0.8913,90.7018,-0.053745573591891915,-1.3868751043855538,0.20909741171967955,1
1740983367.703,4.093,3.157,0.158,-1.392,-0.0691,-1.1802,-4.2984,31.3173,0.8761,90.7115,-0.05366025904417837,-1.3869272716928291,0.20900922102424666,1
1740983367.783,4.095,3.157,0.156,-1.392,-0.0692,-1.1802,-4.2983,31.3218,0.8714,90.7143,-0.05352277718918996,-1.38689412445239,0.20887388738055981,1
1740983367.862,4.094,3.157,0.157,-1.392,-0.0692,-1.1802,-4.2985,31.3223,0.8846,90.7001,-0.053693406284617495,-1.3867897898378403,0.2090502979162683,1
1740983367.942,4.094,3.157,0.157,-1.392,-0.0691,-1.1802,-4.2983,31.3225,0.8708,90.7113,-0.05357494449646438,-1.386979439000104,0.20892104096633116,1
1740983368.021,4.096,3.164,0.155,-1.399,-0.0692,-1.1802,-4.2985,31.322,0.8703,90.7139,-0.053693406284617495,-1.3867897898378403,0.2090502979162683,1
1740983368.101,4.094,3.165,0.157,-1.4,-0.0692,-1.1801,-4.2983,31.3196,0.8623,90.715,-0.05352277718918996,-1.38689412445239,0.20887388738055981,1
1740983368.181,4.093,3.157,0.158,-1.392,-0.0691,-1.1802,-4.2986,31.3178,0.8705,90.7062,-0.05383088813960635,-1.3868229370782785,0.2091856130391771,1
1740983368.261,4.094,3.157,0.157,-1.392,-0.069,-1.1802,-4.2986,31.3278,0.8689,90.7029,-0.05388305544688121,-1.3869082516259925,0.20923274416678944,1
1740983368.34,4.094,3.164,0.157,-1.399,-0.0692,-1.1801,-4.2982,31.324,0.8639,90.7099,-0.05343746264147553,-1.3869462917596658,0.20878569806085762,1
1740983368.42,4.094,3.164,0.157,-1.399,-0.0692,-1.1801,-4.2984,31.3232,0.8645,90.7021,-0.05360809173690351,-1.3868419571451152,0.20896208733685057,1
1740983368.499,4.094,3.158,0.157,-1.393,-0.0692,-1.1802,-4.2985,31.3263,0.8724,90.6981,-0.053693406284617495,-1.3867897898378403,0.2090502979162683,1
1740983368.579,4.094,3.157,0.157,-1.392,-0.0692,-1.1802,-4.2985,31.3263,0.8668,90.6967,-0.053693406284617495,-1.3867897898378403,0.2090502979162683,1
1740983368.659,4.093,3.157,0.158,-1.392,-0.0695,-1.1802,-4.298,31.3181,0.8615,90.7008,-0.05311033162422385,-1.386794682731074,0.20846793494055524,1
1740983368.738,4.093,3.166,0.158,-1.401,-0.0707,-1.1802,-4.2955,31.3033,0.8324,90.6789,-0.05035146024407933,-1.3870750908403862,0.20569741292208985,1
1740983368.818,4.092,3.165,0.159,-1.4,-0.0732,-1.1805,-4.2912,31.2328,0.8231,90.7036,-0.04537875201051378,-1.3871854213603698,0.20072675089714123,1
1740983368.898,4.089,3.158,0.162,-1.393,-0.0762,-1.1804,-4.2862,31.2603,0.8139,90.7631,-0.039548005406577325,-1.3872343502927098,0.1949034553842294,1
1740983368.977,4.084,3.164,0.167,-1.399,-0.0789,-1.1805,-4.2815,31.1952,0.7901,90.7879,-0.03412970436760698,-1.3873827209463663,0.1894861637344226,1
1740983369.057,4.076,3.164,0.175,-1.399,-0.0817,-1.1807,-4.277,31.1571,0.8017,90.8012,-0.02882986511678931,-1.3873414424377586,0.1841991891222354,1
1740983369.137,4.076,3.158,0.175,-1.393,-0.0836,-1.1808,-4.2736,31.1322,0.8177,90.7781,-0.024937991656297065,-1.3874941544785493,0.18030547779384054,1
1740983369.216,4.07,3.165,0.181,-1.4,-0.0853,-1.181,-4.2705,31.1428,0.8202,90.7805,-0.021406396453496068,-1.3876609936929425,0.1767704437221888,1
1740983369.296,4.065,3.166,0.186,-1.401,-0.0871,-1.1809,-4.2677,31.1033,0.8217,90.7872,-0.018078577586561284,-1.3875860164377967,0.173454527297922,1
1740983369.376,4.062,3.16,0.189,-1.395,-0.0889,-1.1809,-4.2644,31.1197,0.8269,90.7764,-0.014324185981058335,-1.387771875719026,0.16969605397008214,1
1740983369.455,4.058,3.16,0.193,-1.395,-0.0914,-1.1812,-4.2602,31.0785,0.8191,90.8017,-0.009436792295206331,-1.3878300389317344,0.16481573556734017,1
1740983369.535,4.058,3.157,0.193,-1.392,-0.0943,-1.1813,-4.255,31.0855,0.8449,90.7466,-0.0034875839031163203,-1.388068617026339,0.15886412239761433,1
1740983369.614,4.052,3.16,0.199,-1.395,-0.0976,-1.1813,-4.2493,31.0297,0.8706,90.7187,0.003096866456641756,-1.3882267734664637,0.15228468206039047,1
1740983428.89,3.993,3.356,0.266,-1.584,0.0575,-1.1783,-4.1262,33.9011,0.9706,90.8363,0.027207581109590873,-1.5847675922264663,0.15480851588466063,1
1740983428.969,3.993,3.352,0.267,-1.58,0.064,-1.1776,-4.1361,34.0068,0.9469,90.9031,0.01537056591305852,-1.5851484744076307,0.16663972050850773,1
1740983429.049,4.004,3.356,0.256,-1.584,0.0708,-1.1782,-4.1468,34.0519,0.9171,90.8424,0.002694532412991002,-1.5853679617737355,0.17931289483851381,1
1740983429.129,4.02,3.359,0.241,-1.586,0.0779,-1.1783,-4.1578,34.2368,0.8374,90.8457,-0.010393946652042185,-1.5856868908611568,0.19239842765459225,1
1740983429.208,4.037,3.359,0.224,-1.586,0.084,-1.1776,-4.1673,34.2588,0.8631,90.7795,-0.021681034428620016,-1.585935184080566,0.2036838177638444,1
1740983429.288,4.054,3.359,0.207,-1.585,0.0892,-1.1762,-4.1755,34.3115,0.9186,90.6851,-0.03138952731944533,-1.5860938213651266,0.2133914513970384,1
1740983429.368,4.054,3.362,0.207,-1.589,0.0929,-1.1764,-4.1806,34.2693,0.8662,90.6933,-0.0376707596220176,-1.5865899269595087,0.21967114237608176,1
1740983429.447,4.063,3.362,0.198,-1.589,0.093,-1.177,-4.1812,34.2702,0.8977,90.6615,-0.03823481421557551,-1.5863622376635722,0.2202357376389373,1
1740983429.527,4.076,3.363,0.185,-1.59,0.0926,-1.1772,-4.1809,34.2651,0.9044,90.6482,-0.03777020134333586,-1.5861774813945417,0.21977174052945642,1
1740983429.606,4.076,3.355,0.185,-1.582,0.0926,-1.1771,-4.1806,34.2665,0.8948,90.6505,-0.0375142577001939,-1.5863339833163672,0.2195152680609939,1
1740983429.686,4.076,3.355,0.185,-1.582,0.0925,-1.177,-4.1807,34.2693,0.9098,90.6361,-0.03754740494063302,-1.5861965014613784,0.2195488752557568,1
1740983429.766,4.076,3.361,0.185,-1.588,0.0926,-1.177,-4.1807,34.2676,0.9136,90.6317,-0.03759957224790744,-1.586281816009092,0.21960074662830434,1
1740983429.846,4.076,3.354,0.185,-1.581,0.0927,-1.177,-4.1808,34.2686,0.919,90.6179,-0.03773705410289585,-1.586314963249531,0.21973812191144365,1
1740983429.925,4.077,3.36,0.184,-1.587,0.0925,-1.177,-4.1807,34.2647,0.9199,90.6128,-0.03754740494063302,-1.5861965014613784,0.2195488752557568,1
1740983430.005,4.079,3.36,0.182,-1.587,0.0927,-1.1771,-4.1808,34.2676,0.9171,90.6037,-0.03773705410289585,-1.586314963249531,0.21973812191144365,1
1740983430.084,4.077,3.36,0.184,-1.587,0.0926,-1.1771,-4.1808,34.2677,0.9276,90.5988,-0.03768488679562143,-1.586229648701817,0.21968623745589438,1
1740983430.164,4.077,3.363,0.184,-1.59,0.0926,-1.177,-4.1808,34.2694,0.9296,90.5938,-0.03768488679562143,-1.586229648701817,0.21968623745589438,1
1740983430.244,4.076,3.361,0.185,-1.588,0.0926,-1.1771,-4.1808,34.2655,0.928,90.5879,-0.03768488679562143,-1.586229648701817,0.21968623745589438,1
1740983430.323,4.076,3.358,0.185,-1.585,0.0925,-1.1771,-4.1807,34.2634,0.9236,90.5857,-0.03754740494063302,-1.5861965014613784,0.2195488752557568,1
1740983430.403,4.077,3.358,0.184,-1.585,0.0926,-1.177,-4.1808,34.2608,0.9287,90.5738,-0.03768488679562143,-1.586229648701817,0.21968623745589438,1
1740983430.483,4.076,3.355,0.185,-1.582,0.0926,-1.177,-4.1807,34.2643,0.9263,90.5885,-0.03759957224790744,-1.586281816009092,0.21960074662830434,1
1740983430.562,4.076,3.36,0.185,-1.587,0.0926,-1.177,-4.1807,34.2681,0.9324,90.5667,-0.03759957224790744,-1.586281816009092,0.21960074662830434,1
1740983430.642,4.078,3.358,0.183,-1.585,0.0926,-1.1771,-4.1808,34.2653,0.9402,90.5516,-0.03768488679562143,-1.586229648701817,0.21968623745589438,1
1740983430.722,4.076,3.36,0.185,-1.587,0.0926,-1.1771,-4.1809,34.2701,0.9396,90.5577,-0.03777020134333586,-1.5861774813945417,0.21977174052945642,1
1740983430.801,4.079,3.36,0.182,-1.587,0.0925,-1.1771,-4.1806,34.2672,0.9377,90.5661,-0.037462090392919034,-1.5862486687686532,0.2194633764851187,1
1740983430.881,4.076,3.36,0.185,-1.587,0.0927,-1.1772,-4.1809,34.2678,0.934,90.554,-0.03782236865061028,-1.5862627959422553,0.21982360480391447,1
1740983430.96,4.076,3.36,0.185,-1.587,0.0926,-1.1771,-4.1809,34.269,0.937,90.5545,-0.03777020134333586,-1.5861774813945417,0.21977174052945642,1
1740983431.04,4.076,3.36,0.185,-1.587,0.0925,-1.177,-4.1809,34.27,0.942,90.5551,-0.03771803403606144,-1.5860921668468277,0.21971990952507206,1
1740983431.12,4.078,3.36,0.183,-1.587,0.0926,-1.1771,-4.181,34.2757,0.936,90.5519,-0.03785551589104985,-1.5861253140872664,0.219857255834702,1
1740983431.199,4.076,3.36,0.185,-1.587,0.0926,-1.1771,-4.1808,34.2716,0.93,90.5672,-0.03768488679562143,-1.586229648701817,0.21968623745589438,1
1740983431.279,4.077,3.357,0.184,-1.584,0.0926,-1.1771,-4.181,34.2633,0.9314,90.5683,-0.03785551589104985,-1.5861253140872664,0.219857255834702,1
1740983431.359,4.077,3.361,0.184,-1.588,0.0926,-1.1771,-4.1809,34.2666,0.928,90.5727,-0.03777020134333586,-1.5861774813945417,0.21977174052945642,1
1740983431.438,4.077,3.36,0.184,-1.587,0.0925,-1.1771,-4.1809,34.2701,0.9352,90.5663,-0.03771803403606144,-1.5860921668468277,0.21971990952507206,1
1740983431.518,4.077,3.357,0.184,-1.584,0.0927,-1.1771,-4.1809,34.2672,0.9348,90.5589,-0.03782236865061028,-1.5862627959422553,0.21982360480391447,1
1740983431.598,4.077,3.357,0.184,-1.584,0.0926,-1.1771,-4.1808,34.2646,0.9365,90.5565,-0.03768488679562143,-1.586229648701817,0.21968623745589438,1
1740983431.677,4.078,3.355,0.183,-1.582,0.0928,-1.1771,-4.1811,34.2747,0.9393,90.5407,-0.03804516505331268,-1.586243775875419,0.22004646449844684,1
1740983431.757,4.078,3.355,0.183,-1.582,0.0925,-1.1771,-4.1809,34.2748,0.9421,90.5559,-0.03771803403606144,-1.5860921668468277,0.21971990952507206,1
1740983431.837,4.076,3.361,0.185,-1.588,0.0927,-1.1771,-4.181,34.2712,0.9342,90.5523,-0.03790768319832427,-1.5862106286349804,0.21990909994087662,1
1740983431.916,4.077,3.357,0.184,-1.584,0.0926,-1.1771,-4.1809,34.271,0.9339,90.5499,-0.03777020134333586,-1.5861774813945417,0.21977174052945642,1
1740983431.996,4.077,3.357,0.184,-1.584,0.0926,-1.1771,-4.1809,34.2733,0.9288,90.5577,-0.03777020134333586,-1.5861774813945417,0.21977174052945642,1
1740983432.075,4.078,3.358,0.183,-1.585,0.0926,-1.1771,-4.1808,34.2736,0.9274,90.5587,-0.03768488679562143,-1.586229648701817,0.21968623745589438,1
1740983444.221,4.094,3.546,0.16,-1.779,0.2653,-1.1721,-4.0986,32.4337,1.3848,90.4108,-0.05764926823801453,-1.7764493991839305,0.21565484287277656,1
1740983444.301,4.094,3.542,0.16,-1.775,0.2653,-1.1721,-4.0988,32.4334,1.3842,90.4079,-0.05781989733344206,-1.7763450645693803,0.2158262423717213,1
1740983444.38,4.095,3.542,0.159,-1.775,0.2654,-1.1721,-4.0987,32.4356,1.3776,90.4177,-0.057786750093002937,-1.7764825464243694,0.21579208553849766,1
1740983444.46,4.095,3.544,0.159,-1.777,0.2654,-1.172,-4.0986,32.4319,1.384,90.4188,-0.05770143554528895,-1.7765347137316445,0.21570641242240962,1
1740983444.54,4.095,3.544,0.159,-1.777,0.2653,-1.1721,-4.0986,32.4313,1.3819,90.4158,-0.05764926823801453,-1.7764493991839305,0.21565484287277656,1
1740983444.619,4.093,3.54,0.161,-1.773,0.2654,-1.1721,-4.0987,32.4217,1.3817,90.4099,-0.057786750093002937,-1.7764825464243694,0.21579208553849766,1
1740983444.699,4.094,3.544,0.16,-1.777,0.2653,-1.1721,-4.0985,32.4191,1.3844,90.4163,-0.057563953690300096,-1.776501566491206,0.21556916160150116,1
1740983444.779,4.093,3.544,0.161,-1.777,0.2654,-1.1721,-4.0987,32.4183,1.387,90.4063,-0.057786750093002937,-1.7764825464243694,0.21579208553849766,1
1740983444.858,4.095,3.542,0.159,-1.775,0.2653,-1.1721,-4.0987,32.4176,1.3861,90.4168,-0.05773458278572807,-1.7763972318766554,0.21574053646774258,1
1740983444.938,4.095,3.546,0.159,-1.779,0.2653,-1.172,-4.0986,32.4123,1.3907,90.4051,-0.05764926823801453,-1.7764493991839305,0.21565484287277656,1
1740983445.018,4.094,3.545,0.16,-1.778,0.2653,-1.1721,-4.0986,32.4095,1.3901,90.4041,-0.05764926823801453,-1.7764493991839305,0.21565484287277656,1
1740983445.097,4.094,3.545,0.16,-1.778,0.2652,-1.1721,-4.0987,32.4108,1.397,90.3992,-0.05768241547845365,-1.7763119173289417,0.21568902143995328,1
1740983445.177,4.094,3.545,0.16,-1.778,0.2654,-1.1722,-4.0988,32.4067,1.398,90.393,-0.05787206464071648,-1.7764303791170943,0.21587777097691585,1
1740983445.256,4.094,3.541,0.16,-1.774,0.2652,-1.1721,-4.0986,32.411,1.3943,90.4015,-0.05759710093074011,-1.7763640846362165,0.21560330736984812,1
1740983445.336,4.094,3.543,0.16,-1.776,0.2653,-1.1721,-4.0986,32.4126,1.3889,90.4069,-0.05764926823801453,-1.7764493991839305,0.21565484287277656,1
1740983445.416,4.094,3.542,0.16,-1.775,0.2654,-1.1722,-4.0989,32.4109,1.3949,90.3979,-0.05795737918843136,-1.7763782118098188,0.21596346872299893,1
1740983445.495,4.093,3.545,0.161,-1.778,0.2653,-1.1721,-4.0987,32.4118,1.4003,90.4005,-0.05773458278572807,-1.7763972318766554,0.21574053646774258,1
1740983445.575,4.096,3.545,0.158,-1.778,0.2655,-1.1722,-4.0988,32.4092,1.3926,90.3995,-0.057924231947991345,-1.7765156936648083,0.21592933359695865,1
1740983445.655,4.095,3.545,0.159,-1.778,0.2653,-1.1721,-4.0987,32.4142,1.4006,90.3904,-0.05773458278572807,-1.7763972318766554,0.21574053646774258,1
1740983445.734,4.095,3.548,0.159,-1.781,0.2653,-1.1721,-4.0988,32.4113,1.4011,90.3882,-0.05781989733344206,-1.7763450645693803,0.2158262423717213,1
1740983445.814,4.094,3.545,0.16,-1.778,0.2653,-1.1721,-4.0987,32.4093,1.4036,90.3907,-0.05773458278572807,-1.7763972318766554,0.21574053646774258,1
1740983445.894,4.094,3.542,0.16,-1.775,0.2654,-1.1721,-4.0989,32.4127,1.3999,90.3971,-0.05795737918843136,-1.7763782118098188,0.21596346872299893,1
1740983445.973,4.093,3.542,0.161,-1.775,0.2653,-1.1721,-4.0988,32.4168,1.3969,90.4136,-0.05781989733344206,-1.7763450645693803,0.2158262423717213,1
1740983446.053,4.093,3.543,0.161,-1.776,0.2652,-1.1721,-4.0987,32.4215,1.3935,90.4245,-0.05768241547845365,-1.7763119173289417,0.21568902143995328,1
1740983446.133,4.094,3.546,0.16,-1.779,0.2654,-1.1721,-4.0988,32.4278,1.3958,90.4243,-0.05787206464071648,-1.7764303791170943,0.21587777097691585,1
1740983446.212,4.092,3.544,0.162,-1.777,0.2652,-1.1721,-4.0987,32.4266,1.4074,90.4261,-0.05768241547845365,-1.7763119173289417,0.21568902143995328,1
1740983446.292,4.094,3.542,0.16,-1.775,0.2652,-1.172,-4.0987,32.4317,1.3999,90.4208,-0.05768241547845365,-1.7763119173289417,0.21568902143995328,1
1740983446.371,4.093,3.542,0.161,-1.775,0.2654,-1.1721,-4.0987,32.4359,1.3842,90.4368,-0.057786750093002937,-1.7764825464243694,0.21579208553849766,1
1740983446.451,4.093,3.542,0.161,-1.775,0.2652,-1.1721,-4.0987,32.4429,1.3878,90.446,-0.05768241547845365,-1.7763119173289417,0.21568902143995328,1
1740983446.531,4.092,3.546,0.162,-1.779,0.2654,-1.1721,-4.0989,32.4332,1.3872,90.4383,-0.05795737918843136,-1.7763782118098188,0.21596346872299893,1
1740983446.61,4.094,3.541,0.16,-1.774,0.2653,-1.1722,-4.0987,32.4377,1.3829,90.446,-0.05773458278572807,-1.7763972318766554,0.21574053646774258,1
1740983446.69,4.092,3.546,0.162,-1.779,0.2652,-1.1721,-4.0988,32.4274,1.3925,90.4424,-0.0577677300261672,-1.7762597500216666,0.21577474780574316,1
1740983446.77,4.093,3.546,0.161,-1.779,0.2654,-1.1722,-4.0989,32.4201,1.3919,90.4326,-0.05795737918843136,-1.7763782118098188,0.21596346872299893,1
1740983446.849,4.093,3.541,0.161,-1.774,0.2651,-1.1721,-4.0987,32.4168,1.4017,90.428,-0.05763024817117923,-1.7762266027812277,0.21563754047952757,1
1740983446.929,4.093,3.548,0.161,-1.781,0.2653,-1.1721,-4.0987,32.4138,1.3958,90.4259,-0.05773458278572807,-1.7763972318766554,0.21574053646774258,1
1740983447.009,4.094,3.544,0.16,-1.777,0.2652,-1.1721,-4.0987,32.4238,1.4017,90.417,-0.05768241547845365,-1.7763119173289417,0.21568902143995328,1
1740983447.088,4.095,3.545,0.159,-1.778,0.2655,-1.1722,-4.0988,32.4238,1.4041,90.3979,-0.057924231947991345,-1.7765156936648083,0.21592933359695865,1
1740983447.168,4.093,3.545,0.161,-1.778,0.2643,-1.1721,-4.0972,32.4079,1.3879,90.4033,-0.055933191497272716,-1.7763265960086436,0.21393973615279385,1
1740983447.248,4.093,3.548,0.161,-1.781,0.261,-1.1721,-4.092,32.5054,1.4517,90.3982,-0.04977531387608414,-1.7762239159123927,0.2077829048093022,1
1740983447.327,4.092,3.549,0.162,-1.781,0.2558,-1.1722,-4.0838,32.6179,1.429,90.4233,-0.04006682098525971,-1.7760652786278315,0.19807626996183778,1
1740983447.407,4.089,3.543,0.166,-1.775,0.2499,-1.1727,-4.0743,32.7302,1.4006,90.45,-0.028884067823231163,-1.77598761450385,0.18689490228880826,1
1740983447.486,4.075,3.543,0.18,-1.775,0.2434,-1.1732,-4.0647,32.7382,1.5218,90.4622,-0.01730299626984122,-1.7754502304008601,0.17532153839786105,1
1740983447.566,4.06,3.546,0.195,-1.778,0.2386,-1.1735,-4.057,32.7694,1.5112,90.4658,-0.008229745346684858,-1.7753720147707788,0.16625051742592772,1
1740983447.646,4.06,3.546,0.195,-1.778,0.2347,-1.1733,-4.051,32.7781,1.532,90.4377,-0.001076347500136965,-1.7751747858464455,0.15910143358561474,1
1740983447.725,4.048,3.545,0.207,-1.777,0.2316,-1.1734,-4.046,32.7884,1.5533,90.3976,0.004806566411073909,-1.7751384002310717,0.15322015809939057,1
1740983503.994,4.015,3.648,0.238,-1.881,0.3238,-1.1706,-3.999,32.224,1.1456,90.4598,-0.003193853470564001,-1.878317047642627,0.15320309745497257,1
1740983504.074,4.015,3.642,0.238,-1.875,0.3302,-1.1699,-4.0092,32.187,1.1488,90.4694,-0.01523464500296301,-1.878456113354252,0.1652418575761908,1
1740983504.154,4.031,3.647,0.222,-1.881,0.3373,-1.1699,-4.0202,32.1076,1.0217,90.5224,-0.02832312406799664,-1.8787750424416731,0.17832733132750522,1
1740983504.233,4.047,3.65,0.206,-1.884,0.3436,-1.1698,-4.0315,32.0458,1.0756,90.4781,-0.0412502083179751,-1.8782549532255572,0.1912581694200639,1
1740983504.313,4.062,3.65,0.191,-1.884,0.3504,-1.1694,-4.0421,32.0768,1.0707,90.4976,-0.05384092727032819,-1.8785266078989378,0.20384625214781532,1
1740983504.392,4.062,3.648,0.191,-1.882,0.3548,-1.1692,-4.0504,32.0387,1.0987,90.5284,-0.06321739625066991,-1.877950561494512,0.2132272455904802,1
1740983504.472,4.062,3.651,0.19,-1.885,0.3559,-1.1691,-4.0521,31.9677,1.1388,90.4839,-0.06524158394182855,-1.8780021772956874,0.21525085540676742,1
1740983504.552,4.095,3.649,0.158,-1.883,0.3553,-1.169,-4.0511,32.0206,1.1383,90.4926,-0.06407543462104082,-1.8780119630821555,0.21408466549235664,1
1740983504.631,4.103,3.646,0.15,-1.88,0.3548,-1.1689,-4.0503,32.0216,1.144,90.5251,-0.06313208170295592,-1.878002728801787,0.2131414397607248,1
1740983504.711,4.101,3.646,0.152,-1.88,0.3547,-1.169,-4.0502,32.0301,1.1424,90.5208,-0.06299459984796796,-1.8779695815613482,0.21300427733600094,1
1740983504.791,4.1,3.648,0.153,-1.882,0.3547,-1.1689,-4.0502,32.0326,1.1391,90.5159,-0.06299459984796796,-1.8779695815613482,0.21300427733600094,1
1740983504.87,4.1,3.65,0.153,-1.884,0.355,-1.1689,-4.0502,32.0284,1.1359,90.513,-0.06315110176979166,-1.87822552520449,0.21315848785932964,1
1740983504.95,4.1,3.648,0.153,-1.882,0.3547,-1.1689,-4.0502,32.015,1.1448,90.5087,-0.06299459984796796,-1.8779695815613482,0.21300427733600094,1
1740983505.03,4.101,3.65,0.152,-1.884,0.3548,-1.169,-4.0502,32.0262,1.1378,90.5094,-0.06304676715524238,-1.8780548961090622,0.21305564630970614,1
1740983505.109,4.102,3.65,0.151,-1.884,0.3548,-1.1689,-4.0502,32.0298,1.1323,90.5134,-0.06304676715524238,-1.8780548961090622,0.21305564630970614,1
1740983505.189,4.101,3.651,0.152,-1.885,0.3547,-1.1689,-4.0501,32.0261,1.14,90.5113,-0.06290928530025308,-1.8780217488686237,0.21291847558303473,1
1740983505.269,4.101,3.648,0.152,-1.882,0.3546,-1.1688,-4.05,32.0215,1.1359,90.5056,-0.06277180344526467,-1.8779886016281848,0.21278131042166387,1
1740983505.348,4.1,3.647,0.153,-1.881,0.3549,-1.1688,-4.0502,32.0185,1.1284,90.4847,-0.0630989344625168,-1.8781402106567762,0.2131070498258122,1
1740983505.428,4.1,3.651,0.153,-1.885,0.3548,-1.1689,-4.0501,32.0095,1.1332,90.4861,-0.06296145260752795,-1.8781070634163377,0.21296986525238293,1
1740983505.507,4.102,3.651,0.151,-1.885,0.3548,-1.1689,-4.0501,32.0126,1.1269,90.4911,-0.06296145260752795,-1.8781070634163377,0.21296986525238293,1
1740983505.587,4.1,3.647,0.153,-1.881,0.3548,-1.169,-4.0502,32.0107,1.1318,90.4825,-0.06304676715524238,-1.8780548961090622,0.21305564630970614,1
1740983505.667,4.1,3.652,0.152,-1.886,0.3549,-1.169,-4.0502,32.0004,1.1299,90.4781,-0.0630989344625168,-1.8781402106567762,0.2131070498258122,1
1740983505.746,4.101,3.65,0.151,-1.884,0.3549,-1.1689,-4.0501,31.9995,1.1273,90.4833,-0.06301361991480237,-1.8781923779640517,0.21302128946805465,1
1740983505.826,4.102,3.648,0.151,-1.882,0.3549,-1.1689,-4.0501,32.0046,1.1284,90.486,-0.06301361991480237,-1.8781923779640517,0.21302128946805465,1
1740983505.906,4.101,3.648,0.152,-1.882,0.3548,-1.1689,-4.0502,32.0105,1.1314,90.4929,-0.06304676715524238,-1.8780548961090622,0.21305564630970614,1
1740983505.985,4.102,3.648,0.151,-1.882,0.3549,-1.1689,-4.05,32.0168,1.1277,90.5013,-0.06292830536708882,-1.8782445452713266,0.21293554153265407,1
1740983506.065,4.102,3.649,0.151,-1.883,0.3549,-1.1689,-4.05,32.0163,1.1272,90.4986,-0.06292830536708882,-1.8782445452713266,0.21293554153265407,1
1740983506.145,4.101,3.647,0.152,-1.881,0.3548,-1.1689,-4.05,32.0245,1.1321,90.495,-0.06287613805981396,-1.8781592307236128,0.2128840966037385,1
1740983506.224,4.101,3.65,0.152,-1.884,0.3547,-1.1689,-4.0501,32.0232,1.1242,90.5015,-0.06290928530025308,-1.8780217488686237,0.21291847558303473,1
1740983506.304,4.101,3.65,0.152,-1.884,0.3548,-1.1689,-4.0499,32.022,1.1125,90.5071,-0.06279082351210041,-1.8782113980308877,0.21279834037877687,1
1740983506.384,4.1,3.651,0.153,-1.885,0.3549,-1.169,-4.0501,32.0196,1.115,90.5049,-0.06301361991480237,-1.8781923779640517,0.21302128946805465,1
1740983506.463,4.1,3.646,0.153,-1.88,0.3548,-1.1689,-4.0501,32.0199,1.1217,90.5086,-0.06296145260752795,-1.8781070634163377,0.21296986525238293,1
1740983506.543,4.1,3.651,0.153,-1.885,0.3547,-1.1689,-4.0501,32.0291,1.1213,90.5063,-0.06290928530025308,-1.8780217488686237,0.21291847558303473,1
1740983506.623,4.1,3.649,0.153,-1.883,0.3548,-1.1689,-4.05,32.0367,1.124,90.5025,-0.06287613805981396,-1.8781592307236128,0.2128840966037385,1
1740983506.702,4.101,3.649,0.152,-1.883,0.3548,-1.1689,-4.0499,32.0375,1.1269,90.5053,-0.06279082351210041,-1.8782113980308877,0.21279834037877687,1
1740983506.782,4.102,3.651,0.151,-1.885,0.3547,-1.1689,-4.05,32.0355,1.1392,90.4987,-0.06282397075253954,-1.8780739161758988,0.212832686225061,1
1740983506.861,4.102,3.647,0.151,-1.881,0.3548,-1.1689,-4.05,32.0273,1.1364,90.496,-0.06287613805981396,-1.8781592307236128,0.2128840966037385,1
1740983521.436,4.127,3.876,0.125,-2.111,0.5647,-1.1642,-3.9546,31.5475,0.5607,90.8419,-0.09098523751012255,-2.1070020775156246,0.2120064349529169,1
1740983521.516,4.128,3.875,0.124,-2.11,0.5645,-1.1642,-3.9544,31.5456,0.5569,90.8435,-0.09071027380014529,-2.106935783034747,0.2117324478159704,1
1740983521.596,4.127,3.875,0.125,-2.11,0.5647,-1.1642,-3.9545,31.5461,0.5544,90.8428,-0.09089992296240856,-2.1070542448228995,0.21192039737844515,1
1740983521.675,4.129,3.878,0.122,-2.113,0.5645,-1.1642,-3.9543,31.5417,0.5531,90.8529,-0.0906249592524313,-2.106987950342022,0.21164639335867583,1
1740983521.755,4.129,3.875,0.122,-2.11,0.5646,-1.1642,-3.9544,31.5332,0.5453,90.852,-0.09076244110742016,-2.107021097582461,0.21178339246358957,1
1740983521.835,4.129,3.875,0.122,-2.11,0.5645,-1.1641,-3.9544,31.5389,0.5581,90.8567,-0.09071027380014529,-2.106935783034747,0.2117324478159704,1
1740983521.914,4.127,3.878,0.124,-2.113,0.5647,-1.1642,-3.9545,31.5311,0.5567,90.8556,-0.09089992296240856,-2.1070542448228995,0.21192039737844515,1
1740983521.994,4.129,3.878,0.122,-2.113,0.5646,-1.1643,-3.9545,31.5318,0.5578,90.8532,-0.0908477556551337,-2.106968930275186,0.21186943847519374,1
1740983522.073,4.128,3.878,0.123,-2.113,0.5646,-1.1642,-3.9544,31.5313,0.5571,90.8443,-0.09076244110742016,-2.107021097582461,0.21178339246358957,1
1740983522.153,4.128,3.877,0.123,-2.112,0.5645,-1.1641,-3.9544,31.5334,0.5561,90.8441,-0.09071027380014529,-2.106935783034747,0.2117324478159704,1
1740983522.233,4.128,3.874,0.123,-2.109,0.5645,-1.1641,-3.9544,31.5412,0.553,90.8312,-0.09071027380014529,-2.106935783034747,0.2117324478159704,1
1740983522.312,4.128,3.875,0.124,-2.11,0.5646,-1.1642,-3.9546,31.5449,0.5522,90.8221,-0.09093307020284813,-2.10691676296791,0.2119554967350491,1
1740983522.392,4.129,3.875,0.123,-2.11,0.5645,-1.1641,-3.9544,31.5554,0.5468,90.8245,-0.09071027380014529,-2.106935783034747,0.2117324478159704,1
1740983522.472,4.127,3.878,0.125,-2.113,0.5646,-1.1644,-3.9545,31.5502,0.5317,90.8464,-0.0908477556551337,-2.106968930275186,0.21186943847519374,1
1740983522.551,4.127,3.877,0.125,-2.112,0.5647,-1.1642,-3.9546,31.5554,0.5388,90.8412,-0.09098523751012255,-2.1070020775156246,0.2120064349529169,1
1740983522.631,4.129,3.875,0.123,-2.11,0.5646,-1.1641,-3.9545,31.5546,0.5447,90.8424,-0.0908477556551337,-2.106968930275186,0.21186943847519374,1
1740983522.711,4.128,3.877,0.124,-2.112,0.5646,-1.1642,-3.9544,31.5574,0.5471,90.8364,-0.09076244110742016,-2.107021097582461,0.21178339246358957,1
1740983522.79,4.129,3.877,0.123,-2.112,0.5646,-1.1642,-3.9545,31.5563,0.548,90.8379,-0.0908477556551337,-2.106968930275186,0.21186943847519374,1
1740983522.87,4.127,3.877,0.125,-2.112,0.5646,-1.1642,-3.9544,31.556,0.5482,90.8406,-0.09076244110742016,-2.107021097582461,0.21178339246358957,1
1740983522.95,4.127,3.876,0.125,-2.111,0.5645,-1.1642,-3.9544,31.5517,0.5496,90.8342,-0.09071027380014529,-2.106935783034747,0.2117324478159704,1
1740983523.029,4.129,3.878,0.123,-2.113,0.5646,-1.1641,-3.9543,31.5569,0.5523,90.8318,-0.09067712655970617,-2.1070732648897357,0.21169735871517034,1
1740983523.109,4.126,3.878,0.126,-2.113,0.5646,-1.1643,-3.9545,31.551,0.5519,90.8292,-0.0908477556551337,-2.106968930275186,0.21186943847519374,1
1740983523.188,4.128,3.878,0.124,-2.113,0.5646,-1.1641,-3.9544,31.5476,0.5484,90.8365,-0.09076244110742016,-2.107021097582461,0.21178339246358957,1
1740983523.268,4.129,3.875,0.122,-2.11,0.5646,-1.1642,-3.9544,31.5432,0.5442,90.8366,-0.09076244110742016,-2.107021097582461,0.21178339246358957,1
1740983523.348,4.129,3.879,0.122,-2.114,0.5647,-1.1642,-3.9545,31.5433,0.5391,90.8377,-0.09089992296240856,-2.1070542448228995,0.21192039737844515,1
1740983523.428,4.128,3.878,0.124,-2.113,0.5645,-1.1642,-3.9545,31.5502,0.5479,90.8373,-0.09079558834785928,-2.1068836157274715,0.21181851452257408,1
1740983523.507,4.127,3.877,0.124,-2.112,0.5645,-1.1642,-3.9544,31.5414,0.5372,90.8393,-0.09071027380014529,-2.106935783034747,0.2117324478159704,1
1740983523.587,4.128,3.877,0.123,-2.112,0.5647,-1.1643,-3.9545,31.5349,0.5299,90.8371,-0.09089992296240856,-2.1070542448228995,0.21192039737844515,1
1740983523.666,4.129,3.875,0.122,-2.11,0.5646,-1.1642,-3.9545,31.5371,0.534,90.8322,-0.0908477556551337,-2.106968930275186,0.21186943847519374,1
1740983523.746,4.129,3.876,0.122,-2.111,0.5646,-1.1642,-3.9546,31.5296,0.5367,90.8304,-0.09093307020284813,-2.10691676296791,0.2119554967350491,1
1740983523.826,4.129,3.88,0.122,-2.115,0.5646,-1.1642,-3.9546,31.5344,0.5415,90.8263,-0.09093307020284813,-2.10691676296791,0.2119554967350491,1
1740983523.905,4.129,3.876,0.122,-2.111,0.5646,-1.1643,-3.9546,31.5409,0.5442,90.8244,-0.09093307020284813,-2.10691676296791,0.2119554967350491,1
1740983523.985,4.128,3.876,0.123,-2.111,0.5647,-1.1642,-3.9546,31.544,0.546,90.8275,-0.09098523751012255,-2.1070020775156246,0.2120064349529169,1
1740983524.065,4.129,3.877,0.123,-2.112,0.5646,-1.1643,-3.9545,31.5523,0.5495,90.8382,-0.0908477556551337,-2.106968930275186,0.21186943847519374,1
1740983524.144,4.129,3.877,0.123,-2.112,0.5647,-1.1643,-3.9545,31.552,0.5471,90.8326,-0.09089992296240856,-2.1070542448228995,0.21192039737844515,1
1740983524.224,4.128,3.875,0.124,-2.11,0.5644,-1.1643,-3.9545,31.5502,0.5478,90.8396,-0.09074342104058486,-2.106798301179758,0.21176762554579945,1
1740983524.304,4.13,3.875,0.122,-2.11,0.5646,-1.1642,-3.9545,31.5543,0.5417,90.8357,-0.0908477556551337,-2.106968930275186,0.21186943847519374,1
1740983524.383,4.128,3.875,0.123,-2.11,0.5646,-1.1643,-3.9546,31.5446,0.5359,90.8372,-0.09093307020284813,-2.10691676296791,0.2119554967350491,1
1740983524.463,4.129,3.877,0.122,-2.112,0.5647,-1.1643,-3.9547,31.5331,0.523,90.8411,-0.09107055205783654,-2.1069499102083493,0.2120924847745735,1
1740983524.543,4.129,3.878,0.122,-2.113,0.5646,-1.1643,-3.9545,31.5317,0.5237,90.8511,-0.0908477556551337,-2.106968930275186,0.21186943847519374,1
1740983524.622,4.129,3.876,0.122,-2.111,0.5646,-1.1642,-3.9546,31.5227,0.5259,90.8475,-0.09093307020284813,-2.10691676296791,0.2119554967350491,1
1740983524.702,4.128,3.876,0.123,-2.111,0.5646,-1.1642,-3.9546,31.522,0.5276,90.8438,-0.09093307020284813,-2.10691676296791,0.2119554967350491,1
1740983524.781,4.128,3.876,0.123,-2.111,0.5647,-1.1642,-3.9548,31.5328,0.5328,90.8324,-0.09115586660555053,-2.106897742901074,0.21217854682851417,1
1740983524.861,4.127,3.877,0.125,-2.112,0.5647,-1.1643,-3.9548,31.5479,0.5447,90.8414,-0.09115586660555053,-2.106897742901074,0.21217854682851417,1
1740983524.941,4.127,3.877,0.125,-2.112,0.5647,-1.1643,-3.9548,31.5492,0.5394,90.8505,-0.09115586660555053,-2.106897742901074,0.21217854682851417,1
1740983525.02,4.128,3.878,0.124,-2.113,0.5647,-1.1642,-3.9546,31.5467,0.5319,90.8544,-0.09098523751012255,-2.1070020775156246,0.2120064349529169,1
1740983525.1,4.128,3.875,0.124,-2.11,0.5646,-1.1642,-3.9546,31.5484,0.5423,90.8545,-0.09093307020284813,-2.10691676296791,0.2119554967350491,1
1740983525.18,4.13,3.875,0.121,-2.11,0.5645,-1.1642,-3.9545,31.5432,0.5359,90.8622,-0.09079558834785928,-2.1068836157274715,0.21181851452257408,1
1740983525.259,4.128,3.878,0.123,-2.113,0.5645,-1.1643,-3.9546,31.5388,0.5277,90.8602,-0.09088090289557327,-2.1068314484201967,0.21190459346356139,1
1740983525.339,4.128,3.877,0.123,-2.112,0.5646,-1.1642,-3.9546,31.5359,0.5317,90.847,-0.09093307020284813,-2.10691676296791,0.2119554967350491,1
1740983525.419,4.128,3.877,0.123,-2.112,0.5646,-1.1642,-3.9548,31.5317,0.5357,90.839,-0.09110369929827611,-2.10681242835336,0.21212764993987934,1
1740983525.498,4.129,3.878,0.122,-2.113,0.5646,-1.1643,-3.9548,31.5298,0.5402,90.8375,-0.09110369929827611,-2.10681242835336,0.21212764993987934,1
1740983525.578,4.129,3.878,0.122,-2.113,0.5646,-1.1642,-3.9546,31.529,0.52,90.856,-0.09093307020284813,-2.10691676296791,0.2119554967350491,1
1740983525.657,4.128,3.878,0.123,-2.113,0.5645,-1.1642,-3.9547,31.537,0.5318,90.8409,-0.09096621744328726,-2.106779281112922,0.21199068462402895,1
1740983525.737,4.128,3.876,0.123,-2.111,0.5646,-1.1642,-3.9546,31.539,0.536,90.8435,-0.09093307020284813,-2.10691676296791,0.2119554967350491,1
1740983525.817,4.128,3.878,0.123,-2.113,0.5647,-1.1642,-3.9547,31.5418,0.5504,90.8297,-0.09107055205783654,-2.1069499102083493,0.2120924847745735,1
1740983525.896,4.128,3.878,0.123,-2.113,0.5646,-1.1643,-3.9547,31.5416,0.5562,90.8328,-0.09101838475056168,-2.1068645956606353,0.21204156722824066,1
1740983525.976,4.128,3.878,0.124,-2.113,0.5646,-1.1642,-3.9547,31.5491,0.5556,90.8273,-0.09101838475056168,-2.1068645956606353,0.21204156722824066,1
1740983526.056,4.128,3.878,0.124,-2.113,0.5646,-1.1643,-3.9545,31.5558,0.5594,90.8302,-0.0908477556551337,-2.106968930275186,0.21186943847519374,1
1740983526.135,4.128,3.876,0.124,-2.111,0.5646,-1.1643,-3.9547,31.5561,0.5579,90.8303,-0.09101838475056168,-2.1068645956606353,0.21204156722824066,1
1740983526.215,4.129,3.876,0.123,-2.111,0.5646,-1.1643,-3.9547,31.5508,0.5532,90.8347,-0.09101838475056168,-2.1068645956606353,0.21204156722824066,1
1740983526.295,4.129,3.876,0.122,-2.111,0.5645,-1.1642,-3.9546,31.5305,0.5458,90.8155,-0.09088090289557327,-2.1068314484201967,0.21190459346356139,1
1740983526.374,4.13,3.877,0.122,-2.112,0.564,-1.1643,-3.9536,31.5566,0.5408,90.8109,-0.0897669208820604,-2.1069265487543785,0.21078932857396723,1
1740983526.454,4.13,3.877,0.121,-2.112,0.5616,-1.1644,-3.9497,31.5327,0.5605,90.7819,-0.08518763814662522,-2.1069135245929758,0.2062107379719151,1
1740983526.534,4.128,3.876,0.123,-2.111,0.5577,-1.1646,-3.9433,31.5356,0.5495,90.771,-0.07769298210922182,-2.106924964897743,0.1987167757899057,1
1740983526.613,4.122,3.877,0.13,-2.112,0.5534,-1.1645,-3.9355,31.5774,0.5314,90.7917,-0.0687952531747249,-2.1073254893135065,0.18981409624964657,1
1740983526.693,4.115,3.877,0.137,-2.111,0.5488,-1.1646,-3.9281,31.6053,0.5453,90.807,-0.060082280509259345,-2.1072614008570274,0.18110298793697463,1
1740983526.773,4.104,3.879,0.148,-2.114,0.5457,-1.1648,-3.9227,31.5848,0.5695,90.7632,-0.053858108407192073,-2.1074336844707546,0.17487693973516627,1
1740983526.852,4.104,3.875,0.148,-2.11,0.5436,-1.1649,-3.9193,31.5722,0.5693,90.7403,-0.049861900332150544,-2.107415767416118,0.17088144206777206,1
1740983526.932,4.094,3.875,0.158,-2.11,0.542,-1.1651,-3.9167,31.5764,0.6178,90.6883,-0.04680904517519391,-2.107407084641849,0.16782907630284094,1
1740983527.011,4.086,3.879,0.166,-2.113,0.5402,-1.1652,-3.9139,31.5951,0.6248,90.6521,-0.04348122630826001,-2.1073321073867026,0.16450286155220867,1
1740983527.091,4.082,3.879,0.17,-2.114,0.5376,-1.1653,-3.9094,31.5622,0.6329,90.664,-0.03828572167199207,-2.107461457973523,0.15930594880351304,1
1740983527.171,4.079,3.878,0.172,-2.113,0.5343,-1.1653,-3.9041,31.5517,0.6815,90.6634,-0.0320425295030895,-2.1074109451845464,0.1530644277470812,1
1740983583.838,4.109,3.883,0.141,-2.119,0.5503,-1.1657,-3.9378,29.2581,0.7587,90.65,-0.06914030124663251,-2.103480890267046,0.19025202482462691,1
1740983583.917,4.107,3.881,0.143,-2.117,0.5502,-1.1657,-3.9377,29.2581,0.7523,90.6618,-0.0690028193916441,-2.1034477430266074,0.19011576328179391,1
1740983583.997,4.107,3.881,0.143,-2.117,0.5501,-1.1657,-3.9377,29.2633,0.7593,90.6509,-0.06895065208436923,-2.103362428478894,0.1900665872345134,1
1740983584.077,4.107,3.881,0.143,-2.117,0.5502,-1.1657,-3.9378,29.263,0.7576,90.6412,-0.06908813393935809,-2.1033955757193326,0.19020283143167563,1
1740983584.156,4.107,3.879,0.143,-2.115,0.5502,-1.1657,-3.9376,29.2726,0.7598,90.6358,-0.06891750484393011,-2.1034999103338823,0.19002870786229062,1
1740983584.236,4.108,3.879,0.142,-2.115,0.55,-1.1657,-3.9375,29.2715,0.7599,90.6416,-0.06872785568166684,-2.10338144854573,0.1898432628378374,1
1740983584.315,4.108,3.882,0.142,-2.118,0.5503,-1.1657,-3.9378,29.2695,0.758,90.63,-0.06914030124663251,-2.103480890267046,0.19025202482462691,1
1740983584.395,4.108,3.882,0.142,-2.118,0.5503,-1.1656,-3.9377,29.2635,0.7596,90.6268,-0.06905498669891852,-2.1035330575743214,0.1901649791982297,1
1740983584.475,4.108,3.88,0.142,-2.116,0.5502,-1.1657,-3.9378,29.2604,0.7637,90.6126,-0.06908813393935809,-2.1033955757193326,0.19020283143167563,1
1740983584.554,4.107,3.882,0.143,-2.118,0.5501,-1.1656,-3.9377,29.2587,0.7695,90.6111,-0.06895065208436923,-2.103362428478894,0.1900665872345134,1
1740983584.634,4.107,3.882,0.143,-2.118,0.5503,-1.1657,-3.9377,29.269,0.7692,90.6169,-0.06905498669891852,-2.1035330575743214,0.1901649791982297,1
1740983584.714,4.107,3.882,0.143,-2.118,0.5503,-1.1657,-3.938,29.2699,0.7672,90.6167,-0.06931093034206048,-2.103376555652496,0.19042615425063092,1
1740983584.793,4.109,3.882,0.141,-2.118,0.5503,-1.1657,-3.9378,29.2691,0.7705,90.6219,-0.06914030124663251,-2.103480890267046,0.19025202482462691,1
1740983584.873,4.109,3.88,0.141,-2.116,0.5503,-1.1657,-3.9379,29.2733,0.7778,90.6209,-0.0692256157943465,-2.1034287229597712,0.19033908318124726,1
1740983584.953,4.108,3.881,0.142,-2.117,0.5502,-1.1658,-3.938,29.2628,0.78,90.6291,-0.06925876303478606,-2.103291241104782,0.19037700585270545,1
1740983585.032,4.11,3.881,0.14,-2.117,0.5502,-1.1658,-3.9379,29.2627,0.7683,90.6346,-0.06917344848707163,-2.1033434084120572,0.19028991229446074,1
1740983585.112,4.108,3.881,0.142,-2.117,0.5502,-1.1658,-3.9378,29.262,0.7747,90.6272,-0.06908813393935809,-2.1033955757193326,0.19020283143167563,1
1740983585.192,4.109,3.882,0.141,-2.118,0.5502,-1.1657,-3.9379,29.2646,0.7745,90.6273,-0.06917344848707163,-2.1033434084120572,0.19028991229446074,1
1740983585.271,4.109,3.881,0.141,-2.117,0.5504,-1.1657,-3.9381,29.2697,0.7772,90.6266,-0.06944841219704889,-2.103409702892935,0.19056240375356423,1
1740983585.351,4.107,3.881,0.143,-2.117,0.5503,-1.1657,-3.9379,29.272,0.7786,90.6292,-0.0692256157943465,-2.1034287229597712,0.19033908318124726,1
1740983585.431,4.109,3.881,0.141,-2.117,0.5502,-1.1657,-3.938,29.2739,0.7812,90.627,-0.06925876303478606,-2.103291241104782,0.19037700585270545,1
1740983585.51,4.107,3.879,0.143,-2.115,0.5503,-1.1657,-3.9379,29.2762,0.7859,90.6217,-0.0692256157943465,-2.1034287229597712,0.19033908318124726,1
1740983585.59,4.108,3.882,0.142,-2.118,0.5502,-1.1657,-3.9378,29.2705,0.7927,90.621,-0.06908813393935809,-2.1033955757193326,0.19020283143167563,1
1740983585.67,4.108,3.882,0.142,-2.118,0.5503,-1.1658,-3.938,29.2692,0.785,90.6139,-0.06931093034206048,-2.103376555652496,0.19042615425063092,1
1740983585.749,4.108,3.882,0.142,-2.118,0.5502,-1.1657,-3.938,29.2736,0.7823,90.6301,-0.06925876303478606,-2.103291241104782,0.19037700585270545,1
1740983585.829,4.108,3.882,0.142,-2.118,0.5502,-1.1658,-3.9378,29.2744,0.766,90.6435,-0.06908813393935809,-2.1033955757193326,0.19020283143167563,1
1740983585.908,4.107,3.879,0.143,-2.115,0.5502,-1.1657,-3.9379,29.2771,0.7723,90.6332,-0.06917344848707163,-2.1033434084120572,0.19028991229446074,1
1740983585.988,4.109,3.88,0.141,-2.116,0.5502,-1.1657,-3.938,29.268,0.7773,90.6205,-0.06925876303478606,-2.103291241104782,0.19037700585270545,1
1740983586.068,4.109,3.881,0.141,-2.117,0.5503,-1.1657,-3.9381,29.2583,0.7811,90.6175,-0.06939624488977447,-2.1033243883452206,0.19051323801534736,1
1740983586.147,4.108,3.88,0.142,-2.116,0.5503,-1.1658,-3.9381,29.256,0.7731,90.6207,-0.06939624488977447,-2.1033243883452206,0.19051323801534736,1
1740983586.227,4.108,3.88,0.142,-2.116,0.5503,-1.1658,-3.9381,29.2572,0.772,90.6138,-0.06939624488977447,-2.1033243883452206,0.19051323801534736,1
1740983586.307,4.108,3.883,0.142,-2.119,0.5504,-1.1657,-3.9381,29.2564,0.7773,90.6057,-0.06944841219704889,-2.103409702892935,0.19056240375356423,1
1740983586.386,4.106,3.879,0.144,-2.115,0.5503,-1.1658,-3.938,29.2509,0.7741,90.6111,-0.06931093034206048,-2.103376555652496,0.19042615425063092,1
1740983586.466,4.106,3.881,0.144,-2.117,0.5503,-1.1658,-3.9379,29.2506,0.773,90.6161,-0.0692256157943465,-2.1034287229597712,0.19033908318124726,1
1740983586.546,4.109,3.879,0.141,-2.115,0.5504,-1.1657,-3.9381,29.2603,0.7784,90.6183,-0.06944841219704889,-2.103409702892935,0.19056240375356423,1
1740983586.625,4.108,3.879,0.142,-2.115,0.5503,-1.1657,-3.938,29.2607,0.78,90.617,-0.06931093034206048,-2.103376555652496,0.19042615425063092,1
1740983586.705,4.109,3.879,0.141,-2.115,0.5503,-1.1658,-3.9381,29.2583,0.7765,90.6164,-0.06939624488977447,-2.1033243883452206,0.19051323801534736,1
1740983586.785,4.109,3.883,0.141,-2.119,0.5504,-1.1658,-3.9382,29.2629,0.7743,90.6311,-0.06953372674476288,-2.1033575355856593,0.19064947773530286,1
1740983586.864,4.109,3.879,0.141,-2.115,0.5504,-1.1658,-3.9382,29.263,0.7714,90.6374,-0.06953372674476288,-2.1033575355856593,0.19064947773530286,1
1740983586.944,4.107,3.879,0.143,-2.115,0.5502,-1.1658,-3.9381,29.2641,0.7793,90.6388,-0.06934407758249961,-2.103239073797507,0.19046411208899222,1
1740983587.023,4.107,3.879,0.143,-2.115,0.5503,-1.1658,-3.9382,29.2622,0.7778,90.6396,-0.06948155943748846,-2.1032722210379458,0.19060033445799537,1
1740983587.103,4.108,3.881,0.142,-2.117,0.5503,-1.1658,-3.9381,29.2705,0.772,90.6443,-0.06939624488977447,-2.1033243883452206,0.19051323801534736,1
1740983587.183,4.108,3.88,0.142,-2.116,0.5502,-1.1658,-3.9382,29.2668,0.7846,90.6359,-0.06942939213021404,-2.1031869064902318,0.19055123098593635,1
1740983587.262,4.107,3.88,0.143,-2.116,0.5502,-1.1657,-3.9381,29.2723,0.7842,90.6353,-0.06934407758249961,-2.103239073797507,0.19046411208899222,1
1740983602.076,4.115,4.084,0.141,-2.314,0.7316,-1.161,-3.8358,33.0243,0.5382,90.7124,-0.0766987906672787,-2.311366818693038,0.21570497346261613,1
1740983602.156,4.115,4.084,0.141,-2.314,0.7314,-1.161,-3.8358,33.0289,0.5507,90.7113,-0.07659445605272941,-2.31119618959761,0.2156020018753074,1
1740983602.235,4.114,4.083,0.142,-2.313,0.7314,-1.1609,-3.8356,33.0286,0.5551,90.7096,-0.07642382695730143,-2.31130052421216,0.21543053042427113,1
1740983602.315,4.115,4.083,0.141,-2.313,0.7315,-1.161,-3.8358,33.0218,0.555,90.7027,-0.07664662336000383,-2.311281504145324,0.2156534706295586,1
1740983602.395,4.114,4.082,0.142,-2.312,0.7313,-1.1609,-3.8356,33.0273,0.5527,90.7083,-0.07637165965002657,-2.3112152096644465,0.2153790548241606,1
1740983602.474,4.114,4.082,0.142,-2.312,0.7315,-1.161,-3.8356,33.0303,0.5535,90.7013,-0.07647599426457585,-2.3113858387598745,0.2154820401351738,1
1740983602.554,4.114,4.083,0.142,-2.313,0.7314,-1.161,-3.8355,33.0251,0.5574,90.7071,-0.07633851240958744,-2.3113526915194353,0.2153448131532408,1
1740983602.634,4.113,4.084,0.143,-2.314,0.7314,-1.1609,-3.8356,33.0245,0.5596,90.7008,-0.07642382695730143,-2.31130052421216,0.21543053042427113,1
1740983602.713,4.116,4.084,0.14,-2.314,0.7314,-1.161,-3.8356,33.0253,0.5733,90.6797,-0.07642382695730143,-2.31130052421216,0.21543053042427113,1
1740983602.793,4.114,4.083,0.142,-2.313,0.7315,-1.161,-3.8356,33.0303,0.5739,90.6714,-0.07647599426457585,-2.3113858387598745,0.2154820401351738,1
1740983602.873,4.114,4.083,0.142,-2.313,0.7314,-1.1609,-3.8355,33.031,0.5784,90.6679,-0.07633851240958744,-2.3113526915194353,0.2153448131532408,1
1740983602.952,4.114,4.084,0.142,-2.314,0.7315,-1.161,-3.8355,33.0412,0.5716,90.667,-0.07639067971686231,-2.3114380060671493,0.21539634336250518,1
1740983603.032,4.113,4.081,0.143,-2.311,0.7314,-1.1609,-3.8354,33.0426,0.5775,90.6563,-0.07625319786187346,-2.3114048588267107,0.2152591082047995,1
1740983603.112,4.114,4.081,0.142,-2.311,0.7315,-1.1609,-3.8355,33.0397,0.5703,90.6534,-0.07639067971686231,-2.3114380060671493,0.21539634336250518,1
1740983603.191,4.115,4.083,0.141,-2.313,0.7314,-1.1608,-3.8353,33.0455,0.5793,90.6528,-0.07616788331415991,-2.3114570261339855,0.21517341559367212,1
1740983603.271,4.115,4.083,0.141,-2.313,0.7314,-1.1609,-3.8354,33.0477,0.5663,90.667,-0.07625319786187346,-2.3114048588267107,0.2152591082047995,1
1740983603.351,4.115,4.083,0.141,-2.313,0.7314,-1.161,-3.8354,33.0378,0.5714,90.6631,-0.07625319786187346,-2.3114048588267107,0.2152591082047995,1
1740983603.43,4.115,4.084,0.141,-2.314,0.7315,-1.1609,-3.8355,33.036,0.569,90.662,-0.07639067971686231,-2.3114380060671493,0.21539634336250518,1
1740983603.51,4.115,4.084,0.141,-2.314,0.7314,-1.1609,-3.8354,33.0378,0.5767,90.6615,-0.07625319786187346,-2.3114048588267107,0.2152591082047995,1
1740983603.59,4.115,4.084,0.141,-2.314,0.7315,-1.1609,-3.8354,33.0311,0.5739,90.6674,-0.07630536516914832,-2.3114901733744246,0.21531065892579404,1
1740983603.669,4.115,4.083,0.141,-2.313,0.7314,-1.1609,-3.8352,33.0214,0.5637,90.6816,-0.07608256876644548,-2.311509193441261,0.21508773533460324,1
1740983603.749,4.115,4.084,0.141,-2.314,0.7314,-1.161,-3.8355,33.0206,0.568,90.6762,-0.07633851240958744,-2.3113526915194353,0.2153448131532408,1
1740983603.828,4.114,4.083,0.142,-2.313,0.7314,-1.1608,-3.8354,33.0263,0.5694,90.676,-0.07625319786187346,-2.3114048588267107,0.2152591082047995,1
1740983603.908,4.115,4.083,0.141,-2.313,0.7314,-1.1609,-3.8353,33.0237,0.5571,90.69,-0.07616788331415991,-2.3114570261339855,0.21517341559367212,1
1740983603.988,4.116,4.083,0.14,-2.313,0.7313,-1.1609,-3.8351,33.0123,0.5496,90.6989,-0.07594508691145707,-2.3114760462008217,0.214950489235442,1
1740983604.067,4.116,4.082,0.14,-2.312,0.7313,-1.1608,-3.8352,33.0158,0.5531,90.6889,-0.07603040145917106,-2.311423878893547,0.2150361776758378,1
1740983604.147,4.115,4.084,0.141,-2.314,0.7313,-1.1609,-3.8352,33.0187,0.5524,90.6863,-0.07603040145917106,-2.311423878893547,0.2150361776758378,1
1740983604.227,4.117,4.083,0.139,-2.313,0.7314,-1.1609,-3.8352,33.0217,0.5502,90.6851,-0.07608256876644548,-2.311509193441261,0.21508773533460324,1
1740983604.306,4.115,4.083,0.141,-2.313,0.7315,-1.1608,-3.8352,33.0292,0.5526,90.6778,-0.07613473607372034,-2.311594507988975,0.21513932711920053,1
1740983604.386,4.115,4.083,0.141,-2.313,0.7313,-1.1608,-3.8351,33.0335,0.5618,90.6755,-0.07594508691145707,-2.3114760462008217,0.214950489235442,1
1740983604.466,4.115,4.083,0.141,-2.313,0.7313,-1.1609,-3.8352,33.0344,0.5683,90.6609,-0.07603040145917106,-2.311423878893547,0.2150361776758378,1
1740983604.545,4.115,4.082,0.141,-2.312,0.7314,-1.1608,-3.8352,33.0303,0.5752,90.6549,-0.07608256876644548,-2.311509193441261,0.21508773533460324,1
1740983604.625,4.114,4.083,0.142,-2.313,0.7313,-1.1608,-3.8351,33.0268,0.5706,90.659,-0.07594508691145707,-2.3114760462008217,0.214950489235442,1
1740983604.704,4.113,4.083,0.143,-2.313,0.7313,-1.1608,-3.8352,33.0286,0.5712,90.6536,-0.07603040145917106,-2.311423878893547,0.2150361776758378,1
1740983604.784,4.114,4.082,0.142,-2.312,0.7313,-1.1608,-3.8351,33.0258,0.5631,90.6579,-0.07594508691145707,-2.3114760462008217,0.214950489235442,1
1740983604.864,4.114,4.083,0.142,-2.313,0.7313,-1.1608,-3.835,33.0366,0.5614,90.6699,-0.07585977236374308,-2.3115282135080975,0.2148648131632475,1
1740983604.943,4.115,4.082,0.141,-2.312,0.7313,-1.1608,-3.8351,33.0316,0.5535,90.6628,-0.07594508691145707,-2.3114760462008217,0.214950489235442,1
1740983605.023,4.115,4.079,0.141,-2.309,0.7313,-1.1609,-3.8352,33.0349,0.565,90.6588,-0.07603040145917106,-2.311423878893547,0.2150361776758378,1
1740983605.103,4.116,4.079,0.14,-2.309,0.7314,-1.1608,-3.8351,33.0348,0.5671,90.6574,-0.07599725421873194,-2.311561360748536,0.21500206744236183,1
1740983605.182,4.114,4.083,0.142,-2.313,0.7314,-1.1608,-3.835,33.03,0.5639,90.6705,-0.07591193967101795,-2.311613528055811,0.2149164119317352,1
1740983605.262,4.114,4.083,0.142,-2.313,0.7314,-1.1608,-3.835,33.0289,0.5679,90.6676,-0.07591193967101795,-2.311613528055811,0.2149164119317352,1
1740983605.342,4.115,4.082,0.141,-2.312,0.7313,-1.1608,-3.8351,33.0322,0.5718,90.6592,-0.07594508691145707,-2.3114760462008217,0.214950489235442,1
1740983605.421,4.116,4.083,0.14,-2.313,0.7314,-1.1608,-3.8351,33.0312,0.5635,90.6618,-0.07599725421873194,-2.311561360748536,0.21500206744236183,1
1740983605.501,4.115,4.083,0.141,-2.313,0.7314,-1.1608,-3.8352,33.0249,0.5674,90.6587,-0.07608256876644548,-2.311509193441261,0.21508773533460324,1
1740983605.581,4.115,4.082,0.141,-2.312,0.7313,-1.1608,-3.8349,33.019,0.5634,90.6706,-0.0757744578160291,-2.3115803808153723,0.21477914947405538,1
1740983605.66,4.115,4.083,0.141,-2.313,0.7313,-1.1608,-3.8351,33.0215,0.5673,90.6601,-0.07594508691145707,-2.3114760462008217,0.214950489235442,1
1740983605.74,4.115,4.084,0.141,-2.314,0.7314,-1.1608,-3.835,33.0259,0.5602,90.6703,-0.07591193967101795,-2.311613528055811,0.2149164119317352,1
1740983605.82,4.114,4.084,0.142,-2.314,0.7314,-1.1608,-3.835,33.0214,0.5635,90.6665,-0.07591193967101795,-2.311613528055811,0.2149164119317352,1
1740983605.899,4.115,4.084,0.141,-2.314,0.7314,-1.1608,-3.8349,33.0282,0.5708,90.6694,-0.07582662512330396,-2.3116656953630863,0.21483076881753385,1
1740983605.979,4.115,4.083,0.141,-2.313,0.7314,-1.1608,-3.8351,33.0292,0.5664,90.6621,-0.07599725421873194,-2.311561360748536,0.21500206744236183,1
1740983606.058,4.115,4.083,0.141,-2.313,0.7313,-1.1607,-3.8348,33.0313,0.5738,90.661,-0.0756891432683151,-2.311632548122647,0.21469349818268835,1
1740983606.138,4.114,4.082,0.142,-2.312,0.7312,-1.1608,-3.8349,33.0304,0.5787,90.6616,-0.07572229050875467,-2.3114950662676583,0.2147275642922091,1
1740983606.218,4.113,4.082,0.143,-2.312,0.7314,-1.1608,-3.835,33.0259,0.5659,90.6668,-0.07591193967101795,-2.311613528055811,0.2149164119317352,1
1740983606.297,4.115,4.082,0.141,-2.312,0.7313,-1.1607,-3.8348,33.0297,0.565,90.6888,-0.0756891432683151,-2.311632548122647,0.21469349818268835,1
1740983606.377,4.114,4.081,0.142,-2.311,0.7313,-1.1607,-3.835,33.0188,0.5597,90.6809,-0.07585977236374308,-2.3115282135080975,0.2148648131632475,1
1740983606.457,4.114,4.082,0.142,-2.312,0.7313,-1.1607,-3.8348,33.0251,0.5544,90.6879,-0.0756891432683151,-2.311632548122647,0.21469349818268835,1
1740983606.536,4.113,4.084,0.143,-2.314,0.7312,-1.1608,-3.8348,33.0255,0.5536,90.6874,-0.07563697596104069,-2.3115472335749336,0.21464189241615012,1
1740983606.616,4.114,4.084,0.142,-2.314,0.7312,-1.1607,-3.8347,33.0217,0.5564,90.6877,-0.0755516614133267,-2.3115994008822085,0.2145562329393102,1
1740983606.696,4.114,4.084,0.142,-2.314,0.7314,-1.1607,-3.8348,33.0243,0.5477,90.6799,-0.07574131057558997,-2.3117178626703616,0.21474513811458934,1
1740983606.775,4.114,4.084,0.142,-2.314,0.7313,-1.1607,-3.8348,33.0227,0.5528,90.6769,-0.0756891432683151,-2.311632548122647,0.21469349818268835,1
1740983606.855,4.114,4.081,0.142,-2.311,0.7313,-1.1608,-3.8348,33.0204,0.5506,90.6783,-0.0756891432683151,-2.311632548122647,0.21469349818268835,1
1740983606.934,4.114,4.082,0.142,-2.312,0.7312,-1.1607,-3.8346,33.0295,0.5584,90.6823,-0.07546634686561271,-2.311651568189484,0.21447058587654608,1
1740983607.014,4.115,4.082,0.141,-2.312,0.7313,-1.1608,-3.8349,33.0264,0.5589,90.6751,-0.0757744578160291,-2.3115803808153723,0.21477914947405538,1
1740983607.094,4.115,4.085,0.141,-2.315,0.7313,-1.1606,-3.8347,33.0197,0.5616,90.684,-0.07560382872060156,-2.3116847154299225,0.21460785930399098,1
1740983607.173,4.115,4.083,0.141,-2.313,0.7314,-1.1607,-3.8347,33.0345,0.5559,90.6644,-0.07565599602787598,-2.3117700299776365,0.21465951983775475,1
1740983607.253,4.115,4.085,0.141,-2.315,0.7314,-1.1607,-3.8349,33.0426,0.5697,90.6584,-0.07582662512330396,-2.3116656953630863,0.21483076881753385,1
1740983607.333,4.115,4.083,0.141,-2.313,0.7314,-1.1607,-3.8349,33.0436,0.5699,90.6679,-0.07582662512330396,-2.3116656953630863,0.21483076881753385,1
1740983607.412,4.113,4.083,0.143,-2.313,0.7314,-1.1607,-3.8348,33.0378,0.5682,90.6723,-0.07574131057558997,-2.3117178626703616,0.21474513811458934,1
1740983607.492,4.116,4.084,0.14,-2.314,0.7312,-1.1607,-3.8347,33.0306,0.5663,90.6748,-0.0755516614133267,-2.3115994008822085,0.2145562329393102,1
1740983607.571,4.115,4.082,0.141,-2.312,0.7314,-1.1607,-3.8348,33.0266,0.5551,90.6739,-0.07574131057558997,-2.3117178626703616,0.21474513811458934,1
1740983607.651,4.115,4.084,0.141,-2.314,0.7314,-1.1608,-3.8349,33.0238,0.5766,90.6547,-0.07582662512330396,-2.3116656953630863,0.21483076881753385,1
1740983607.731,4.115,4.085,0.141,-2.315,0.7313,-1.1607,-3.8348,33.0268,0.5621,90.6772,-0.0756891432683151,-2.311632548122647,0.21469349818268835,1
1740983607.81,4.116,4.085,0.14,-2.315,0.7314,-1.1606,-3.8348,33.0257,0.558,90.6699,-0.07574131057558997,-2.3117178626703616,0.21474513811458934,1
1740983607.89,4.116,4.084,0.14,-2.314,0.7313,-1.1606,-3.8347,33.0304,0.5636,90.6711,-0.07560382872060156,-2.3116847154299225,0.21460785930399098,1
1740983607.97,4.114,4.083,0.142,-2.313,0.7313,-1.1607,-3.8346,33.0396,0.562,90.6735,-0.07551851417288713,-2.311736882737198,0.21452223285282757,1
1740983608.05,4.114,4.082,0.142,-2.312,0.7313,-1.1607,-3.8347,33.0334,0.5528,90.6798,-0.07560382872060156,-2.3116847154299225,0.21460785930399098,1
1740983608.129,4.116,4.083,0.14,-2.313,0.7314,-1.1607,-3.8348,33.0319,0.5517,90.678,-0.07574131057558997,-2.3117178626703616,0.21474513811458934,1
1740983608.209,4.115,4.083,0.141,-2.313,0.7313,-1.1607,-3.8348,33.037,0.5632,90.6681,-0.0756891432683151,-2.311632548122647,0.21469349818268835,1
1740983608.288,4.114,4.082,0.142,-2.312,0.7313,-1.1606,-3.8346,33.0387,0.5559,90.6761,-0.07551851417288713,-2.311736882737198,0.21452223285282757,1
1740983608.368,4.116,4.082,0.14,-2.312,0.7313,-1.1607,-3.8347,33.0399,0.5568,90.6722,-0.07560382872060156,-2.3116847154299225,0.21460785930399098,1
1740983608.448,4.116,4.085,0.14,-2.315,0.7313,-1.1607,-3.8347,33.0319,0.5485,90.673,-0.07560382872060156,-2.3116847154299225,0.21460785930399098,1
1740983608.527,4.114,4.082,0.142,-2.312,0.7313,-1.1607,-3.8347,33.0272,0.5501,90.6718,-0.07560382872060156,-2.3116847154299225,0.21460785930399098,1
1740983608.607,4.115,4.082,0.141,-2.312,0.7314,-1.1606,-3.8347,33.0262,0.5464,90.6701,-0.07565599602787598,-2.3117700299776365,0.21465951983775475,1
1740983608.687,4.114,4.082,0.142,-2.312,0.7314,-1.1606,-3.8347,33.0226,0.5544,90.6639,-0.07565599602787598,-2.3117700299776365,0.21465951983775475,1
1740983608.766,4.115,4.084,0.141,-2.314,0.7313,-1.1607,-3.8346,33.0219,0.5583,90.6667,-0.07551851417288713,-2.311736882737198,0.21452223285282757,1
1740983608.846,4.115,4.081,0.141,-2.311,0.7313,-1.1607,-3.8346,33.0222,0.5607,90.6705,-0.07551851417288713,-2.311736882737198,0.21452223285282757,1
1740983608.926,4.115,4.082,0.141,-2.312,0.7313,-1.1607,-3.8347,33.0264,0.5633,90.6632,-0.07560382872060156,-2.3116847154299225,0.21460785930399098,1
1740983609.005,4.116,4.082,0.14,-2.312,0.7315,-1.1606,-3.8347,33.0337,0.5623,90.6581,-0.07570816333515085,-2.3118553445253505,0.21471121451593875,1
1740983609.085,4.115,4.083,0.141,-2.313,0.7312,-1.1606,-3.8345,33.0333,0.57,90.6656,-0.07538103231789872,-2.311703735496759,0.21438495124273604,1
1740983609.165,4.115,4.084,0.141,-2.314,0.7314,-1.1606,-3.8346,33.0415,0.5675,90.6591,-0.075570681480162,-2.311822197284912,0.21457391400190473,1
1740983609.244,4.116,4.082,0.14,-2.312,0.7314,-1.1606,-3.8346,33.0427,0.5676,90.6604,-0.075570681480162,-2.311822197284912,0.21457391400190473,1
1740983609.324,4.116,4.082,0.14,-2.312,0.7312,-1.1606,-3.8345,33.0409,0.5721,90.6589,-0.07538103231789872,-2.311703735496759,0.21438495124273604,1
1740983609.403,4.114,4.082,0.142,-2.312,0.7314,-1.1606,-3.8346,33.0451,0.5757,90.6504,-0.075570681480162,-2.311822197284912,0.21457391400190473,1
1740983609.483,4.115,4.083,0.141,-2.313,0.7313,-1.1607,-3.8347,33.0415,0.5741,90.6545,-0.07560382872060156,-2.3116847154299225,0.21460785930399098,1
1740983609.563,4.115,4.083,0.141,-2.313,0.7312,-1.1606,-3.8346,33.0423,0.5741,90.6602,-0.07546634686561271,-2.311651568189484,0.21447058587654608,1
1740983609.642,4.115,4.084,0.141,-2.314,0.7314,-1.1607,-3.8346,33.0503,0.5592,90.6658,-0.075570681480162,-2.311822197284912,0.21457391400190473,1
1740983609.722,4.114,4.084,0.142,-2.314,0.7313,-1.1607,-3.8346,33.0381,0.5608,90.66,-0.07551851417288713,-2.311736882737198,0.21452223285282757,1
1740983609.802,4.113,4.084,0.143,-2.314,0.7312,-1.1605,-3.8344,33.0307,0.5548,90.6737,-0.07529571777018473,-2.311755902804034,0.21429932905278,1
1740983609.881,4.115,4.084,0.141,-2.314,0.7312,-1.1606,-3.8345,33.0271,0.5596,90.6576,-0.07538103231789872,-2.311703735496759,0.21438495124273604,1
1740983609.961,4.115,4.082,0.141,-2.312,0.7313,-1.1606,-3.8345,33.0191,0.5542,90.6618,-0.07543319962517314,-2.311789050044473,0.21443661884408677,1
1740983610.041,4.114,4.082,0.142,-2.312,0.7313,-1.1606,-3.8346,33.0148,0.5557,90.6606,-0.07551851417288713,-2.311736882737198,0.21452223285282757,1
1740983610.12,4.115,4.083,0.141,-2.313,0.7312,-1.1606,-3.8343,33.021,0.551,90.669,-0.07521040322247075,-2.3118080701113097,0.2142137193215996,1
1740983610.2,4.114,4.083,0.142,-2.313,0.7314,-1.1606,-3.8346,33.0291,0.5547,90.6542,-0.075570681480162,-2.311822197284912,0.21457391400190473,1
1740983610.279,4.113,4.082,0.143,-2.312,0.7315,-1.1607,-3.8347,33.0367,0.5563,90.6523,-0.07570816333515085,-2.3118553445253505,0.21471121451593875,1
1740983610.359,4.113,4.084,0.143,-2.314,0.7304,-1.1607,-3.8333,32.9995,0.5695,90.6797,-0.07393991928713417,-2.31164722680235,0.21294421621949608,1
1740983610.439,4.115,4.084,0.141,-2.314,0.7283,-1.1606,-3.8297,32.9876,0.5523,90.6749,-0.06977308211666466,-2.311733644362263,0.2087769227503194,1
1740983610.518,4.114,4.083,0.141,-2.314,0.7243,-1.1608,-3.8233,32.9462,0.5635,90.6931,-0.06222625877198684,-2.311659770119316,0.20123072189778501,1
1740983610.598,4.11,4.083,0.145,-2.314,0.7182,-1.1609,-3.8136,32.8904,0.584,90.6918,-0.050768541899981035,-2.311515811514457,0.18977434576439853,1
1740983610.678,4.099,4.085,0.156,-2.316,0.7111,-1.1614,-3.8025,32.767,0.716,90.6132,-0.03759474828723386,-2.311249049734311,0.17660342847596253,1
1740983610.757,4.099,4.083,0.156,-2.314,0.7046,-1.1616,-3.7921,32.8211,0.6903,90.658,-0.02533116035213201,-2.3111290040895227,0.16434181113878218,1
1740983610.837,4.081,4.082,0.173,-2.314,0.7002,-1.1618,-3.785,32.6838,0.7057,90.6018,-0.0169784659443577,-2.3110790428066466,0.15599029429709355,1
1740983610.917,4.064,4.082,0.19,-2.314,0.6976,-1.1619,-3.7802,32.6657,0.6819,90.6137,-0.011527017664947348,-2.311364895315292,0.15053589809222692,1
1740983683.791,4.08,4.274,0.181,-2.499,0.8747,-1.1609,-3.7134,34.1632,0.8576,90.526,-0.046925200975373116,-2.4973047205764445,0.21192921720290217,1
1740983683.871,4.08,4.275,0.181,-2.5,0.8749,-1.161,-3.7137,34.163,0.8336,90.5159,-0.04728547923306392,-2.497318847750047,0.21228957593956285,1
1740983683.95,4.077,4.275,0.184,-2.5,0.875,-1.161,-3.7137,34.1712,0.8391,90.5046,-0.04733764654033834,-2.4974041622977605,0.21234228926440468,1
1740983684.03,4.079,4.275,0.182,-2.5,0.8749,-1.1611,-3.7136,34.1785,0.8327,90.5228,-0.047200164685350376,-2.497371015057322,0.21220459367030023,1
1740983684.11,4.078,4.268,0.183,-2.493,0.8749,-1.1609,-3.7135,34.1759,0.8238,90.5366,-0.047114850137635944,-2.4974231823645967,0.21211962449748645,1
1740983684.189,4.079,4.274,0.182,-2.499,0.875,-1.1609,-3.7135,34.1818,0.8253,90.532,-0.04716701744491081,-2.497508496912311,0.21217238004604544,1
1740983684.269,4.079,4.272,0.182,-2.497,0.8735,-1.1608,-3.7111,34.185,0.8039,90.5289,-0.04433695869065657,-2.4974807940712056,0.20934219599721166,1
1740983684.349,4.078,4.274,0.182,-2.499,0.8696,-1.161,-3.7049,34.0604,0.7609,90.5761,-0.0370129317486807,-2.4973878997614225,0.20201769937172556,1
1740983684.428,4.077,4.274,0.183,-2.499,0.8639,-1.1618,-3.696,34.0568,0.7338,90.6527,-0.026446400487485366,-2.497167860889218,0.19144996254549437,1
1740983684.508,4.066,4.274,0.193,-2.5,0.8572,-1.1618,-3.6854,33.8911,0.7079,90.6331,-0.013907848842406256,-2.496981520763552,0.17891054122221692,1
1740983684.587,4.055,4.275,0.205,-2.501,0.8504,-1.1618,-3.6748,33.9443,0.6688,90.7067,-0.0013171298900527262,-2.496709866090172,0.16631864478984504,1
1740983684.667,4.055,4.274,0.204,-2.5,0.8439,-1.1617,-3.6647,33.9227,0.714,90.7388,0.010690514401907159,-2.4964333185235583,0.15431009400065468,1
1740983685.543,3.983,4.27,0.276,-2.496,0.8475,-1.1621,-3.6706,33.9009,0.7187,90.6788,0.003778933024897402,-2.496426771112025,0.1612216318307583,1
1740983685.623,4.002,4.268,0.257,-2.494,0.861,-1.1616,-3.6915,33.9242,0.7132,90.6548,-0.021094393929393274,-2.4970412678328966,0.18609730704835045,1
1740983685.702,4.031,4.272,0.229,-2.498,0.8736,-1.1609,-3.7114,33.9649,0.8659,90.5689,-0.044645069641072954,-2.4974096066970946,0.20964980852805667,1
1740983685.782,4.031,4.274,0.228,-2.5,0.8823,-1.1609,-3.7248,33.921,0.8765,90.566,-0.060615774767635244,-2.497841553173334,0.22562329033610545,1
1740983685.862,4.06,4.276,0.2,-2.502,0.8837,-1.1611,-3.7269,33.9612,0.8984,90.5957,-0.0631377225714731,-2.4979404433885506,0.2281459747193507,1
1740983685.941,4.087,4.276,0.173,-2.502,0.8815,-1.1608,-3.7235,33.9559,0.8548,90.6427,-0.059089347189156705,-2.4978372117861998,0.22409687831562886,1
1740983686.021,4.095,4.27,0.165,-2.496,0.8786,-1.1606,-3.7191,33.9973,0.8379,90.673,-0.0538226551787786,-2.4976584514226032,0.21882893976942763,1
1740983686.101,4.088,4.271,0.172,-2.497,0.8764,-1.1606,-3.7157,33.9756,0.8153,90.6236,-0.04977427979646265,-2.497555219820252,0.21477991053815654,1
1740983686.18,4.088,4.274,0.172,-2.5,0.8711,-1.1611,-3.7072,33.9596,0.7538,90.7084,-0.03975767595522095,-2.497467769909803,0.20476293661473843,1
1740983686.26,4.082,4.271,0.177,-2.498,0.8622,-1.1619,-3.6937,33.8106,0.7877,90.6504,-0.023597321666395832,-2.49691736164541,0.188599552735754,1
1740983686.34,4.077,4.271,0.181,-2.498,0.8508,-1.162,-3.675,33.6624,0.6175,90.7685,-0.0016964282145792708,-2.4969467896664774,0.16669911694478448,1
1740983686.817,4.012,4.267,0.246,-2.494,0.8426,-1.1621,-3.6622,33.6334,0.6956,90.699,0.013501553089326102,-2.496628412085156,0.15149975022453024,1
1740983686.897,4.016,4.27,0.242,-2.497,0.8426,-1.1621,-3.6622,33.642,0.6929,90.7267,0.013501553089326102,-2.496628412085156,0.15149975022453024,1
1740983686.977,4.016,4.272,0.242,-2.499,0.8424,-1.162,-3.6622,33.6501,0.6934,90.738,0.013605887703875386,-2.496457782989728,0.15139480441282416,1
1740983687.056,4.019,4.269,0.239,-2.496,0.8425,-1.1621,-3.6622,33.6554,0.6845,90.7588,0.013553720396600966,-2.496543097537442,0.15144725339419693,1
1740983687.136,4.018,4.269,0.24,-2.496,0.8423,-1.162,-3.6621,33.6475,0.6891,90.7519,0.013743369558863794,-2.4964246357492894,0.15125722649819423,1
1740983687.216,4.018,4.272,0.24,-2.499,0.8425,-1.1621,-3.6623,33.6468,0.6834,90.7563,0.013468405848886533,-2.4964909302301668,0.15153238940394445,1
1740983687.295,4.019,4.273,0.239,-2.5,0.8425,-1.162,-3.6622,33.6516,0.6917,90.7635,0.013553720396600966,-2.496543097537442,0.15144725339419693,1
1740983687.375,4.019,4.273,0.239,-2.5,0.8426,-1.1621,-3.6624,33.654,0.6895,90.7689,0.013330923993898569,-2.496524077470606,0.15166998145229585,1
1740983687.455,4.019,4.272,0.239,-2.499,0.8426,-1.1621,-3.6623,33.6577,0.6825,90.7856,0.013416238541612113,-2.4965762447778808,0.1515848567499982,1
1740983687.534,4.018,4.272,0.24,-2.499,0.8425,-1.1621,-3.6623,33.6627,0.6885,90.7874,0.013468405848886533,-2.4964909302301668,0.15153238940394445,1
1740983687.614,4.017,4.273,0.241,-2.5,0.8425,-1.1621,-3.6623,33.6581,0.6878,90.7848,0.013468405848886533,-2.4964909302301668,0.15153238940394445,1
1740983687.694,4.018,4.274,0.24,-2.501,0.8424,-1.1621,-3.6624,33.6534,0.6921,90.7859,0.013435258608447409,-2.496353448375178,0.15156515351109612,1
1740983687.773,4.018,4.272,0.24,-2.499,0.8425,-1.1622,-3.6623,33.6555,0.6915,90.792,0.013468405848886533,-2.4964909302301668,0.15153238940394445,1
1740983687.853,4.02,4.272,0.238,-2.499,0.8425,-1.1621,-3.6625,33.6637,0.6962,90.7844,0.013297776753459,-2.4963865956156166,0.15170271584290565,1
1740983687.933,4.019,4.272,0.239,-2.499,0.8425,-1.1621,-3.6625,33.6727,0.6991,90.7811,0.013297776753459,-2.4963865956156166,0.15170271584290565,1
1740983688.012,4.018,4.27,0.24,-2.497,0.8427,-1.1622,-3.6627,33.6633,0.6983,90.7863,0.01302281304348174,-2.496452890096494,0.1519778617584022,1
1740983688.092,4.018,4.271,0.24,-2.498,0.8425,-1.1622,-3.6626,33.6614,0.7002,90.7919,0.013212462205745013,-2.4963344283083417,0.15178790621105429,1
1740983688.171,4.018,4.273,0.24,-2.5,0.8425,-1.1621,-3.6624,33.6671,0.6948,90.8048,0.013383091301172989,-2.496438762922892,0.1516175435637016,1
1740983688.251,4.018,4.27,0.24,-2.497,0.8426,-1.1622,-3.6626,33.6655,0.6921,90.7987,0.013160294898470593,-2.4964197428560553,0.15184028526509236,1
1740983688.331,4.019,4.27,0.239,-2.497,0.8426,-1.1621,-3.6628,33.67,0.6913,90.7956,0.012989665803042616,-2.496315408241505,0.1520106614189593,1
1740983688.411,4.019,4.269,0.239,-2.496,0.8426,-1.1621,-3.6625,33.6669,0.685,90.8013,0.013245609446184137,-2.49647191016333,0.15175512430083649,1
1740983688.49,4.019,4.268,0.239,-2.495,0.8426,-1.1622,-3.6627,33.6665,0.6802,90.7971,0.01307498035075616,-2.4963675755487804,0.15192546431460127,1
1740983688.57,4.019,4.273,0.239,-2.5,0.8426,-1.1622,-3.6628,33.6691,0.6903,90.7863,0.012989665803042616,-2.496315408241505,0.1520106614189593,1
1740983688.649,4.018,4.267,0.24,-2.494,0.8426,-1.1622,-3.6626,33.666,0.6819,90.7981,0.013160294898470593,-2.4964197428560553,0.15184028526509236,1
1740983688.729,4.018,4.267,0.24,-2.494,0.8424,-1.1621,-3.6627,33.6669,0.6939,90.7905,0.013179314965305444,-2.4961969464533524,0.1518208127771335,1
1740983688.809,4.019,4.272,0.239,-2.499,0.8425,-1.1624,-3.6627,33.654,0.6749,90.8035,0.013127147658031024,-2.496282261001066,0.15187311463770747,1
1740983688.888,4.019,4.271,0.239,-2.498,0.8426,-1.1622,-3.6629,33.6474,0.6725,90.8021,0.012904351255328628,-2.49626324093423,0.15209587654782727,1
1740983688.968,4.019,4.274,0.239,-2.501,0.8426,-1.1622,-3.6627,33.652,0.6699,90.8106,0.01307498035075616,-2.4963675755487804,0.15192546431460127,1
1740983689.048,4.019,4.275,0.239,-2.502,0.8426,-1.1623,-3.6628,33.6508,0.6652,90.8131,0.012989665803042616,-2.496315408241505,0.1520106614189593,1
1740983689.127,4.02,4.275,0.238,-2.502,0.8426,-1.1623,-3.6628,33.6511,0.6663,90.8181,0.012989665803042616,-2.496315408241505,0.1520106614189593,1
1740983689.207,4.018,4.27,0.24,-2.497,0.8426,-1.1623,-3.6628,33.6478,0.6544,90.8188,0.012989665803042616,-2.496315408241505,0.1520106614189593,1
1740983710.97,4.078,4.542,0.177,-2.772,1.1143,-1.1566,-3.5729,32.923,0.7395,90.9128,-0.05205112966724812,-2.7750134436205847,0.22706005689770006,1
1740983711.049,4.078,4.542,0.177,-2.772,1.1143,-1.1566,-3.5729,32.9208,0.7307,90.9202,-0.05205112966724812,-2.7750134436205847,0.22706005689770006,1
1740983711.129,4.077,4.543,0.178,-2.773,1.1145,-1.1565,-3.5729,32.9227,0.7437,90.9123,-0.0521554642817974,-2.775184072716012,0.2271659638385728,1
1740983711.208,4.078,4.543,0.177,-2.773,1.1145,-1.1567,-3.573,32.9231,0.758,90.8998,-0.05224077882951095,-2.7751319054087373,0.22725077906074273,1
1740983711.288,4.079,4.55,0.176,-2.78,1.1144,-1.1566,-3.5729,32.9287,0.7672,90.8983,-0.05210329697452254,-2.7750987581682987,0.22711299452595654,1
1740983711.368,4.078,4.54,0.177,-2.77,1.1144,-1.1566,-3.5729,32.9226,0.7632,90.8967,-0.05210329697452254,-2.7750987581682987,0.22711299452595654,1
1740983711.447,4.078,4.55,0.177,-2.78,1.1144,-1.1566,-3.5728,32.9139,0.7551,90.9046,-0.05201798242680855,-2.7751509254755735,0.2270281718764,1
1740983711.527,4.079,4.548,0.176,-2.778,1.1143,-1.1567,-3.573,32.92,0.7609,90.8966,-0.052136444214961664,-2.7749612763133094,0.22714491166520445,1
1740983711.607,4.079,4.548,0.176,-2.778,1.1143,-1.1566,-3.5728,32.9245,0.7557,90.9046,-0.05196581511953369,-2.77506561092786,0.226975214464883,1
1740983711.686,4.077,4.541,0.178,-2.771,1.1143,-1.1566,-3.5728,32.922,0.749,90.9079,-0.05196581511953369,-2.77506561092786,0.226975214464883,1
1740983711.766,4.079,4.55,0.176,-2.78,1.1143,-1.1566,-3.573,32.9228,0.7481,90.9016,-0.052136444214961664,-2.7749612763133094,0.22714491166520445,1
1740983711.846,4.079,4.542,0.176,-2.772,1.1143,-1.1565,-3.5726,32.9218,0.7441,90.911,-0.051795186024106155,-2.77516994554241,0.2268055666586822,1
1740983711.925,4.079,4.539,0.176,-2.769,1.1143,-1.1566,-3.5728,32.928,0.7459,90.9023,-0.05196581511953369,-2.77506561092786,0.226975214464883,1
1740983712.005,4.079,4.539,0.176,-2.769,1.1144,-1.1566,-3.5728,32.9244,0.7529,90.892,-0.05201798242680855,-2.7751509254755735,0.2270281718764,1
1740983712.084,4.078,4.542,0.177,-2.772,1.1144,-1.1566,-3.5729,32.9242,0.7485,90.8957,-0.05210329697452254,-2.7750987581682987,0.22711299452595654,1
1740983712.164,4.08,4.548,0.175,-2.778,1.1143,-1.1565,-3.5727,32.9227,0.7395,90.9071,-0.05188050057182014,-2.775117778235135,0.22689038438059222,1
1740983712.244,4.08,4.543,0.175,-2.773,1.1143,-1.1566,-3.5728,32.9281,0.7532,90.9006,-0.05196581511953369,-2.77506561092786,0.226975214464883,1
1740983712.324,4.079,4.541,0.176,-2.771,1.1143,-1.1566,-3.5727,32.9229,0.7362,90.9155,-0.05188050057182014,-2.775117778235135,0.22689038438059222,1
1740983712.403,4.077,4.541,0.178,-2.771,1.1143,-1.1565,-3.5727,32.9266,0.7473,90.8972,-0.05188050057182014,-2.775117778235135,0.22689038438059222,1
1740983712.483,4.078,4.54,0.177,-2.77,1.1143,-1.1565,-3.5727,32.9297,0.751,90.8966,-0.05188050057182014,-2.775117778235135,0.22689038438059222,1
1740983712.562,4.078,4.548,0.177,-2.778,1.1142,-1.1567,-3.5728,32.9381,0.7501,90.8941,-0.05191364781225927,-2.774980296380146,0.22692228876251722,1
1740983712.642,4.078,4.541,0.177,-2.771,1.1143,-1.1565,-3.5728,32.9304,0.7412,90.8931,-0.05196581511953369,-2.77506561092786,0.226975214464883,1
1740983712.722,4.078,4.548,0.177,-2.778,1.1143,-1.1565,-3.5726,32.9265,0.7348,90.9068,-0.051795186024106155,-2.77516994554241,0.2268055666586822,1
1740983712.801,4.078,4.548,0.177,-2.778,1.1143,-1.1565,-3.5726,32.9281,0.7363,90.9058,-0.051795186024106155,-2.77516994554241,0.2268055666586822,1
1740983712.881,4.079,4.55,0.176,-2.78,1.1143,-1.1566,-3.5727,32.9278,0.7366,90.9036,-0.05188050057182014,-2.775117778235135,0.22689038438059222,1
1740983712.961,4.078,4.55,0.177,-2.78,1.1143,-1.1566,-3.5728,32.9274,0.7331,90.9091,-0.05196581511953369,-2.77506561092786,0.226975214464883,1
1740983713.04,4.078,4.541,0.177,-2.771,1.1142,-1.1565,-3.5727,32.9266,0.74,90.9117,-0.05182833326454572,-2.775032463687421,0.22683743888567534,1
1740983713.12,4.077,4.541,0.178,-2.771,1.1144,-1.1565,-3.5726,32.9303,0.7354,90.9107,-0.051847353331380575,-2.775255260090124,0.2268585636724484,1
1740983713.2,4.077,4.542,0.178,-2.772,1.1143,-1.1565,-3.5726,32.9317,0.7387,90.9118,-0.051795186024106155,-2.77516994554241,0.2268055666586822,1
1740983713.279,4.077,4.541,0.178,-2.771,1.1143,-1.1565,-3.5726,32.9315,0.7435,90.904,-0.051795186024106155,-2.77516994554241,0.2268055666586822,1
1740983713.359,4.077,4.551,0.178,-2.781,1.1143,-1.1565,-3.5724,32.9311,0.7349,90.9166,-0.05162455692867818,-2.7752742801569603,0.2266359683575227,1
1740983713.439,4.078,4.547,0.177,-2.777,1.1142,-1.1565,-3.5725,32.9365,0.7506,90.9043,-0.0516577041691173,-2.7751367983019715,0.22666777619723186,1
1740983713.518,4.078,4.547,0.177,-2.777,1.1142,-1.1565,-3.5725,32.9316,0.749,90.9037,-0.0516577041691173,-2.7751367983019715,0.22666777619723186,1
1740983713.598,4.076,4.55,0.179,-2.78,1.1143,-1.1564,-3.5725,32.9302,0.7515,90.9023,-0.05170987147639172,-2.7752221128496855,0.2267207613130275,1
1740983713.677,4.078,4.539,0.177,-2.769,1.1143,-1.1565,-3.5727,32.9298,0.7652,90.8905,-0.05188050057182014,-2.775117778235135,0.22689038438059222,1
1740983713.757,4.078,4.539,0.177,-2.769,1.1142,-1.1565,-3.5725,32.9296,0.7605,90.8933,-0.0516577041691173,-2.7751367983019715,0.22666777619723186,1
1740983713.837,4.078,4.544,0.177,-2.774,1.1143,-1.1565,-3.5726,32.9309,0.7652,90.8862,-0.051795186024106155,-2.77516994554241,0.2268055666586822,1
1740983713.917,4.079,4.544,0.176,-2.774,1.1144,-1.1565,-3.5726,32.9321,0.7671,90.8853,-0.051847353331380575,-2.775255260090124,0.2268585636724484,1
1740983713.996,4.078,4.548,0.177,-2.778,1.1143,-1.1565,-3.5726,32.9318,0.7759,90.8808,-0.051795186024106155,-2.77516994554241,0.2268055666586822,1
1740983714.076,4.078,4.548,0.177,-2.778,1.1142,-1.1565,-3.5725,32.9357,0.7796,90.8789,-0.0516577041691173,-2.7751367983019715,0.22666777619723186,1
1740983714.156,4.078,4.548,0.177,-2.778,1.1144,-1.1567,-3.5728,32.9365,0.7831,90.8711,-0.05201798242680855,-2.7751509254755735,0.2270281718764,1
1740983714.235,4.078,4.548,0.177,-2.778,1.1143,-1.1566,-3.5727,32.9393,0.7722,90.8828,-0.05188050057182014,-2.775117778235135,0.22689038438059222,1
1740983714.315,4.078,4.548,0.177,-2.778,1.1143,-1.1566,-3.5727,32.9358,0.7676,90.8907,-0.05188050057182014,-2.775117778235135,0.22689038438059222,1
1740983714.394,4.077,4.544,0.178,-2.774,1.1143,-1.1566,-3.5727,32.9427,0.7665,90.8878,-0.05188050057182014,-2.775117778235135,0.22689038438059222,1
1740983714.474,4.078,4.548,0.177,-2.778,1.1142,-1.1565,-3.5726,32.9405,0.7634,90.901,-0.05174301871683129,-2.775084630994696,0.2267526013592906,1
1740983714.554,4.078,4.548,0.177,-2.778,1.1141,-1.1566,-3.5725,32.9385,0.7729,90.8953,-0.05160553686184244,-2.7750514837542575,0.2266148228206571,1
1740983714.633,4.079,4.542,0.176,-2.772,1.1143,-1.1565,-3.5726,32.935,0.7625,90.8902,-0.051795186024106155,-2.77516994554241,0.2268055666586822,1
1740983714.713,4.077,4.542,0.178,-2.772,1.1143,-1.1566,-3.5725,32.9296,0.7632,90.8954,-0.05170987147639172,-2.7752221128496855,0.2267207613130275,1
1740983714.792,4.078,4.543,0.177,-2.773,1.1142,-1.1565,-3.5726,32.9274,0.7624,90.8974,-0.05174301871683129,-2.775084630994696,0.2267526013592906,1
1740983714.872,4.077,4.541,0.178,-2.771,1.1143,-1.1565,-3.5727,32.9316,0.7695,90.8849,-0.05188050057182014,-2.775117778235135,0.22689038438059222,1
1740983714.952,4.077,4.548,0.178,-2.778,1.1143,-1.1565,-3.5724,32.9314,0.7675,90.8941,-0.05162455692867818,-2.7752742801569603,0.2266359683575227,1
1740983715.032,4.077,4.55,0.178,-2.78,1.1142,-1.1565,-3.5725,32.9338,0.7712,90.8923,-0.0516577041691173,-2.7751367983019715,0.22666777619723186,1
1740983715.111,4.079,4.55,0.176,-2.78,1.1142,-1.1565,-3.5727,32.9328,0.7798,90.8807,-0.05182833326454572,-2.775032463687421,0.22683743888567534,1
1740983715.191,4.078,4.547,0.177,-2.777,1.1143,-1.1566,-3.5725,32.9246,0.7793,90.8685,-0.05170987147639172,-2.7752221128496855,0.2267207613130275,1
1740983715.272,4.077,4.548,0.178,-2.778,1.1126,-1.1565,-3.5698,32.9068,0.7577,90.8914,-0.04851953446444668,-2.775180282834978,0.2235301678083821,1
1740983715.35,4.077,4.543,0.178,-2.773,1.1092,-1.1565,-3.564,32.876,0.7759,90.85,-0.041797602249700194,-2.7753052920346635,0.2168098584303405,1
1740983715.432,4.077,4.547,0.178,-2.778,1.1033,-1.1567,-3.5546,32.7431,0.7952,90.8602,-0.030700163635385636,-2.775175460603407,0.20571166702076332,1
1740983726.779,2.525,4.509,1.733,-2.73,0.2468,-1.1822,-2.2176,34.6392,0.541,89.9738,1.5567683261073433,-2.7419332577025233,0.15406204832704296,1
1740983726.859,2.508,4.508,1.748,-2.733,0.2372,-1.1824,-2.2016,33.9821,0.5568,90.0682,1.57542671523994,-2.742089830286012,0.15135329610960593,1
1740983743.703,1.946,4.684,2.305,-2.917,0.1246,-1.1876,-1.7128,31.9087,1.1274,90.2223,2.0511846124569884,-2.9010194475210986,0.16381538869737827,1
1740983743.783,1.965,4.684,2.286,-2.917,0.134,-1.1874,-1.7287,31.8903,1.0826,90.3684,2.032715872486655,-2.9007444131494573,0.17141262496539603,1
1740983743.863,1.988,4.685,2.263,-2.918,0.1432,-1.1873,-1.7443,32.0001,1.1902,90.3669,2.0146074107740124,-2.9004552516042135,0.16742514676703324,1
1740983744.062,2.036,4.668,2.215,-2.901,0.1655,-1.1855,-1.7811,31.9572,1.0435,90.3953,1.9715783476930357,-2.9002828266671603,0.16619845595008204,1
1740983756.367,4.192,4.856,0.114,-3.028,1.3432,-1.151,-3.4689,39.3461,0.8305,90.7348,-0.08273496639633349,-3.024552442903904,0.19676517134111235,1
1740983756.447,4.169,4.842,0.124,-3.028,1.3399,-1.1513,-3.4632,38.2243,0.8968,90.6988,-0.07615051603657541,-3.024710599344029,0.1901789654658249,1
1740983756.526,4.141,4.822,0.147,-3.013,1.3375,-1.1513,-3.4586,37.7947,0.7568,90.8466,-0.07097403146714232,-3.0250627463335515,0.1849973507278102,1
1740983756.608,4.141,4.815,0.147,-3.007,1.3348,-1.1514,-3.4553,37.7463,0.8202,90.7678,-0.06675013409616692,-3.0244807746853564,0.1807843907050538,1
1740983756.685,4.123,4.806,0.165,-2.998,1.3328,-1.1515,-3.4527,37.7365,0.8243,90.7515,-0.06348860971011172,-3.024130833720232,0.17753077768243133,1
1740983756.765,4.118,4.806,0.169,-2.998,1.3309,-1.1515,-3.4505,37.7294,0.8426,90.7402,-0.06062051082218689,-3.0236575380737207,0.17467449663698095,1
1740983756.845,4.114,4.807,0.173,-2.999,1.33,-1.1516,-3.4491,37.7228,0.8291,90.737,-0.05895660138871994,-3.023620049446148,0.17301205140333648,1
1740983756.924,4.112,4.811,0.175,-3.004,1.3293,-1.1516,-3.4482,37.6908,0.8352,90.7302,-0.057823599308371776,-3.0234923533776263,0.17188271628455284,1
1740983757.004,4.112,4.808,0.175,-3.001,1.3279,-1.1519,-3.4464,37.7082,0.8385,90.7027,-0.05555759514767633,-3.0232369612405847,0.16962448116497514,1
1740983757.084,4.108,4.809,0.179,-3.001,1.326,-1.1518,-3.4439,37.7182,0.8662,90.6563,-0.052433552616609536,-3.022920167515899,0.16651105709427305,1
1740983757.163,4.105,4.809,0.181,-3.003,1.3234,-1.1519,-3.4401,37.6227,0.8414,90.6945,-0.047835249814339065,-3.0226843469517926,0.16192252545522642,1
1740983757.243,4.099,4.804,0.181,-3.005,1.3205,-1.1521,-3.4354,36.9174,0.9741,90.6677,-0.042312614160818995,-3.022662088510022,0.1564037296385988,1
1740983757.326,4.094,4.809,0.179,-3.018,1.318,-1.1521,-3.4305,36.0327,1.0329,90.6328,-0.03682801864096952,-3.0230854228736566,0.15090806564094386,1
1740983759.095,4.133,4.798,0.133,-3.015,1.353,-1.1511,-3.4806,35.0734,0.9161,90.7198,-0.09782916459177882,-3.026809693628675,0.21183250883872506,1
1740983759.176,4.136,4.798,0.13,-3.016,1.3466,-1.151,-3.4707,35.0253,0.917,90.7612,-0.08604431670252133,-3.0265141259952246,0.2000498349575343,1
1740983759.254,4.135,4.799,0.131,-3.017,1.3374,-1.1515,-3.4567,34.9719,0.7852,90.852,-0.06930088775330256,-3.0259686106240657,0.18331214360741485,1
1740983759.333,4.12,4.799,0.145,-3.018,1.3269,-1.1517,-3.4418,34.817,0.9912,90.7853,-0.05111145288008778,-3.0247835118981024,0.1651427796419907,1
1740983759.413,4.097,4.798,0.167,-3.017,1.322,-1.1512,-3.4345,34.7898,1.0089,90.7177,-0.04232729284051251,-3.024411312491207,0.15636847880848337,1
1740983759.493,4.097,4.795,0.168,-3.014,1.3222,-1.1516,-3.435,34.8313,0.9923,90.6754,-0.042858200193631735,-3.0243211050502588,0.15690133599187955,1
1740983759.573,4.077,4.795,0.188,-3.014,1.3238,-1.1518,-3.4374,34.8568,0.9614,90.6145,-0.045740426255160394,-3.0244341224390783,0.15978022175150408,1
1740983759.652,4.073,4.795,0.191,-3.014,1.325,-1.1518,-3.439,34.829,0.9453,90.6357,-0.04773146670587902,-3.0246232200952425,0.16176671463981712,1
1740983759.732,4.076,4.796,0.188,-3.015,1.3253,-1.1519,-3.4394,34.8338,0.9635,90.6419,-0.04822922681855868,-3.0246704945092837,0.16226338971240575,1
1740983759.812,4.079,4.796,0.186,-3.015,1.3251,-1.1518,-3.4391,34.8374,0.9563,90.6625,-0.04786894856086743,-3.024656367335681,0.16190347861486684,1
1740983759.891,4.079,4.796,0.186,-3.015,1.3251,-1.1518,-3.4392,34.8401,0.9717,90.6581,-0.04795426310858186,-3.024604200028406,0.16198986016566233,1
1740983760.09,4.078,4.792,0.187,-3.011,1.325,-1.1518,-3.4392,34.8465,0.9629,90.6562,-0.047902095801307,-3.024518885480692,0.16193951581733262,1
1740983760.17,4.078,4.792,0.187,-3.011,1.3252,-1.1517,-3.4392,34.8397,0.9624,90.6592,-0.04800643041585628,-3.02468951457612,0.16204025058555482,1
1740983760.249,4.078,4.797,0.187,-3.016,1.325,-1.1518,-3.4391,34.8435,0.9706,90.6721,-0.04781678125359301,-3.0245710527879672,0.16185310739759082,1
1740983760.329,4.08,4.795,0.185,-3.014,1.3252,-1.1518,-3.4393,34.8482,0.9734,90.6648,-0.04809174496357027,-3.0246373472688446,0.16212662094401847,1
1740983760.409,4.078,4.793,0.187,-3.012,1.3251,-1.1517,-3.4391,34.8446,0.9749,90.6787,-0.04786894856086743,-3.024656367335681,0.16190347861486684,1
1740983760.488,4.078,4.796,0.187,-3.015,1.325,-1.1517,-3.439,34.8448,0.9841,90.6809,-0.04773146670587902,-3.0246232200952425,0.16176671463981712,1
1740983760.568,4.079,4.796,0.186,-3.015,1.325,-1.1517,-3.439,34.845,0.9852,90.6738,-0.04773146670587902,-3.0246232200952425,0.16176671463981712,1
1740983760.648,4.08,4.793,0.185,-3.012,1.325,-1.1517,-3.439,34.8512,0.9932,90.6741,-0.04773146670587902,-3.0246232200952425,0.16176671463981712,1
1740983760.727,4.079,4.793,0.186,-3.012,1.325,-1.1517,-3.439,34.86,1.0005,90.6685,-0.04773146670587902,-3.0246232200952425,0.16176671463981712,1
1740983760.807,4.08,4.794,0.185,-3.013,1.325,-1.1517,-3.4389,34.8583,1.0015,90.6812,-0.047646152158165034,-3.0246753874025174,0.1616803375691181,1
1740983760.887,4.08,4.792,0.185,-3.011,1.3251,-1.1517,-3.4389,34.8566,1.0103,90.6758,-0.047698319465439454,-3.0247607019502314,0.16173076259574906,1
1740983760.966,4.078,4.792,0.187,-3.011,1.3251,-1.1517,-3.439,34.859,1.0128,90.6765,-0.047783634013153886,-3.024708534642956,0.1618171127498533,1
1740983761.046,4.078,4.792,0.187,-3.011,1.325,-1.1517,-3.4389,34.8636,1.0048,90.6807,-0.047646152158165034,-3.0246753874025174,0.1616803375691181,1
1740983761.126,4.08,4.797,0.185,-3.016,1.325,-1.1517,-3.4389,34.8585,0.9895,90.6879,-0.047646152158165034,-3.0246753874025174,0.1616803375691181,1
1740983761.205,4.079,4.796,0.186,-3.015,1.325,-1.1516,-3.4388,34.8574,0.9974,90.6801,-0.04756083761045149,-3.0247275547097927,0.16159397621064986,1
1740983761.285,4.079,4.796,0.186,-3.015,1.325,-1.1516,-3.4388,34.8604,0.9962,90.6834,-0.04756083761045149,-3.0247275547097927,0.16159397621064986,1
1740983761.364,4.079,4.796,0.186,-3.015,1.325,-1.1516,-3.4389,34.863,1.0002,90.6837,-0.047646152158165034,-3.0246753874025174,0.1616803375691181,1
1740983761.444,4.08,4.791,0.185,-3.01,1.325,-1.1516,-3.4388,34.8674,0.9976,90.6845,-0.04756083761045149,-3.0247275547097927,0.16159397621064986,1
1740983761.524,4.079,4.797,0.186,-3.016,1.3249,-1.1516,-3.4387,34.8748,1.0102,90.6795,-0.04742335575546264,-3.024694407469354,0.16145719781209295,1
1740983761.604,4.079,4.796,0.186,-3.015,1.3249,-1.1516,-3.4388,34.8649,1.016,90.6683,-0.047508670303176626,-3.0246422401620787,0.16154357038963008,1
1740983761.683,4.079,4.794,0.186,-3.013,1.3251,-1.1516,-3.4388,34.8591,1.0103,90.67,-0.04761300491772591,-3.0248128692575067,0.1616444281777341,1
1740983761.763,4.081,4.794,0.184,-3.013,1.3249,-1.1517,-3.4388,34.8545,1.0119,90.6707,-0.047508670303176626,-3.0246422401620787,0.16154357038963008,1
1740983761.842,4.08,4.795,0.185,-3.014,1.3252,-1.1517,-3.4389,34.8589,1.0139,90.6668,-0.04775048677271432,-3.0248460164979454,0.16178123371745334,1
1740983761.922,4.08,4.793,0.185,-3.012,1.3249,-1.1517,-3.4387,34.8586,1.0197,90.6722,-0.04742335575546264,-3.024694407469354,0.16145719781209295,1
1740983762.002,4.08,4.794,0.185,-3.013,1.3249,-1.1516,-3.4387,34.8663,1.0183,90.6738,-0.04742335575546264,-3.024694407469354,0.16145719781209295,1
1740983762.081,4.079,4.797,0.186,-3.016,1.325,-1.1516,-3.4388,34.8561,1.0042,90.677,-0.04756083761045149,-3.0247275547097927,0.16159397621064986,1
1740983762.161,4.079,4.797,0.186,-3.016,1.3249,-1.1516,-3.4387,34.8585,1.0149,90.6719,-0.04742335575546264,-3.024694407469354,0.16145719781209295,1
1740983762.241,4.079,4.796,0.186,-3.015,1.3249,-1.1516,-3.4386,34.8625,1.0219,90.6732,-0.04733804120774865,-3.0247465747766293,0.16137084097332227,1
1740983762.32,4.08,4.793,0.185,-3.012,1.3249,-1.1516,-3.4387,34.8558,1.0238,90.6632,-0.04742335575546264,-3.024694407469354,0.16145719781209295,1
1740983762.4,4.08,4.794,0.185,-3.013,1.3251,-1.1516,-3.4387,34.8587,1.0215,90.6675,-0.04752769037001192,-3.024865036564782,0.16155810952103455,1
1740983762.48,4.078,4.795,0.187,-3.014,1.3249,-1.1516,-3.4386,34.8602,1.0282,90.6681,-0.04733804120774865,-3.0247465747766293,0.16137084097332227,1
1740983762.559,4.08,4.795,0.185,-3.014,1.3248,-1.1516,-3.4386,34.8674,1.0364,90.6631,-0.04728587390047423,-3.024661260228915,0.16132042742039426,1
1740983762.639,4.08,4.791,0.185,-3.01,1.3249,-1.1515,-3.4385,34.8646,1.0358,90.6595,-0.04725272666003466,-3.024798742083904,0.1612844998985991,1
1740983762.719,4.08,4.791,0.185,-3.01,1.3249,-1.1515,-3.4384,34.8683,1.0423,90.6557,-0.04716741211232067,-3.0248509093911795,0.1611981746132541,1
1740983762.798,4.08,4.796,0.185,-3.015,1.3248,-1.1515,-3.4385,34.8699,1.0456,90.6489,-0.04720055935276024,-3.0247134275361907,0.161234059349142,1
1740983762.878,4.079,4.794,0.186,-3.013,1.3248,-1.1515,-3.4384,34.8687,1.0564,90.6312,-0.04711524480504625,-3.0247655948434655,0.16114770704327938,1
1740983762.958,4.079,4.794,0.186,-3.013,1.3249,-1.1515,-3.4385,34.8726,1.0561,90.6302,-0.04725272666003466,-3.024798742083904,0.1612844998985991,1
1740983763.037,4.081,4.792,0.184,-3.011,1.3249,-1.1515,-3.4385,34.8743,1.048,90.6399,-0.04725272666003466,-3.024798742083904,0.1612844998985991,1
1740983763.117,4.08,4.792,0.185,-3.011,1.3249,-1.1515,-3.4385,34.8668,1.044,90.6428,-0.04725272666003466,-3.024798742083904,0.1612844998985991,1
1740983763.196,4.08,4.792,0.185,-3.011,1.3247,-1.1515,-3.4384,34.8717,1.0461,90.649,-0.04706307749777183,-3.0246802802957515,0.16109728573743268,1
1740983763.276,4.08,4.793,0.185,-3.012,1.3247,-1.1514,-3.4382,34.8677,1.035,90.6541,-0.046892448402343856,-3.0247846149103017,0.16092457442595873,1
1740983763.356,4.08,4.793,0.185,-3.012,1.3249,-1.1514,-3.4383,34.865,1.0282,90.6507,-0.047082097564606684,-3.024903076698455,0.16111186514266762,1
1740983763.435,4.08,4.795,0.185,-3.014,1.3248,-1.1515,-3.4383,34.87,1.0339,90.6537,-0.047029930257332264,-3.024817762150741,0.16106137052816405,1
1740983763.515,4.078,4.796,0.187,-3.015,1.325,-1.1515,-3.4384,34.8654,1.033,90.6524,-0.047219579419595537,-3.024936223938893,0.16124868840391812,1
1740983763.595,4.078,4.794,0.187,-3.013,1.3249,-1.1515,-3.4384,34.8665,1.0262,90.6639,-0.04716741211232067,-3.0248509093911795,0.1611981746132541,1
1740983763.674,4.079,4.796,0.186,-3.015,1.3248,-1.1515,-3.4382,34.8661,1.0267,90.6648,-0.046944615709618276,-3.0248699294580157,0.16097504982920335,1
1740983777.532,3.908,5.274,0.344,-3.508,1.6375,-1.1461,-3.0452,28.3977,1.4171,90.5613,0.1252143869585054,-3.496666037750797,0.21703177831263465,1
1740983777.612,3.907,5.268,0.345,-3.502,1.6376,-1.146,-3.0453,28.4003,1.4151,90.5622,0.12507690510351654,-3.496699184991235,0.2171675295464623,1
1740983777.691,3.908,5.273,0.344,-3.507,1.6376,-1.146,-3.0453,28.3995,1.422,90.5624,0.12507690510351654,-3.496699184991235,0.2171675295464623,1
1740983777.771,3.908,5.273,0.344,-3.507,1.6377,-1.1461,-3.0454,28.3978,1.423,90.5638,0.12493942324852814,-3.4967323322316743,0.2173032880125893,1
1740983777.851,3.908,5.27,0.344,-3.504,1.6375,-1.146,-3.0451,28.3958,1.4134,90.5704,0.12529970150621894,-3.496718205058072,0.2169440819071165,1
1740983777.93,3.908,5.27,0.344,-3.504,1.6374,-1.146,-3.0451,28.3924,1.4171,90.5652,0.1253518688134938,-3.496632890510358,0.2168960343246871,1
1740983778.01,3.908,5.272,0.344,-3.506,1.6374,-1.146,-3.0451,28.3942,1.4175,90.5579,0.1253518688134938,-3.496632890510358,0.2168960343246871,1
1740983778.09,3.909,5.269,0.343,-3.503,1.6376,-1.146,-3.0452,28.3982,1.4163,90.5497,0.12516221965123053,-3.4967513522985105,0.21707984191603433,1
1740983778.169,3.909,5.274,0.343,-3.508,1.6377,-1.146,-3.0451,28.3955,1.4109,90.5498,0.12519536689166966,-3.4968888341535,0.2170402833853964,1
1740983778.249,3.908,5.273,0.344,-3.507,1.6377,-1.1461,-3.0453,28.3957,1.4181,90.5477,0.12502473779624168,-3.4967844995389497,0.2172156091492032,1
1740983778.329,3.91,5.273,0.342,-3.507,1.6374,-1.146,-3.045,28.4027,1.4171,90.5504,0.1254371833612078,-3.496685057817633,0.21680832913601986,1
1740983778.408,3.907,5.273,0.345,-3.507,1.6375,-1.1458,-3.045,28.3976,1.4123,90.5526,0.12538501605393293,-3.496770372365347,0.21685639615076738,1
1740983778.488,3.907,5.272,0.345,-3.506,1.6376,-1.1459,-3.0451,28.3963,1.4144,90.5541,0.12524753419894452,-3.496803519605786,0.2169921649352053,1
1740983778.568,3.909,5.268,0.343,-3.502,1.6374,-1.146,-3.0451,28.3914,1.4125,90.5552,0.1253518688134938,-3.496632890510358,0.2168960343246871,1
1740983778.647,3.906,5.272,0.346,-3.506,1.6375,-1.1459,-3.0451,28.3854,1.4011,90.5643,0.12529970150621894,-3.496718205058072,0.2169440819071165,1
1740983778.727,3.909,5.272,0.343,-3.506,1.6375,-1.1459,-3.0451,28.3881,1.4011,90.5687,0.12529970150621894,-3.496718205058072,0.2169440819071165,1
1740983778.807,3.908,5.272,0.344,-3.506,1.6374,-1.1459,-3.045,28.3826,1.4016,90.5701,0.1254371833612078,-3.496685057817633,0.21680832913601986,1
1740983778.886,3.908,5.275,0.344,-3.509,1.6375,-1.1459,-3.0449,28.3842,1.3938,90.568,0.12547033060164692,-3.4968225396726225,0.21676872105651093,1
1740983778.966,3.906,5.27,0.346,-3.504,1.6364,-1.146,-3.0432,28.3625,1.4219,90.5458,0.12749451829280511,-3.496770923871447,0.21474923906938406,1
1740983779.046,3.909,5.271,0.343,-3.505,1.6322,-1.146,-3.0353,28.3701,1.4769,90.4748,0.1364253944677416,-3.4973089301421996,0.20580290395116496,1
1740983779.125,3.905,5.271,0.347,-3.505,1.6247,-1.145,-3.0212,28.3083,1.546,90.4861,0.15236729374100655,-3.498265929389453,0.1898337358652032,1
1740983779.209,3.898,5.272,0.354,-3.505,1.6157,-1.1464,-3.0037,28.1962,1.5378,90.5579,0.17199239724566473,-3.4997168988683525,0.17016353474340407,1
1740983779.284,3.898,5.275,0.354,-3.508,1.6081,-1.1472,-2.9884,28.08,1.4872,90.5397,0.18901023839877107,-3.5012145912551933,0.15309911204558097,1
