Timestamp, Distance_2, Distance_3, X, Y, Z, Roll, Yaw, Pitch
1740983054.381, 1.993, 3.988, -1.0658, -1.1994, -4.8176, 0.5298, 34.7586, 90.3393
1740983054.460, 1.993, 3.988, -1.0656, -1.1995, -4.8177, 0.5426, 34.7601, 90.3240
1740983054.540, 1.993, 3.988, -1.0657, -1.1995, -4.8179, 0.5449, 34.7496, 90.3379
1740983054.620, 1.993, 3.988, -1.0657, -1.1995, -4.8177, 0.5418, 34.7465, 90.3374
1740983054.699, 1.992, 3.990, -1.0657, -1.1994, -4.8175, 0.5535, 34.7471, 90.3362
1740983054.779, 1.992, 3.990, -1.0658, -1.1994, -4.8177, 0.5574, 34.7466, 90.3206
1740983054.859, 1.993, 3.989, -1.0657, -1.1995, -4.8178, 0.5435, 34.7475, 90.3272
1740983054.938, 1.993, 3.989, -1.0657, -1.1995, -4.8178, 0.5416, 34.7388, 90.3276
1740983055.018, 1.992, 3.990, -1.0658, -1.1994, -4.8176, 0.5428, 34.7450, 90.3329
1740983055.098, 1.992, 3.989, -1.0656, -1.1995, -4.8177, 0.5351, 34.7492, 90.3306
1740983055.177, 1.992, 3.989, -1.0657, -1.1994, -4.8178, 0.5286, 34.7410, 90.3331
1740983055.257, 1.994, 3.989, -1.0658, -1.1994, -4.8176, 0.5219, 34.7454, 90.3500
1740983055.337, 1.993, 3.989, -1.0658, -1.1995, -4.8177, 0.5286, 34.7537, 90.3454
1740983055.416, 1.993, 3.990, -1.0656, -1.1994, -4.8179, 0.5305, 34.7493, 90.3338
1740983055.496, 1.993, 3.989, -1.0658, -1.1994, -4.8176, 0.5328, 34.7552, 90.3447
1740983055.575, 1.994, 3.989, -1.0658, -1.1994, -4.8177, 0.5343, 34.7545, 90.3307
1740983055.655, 1.994, 3.988, -1.0657, -1.1995, -4.8176, 0.5334, 34.7568, 90.3281
1740983055.735, 1.993, 3.990, -1.0656, -1.1995, -4.8177, 0.5384, 34.7501, 90.3177
1740983055.814, 1.994, 3.988, -1.0659, -1.1994, -4.8176, 0.5467, 34.7574, 90.3226
1740983055.894, 1.994, 3.989, -1.0657, -1.1995, -4.8176, 0.5344, 34.7510, 90.3297
1740983055.974, 1.993, 3.989, -1.0657, -1.1994, -4.8176, 0.5364, 34.7500, 90.3319
1740983056.053, 1.993, 3.989, -1.0657, -1.1993, -4.8174, 0.5466, 34.7477, 90.3331
1740983056.133, 1.993, 3.989, -1.0656, -1.1994, -4.8178, 0.5397, 34.7508, 90.3275
1740983056.213, 1.994, 3.989, -1.0656, -1.1996, -4.8178, 0.5474, 34.7476, 90.3344
1740983056.294, 1.994, 3.990, -1.0657, -1.1994, -4.8177, 0.5468, 34.7459, 90.3344
1740983056.372, 1.993, 3.990, -1.0656, -1.1994, -4.8177, 0.5459, 34.7500, 90.3349
1740983056.452, 1.993, 3.990, -1.0657, -1.1994, -4.8177, 0.5675, 34.7519, 90.3029
1740983056.531, 1.992, 3.990, -1.0691, -1.1993, -4.8122, 0.5513, 34.7380, 90.3489
1740983056.611, 1.995, 3.988, -1.0786, -1.1997, -4.7967, 0.4094, 34.5579, 90.4476
1740983056.691, 1.995, 3.988, -1.0952, -1.1999, -4.7722, 0.6039, 34.1810, 90.2441
1740983056.770, 1.994, 3.977, -1.1141, -1.2008, -4.7432, 0.5873, 33.9387, 90.3281
1740983056.850, 1.991, 3.946, -1.1300, -1.2014, -4.7173, 0.5334, 33.6205, 90.5277
1740983056.929, 1.990, 3.899, -1.1406, -1.2019, -4.7006, 0.5609, 33.4384, 90.5221
1740983057.009, 1.985, 3.861, -1.1469, -1.2015, -4.6904, 0.5571, 33.3305, 90.4277
1740983057.089, 1.985, 3.861, -1.1506, -1.2022, -4.6846, 0.5339, 33.2514, 90.3921
1740983057.168, 1.985, 3.841, -1.1533, -1.2027, -4.6805, 0.5996, 33.2808, 90.2639
1740983057.248, 1.980, 3.824, -1.1583, -1.2026, -4.6725, 0.5885, 33.1209, 90.2940
1740983057.328, 1.978, 3.819, -1.1663, -1.2037, -4.6603, 0.7431, 33.0208, 90.2539
1740983057.407, 1.977, 3.807, -1.1766, -1.2041, -4.6436, 0.6909, 32.9371, 90.1590
1740983057.487, 1.977, 3.807, -1.1878, -1.2036, -4.6245, 0.5504, 32.6524, 90.3938
1740983057.566, 1.974, 3.791, -1.1986, -1.2042, -4.6058, 0.4381, 32.3353, 90.3613
1740983057.646, 1.987, 3.763, -1.2089, -1.2045, -4.5891, 0.6155, 32.0002, 90.2307
1740983057.726, 1.989, 3.736, -1.2178, -1.2042, -4.5739, 0.6258, 31.6669, 90.2477
1740983057.806, 1.983, 3.710, -1.2251, -1.2048, -4.5610, 0.5773, 31.5947, 90.2221
1740983057.885, 1.983, 3.710, -1.2322, -1.2053, -4.5491, 0.5699, 31.3591, 90.2539
1740983057.965, 1.985, 3.687, -1.2370, -1.2056, -4.5404, 0.4758, 31.3026, 90.3453
1740983058.044, 1.990, 3.669, -1.2378, -1.2056, -4.5390, 0.4733, 31.2720, 90.3599
1740983058.124, 1.992, 3.658, -1.2371, -1.2059, -4.5400, 0.4206, 31.2743, 90.3910
1740983058.204, 1.992, 3.652, -1.2370, -1.2056, -4.5406, 0.4624, 31.2527, 90.3798
1740983058.283, 1.992, 3.652, -1.2368, -1.2057, -4.5407, 0.4317, 31.2688, 90.4053
1740983058.363, 1.993, 3.653, -1.2368, -1.2058, -4.5407, 0.4320, 31.2661, 90.4153
1740983058.443, 1.992, 3.657, -1.2369, -1.2057, -4.5406, 0.4448, 31.2922, 90.3986
1740983058.522, 1.991, 3.654, -1.2369, -1.2058, -4.5405, 0.4546, 31.3036, 90.3938
1740983058.602, 1.992, 3.654, -1.2368, -1.2057, -4.5405, 0.4442, 31.2834, 90.4055
1740983058.682, 1.992, 3.654, -1.2368, -1.2057, -4.5405, 0.4465, 31.2883, 90.3900
1740983058.761, 1.991, 3.657, -1.2369, -1.2057, -4.5407, 0.4470, 31.2844, 90.3883
1740983058.841, 1.992, 3.655, -1.2368, -1.2058, -4.5405, 0.4332, 31.2812, 90.4049
1740983058.921, 1.992, 3.657, -1.2369, -1.2057, -4.5405, 0.4247, 31.2784, 90.4131
1740983059.120, 1.992, 3.658, -1.2368, -1.2058, -4.5407, 0.4194, 31.2811, 90.4003
1740983059.199, 1.991, 3.654, -1.2369, -1.2058, -4.5404, 0.4368, 31.2933, 90.3910
1740983059.279, 1.991, 3.654, -1.2368, -1.2057, -4.5403, 0.4361, 31.2888, 90.3898
1740983059.359, 1.993, 3.653, -1.2368, -1.2057, -4.5405, 0.4336, 31.2931, 90.3872
1740983059.438, 1.992, 3.653, -1.2368, -1.2057, -4.5405, 0.4316, 31.2913, 90.3951
1740983059.518, 1.991, 3.653, -1.2368, -1.2058, -4.5406, 0.4314, 31.2906, 90.3987
1740983059.598, 1.992, 3.655, -1.2368, -1.2057, -4.5405, 0.4281, 31.2905, 90.4020
1740983059.677, 1.992, 3.655, -1.2368, -1.2057, -4.5405, 0.4350, 31.2911, 90.3916
1740983059.757, 1.992, 3.655, -1.2368, -1.2059, -4.5406, 0.4443, 31.2968, 90.3762
1740983059.836, 1.992, 3.655, -1.2368, -1.2057, -4.5405, 0.4471, 31.2968, 90.3728
1740983059.916, 1.992, 3.655, -1.2368, -1.2057, -4.5403, 0.4553, 31.2959, 90.3454
1740983059.996, 1.992, 3.656, -1.2389, -1.2057, -4.5366, 0.4633, 31.2507, 90.3309
1740983060.075, 1.992, 3.656, -1.2449, -1.2064, -4.5269, 0.4567, 31.0294, 90.2547
1740983060.155, 1.992, 3.653, -1.2531, -1.2063, -4.5119, 0.4543, 30.9612, 90.2400
1740983060.235, 1.991, 3.644, -1.2624, -1.2064, -4.4948, 0.3276, 30.6931, 90.2756
1740983060.314, 1.992, 3.622, -1.2717, -1.2069, -4.4788, 0.4409, 30.4640, 90.2273
1740983060.394, 1.991, 3.598, -1.2796, -1.2069, -4.4651, 0.4747, 30.3656, 90.1795
1740983060.474, 1.991, 3.598, -1.2860, -1.2073, -4.4529, 0.3258, 30.2649, 90.2534
1740983060.553, 1.992, 3.573, -1.2920, -1.2074, -4.4424, 0.3659, 30.0647, 90.2448
1740983060.633, 1.994, 3.561, -1.2970, -1.2077, -4.4329, 0.2271, 29.9932, 90.3659
1740983060.713, 1.990, 3.543, -1.2995, -1.2079, -4.4283, 0.1512, 29.8934, 90.4547
1740983060.792, 1.986, 3.533, -1.2994, -1.2083, -4.4285, 0.1581, 29.9010, 90.4115
1740983060.872, 1.986, 3.533, -1.2991, -1.2081, -4.4292, 0.1609, 29.8732, 90.4167
1740983060.951, 1.989, 3.531, -1.2991, -1.2081, -4.4295, 0.1548, 29.9093, 90.4329
1740983061.031, 1.987, 3.531, -1.2991, -1.2082, -4.4295, 0.1519, 29.9066, 90.4674
1740983061.111, 1.986, 3.528, -1.2989, -1.2083, -4.4298, 0.1602, 29.9419, 90.4459
1740983061.190, 1.986, 3.533, -1.2991, -1.2083, -4.4298, 0.1519, 29.9344, 90.4664
1740983061.270, 1.987, 3.533, -1.2991, -1.2081, -4.4297, 0.1376, 29.9392, 90.4730
1740983061.350, 1.986, 3.532, -1.2990, -1.2086, -4.4297, 0.1433, 29.8741, 90.4769
1740983061.429, 1.982, 3.531, -1.2991, -1.2084, -4.4299, 0.1085, 29.8678, 90.5220
1740983061.509, 1.985, 3.531, -1.2991, -1.2083, -4.4297, 0.1143, 29.9027, 90.5321
1740983061.589, 1.985, 3.532, -1.2991, -1.2082, -4.4297, 0.1238, 29.8909, 90.5311
1740983061.668, 1.987, 3.532, -1.2990, -1.2082, -4.4297, 0.1194, 29.8783, 90.5201
1740983061.748, 1.987, 3.533, -1.2990, -1.2084, -4.4301, 0.1293, 29.8855, 90.5208
1740983061.827, 1.989, 3.532, -1.2990, -1.2082, -4.4298, 0.1159, 29.8893, 90.5310
1740983061.907, 1.988, 3.529, -1.2990, -1.2085, -4.4302, 0.1227, 29.8866, 90.5176
1740983061.988, 1.988, 3.531, -1.2991, -1.2083, -4.4300, 0.1243, 29.8955, 90.5238
1740983062.066, 1.982, 3.531, -1.2992, -1.2082, -4.4300, 0.1190, 29.8894, 90.5299
1740983062.146, 1.985, 3.532, -1.2991, -1.2083, -4.4301, 0.1022, 29.8892, 90.5296
1740983062.226, 1.987, 3.531, -1.2992, -1.2084, -4.4300, 0.0997, 29.8806, 90.5419
1740983062.305, 1.988, 3.533, -1.2992, -1.2083, -4.4301, 0.0981, 29.8783, 90.5384
1740983062.386, 1.988, 3.533, -1.2991, -1.2085, -4.4302, 0.0897, 29.8835, 90.5516
1740983062.465, 1.986, 3.531, -1.2992, -1.2084, -4.4303, 0.0920, 29.8768, 90.5483
1740983062.544, 1.990, 3.531, -1.2991, -1.2085, -4.4303, 0.0903, 29.8780, 90.5510
1740983062.624, 1.985, 3.531, -1.2992, -1.2084, -4.4302, 0.0926, 29.8580, 90.5622
1740983062.704, 1.985, 3.533, -1.3005, -1.2086, -4.4274, 0.0043, 29.7658, 90.6486
1740983062.783, 1.985, 3.533, -1.3058, -1.2086, -4.4184, 0.0154, 29.9095, 90.5724
1740983062.863, 1.987, 3.529, -1.3142, -1.2081, -4.4027, 0.1645, 29.6156, 90.5337
1740983062.943, 1.989, 3.519, -1.3236, -1.2090, -4.3855, 0.1485, 29.6337, 90.6224
1740983063.022, 1.985, 3.500, -1.3338, -1.2095, -4.3672, 0.1566, 29.5656, 90.6517
1740983063.102, 1.993, 3.475, -1.3422, -1.2100, -4.3517, 0.1388, 29.5402, 90.7436
1740983063.182, 1.993, 3.475, -1.3491, -1.2102, -4.3387, 0.1041, 29.4462, 90.6943
1740983063.261, 1.997, 3.453, -1.3543, -1.2095, -4.3293, 0.1156, 29.4634, 90.7875
1740983063.341, 1.999, 3.435, -1.3549, -1.2100, -4.3279, 0.1287, 29.4690, 90.6875
1740983063.420, 1.999, 3.414, -1.3540, -1.2105, -4.3297, 0.1307, 29.4494, 90.6592
1740983063.500, 1.999, 3.416, -1.3531, -1.2106, -4.3315, 0.1187, 29.4633, 90.6373
1740983063.580, 1.999, 3.416, -1.3530, -1.2106, -4.3320, 0.1154, 29.4647, 90.6551
1740983063.659, 1.999, 3.419, -1.3529, -1.2106, -4.3321, 0.1278, 29.4441, 90.6396
1740983063.739, 2.000, 3.417, -1.3530, -1.2106, -4.3320, 0.1244, 29.3833, 90.6772
1740983063.819, 2.000, 3.420, -1.3531, -1.2107, -4.3320, 0.2032, 29.3780, 90.6222
1740983063.898, 2.000, 3.419, -1.3530, -1.2106, -4.3320, 0.2118, 29.3699, 90.5892
1740983063.978, 2.000, 3.419, -1.3528, -1.2107, -4.3322, 0.2083, 29.3788, 90.5936
1740983064.058, 1.999, 3.421, -1.3530, -1.2106, -4.3321, 0.2133, 29.3787, 90.5998
1740983064.137, 2.000, 3.418, -1.3530, -1.2106, -4.3322, 0.2079, 29.3790, 90.5985
1740983064.217, 1.998, 3.419, -1.3530, -1.2106, -4.3322, 0.2111, 29.3788, 90.5994
1740983064.296, 2.000, 3.418, -1.3529, -1.2107, -4.3324, 0.2045, 29.3769, 90.6100
1740983064.376, 2.000, 3.418, -1.3531, -1.2106, -4.3322, 0.2063, 29.3736, 90.6192
1740983064.456, 1.999, 3.417, -1.3529, -1.2106, -4.3322, 0.2210, 29.3711, 90.6196
1740983064.535, 2.000, 3.420, -1.3531, -1.2104, -4.3321, 0.2279, 29.3769, 90.6169
1740983064.615, 1.999, 3.417, -1.3532, -1.2104, -4.3320, 0.2215, 29.3727, 90.6180
1740983064.695, 1.999, 3.418, -1.3529, -1.2106, -4.3324, 0.2139, 29.3693, 90.6096
1740983064.774, 1.999, 3.418, -1.3530, -1.2106, -4.3323, 0.2112, 29.3675, 90.6197
1740983064.854, 1.999, 3.421, -1.3531, -1.2106, -4.3322, 0.2178, 29.3721, 90.6265
1740983064.934, 2.000, 3.417, -1.3530, -1.2107, -4.3323, 0.2168, 29.3726, 90.6173
1740983065.013, 1.999, 3.417, -1.3529, -1.2109, -4.3325, 0.2291, 29.3657, 90.6039
1740983065.093, 2.000, 3.421, -1.3535, -1.2109, -4.3303, 0.2355, 28.7951, 90.6215
1740983065.173, 2.000, 3.421, -1.3545, -1.2112, -4.3232, 0.2474, 26.5813, 90.4869
1740983065.252, 2.000, 3.418, -1.3560, -1.2102, -4.3089, 0.1527, 22.5134, 90.5028
1740983065.332, 2.008, 3.419, -1.3569, -1.2103, -4.2890, 0.3384, 16.9141, 90.5385
1740983065.412, 2.040, 3.441, -1.3549, -1.2120, -4.2666, 0.3015, 10.1274, 90.5796
1740983065.491, 2.124, 3.523, -1.3508, -1.2128, -4.2438, 0.3848, 3.3468, 90.5012
1740983065.571, 2.124, 3.523, -1.3468, -1.2118, -4.2212, 0.3876, -0.4930, 90.8383
1740983065.650, 2.280, 3.710, -1.3453, -1.2118, -4.2027, 0.2016, -0.7347, 90.8852
1740983065.730, 2.457, 3.933, -1.3452, -1.2124, -4.1905, 0.2884, -0.6230, 90.9540
1740983065.810, 2.499, 3.941, -1.3453, -1.2121, -4.1889, 0.3160, -0.7357, 90.9025
1740983065.889, 2.517, 3.923, -1.3448, -1.2122, -4.1918, 0.3103, -0.9182, 90.9227
1740983065.969, 2.517, 3.923, -1.3445, -1.2119, -4.1939, 0.3206, -1.3652, 90.9231
1740983066.049, 2.521, 3.933, -1.3444, -1.2123, -4.1943, 0.3379, -1.4423, 90.9595
1740983066.128, 2.545, 3.964, -1.3443, -1.2122, -4.1945, 0.3595, -1.4923, 90.9471
1740983066.208, 2.550, 3.974, -1.3447, -1.2123, -4.1938, 0.3482, -1.1713, 90.9406
1740983066.287, 2.550, 3.975, -1.3465, -1.2122, -4.1868, 0.3479, 0.6115, 90.8699
1740983066.367, 2.550, 3.975, -1.3514, -1.2124, -4.1721, 0.4262, 4.7010, 90.7149
1740983066.447, 2.499, 3.925, -1.3595, -1.2132, -4.1505, 0.3276, 10.3904, 90.7116
1740983066.526, 2.385, 3.738, -1.3707, -1.2145, -4.1283, 0.1564, 16.3390, 90.5716
1740983066.606, 2.250, 3.496, -1.3831, -1.2138, -4.1085, 0.1582, 22.1193, 90.4137
1740983066.686, 2.250, 3.317, -1.3958, -1.2138, -4.0918, 0.1050, 26.8070, 90.5972
1740983066.765, 2.155, 3.317, -1.4064, -1.2150, -4.0786, -0.0306, 30.3255, 90.5701
1740983066.845, 2.105, 3.222, -1.4150, -1.2150, -4.0662, 0.0028, 31.3320, 90.5688
1740983066.925, 2.084, 3.183, -1.4205, -1.2145, -4.0563, -0.0689, 31.1901, 90.5505
1740983067.004, 2.084, 3.155, -1.4221, -1.2147, -4.0530, -0.1547, 31.2627, 90.5589
1740983067.084, 2.084, 3.149, -1.4224, -1.2152, -4.0532, -0.0582, 31.2209, 90.4944
1740983067.164, 2.085, 3.149, -1.4221, -1.2153, -4.0534, -0.0812, 31.2044, 90.5003
1740983067.243, 2.082, 3.148, -1.4223, -1.2153, -4.0531, -0.0007, 31.2313, 90.4694
1740983067.323, 2.082, 3.145, -1.4236, -1.2150, -4.0502, -0.0048, 30.8668, 90.4791
1740983067.402, 2.083, 3.147, -1.4245, -1.2152, -4.0455, 0.0162, 29.6133, 90.4661
1740983067.482, 2.083, 3.147, -1.4259, -1.2149, -4.0384, 0.0909, 27.4795, 90.4004
1740983067.562, 2.083, 3.144, -1.4273, -1.2154, -4.0291, 0.0335, 24.6491, 90.4120
1740983067.641, 2.091, 3.138, -1.4283, -1.2151, -4.0174, 0.0769, 21.0910, 90.3682
1740983067.721, 2.110, 3.146, -1.4306, -1.2150, -4.0022, 0.0560, 18.5485, 90.4741
1740983067.801, 2.145, 3.168, -1.4357, -1.2153, -3.9848, -0.0428, 18.1595, 90.6559
1740983067.881, 2.145, 3.168, -1.4413, -1.2153, -3.9678, -0.0291, 18.2056, 90.6987
1740983067.960, 2.174, 3.178, -1.4464, -1.2162, -3.9531, -0.0297, 18.6244, 90.6294
1740983068.040, 2.181, 3.160, -1.4535, -1.2166, -3.9401, -0.1090, 21.3810, 90.5639
1740983068.119, 2.181, 3.130, -1.4617, -1.2167, -3.9298, -0.0502, 24.7174, 90.4399
1740983068.199, 2.150, 3.075, -1.4682, -1.2169, -3.9178, -0.1508, 26.0593, 90.5384
1740983068.279, 2.150, 3.075, -1.4739, -1.2173, -3.9055, -0.1478, 25.8472, 90.5311
1740983068.358, 2.128, 3.036, -1.4803, -1.2177, -3.8923, -0.1064, 25.6585, 90.5577
1740983068.438, 2.127, 3.016, -1.4863, -1.2173, -3.8776, -0.2141, 25.4550, 90.5716
1740983068.518, 2.129, 3.002, -1.4936, -1.2169, -3.8619, -0.1108, 25.0876, 90.5725
1740983068.597, 2.134, 2.974, -1.5007, -1.2176, -3.8456, -0.1364, 24.9544, 90.5019
1740983068.677, 2.134, 2.974, -1.5076, -1.2182, -3.8298, -0.0874, 24.7622, 90.4277
1740983068.756, 2.141, 2.956, -1.5156, -1.2180, -3.8138, -0.0061, 25.2647, 90.5421
1740983068.836, 2.142, 2.938, -1.5240, -1.2184, -3.7999, -0.1229, 27.2650, 90.5474
1740983068.916, 2.145, 2.914, -1.5317, -1.2185, -3.7865, -0.0655, 27.9280, 90.6538
1740983068.995, 2.134, 2.881, -1.5385, -1.2188, -3.7723, -0.1216, 27.8818, 90.5692
1740983069.075, 2.134, 2.881, -1.5464, -1.2193, -3.7577, -0.0834, 27.8484, 90.4375
1740983069.155, 2.132, 2.866, -1.5545, -1.2200, -3.7423, -0.0540, 27.9070, 90.3221
1740983069.234, 2.135, 2.848, -1.5626, -1.2199, -3.7255, -0.0949, 27.9884, 90.3313
1740983069.314, 2.136, 2.817, -1.5722, -1.2197, -3.7087, -0.0283, 28.5113, 90.4374
1740983069.394, 2.138, 2.800, -1.5832, -1.2200, -3.6953, -0.0280, 31.6603, 90.3137
1740983069.473, 2.138, 2.800, -1.5946, -1.2207, -3.6815, 0.0114, 33.9962, 90.2745
1740983069.553, 2.131, 2.774, -1.6046, -1.2208, -3.6674, 0.2529, 34.1639, 90.0418
1740983069.632, 2.124, 2.747, -1.6137, -1.2209, -3.6531, 0.2278, 34.0329, 90.0366
1740983069.712, 2.123, 2.730, -1.6230, -1.2210, -3.6384, 0.2759, 33.8058, 90.0505
1740983069.792, 2.124, 2.709, -1.6326, -1.2216, -3.6236, 0.4253, 33.5946, 89.9655
1740983069.871, 2.124, 2.709, -1.6420, -1.2215, -3.6084, 0.3778, 33.4125, 90.0325
1740983069.951, 2.122, 2.685, -1.6511, -1.2215, -3.5931, 0.2763, 33.4144, 90.0113
1740983070.031, 2.123, 2.658, -1.6608, -1.2220, -3.5783, 0.3699, 33.2748, 89.8730
1740983070.110, 2.122, 2.642, -1.6704, -1.2222, -3.5633, 0.3971, 33.2718, 89.8206
1740983070.190, 2.122, 2.620, -1.6801, -1.2223, -3.5477, 0.4902, 33.0352, 89.8058
1740983070.270, 2.122, 2.620, -1.6896, -1.2221, -3.5324, 0.5336, 32.6999, 89.7941
1740983070.349, 2.120, 2.592, -1.6986, -1.2225, -3.5169, 0.3792, 32.6967, 89.8142
1740983070.429, 2.119, 2.570, -1.7086, -1.2225, -3.5021, 0.4687, 32.8190, 89.7876
1740983070.509, 2.120, 2.549, -1.7201, -1.2225, -3.4892, 0.4992, 35.6625, 89.6862
1740983070.588, 2.119, 2.527, -1.7313, -1.2229, -3.4760, 0.5952, 36.9431, 89.6096
1740983070.668, 2.119, 2.527, -1.7413, -1.2231, -3.4622, 0.6729, 36.7856, 89.6364
1740983070.748, 2.120, 2.517, -1.7512, -1.2235, -3.4487, 0.7759, 36.6418, 89.5530
1740983070.827, 2.121, 2.498, -1.7610, -1.2243, -3.4351, 0.7443, 36.5461, 89.7203
1740983070.907, 2.115, 2.472, -1.7705, -1.2235, -3.4207, 0.6769, 36.5528, 89.6833
1740983070.987, 2.114, 2.448, -1.7805, -1.2233, -3.4065, 0.6898, 36.5214, 89.6097
1740983071.066, 2.114, 2.448, -1.7905, -1.2236, -3.3925, 0.7183, 36.4955, 89.4901
1740983071.146, 2.112, 2.428, -1.8005, -1.2236, -3.3783, 0.7983, 36.2035, 89.4956
1740983071.225, 2.112, 2.411, -1.8105, -1.2241, -3.3637, 0.7401, 35.9232, 89.6024
1740983071.305, 2.109, 2.385, -1.8208, -1.2244, -3.3490, 0.6875, 35.8267, 89.5864
1740983071.385, 2.106, 2.362, -1.8311, -1.2245, -3.3339, 0.7417, 35.6377, 89.5388
1740983071.464, 2.106, 2.362, -1.8413, -1.2245, -3.3193, 0.7726, 35.6410, 89.5668
1740983071.544, 2.106, 2.341, -1.8515, -1.2245, -3.3043, 0.8073, 35.5365, 89.5513
1740983071.624, 2.103, 2.320, -1.8620, -1.2249, -3.2891, 0.8441, 35.3413, 89.6809
1740983071.703, 2.102, 2.296, -1.8721, -1.2252, -3.2742, 0.8395, 35.3063, 89.7466
1740983071.783, 2.101, 2.273, -1.8822, -1.2254, -3.2590, 0.7416, 35.3626, 89.9319
1740983071.863, 2.101, 2.273, -1.8920, -1.2254, -3.2437, 0.5677, 35.2429, 90.0266
1740983071.942, 2.099, 2.251, -1.9025, -1.2258, -3.2290, 0.7040, 35.4024, 89.9801
1740983072.022, 2.098, 2.225, -1.9104, -1.2261, -3.2174, 0.7187, 35.4239, 89.9898
1740983072.101, 2.095, 2.203, -1.9131, -1.2260, -3.2139, 0.7427, 35.4583, 90.1106
1740983072.181, 2.095, 2.188, -1.9119, -1.2260, -3.2155, 0.7569, 35.5176, 90.0685
1740983072.261, 2.095, 2.188, -1.9104, -1.2261, -3.2176, 0.7142, 35.5178, 90.0612
1740983072.340, 2.094, 2.188, -1.9094, -1.2260, -3.2191, 0.7013, 35.5605, 90.0558
1740983072.420, 2.094, 2.193, -1.9092, -1.2260, -3.2193, 0.6952, 35.5763, 90.0650
1740983072.500, 2.094, 2.195, -1.9092, -1.2261, -3.2194, 0.7040, 35.5803, 90.0636
1740983072.580, 2.094, 2.196, -1.9093, -1.2260, -3.2194, 0.7092, 35.5858, 90.0668
1740983072.659, 2.094, 2.196, -1.9093, -1.2260, -3.2193, 0.7117, 35.5833, 90.0665
1740983072.739, 2.096, 2.197, -1.9092, -1.2261, -3.2194, 0.7153, 35.5807, 90.0657
1740983072.818, 2.095, 2.196, -1.9092, -1.2260, -3.2194, 0.7062, 35.5829, 90.0743
1740983072.898, 2.095, 2.195, -1.9092, -1.2260, -3.2194, 0.7072, 35.5860, 90.0812
1740983072.978, 2.095, 2.196, -1.9093, -1.2261, -3.2194, 0.7136, 35.5908, 90.0786
1740983073.057, 2.095, 2.196, -1.9093, -1.2260, -3.2193, 0.7172, 35.5960, 90.0845
1740983073.137, 2.095, 2.196, -1.9092, -1.2260, -3.2194, 0.7186, 35.5869, 90.0810
1740983073.217, 2.095, 2.195, -1.9092, -1.2261, -3.2195, 0.7237, 35.5898, 90.0804
1740983073.296, 2.095, 2.195, -1.9093, -1.2260, -3.2193, 0.7093, 35.5839, 90.0938
1740983073.376, 2.095, 2.195, -1.9092, -1.2261, -3.2195, 0.7152, 35.5844, 90.0839
1740983073.456, 2.094, 2.196, -1.9092, -1.2261, -3.2194, 0.7140, 35.5950, 90.0810
1740983073.535, 2.094, 2.196, -1.9093, -1.2260, -3.2194, 0.7225, 35.5932, 90.0797
1740983073.615, 2.095, 2.196, -1.9092, -1.2260, -3.2193, 0.7060, 35.5921, 90.0777
1740983073.695, 2.095, 2.195, -1.9092, -1.2260, -3.2195, 0.7117, 35.5909, 90.0795
1740983073.774, 2.095, 2.195, -1.9092, -1.2260, -3.2194, 0.7111, 35.5960, 90.0881
1740983073.854, 2.095, 2.196, -1.9093, -1.2260, -3.2194, 0.7094, 35.5928, 90.0971
1740983073.933, 2.094, 2.197, -1.9093, -1.2259, -3.2194, 0.7070, 35.5987, 90.1139
1740983074.013, 2.096, 2.196, -1.9092, -1.2260, -3.2194, 0.7023, 35.5978, 90.1199
1740983074.093, 2.094, 2.196, -1.9092, -1.2259, -3.2194, 0.6882, 35.5870, 90.1184
1740983074.173, 2.094, 2.196, -1.9093, -1.2259, -3.2194, 0.7016, 35.5815, 90.1107
1740983074.252, 2.095, 2.195, -1.9092, -1.2261, -3.2195, 0.7085, 35.5857, 90.1047
1740983074.332, 2.094, 2.195, -1.9093, -1.2260, -3.2194, 0.7182, 35.5866, 90.0922
1740983074.411, 2.095, 2.196, -1.9092, -1.2261, -3.2194, 0.7263, 35.5861, 90.0920
1740983074.491, 2.093, 2.196, -1.9092, -1.2260, -3.2193, 0.7247, 35.5903, 90.0914
1740983074.571, 2.093, 2.196, -1.9092, -1.2261, -3.2195, 0.7247, 35.5935, 90.0902
1740983074.650, 2.095, 2.195, -1.9093, -1.2260, -3.2195, 0.7282, 35.5930, 90.0999
1740983074.730, 2.095, 2.196, -1.9093, -1.2260, -3.2194, 0.7341, 35.5965, 90.0968
1740983074.809, 2.094, 2.196, -1.9093, -1.2260, -3.2194, 0.7307, 35.5923, 90.0892
1740983074.889, 2.095, 2.196, -1.9092, -1.2260, -3.2195, 0.7195, 35.5973, 90.0926
1740983074.969, 2.095, 2.196, -1.9092, -1.2261, -3.2196, 0.7190, 35.5890, 90.0906
1740983075.048, 2.095, 2.196, -1.9080, -1.2262, -3.2214, 0.7315, 35.5931, 90.1040
1740983075.128, 2.095, 2.195, -1.9051, -1.2261, -3.2256, 0.7233, 35.6607, 90.1039
1740983075.208, 2.096, 2.198, -1.9016, -1.2258, -3.2303, 0.6640, 35.6932, 90.1631
1740983075.287, 2.096, 2.204, -1.8994, -1.2258, -3.2339, 0.6943, 35.6820, 90.1376
1740983075.367, 2.096, 2.204, -1.8978, -1.2258, -3.2361, 0.6894, 35.7350, 90.1183
1740983075.447, 2.096, 2.211, -1.8958, -1.2258, -3.2389, 0.7385, 35.6433, 90.0889
1740983075.526, 2.097, 2.216, -1.8927, -1.2256, -3.2432, 0.6601, 35.6465, 90.1135
1740983075.606, 2.097, 2.220, -1.8884, -1.2255, -3.2495, 0.6876, 35.7255, 90.0690
1740983075.686, 2.099, 2.224, -1.8837, -1.2254, -3.2570, 0.7637, 35.6939, 90.0101
1740983075.765, 2.099, 2.224, -1.8785, -1.2252, -3.2653, 0.8845, 35.7137, 89.8665
1740983075.845, 2.099, 2.238, -1.8734, -1.2254, -3.2730, 0.9289, 35.7146, 89.7218
1740983075.925, 2.099, 2.248, -1.8686, -1.2253, -3.2800, 0.9290, 35.7427, 89.6930
1740983076.004, 2.099, 2.261, -1.8645, -1.2252, -3.2859, 0.9462, 35.7478, 89.6527
1740983076.084, 2.100, 2.270, -1.8605, -1.2252, -3.2918, 0.9665, 35.7848, 89.6082
1740983076.163, 2.100, 2.270, -1.8566, -1.2253, -3.2974, 0.9376, 35.8305, 89.5581
1740983076.243, 2.101, 2.281, -1.8519, -1.2250, -3.3041, 0.9516, 35.8535, 89.5261
1740983076.323, 2.102, 2.291, -1.8470, -1.2250, -3.3111, 0.9293, 35.8829, 89.4875
1740983076.402, 2.103, 2.298, -1.8418, -1.2251, -3.3184, 0.8904, 35.8709, 89.4644
1740983076.482, 2.104, 2.311, -1.8371, -1.2249, -3.3256, 0.8569, 35.9005, 89.4973
1740983076.562, 2.104, 2.311, -1.8319, -1.2246, -3.3324, 0.8183, 35.8728, 89.5362
1740983076.641, 2.105, 2.319, -1.8272, -1.2246, -3.3393, 0.7965, 35.8965, 89.5306
1740983076.721, 2.105, 2.328, -1.8229, -1.2245, -3.3460, 0.8019, 35.9236, 89.5551
1740983076.801, 2.105, 2.339, -1.8179, -1.2247, -3.3532, 0.8130, 35.9398, 89.5422
1740983076.880, 2.105, 2.354, -1.8133, -1.2246, -3.3600, 0.8331, 36.0516, 89.5928
1740983076.960, 2.105, 2.354, -1.8087, -1.2246, -3.3668, 0.9112, 36.1123, 89.5793
1740983077.159, 2.108, 2.372, -1.7964, -1.2246, -3.3842, 0.8665, 36.2226, 89.5722
1740983077.239, 2.108, 2.383, -1.7914, -1.2245, -3.3910, 0.8066, 36.2698, 89.5752
1740983077.318, 2.110, 2.391, -1.7866, -1.2244, -3.3977, 0.7899, 36.2713, 89.5687
1740983077.398, 2.110, 2.405, -1.7821, -1.2242, -3.4041, 0.7919, 36.2699, 89.5867
1740983077.477, 2.110, 2.416, -1.7774, -1.2241, -3.4108, 0.7925, 36.2243, 89.6271
1740983077.557, 2.110, 2.416, -1.7725, -1.2238, -3.4177, 0.7957, 36.2340, 89.6351
1740983077.637, 2.111, 2.426, -1.7677, -1.2240, -3.4251, 0.8502, 36.3073, 89.6216
1740983077.716, 2.111, 2.435, -1.7627, -1.2241, -3.4325, 0.8969, 36.2827, 89.5917
1740983077.796, 2.114, 2.442, -1.7580, -1.2237, -3.4395, 0.9570, 36.3193, 89.5587
1740983077.876, 2.113, 2.455, -1.7534, -1.2238, -3.4463, 0.9920, 36.3705, 89.5059
1740983077.955, 2.113, 2.455, -1.7487, -1.2235, -3.4529, 0.9767, 36.4092, 89.5166
1740983078.035, 2.115, 2.462, -1.7437, -1.2235, -3.4596, 0.9519, 36.4988, 89.5278
1740983078.115, 2.114, 2.474, -1.7389, -1.2234, -3.4663, 0.9039, 36.5719, 89.5602
1740983078.194, 2.117, 2.488, -1.7340, -1.2234, -3.4729, 0.8794, 36.6575, 89.5617
1740983078.274, 2.117, 2.491, -1.7295, -1.2236, -3.4794, 0.8752, 36.6674, 89.5428
1740983078.354, 2.119, 2.491, -1.7253, -1.2233, -3.4853, 0.8754, 36.7054, 89.5579
1740983078.433, 2.119, 2.510, -1.7211, -1.2234, -3.4909, 0.8458, 36.6830, 89.5691
1740983078.513, 2.120, 2.521, -1.7168, -1.2232, -3.4969, 0.8414, 36.6555, 89.6169
1740983078.593, 2.121, 2.523, -1.7124, -1.2231, -3.5030, 0.8285, 36.6448, 89.6450
1740983078.672, 2.121, 2.523, -1.7078, -1.2232, -3.5093, 0.7930, 36.6402, 89.6865
1740983078.752, 2.120, 2.531, -1.7031, -1.2229, -3.5158, 0.7958, 36.6788, 89.6973
1740983078.832, 2.122, 2.545, -1.6986, -1.2230, -3.5222, 0.8271, 36.7076, 89.6690
1740983078.911, 2.123, 2.555, -1.6941, -1.2231, -3.5287, 0.8284, 36.7949, 89.7141
1740983078.991, 2.123, 2.562, -1.6895, -1.2232, -3.5354, 0.8688, 36.8154, 89.7126
1740983079.071, 2.123, 2.562, -1.6852, -1.2227, -3.5414, 0.8967, 36.8439, 89.7227
1740983079.150, 2.124, 2.570, -1.6807, -1.2228, -3.5476, 0.8440, 36.8492, 89.7610
1740983079.230, 2.125, 2.586, -1.6758, -1.2226, -3.5540, 0.7992, 36.8978, 89.7488
1740983079.309, 2.126, 2.596, -1.6712, -1.2225, -3.5603, 0.7315, 36.9487, 89.7610
1740983079.389, 2.127, 2.604, -1.6667, -1.2225, -3.5663, 0.6823, 36.9139, 89.7850
1740983079.469, 2.127, 2.604, -1.6625, -1.2223, -3.5720, 0.6606, 36.8666, 89.7705
1740983079.548, 2.127, 2.611, -1.6582, -1.2223, -3.5778, 0.6015, 36.8230, 89.8341
1740983079.628, 2.128, 2.623, -1.6533, -1.2219, -3.5843, 0.5896, 36.7902, 89.8728
1740983079.708, 2.131, 2.632, -1.6483, -1.2218, -3.5916, 0.5988, 36.7791, 89.9186
1740983079.907, 2.131, 2.647, -1.6347, -1.2219, -3.6114, 0.7465, 36.7768, 89.8278
1740983079.986, 2.130, 2.656, -1.6293, -1.2221, -3.6192, 0.7976, 36.8498, 89.8164
1740983080.066, 2.130, 2.656, -1.6241, -1.2219, -3.6265, 0.8016, 36.9088, 89.8231
1740983080.146, 2.132, 2.677, -1.6188, -1.2216, -3.6338, 0.7824, 36.9489, 89.8498
1740983080.225, 2.133, 2.688, -1.6134, -1.2210, -3.6408, 0.7422, 37.0401, 89.8332
1740983080.305, 2.136, 2.698, -1.6080, -1.2209, -3.6482, 0.7561, 37.0577, 89.8209
1740983080.385, 2.139, 2.711, -1.6027, -1.2210, -3.6557, 0.7368, 37.0823, 89.8323
1740983080.464, 2.139, 2.711, -1.5973, -1.2208, -3.6631, 0.7204, 37.0825, 89.8315
1740983080.544, 2.139, 2.721, -1.5920, -1.2207, -3.6702, 0.6989, 37.0680, 89.8620
1740983080.624, 2.139, 2.735, -1.5864, -1.2210, -3.6779, 0.6485, 37.0263, 89.9461
1740983080.703, 2.140, 2.745, -1.5812, -1.2209, -3.6852, 0.6639, 37.0389, 89.9649
1740983080.783, 2.141, 2.759, -1.5757, -1.2206, -3.6926, 0.6104, 37.1082, 90.0054
1740983080.862, 2.141, 2.759, -1.5702, -1.2206, -3.7003, 0.6349, 37.1419, 90.0453
1740983080.942, 2.143, 2.764, -1.5652, -1.2201, -3.7075, 0.6858, 37.1956, 90.0662
1740983081.022, 2.142, 2.779, -1.5600, -1.2203, -3.7146, 0.6337, 37.2131, 90.1203
1740983081.101, 2.145, 2.785, -1.5546, -1.2204, -3.7218, 0.5730, 37.2658, 90.1737
1740983081.181, 2.146, 2.797, -1.5491, -1.2201, -3.7289, 0.4854, 37.2847, 90.1839
1740983081.261, 2.146, 2.797, -1.5437, -1.2201, -3.7361, 0.4349, 37.2751, 90.1876
1740983081.340, 2.147, 2.808, -1.5386, -1.2201, -3.7431, 0.4430, 37.2410, 90.1764
1740983081.420, 2.148, 2.818, -1.5336, -1.2195, -3.7500, 0.4419, 37.1720, 90.2323
1740983081.499, 2.148, 2.829, -1.5281, -1.2201, -3.7578, 0.4367, 37.1513, 90.2818
1740983081.579, 2.148, 2.841, -1.5223, -1.2204, -3.7659, 0.4214, 37.1653, 90.3094
1740983081.659, 2.148, 2.841, -1.5170, -1.2194, -3.7737, 0.4965, 37.1515, 90.2957
1740983081.738, 2.150, 2.858, -1.5114, -1.2196, -3.7815, 0.5455, 37.1548, 90.2725
1740983081.818, 2.151, 2.864, -1.5061, -1.2189, -3.7892, 0.6122, 37.2141, 90.2312
1740983081.898, 2.153, 2.876, -1.5008, -1.2187, -3.7964, 0.6055, 37.2937, 90.2193
1740983081.977, 2.154, 2.889, -1.4952, -1.2186, -3.8041, 0.5823, 37.3393, 90.2068
1740983082.057, 2.154, 2.889, -1.4899, -1.2188, -3.8115, 0.5771, 37.4145, 90.1889
1740983082.137, 2.156, 2.898, -1.4844, -1.2185, -3.8190, 0.5807, 37.4700, 90.1728
1740983082.216, 2.157, 2.916, -1.4788, -1.2182, -3.8264, 0.5496, 37.5289, 90.1668
1740983082.296, 2.159, 2.917, -1.4732, -1.2183, -3.8342, 0.5526, 37.5306, 90.1372
1740983082.376, 2.161, 2.935, -1.4677, -1.2181, -3.8415, 0.5324, 37.5254, 90.1707
1740983082.455, 2.161, 2.935, -1.4618, -1.2179, -3.8494, 0.5090, 37.5019, 90.1799
1740983082.535, 2.160, 2.949, -1.4565, -1.2178, -3.8570, 0.5524, 37.4902, 90.1428
1740983082.615, 2.163, 2.961, -1.4508, -1.2180, -3.8648, 0.5118, 37.5549, 90.1515
1740983082.694, 2.165, 2.966, -1.4451, -1.2177, -3.8725, 0.5242, 37.6222, 90.1718
1740983082.774, 2.164, 2.977, -1.4398, -1.2172, -3.8798, 0.5679, 37.6510, 90.1851
1740983082.854, 2.164, 2.977, -1.4344, -1.2170, -3.8869, 0.5093, 37.7386, 90.2584
1740983082.933, 2.167, 2.993, -1.4288, -1.2170, -3.8943, 0.4773, 37.7719, 90.2544
1740983083.013, 2.167, 3.003, -1.4232, -1.2170, -3.9016, 0.4005, 37.7730, 90.2497
1740983083.092, 2.170, 3.023, -1.4178, -1.2167, -3.9088, 0.4125, 37.7934, 90.2413
1740983083.172, 2.172, 3.032, -1.4123, -1.2165, -3.9159, 0.3958, 37.7054, 90.2500
1740983083.252, 2.172, 3.032, -1.4073, -1.2161, -3.9229, 0.4061, 37.6922, 90.2867
1740983083.331, 2.173, 3.039, -1.4017, -1.2159, -3.9304, 0.4244, 37.6932, 90.3198
1740983083.411, 2.175, 3.056, -1.3963, -1.2159, -3.9382, 0.4933, 37.7200, 90.2736
1740983083.491, 2.175, 3.059, -1.3911, -1.2162, -3.9462, 0.5960, 37.6984, 90.2089
1740983083.570, 2.175, 3.075, -1.3857, -1.2161, -3.9534, 0.6463, 37.7235, 90.2373
1740983083.650, 2.176, 3.075, -1.3808, -1.2159, -3.9609, 0.7030, 37.7519, 90.1728
1740983083.730, 2.178, 3.088, -1.3749, -1.2158, -3.9682, 0.6817, 37.8245, 90.1733
1740983083.809, 2.179, 3.101, -1.3697, -1.2154, -3.9752, 0.6785, 37.9199, 90.1920
1740983083.889, 2.181, 3.114, -1.3643, -1.2152, -3.9824, 0.6844, 37.9967, 90.1712
1740983083.969, 2.181, 3.127, -1.3587, -1.2148, -3.9900, 0.6819, 38.0458, 90.1635
1740983084.048, 2.182, 3.127, -1.3529, -1.2145, -3.9973, 0.6794, 38.0874, 90.0977
1740983084.128, 2.184, 3.133, -1.3472, -1.2145, -4.0048, 0.6927, 38.0898, 90.0977
1740983084.207, 2.182, 3.150, -1.3414, -1.2146, -4.0126, 0.6125, 38.0665, 90.1086
1740983084.287, 2.183, 3.163, -1.3358, -1.2147, -4.0199, 0.5511, 38.0185, 90.1690
1740983084.368, 2.183, 3.168, -1.3301, -1.2141, -4.0274, 0.5663, 38.0662, 90.1878
1740983084.446, 2.182, 3.168, -1.3246, -1.2142, -4.0348, 0.5393, 38.1272, 90.2385
1740983084.526, 2.183, 3.181, -1.3204, -1.2141, -4.0403, 0.5632, 38.1215, 90.2453
1740983084.606, 2.189, 3.196, -1.3198, -1.2141, -4.0412, 0.5468, 38.1440, 90.2667
1740983084.685, 2.187, 3.202, -1.3202, -1.2141, -4.0408, 0.5439, 38.1255, 90.2606
1740983084.766, 2.187, 3.202, -1.3205, -1.2140, -4.0404, 0.5455, 38.1163, 90.2740
1740983084.845, 2.187, 3.207, -1.3205, -1.2140, -4.0405, 0.5397, 38.1242, 90.2788
1740983084.924, 2.188, 3.203, -1.3206, -1.2138, -4.0402, 0.5419, 38.1150, 90.2917
1740983085.004, 2.188, 3.205, -1.3205, -1.2141, -4.0406, 0.5340, 38.1141, 90.2710
1740983085.083, 2.188, 3.207, -1.3206, -1.2141, -4.0406, 0.5215, 38.1095, 90.2784
1740983085.164, 2.188, 3.207, -1.3206, -1.2141, -4.0406, 0.5256, 38.1173, 90.2975
1740983085.243, 2.189, 3.202, -1.3205, -1.2141, -4.0405, 0.5126, 38.1146, 90.2863
1740983085.322, 2.186, 3.207, -1.3206, -1.2141, -4.0406, 0.5203, 38.1228, 90.2689
1740983085.402, 2.187, 3.201, -1.3207, -1.2141, -4.0406, 0.5173, 38.1295, 90.2752
1740983085.482, 2.189, 3.202, -1.3205, -1.2142, -4.0409, 0.5296, 38.1351, 90.2632
1740983085.562, 2.189, 3.202, -1.3207, -1.2142, -4.0408, 0.5207, 38.1371, 90.2619
1740983085.641, 2.187, 3.207, -1.3206, -1.2141, -4.0407, 0.5186, 38.1341, 90.2596
1740983085.721, 2.189, 3.205, -1.3206, -1.2142, -4.0408, 0.5168, 38.1362, 90.2512
1740983085.800, 2.187, 3.204, -1.3206, -1.2142, -4.0409, 0.5086, 38.1398, 90.2487
1740983085.880, 2.192, 3.202, -1.3207, -1.2142, -4.0407, 0.5007, 38.1379, 90.2589
1740983085.960, 2.192, 3.202, -1.3207, -1.2142, -4.0407, 0.4977, 38.1287, 90.2482
1740983086.039, 2.185, 3.202, -1.3207, -1.2142, -4.0408, 0.4974, 38.1327, 90.2601
1740983086.119, 2.188, 3.207, -1.3205, -1.2142, -4.0410, 0.5015, 38.1251, 90.2646
1740983086.199, 2.185, 3.205, -1.3207, -1.2142, -4.0409, 0.5035, 38.1323, 90.2604
1740983086.278, 2.186, 3.204, -1.3206, -1.2142, -4.0409, 0.4946, 38.1289, 90.2569
1740983086.358, 2.186, 3.204, -1.3208, -1.2142, -4.0408, 0.5003, 38.1249, 90.2625
1740983086.438, 2.189, 3.205, -1.3206, -1.2142, -4.0410, 0.5026, 38.1305, 90.2469
1740983086.517, 2.188, 3.204, -1.3209, -1.2142, -4.0406, 0.4850, 38.0471, 90.2505
1740983086.597, 2.190, 3.206, -1.3226, -1.2142, -4.0380, 0.4907, 38.0577, 90.2377
1740983086.677, 2.190, 3.202, -1.3264, -1.2145, -4.0334, 0.5191, 38.0817, 90.1928
1740983086.756, 2.190, 3.202, -1.3318, -1.2142, -4.0261, 0.5620, 37.9474, 90.1377
1740983086.836, 2.186, 3.195, -1.3388, -1.2143, -4.0169, 0.5476, 37.9924, 90.1291
1740983086.915, 2.184, 3.187, -1.3464, -1.2149, -4.0069, 0.5847, 37.8472, 90.0830
1740983086.995, 2.183, 3.174, -1.3539, -1.2153, -3.9968, 0.6576, 37.7431, 90.0848
1740983087.075, 2.183, 3.151, -1.3609, -1.2154, -3.9874, 0.6286, 37.6203, 90.1793
1740983087.154, 2.183, 3.151, -1.3670, -1.2156, -3.9786, 0.6165, 37.4009, 90.1879
1740983087.234, 2.182, 3.134, -1.3730, -1.2160, -3.9708, 0.6473, 37.3254, 90.2155
1740983087.314, 2.180, 3.124, -1.3786, -1.2160, -3.9630, 0.6661, 37.2290, 90.1391
1740983087.393, 2.180, 3.106, -1.3844, -1.2167, -3.9551, 0.6507, 37.1333, 90.1883
1740983087.473, 2.179, 3.093, -1.3909, -1.2171, -3.9462, 0.5796, 37.0941, 90.2789
1740983087.553, 2.179, 3.093, -1.3971, -1.2171, -3.9368, 0.4443, 37.0834, 90.3519
1740983087.632, 2.177, 3.085, -1.4035, -1.2164, -3.9276, 0.3750, 37.0632, 90.3227
1740983087.712, 2.175, 3.072, -1.4094, -1.2169, -3.9198, 0.4266, 37.0321, 90.2193
1740983087.792, 2.173, 3.055, -1.4152, -1.2174, -3.9118, 0.3715, 37.1293, 90.2185
1740983087.871, 2.172, 3.048, -1.4208, -1.2175, -3.9042, 0.4038, 37.0306, 90.2007
1740983087.951, 2.172, 3.048, -1.4267, -1.2173, -3.8957, 0.4267, 36.9446, 90.2261
1740983088.030, 2.170, 3.035, -1.4321, -1.2176, -3.8877, 0.5358, 36.3400, 90.2191
1740983088.110, 2.169, 3.019, -1.4373, -1.2170, -3.8791, 0.5332, 35.4517, 90.1904
1740983088.190, 2.166, 3.000, -1.4425, -1.2168, -3.8701, 0.4842, 35.2549, 90.2311
1740983088.269, 2.163, 2.986, -1.4484, -1.2176, -3.8616, 0.4437, 35.2037, 90.2141
1740983088.349, 2.163, 2.986, -1.4540, -1.2178, -3.8539, 0.4706, 35.0740, 90.1561
1740983088.429, 2.163, 2.970, -1.4589, -1.2180, -3.8460, 0.4494, 34.9010, 90.1702
1740983088.508, 2.163, 2.957, -1.4644, -1.2179, -3.8383, 0.4761, 34.8621, 90.1767
1740983088.588, 2.160, 2.951, -1.4694, -1.2180, -3.8305, 0.5496, 34.8147, 90.0963
1740983088.667, 2.160, 2.939, -1.4742, -1.2181, -3.8222, 0.5352, 34.2912, 90.1159
1740983088.747, 2.160, 2.939, -1.4780, -1.2184, -3.8134, 0.5569, 32.5065, 90.1401
1740983088.827, 2.160, 2.924, -1.4828, -1.2189, -3.8043, 0.4496, 31.9927, 90.2704
1740983088.907, 2.159, 2.914, -1.4880, -1.2196, -3.7959, 0.5102, 31.8728, 90.2734
1740983088.986, 2.162, 2.896, -1.4933, -1.2193, -3.7870, 0.4676, 31.8159, 90.2934
1740983089.066, 2.161, 2.884, -1.4983, -1.2190, -3.7781, 0.4516, 31.7931, 90.3263
1740983089.145, 2.161, 2.884, -1.5033, -1.2194, -3.7697, 0.4083, 31.7895, 90.3883
1740983089.225, 2.161, 2.874, -1.5079, -1.2196, -3.7617, 0.3676, 31.7440, 90.3646
1740983089.305, 2.162, 2.867, -1.5126, -1.2195, -3.7537, 0.3334, 31.8009, 90.3232
1740983089.384, 2.162, 2.856, -1.5175, -1.2199, -3.7459, 0.3263, 31.8445, 90.2757
1740983089.464, 2.162, 2.837, -1.5224, -1.2199, -3.7378, 0.3459, 31.9058, 90.2593
1740983089.544, 2.163, 2.837, -1.5272, -1.2202, -3.7300, 0.3360, 31.9650, 90.2063
1740983089.623, 2.162, 2.824, -1.5322, -1.2207, -3.7216, 0.3121, 32.0412, 90.2437
1740983089.703, 2.162, 2.815, -1.5373, -1.2211, -3.7132, 0.3039, 32.0092, 90.2041
1740983089.783, 2.161, 2.807, -1.5426, -1.2207, -3.7046, 0.4072, 31.9316, 90.1722
1740983089.862, 2.161, 2.807, -1.5480, -1.2203, -3.6957, 0.4403, 31.8496, 90.2279
1740983089.942, 2.163, 2.795, -1.5528, -1.2205, -3.6871, 0.3659, 31.8187, 90.1895
1740983090.022, 2.161, 2.783, -1.5578, -1.2209, -3.6790, 0.3598, 31.7515, 90.1544
1740983090.101, 2.163, 2.771, -1.5624, -1.2212, -3.6716, 0.3935, 31.7005, 90.1341
1740983090.181, 2.163, 2.755, -1.5666, -1.2211, -3.6644, 0.3729, 31.7029, 90.1039
1740983090.261, 2.163, 2.755, -1.5710, -1.2214, -3.6570, 0.4352, 31.7407, 90.0428
1740983090.340, 2.161, 2.742, -1.5754, -1.2213, -3.6498, 0.4516, 31.7558, 90.0056
1740983090.420, 2.162, 2.733, -1.5799, -1.2214, -3.6423, 0.4533, 31.7314, 89.9627
1740983090.499, 2.162, 2.727, -1.5848, -1.2213, -3.6344, 0.4483, 31.6772, 89.9654
1740983090.579, 2.162, 2.711, -1.5894, -1.2214, -3.6265, 0.4917, 31.6633, 89.9977
1740983090.659, 2.162, 2.711, -1.5943, -1.2219, -3.6186, 0.5551, 31.6014, 89.9529
1740983090.738, 2.163, 2.704, -1.5991, -1.2217, -3.6108, 0.6002, 31.6212, 89.9418
1740983090.818, 2.162, 2.689, -1.6037, -1.2220, -3.6030, 0.5937, 31.6028, 89.9627
1740983090.898, 2.162, 2.677, -1.6082, -1.2222, -3.5954, 0.5755, 31.5998, 90.0144
1740983090.977, 2.161, 2.670, -1.6127, -1.2221, -3.5877, 0.5570, 31.5828, 90.0332
1740983091.057, 2.161, 2.670, -1.6170, -1.2223, -3.5800, 0.4660, 31.6819, 90.0438
1740983091.136, 2.163, 2.652, -1.6217, -1.2226, -3.5724, 0.4949, 31.6290, 90.0057
1740983091.216, 2.163, 2.643, -1.6263, -1.2226, -3.5643, 0.5011, 31.6886, 89.9448
1740983091.296, 2.162, 2.631, -1.6312, -1.2227, -3.5562, 0.5030, 31.8112, 89.8992
1740983091.376, 2.162, 2.623, -1.6367, -1.2228, -3.5475, 0.5405, 31.8609, 89.8262
1740983091.455, 2.162, 2.623, -1.6421, -1.2226, -3.5384, 0.5405, 31.8327, 89.8402
1740983091.535, 2.162, 2.614, -1.6477, -1.2233, -3.5296, 0.6104, 31.6979, 89.8452
1740983091.614, 2.162, 2.596, -1.6527, -1.2232, -3.5213, 0.6955, 31.5437, 89.8030
1740983091.694, 2.161, 2.590, -1.6578, -1.2228, -3.5123, 0.6138, 31.5262, 89.9066
1740983091.774, 2.162, 2.571, -1.6628, -1.2232, -3.5039, 0.5574, 31.5993, 89.8466
1740983091.853, 2.162, 2.571, -1.6680, -1.2239, -3.4953, 0.5597, 31.5395, 89.8340
1740983091.933, 2.162, 2.566, -1.6732, -1.2239, -3.4864, 0.5651, 31.4186, 89.7939
1740983092.013, 2.162, 2.548, -1.6784, -1.2238, -3.4777, 0.5853, 31.4486, 89.7565
1740983092.092, 2.162, 2.540, -1.6833, -1.2232, -3.4689, 0.5645, 31.4242, 89.7200
1740983092.172, 2.164, 2.522, -1.6885, -1.2233, -3.4605, 0.5955, 31.3715, 89.7004
1740983092.252, 2.164, 2.522, -1.6932, -1.2233, -3.4519, 0.5460, 31.3435, 89.7216
1740983092.331, 2.164, 2.514, -1.6983, -1.2237, -3.4431, 0.5883, 31.2649, 89.7510
1740983092.411, 2.162, 2.498, -1.7033, -1.2236, -3.4347, 0.6186, 31.2018, 89.7480
1740983092.490, 2.162, 2.490, -1.7086, -1.2236, -3.4264, 0.6327, 31.4220, 89.7169
1740983092.570, 2.162, 2.478, -1.7138, -1.2244, -3.4183, 0.6070, 31.7217, 89.7605
1740983092.650, 2.162, 2.478, -1.7187, -1.2247, -3.4102, 0.6445, 31.7007, 89.7354
1740983092.729, 2.163, 2.460, -1.7234, -1.2236, -3.4017, 0.5736, 31.7175, 89.7961
1740983092.809, 2.163, 2.450, -1.7283, -1.2236, -3.3936, 0.6230, 31.7218, 89.7572
1740983092.889, 2.164, 2.439, -1.7328, -1.2236, -3.3860, 0.6402, 31.7700, 89.6866
1740983092.968, 2.165, 2.432, -1.7378, -1.2244, -3.3783, 0.6321, 32.0457, 89.6697
1740983093.048, 2.165, 2.432, -1.7435, -1.2244, -3.3715, 0.6228, 33.4094, 89.6272
1740983093.128, 2.163, 2.416, -1.7495, -1.2245, -3.3646, 0.7046, 34.6126, 89.6320
1740983093.207, 2.159, 2.403, -1.7545, -1.2247, -3.3576, 0.7196, 34.6374, 89.6650
1740983093.287, 2.160, 2.398, -1.7588, -1.2248, -3.3511, 0.7232, 34.5236, 89.6816
1740983093.367, 2.160, 2.388, -1.7628, -1.2248, -3.3450, 0.7797, 34.3859, 89.6495
1740983093.446, 2.160, 2.388, -1.7671, -1.2247, -3.3385, 0.7622, 34.3571, 89.6507
1740983093.526, 2.158, 2.378, -1.7711, -1.2251, -3.3319, 0.6466, 34.3913, 89.6680
1740983093.606, 2.158, 2.364, -1.7754, -1.2251, -3.3252, 0.6959, 34.2772, 89.6080
1740983093.685, 2.159, 2.355, -1.7797, -1.2252, -3.3184, 0.6967, 34.1539, 89.5938
1740983093.765, 2.157, 2.349, -1.7843, -1.2247, -3.3113, 0.6917, 34.1070, 89.5664
1740983093.844, 2.157, 2.349, -1.7888, -1.2250, -3.3046, 0.7648, 34.0379, 89.5062
1740983093.924, 2.156, 2.340, -1.7937, -1.2247, -3.2970, 0.7896, 33.9339, 89.4916
1740983094.004, 2.158, 2.325, -1.7988, -1.2248, -3.2891, 0.8662, 33.9299, 89.4319
1740983094.083, 2.154, 2.318, -1.8045, -1.2248, -3.2804, 0.8907, 33.8248, 89.4687
1740983094.163, 2.153, 2.303, -1.8102, -1.2245, -3.2711, 0.8833, 33.7887, 89.5300
1740983094.243, 2.153, 2.303, -1.8161, -1.2242, -3.2615, 0.8970, 33.7452, 89.5755
1740983094.322, 2.154, 2.293, -1.8216, -1.2257, -3.2533, 0.9198, 33.6587, 89.5734
1740983094.402, 2.152, 2.277, -1.8273, -1.2261, -3.2442, 0.9080, 33.6573, 89.7081
1740983094.482, 2.151, 2.264, -1.8329, -1.2258, -3.2354, 0.8983, 33.6383, 89.7473
1740983094.561, 2.150, 2.254, -1.8381, -1.2255, -3.2265, 0.7914, 33.6843, 89.8377
1740983094.641, 2.150, 2.254, -1.8437, -1.2257, -3.2176, 0.7112, 33.6199, 89.9854
1740983094.720, 2.151, 2.239, -1.8493, -1.2255, -3.2088, 0.7919, 33.7439, 89.9864
1740983094.800, 2.153, 2.224, -1.8553, -1.2259, -3.1999, 0.7879, 33.7624, 89.9876
1740983094.880, 2.152, 2.211, -1.8607, -1.2260, -3.1915, 0.8220, 33.8503, 89.9357
1740983094.960, 2.152, 2.200, -1.8667, -1.2257, -3.1822, 0.8818, 33.7438, 89.9419
1740983095.039, 2.151, 2.200, -1.8724, -1.2260, -3.1735, 0.9337, 33.6288, 89.9828
1740983095.119, 2.150, 2.185, -1.8781, -1.2262, -3.1651, 1.0308, 33.4886, 89.9830
1740983095.198, 2.149, 2.170, -1.8832, -1.2265, -3.1564, 0.9490, 33.4952, 90.0217
1740983095.278, 2.149, 2.159, -1.8887, -1.2271, -3.1482, 1.0019, 33.3398, 89.9342
1740983095.359, 2.149, 2.145, -1.8941, -1.2270, -3.1397, 1.0904, 33.2181, 89.8926
1740983095.437, 2.149, 2.145, -1.8992, -1.2269, -3.1313, 1.0830, 33.2021, 89.9210
1740983095.517, 2.149, 2.132, -1.9044, -1.2268, -3.1241, 1.1680, 33.1225, 89.6445
1740983095.597, 2.145, 2.122, -1.9082, -1.2264, -3.1209, 1.7817, 33.4576, 88.9353
1740983095.676, 2.140, 2.110, -1.9100, -1.2261, -3.1193, 2.0558, 33.4834, 88.6770
1740983095.756, 2.140, 2.110, -1.9102, -1.2256, -3.1173, 1.7477, 33.4382, 88.1328
1740983095.836, 2.142, 2.106, -1.9142, -1.2252, -3.1102, 1.7216, 33.3192, 87.7636
1740983095.915, 2.143, 2.104, -1.9211, -1.2246, -3.0980, 1.7220, 33.2607, 87.7699
1740983095.995, 2.143, 2.096, -1.9299, -1.2259, -3.0851, 1.8752, 33.0962, 87.6731
1740983096.074, 2.134, 2.079, -1.9371, -1.2261, -3.0722, 1.7249, 32.9778, 87.7091
1740983096.154, 2.133, 2.079, -1.9433, -1.2265, -3.0616, 1.5948, 33.0745, 87.7081
1740983096.234, 2.133, 2.057, -1.9483, -1.2264, -3.0530, 1.4977, 33.2651, 87.8217
1740983096.313, 2.135, 2.040, -1.9527, -1.2260, -3.0457, 1.4887, 33.3247, 87.7958
1740983096.393, 2.132, 2.027, -1.9569, -1.2261, -3.0388, 1.4531, 33.3125, 87.7802
1740983096.473, 2.140, 2.016, -1.9615, -1.2265, -3.0318, 1.4351, 33.3975, 87.7286
1740983096.552, 2.140, 2.016, -1.9660, -1.2269, -3.0242, 1.4089, 33.4653, 87.7478
1740983096.632, 2.138, 2.009, -1.9711, -1.2270, -3.0169, 1.5141, 33.4359, 87.7948
1740983096.711, 2.137, 1.996, -1.9785, -1.2271, -3.0110, 2.6820, 33.1772, 88.0508
1740983096.791, 2.137, 1.986, -1.9843, -1.2274, -3.0056, 3.4953, 33.0076, 88.3566
1740983096.871, 2.123, 1.972, -1.9871, -1.2274, -3.0026, 3.7286, 32.6818, 88.5403
1740983096.951, 2.123, 1.972, -1.9870, -1.2271, -3.0027, 3.7719, 32.7508, 88.4648
1740983097.030, 2.167, 1.965, -1.9870, -1.2271, -3.0027, 3.7722, 32.7526, 88.4353
1740983097.110, 2.156, 1.964, -1.9870, -1.2269, -3.0027, 3.7833, 32.7551, 88.4258
1740983097.189, 2.157, 1.962, -1.9869, -1.2271, -3.0028, 3.7933, 32.7606, 88.4014
1740983097.269, 2.157, 1.962, -1.9870, -1.2271, -3.0027, 3.8046, 32.7643, 88.3905
1740983097.349, 2.157, 1.962, -1.9870, -1.2271, -3.0027, 3.8041, 32.7638, 88.3851
1740983097.428, 2.158, 1.964, -1.9870, -1.2270, -3.0027, 3.8093, 32.7647, 88.3716
1740983097.508, 2.157, 1.962, -1.9869, -1.2271, -3.0028, 3.8142, 32.7653, 88.3702
1740983097.588, 2.159, 1.963, -1.9870, -1.2269, -3.0026, 3.8194, 32.7679, 88.3663
1740983097.667, 2.158, 1.962, -1.9870, -1.2270, -3.0025, 3.8046, 32.7624, 88.3846
1740983097.747, 2.158, 1.962, -1.9880, -1.2271, -3.0015, 3.8777, 32.7657, 88.3612
1740983097.827, 2.157, 1.962, -1.9925, -1.2272, -2.9928, 3.7179, 32.2595, 89.1344
1740983097.906, 2.163, 1.962, -2.0003, -1.2282, -2.9790, 3.8013, 31.8831, 89.0936
1740983097.986, 2.166, 1.953, -2.0119, -1.2282, -2.9597, 3.8892, 31.3820, 89.4278
1740983098.065, 2.168, 1.930, -2.0235, -1.2283, -2.9390, 3.9804, 30.7045, 89.3729
1740983098.145, 2.168, 1.930, -2.0347, -1.2282, -2.9184, 3.7368, 30.0171, 89.7503
1740983098.230, 2.168, 1.903, -2.0444, -1.2285, -2.8994, 3.5849, 29.3830, 89.9454
1740983099.877, 2.182, 1.655, -2.1437, -1.2330, -2.7156, 3.1230, 29.8685, 90.6169
1740983099.957, 2.183, 1.642, -2.1434, -1.2326, -2.7170, 3.2146, 30.0185, 90.4184
1740983100.037, 2.183, 1.642, -2.1438, -1.2325, -2.7211, 4.2485, 30.0690, 89.1284
1740983100.116, 2.185, 1.640, -2.1426, -1.2326, -2.7216, 3.7102, 30.0239, 89.8030
1740983100.196, 2.182, 1.643, -2.1424, -1.2329, -2.7232, 4.1115, 30.0539, 89.3311
1740983100.276, 2.182, 1.646, -2.1427, -1.2326, -2.7227, 3.9926, 30.0457, 89.4978
1740983100.355, 2.183, 1.649, -2.1437, -1.2327, -2.7211, 4.1395, 30.0513, 89.2861
1740983100.435, 2.183, 1.649, -2.1467, -1.2327, -2.7161, 4.1319, 29.8852, 89.2724
1740983100.515, 2.181, 1.646, -2.1514, -1.2334, -2.7064, 3.9675, 29.7083, 89.4427
1740983100.594, 2.182, 1.638, -2.1570, -1.2334, -2.6938, 3.6583, 29.6739, 89.4816
1740983100.674, 2.183, 1.626, -2.1635, -1.2343, -2.6805, 3.5519, 29.5416, 89.4187
1740983100.753, 2.184, 1.609, -2.1651, -1.2359, -2.6642, 1.1267, 29.8135, 90.0661
1740983100.833, 2.184, 1.609, -2.1721, -1.2357, -2.6513, 1.2461, 29.8919, 89.8222
1740983100.913, 2.187, 1.590, -2.1785, -1.2361, -2.6406, 1.3404, 29.8518, 89.8658
1740983100.992, 2.191, 1.570, -2.1830, -1.2363, -2.6323, 1.4575, 29.7199, 89.8358
1740983101.072, 2.192, 1.554, -2.1863, -1.2364, -2.6265, 1.4357, 29.6365, 89.9137
1740983101.153, 2.193, 1.543, -2.1868, -1.2367, -2.6259, 1.4833, 29.6092, 89.8379
1740983101.231, 2.193, 1.543, -2.1866, -1.2367, -2.6260, 1.4730, 29.6469, 89.8406
1740983101.311, 2.193, 1.537, -2.1865, -1.2366, -2.6260, 1.4605, 29.6299, 89.8383
1740983101.391, 2.193, 1.536, -2.1865, -1.2367, -2.6261, 1.4768, 29.6296, 89.8405
1740983101.470, 2.194, 1.538, -2.1866, -1.2367, -2.6261, 1.4335, 29.5998, 89.8550
1740983101.550, 2.194, 1.538, -2.1865, -1.2366, -2.6260, 1.4488, 29.6144, 89.8546
1740983101.630, 2.193, 1.538, -2.1870, -1.2367, -2.6253, 1.4841, 29.4899, 89.8074
1740983101.709, 2.192, 1.537, -2.1887, -1.2365, -2.6217, 1.4679, 29.4589, 89.8241
1740983101.789, 2.194, 1.537, -2.1917, -1.2368, -2.6158, 1.3923, 29.5537, 89.8074
1740983101.869, 2.194, 1.535, -2.1954, -1.2368, -2.6084, 1.3354, 29.5170, 89.8084
1740983101.949, 2.194, 1.535, -2.1994, -1.2370, -2.6011, 1.4055, 29.4727, 89.7623
1740983102.028, 2.195, 1.526, -2.2032, -1.2370, -2.5939, 1.3420, 29.5023, 89.7554
1740983102.107, 2.194, 1.514, -2.2063, -1.2371, -2.5879, 1.3302, 29.4965, 89.7311
1740983102.187, 2.196, 1.502, -2.2091, -1.2371, -2.5822, 1.3468, 29.4587, 89.6864
1740983102.267, 2.197, 1.495, -2.2119, -1.2373, -2.5772, 1.3807, 29.5551, 89.6927
1740983102.347, 2.197, 1.495, -2.2144, -1.2373, -2.5727, 1.4217, 29.6331, 89.6702
1740983102.426, 2.198, 1.486, -2.2168, -1.2375, -2.5680, 1.3626, 29.5917, 89.6852
1740983102.506, 2.197, 1.480, -2.2197, -1.2372, -2.5628, 1.3580, 29.6332, 89.6788
1740983102.585, 2.198, 1.472, -2.2225, -1.2375, -2.5577, 1.4114, 29.6221, 89.6114
1740983102.665, 2.199, 1.464, -2.2254, -1.2379, -2.5522, 1.4213, 29.6669, 89.6255
1740983102.745, 2.199, 1.464, -2.2286, -1.2377, -2.5463, 1.4598, 29.7087, 89.6169
1740983102.824, 2.198, 1.456, -2.2316, -1.2378, -2.5404, 1.4568, 29.7053, 89.6339
1740983102.904, 2.198, 1.447, -2.2350, -1.2377, -2.5343, 1.4997, 29.7301, 89.6360
1740983102.984, 2.198, 1.440, -2.2381, -1.2380, -2.5286, 1.5420, 29.5671, 89.6268
1740983103.063, 2.199, 1.434, -2.2408, -1.2379, -2.5230, 1.5018, 29.5723, 89.6507
1740983103.143, 2.199, 1.434, -2.2436, -1.2378, -2.5174, 1.5247, 29.5232, 89.6707
1740983103.223, 2.199, 1.426, -2.2467, -1.2377, -2.5119, 1.5038, 29.5083, 89.6850
1740983103.302, 2.200, 1.417, -2.2491, -1.2382, -2.5066, 1.4545, 29.4752, 89.6609
1740983103.382, 2.201, 1.410, -2.2520, -1.2384, -2.5011, 1.3906, 29.4913, 89.7044
1740983103.461, 2.202, 1.403, -2.2549, -1.2384, -2.4956, 1.4203, 29.5142, 89.6776
1740983103.541, 2.202, 1.403, -2.2577, -1.2383, -2.4901, 1.3936, 29.5056, 89.6911
1740983103.621, 2.202, 1.397, -2.2605, -1.2383, -2.4850, 1.4329, 29.5684, 89.6565
1740983103.700, 2.203, 1.387, -2.2630, -1.2385, -2.4802, 1.4333, 29.4882, 89.6241
1740983103.780, 2.202, 1.379, -2.2654, -1.2384, -2.4756, 1.4428, 29.5157, 89.6220
1740983103.860, 2.201, 1.373, -2.2676, -1.2384, -2.4715, 1.4257, 29.4613, 89.5600
1740983103.939, 2.201, 1.373, -2.2699, -1.2387, -2.4677, 1.4675, 29.4587, 89.5567
1740983104.019, 2.202, 1.366, -2.2719, -1.2387, -2.4637, 1.5096, 29.4212, 89.5345
1740983104.099, 2.203, 1.361, -2.2744, -1.2388, -2.4595, 1.5571, 29.4093, 89.5251
1740983104.178, 2.203, 1.355, -2.2767, -1.2389, -2.4552, 1.6115, 29.3609, 89.5287
1740983104.258, 2.204, 1.349, -2.2792, -1.2389, -2.4506, 1.6176, 29.2696, 89.5392
1740983104.338, 2.204, 1.349, -2.2818, -1.2389, -2.4461, 1.6941, 29.2050, 89.5625
1740983104.417, 2.204, 1.344, -2.2842, -1.2391, -2.4413, 1.6901, 29.0892, 89.6030
1740983104.497, 2.203, 1.338, -2.2868, -1.2389, -2.4365, 1.6625, 29.0137, 89.6412
1740983104.577, 2.204, 1.330, -2.2890, -1.2391, -2.4319, 1.5997, 29.0765, 89.6504
1740983104.656, 2.205, 1.323, -2.2912, -1.2392, -2.4274, 1.5997, 28.9570, 89.6282
1740983104.736, 2.205, 1.323, -2.2935, -1.2392, -2.4231, 1.5931, 28.9616, 89.7100
1740983104.816, 2.205, 1.317, -2.2960, -1.2393, -2.4194, 1.6280, 29.3893, 89.7255
1740983104.895, 2.206, 1.311, -2.2987, -1.2394, -2.4161, 1.6680, 29.9758, 89.7132
1740983104.975, 2.206, 1.305, -2.3014, -1.2394, -2.4122, 1.6101, 30.6294, 89.7166
1740983105.054, 2.203, 1.301, -2.3046, -1.2395, -2.4081, 1.6189, 31.3235, 89.7174
1740983105.134, 2.203, 1.301, -2.3060, -1.2391, -2.4049, 1.0221, 32.1979, 89.6893
1740983105.214, 2.202, 1.292, -2.3061, -1.2388, -2.4056, 1.3001, 32.3658, 89.3824
1740983105.293, 2.200, 1.286, -2.3063, -1.2390, -2.4054, 1.2601, 32.3495, 89.4395
1740983105.373, 2.200, 1.287, -2.3063, -1.2390, -2.4054, 1.2346, 32.3367, 89.4121
1740983105.453, 2.200, 1.286, -2.3073, -1.2385, -2.4036, 1.1765, 32.3418, 89.0961
1740983105.532, 2.200, 1.286, -2.3097, -1.2384, -2.3994, 1.1379, 32.2227, 88.5521
1740983105.612, 2.200, 1.285, -2.3143, -1.2380, -2.3917, 1.1366, 32.2261, 88.4133
1740983105.692, 2.200, 1.280, -2.3200, -1.2383, -2.3833, 1.2837, 32.0991, 88.2473
1740983105.771, 2.201, 1.270, -2.3242, -1.2379, -2.3771, 1.4459, 32.2907, 87.8882
1740983105.851, 2.200, 1.256, -2.3271, -1.2381, -2.3722, 1.4096, 32.2723, 87.8620
1740983105.931, 2.200, 1.256, -2.3293, -1.2381, -2.3686, 1.4205, 32.2464, 87.7699
1740983106.010, 2.199, 1.250, -2.3316, -1.2381, -2.3650, 1.4878, 32.1493, 87.6917
1740983106.090, 2.199, 1.243, -2.3341, -1.2383, -2.3608, 1.4816, 32.0569, 87.6985
1740983106.169, 2.200, 1.240, -2.3370, -1.2384, -2.3560, 1.4900, 31.9692, 87.6909
1740983106.250, 2.200, 1.234, -2.3404, -1.2387, -2.3505, 1.5129, 31.9791, 87.7480
1740983106.329, 2.200, 1.234, -2.3445, -1.2390, -2.3436, 1.4642, 31.9699, 88.1916
1740983106.408, 2.200, 1.227, -2.3511, -1.2409, -2.3320, 1.4418, 31.6730, 89.7343
1740983106.488, 2.199, 1.216, -2.3555, -1.2408, -2.3245, 1.5379, 31.6898, 89.6537
1740983106.568, 2.199, 1.199, -2.3578, -1.2410, -2.3205, 1.5179, 31.6059, 89.6489
1740983106.648, 2.200, 1.199, -2.3591, -1.2410, -2.3179, 1.4889, 31.6016, 89.6272
1740983106.727, 2.200, 1.191, -2.3609, -1.2409, -2.3152, 1.5007, 31.6043, 89.5908
1740983106.807, 2.199, 1.187, -2.3630, -1.2411, -2.3113, 1.4810, 31.6052, 89.5851
1740983106.886, 2.200, 1.182, -2.3660, -1.2412, -2.3062, 1.4825, 31.5412, 89.5876
1740983106.966, 2.200, 1.176, -2.3697, -1.2414, -2.3000, 1.4925, 31.4789, 89.5463
1740983107.046, 2.200, 1.176, -2.3732, -1.2417, -2.2935, 1.4711, 31.4145, 89.5809
1740983107.125, 2.201, 1.168, -2.3749, -1.2412, -2.2885, 1.0108, 31.6983, 90.0981
1740983107.205, 2.201, 1.159, -2.3753, -1.2413, -2.2872, 0.9280, 32.0326, 90.1880
1740983107.284, 2.202, 1.150, -2.3756, -1.2412, -2.2869, 0.9360, 32.0284, 90.2053
1740983107.364, 2.202, 1.148, -2.3761, -1.2409, -2.2848, 0.7592, 32.2125, 90.3873
1740983107.444, 2.202, 1.148, -2.3778, -1.2407, -2.2792, 0.2841, 32.3833, 90.9276
1740983107.524, 2.202, 1.149, -2.3806, -1.2403, -2.2708, -0.5184, 32.3734, 91.2871
1740983107.603, 2.203, 1.142, -2.3866, -1.2399, -2.2604, -0.4453, 32.2716, 91.3130
1740983107.683, 2.207, 1.134, -2.3920, -1.2398, -2.2498, -0.7464, 32.3139, 91.4882
1740983107.762, 2.207, 1.122, -2.3951, -1.2395, -2.2461, -0.1735, 31.1947, 91.4307
1740983107.842, 2.207, 1.122, -2.3924, -1.2394, -2.2466, -0.9689, 31.3582, 91.1787
1740983107.922, 2.206, 1.107, -2.3930, -1.2399, -2.2463, -0.6417, 31.3087, 91.2684
1740983108.001, 2.209, 1.108, -2.3929, -1.2394, -2.2458, -0.8100, 31.1772, 91.1696
1740983108.081, 2.210, 1.106, -2.3929, -1.2391, -2.2442, -1.0149, 30.9338, 90.7023
1740983108.160, 2.212, 1.105, -2.3943, -1.2380, -2.2407, -1.1399, 30.9513, 89.8758
1740983108.241, 2.212, 1.105, -2.3977, -1.2377, -2.2339, -1.3341, 31.0441, 89.1929
1740983108.320, 2.214, 1.103, -2.4051, -1.2378, -2.2236, -0.9184, 31.3073, 88.9537
1740983108.399, 2.213, 1.096, -2.4208, -1.2401, -2.2157, 2.5387, 30.7987, 86.9704
1740983108.479, 2.212, 1.083, -2.4321, -1.2416, -2.2022, 3.8024, 31.4046, 87.8987
1740983108.559, 2.199, 1.061, -2.4330, -1.2418, -2.1936, 2.0179, 31.6954, 87.7038
1740983108.639, 2.199, 1.061, -2.4386, -1.2417, -2.1888, 3.1812, 31.9131, 88.1724
1740983108.718, 2.199, 1.044, -2.4396, -1.2424, -2.1849, 2.4478, 32.0222, 88.3141
1740983108.798, 2.199, 1.035, -2.4420, -1.2431, -2.1782, 2.0867, 32.1470, 89.0194
1740983108.877, 2.200, 1.029, -2.4447, -1.2434, -2.1710, 1.7454, 31.7477, 89.4262
1740983108.957, 2.202, 1.022, -2.4476, -1.2433, -2.1666, 1.7993, 31.7078, 89.3934
1740983109.037, 2.202, 1.022, -2.4497, -1.2435, -2.1629, 1.8074, 31.7908, 89.3858
1740983109.116, 2.202, 1.013, -2.4519, -1.2434, -2.1590, 1.8029, 31.8024, 89.3828
1740983109.196, 2.201, 1.008, -2.4546, -1.2435, -2.1544, 1.7838, 31.8621, 89.3841
1740983109.276, 2.202, 1.003, -2.4580, -1.2437, -2.1489, 1.7466, 31.8821, 89.4247
1740983109.355, 2.202, 0.999, -2.4614, -1.2437, -2.1431, 1.7335, 32.0108, 89.4213
1740983109.435, 2.202, 0.999, -2.4648, -1.2438, -2.1373, 1.7341, 32.0599, 89.3620
1740983109.514, 2.201, 0.988, -2.4683, -1.2434, -2.1342, 2.3203, 31.7322, 89.3878
1740983109.594, 2.202, 0.979, -2.4691, -1.2432, -2.1335, 2.4623, 31.6115, 89.4015
1740983109.674, 2.201, 0.973, -2.4693, -1.2431, -2.1337, 2.4048, 31.6590, 89.4421
1740983109.753, 2.200, 0.974, -2.4708, -1.2428, -2.1319, 2.6226, 31.5218, 89.5171
1740983109.833, 2.200, 0.974, -2.4767, -1.2420, -2.1277, 3.7905, 31.3240, 88.9083
1740983109.913, 2.200, 0.973, -2.4847, -1.2413, -2.1184, 4.4872, 31.2923, 88.5933
1740983109.992, 2.198, 0.968, -2.4908, -1.2419, -2.1070, 4.3809, 30.9943, 88.8771
1740983110.192, 2.197, 0.937, -2.4961, -1.2424, -2.0960, 4.0372, 30.6785, 89.2607
1740983110.271, 2.199, 0.932, -2.4962, -1.2422, -2.0979, 4.4277, 30.7108, 88.7741
1740983110.351, 2.197, 0.930, -2.4960, -1.2421, -2.0975, 4.2832, 30.6967, 88.9627
1740983110.431, 2.197, 0.930, -2.4961, -1.2423, -2.0977, 4.3933, 30.7222, 88.8462
1740983110.510, 2.197, 0.930, -2.4960, -1.2422, -2.0977, 4.3364, 30.7020, 88.9015
1740983110.590, 2.197, 0.930, -2.4961, -1.2422, -2.0977, 4.3528, 30.6856, 88.8978
1740983110.669, 2.197, 0.928, -2.4961, -1.2423, -2.0978, 4.3733, 30.6822, 88.8768
1740983110.749, 2.196, 0.930, -2.4961, -1.2422, -2.0977, 4.3671, 30.6851, 88.8926
1740983110.829, 2.196, 0.930, -2.4961, -1.2423, -2.0978, 4.3625, 30.6764, 88.8938
1740983110.908, 2.196, 0.930, -2.4960, -1.2423, -2.0977, 4.3615, 30.6730, 88.8952
1740983110.988, 2.196, 0.930, -2.4961, -1.2422, -2.0978, 4.3637, 30.6740, 88.8880
1740983111.068, 2.197, 0.928, -2.4957, -1.2423, -2.0978, 4.2916, 30.7235, 88.9936
1740983111.147, 2.197, 0.929, -2.4948, -1.2422, -2.0998, 4.2728, 30.7025, 89.0658
1740983111.227, 2.197, 0.929, -2.4923, -1.2422, -2.1041, 4.2210, 30.7097, 89.1094
1740983111.306, 2.198, 0.930, -2.4896, -1.2419, -2.1094, 4.2544, 30.7464, 88.9558
1740983111.386, 2.198, 0.937, -2.4877, -1.2421, -2.1124, 4.2529, 30.7259, 88.9710
1740983111.466, 2.196, 0.940, -2.4876, -1.2420, -2.1128, 4.2920, 30.7456, 88.9542
1740983111.545, 2.197, 0.947, -2.4876, -1.2420, -2.1127, 4.2567, 30.7347, 89.0310
1740983111.625, 2.197, 0.947, -2.4876, -1.2420, -2.1126, 4.2604, 30.7388, 89.0545
1740983111.705, 2.196, 0.946, -2.4875, -1.2420, -2.1127, 4.2717, 30.7535, 89.0158
1740983111.785, 2.197, 0.948, -2.4876, -1.2420, -2.1127, 4.2650, 30.7439, 89.0327
1740983111.864, 2.197, 0.946, -2.4876, -1.2421, -2.1127, 4.2659, 30.7447, 89.0397
1740983111.944, 2.197, 0.947, -2.4875, -1.2421, -2.1127, 4.2476, 30.7502, 89.0639
1740983112.023, 2.197, 0.947, -2.4877, -1.2420, -2.1128, 4.2449, 30.7702, 89.0824
1740983112.103, 2.196, 0.945, -2.4876, -1.2420, -2.1127, 4.2414, 30.7555, 89.0784
1740983112.183, 2.196, 0.947, -2.4876, -1.2421, -2.1128, 4.2481, 30.7433, 89.0544
1740983112.262, 2.196, 0.946, -2.4873, -1.2420, -2.1133, 4.2427, 30.7268, 89.0560
1740983112.342, 2.196, 0.945, -2.4848, -1.2417, -2.1162, 3.9316, 30.7065, 89.4262
1740983112.421, 2.196, 0.950, -2.4806, -1.2423, -2.1234, 3.8960, 30.7428, 89.4149
1740983112.501, 2.196, 0.950, -2.4713, -1.2424, -2.1335, 2.8891, 30.8508, 89.4214
1740983112.581, 2.197, 0.956, -2.4609, -1.2434, -2.1466, 1.6245, 30.9135, 89.5383
1740983112.660, 2.200, 0.969, -2.4530, -1.2432, -2.1598, 1.8338, 30.6042, 89.4916
1740983112.740, 2.200, 0.991, -2.4468, -1.2431, -2.1715, 1.8430, 30.5410, 89.4604
1740983112.820, 2.202, 0.991, -2.4426, -1.2429, -2.1821, 2.2240, 31.0625, 88.7513
1740983112.899, 2.202, 1.010, -2.4403, -1.2421, -2.1889, 2.7478, 31.0295, 88.2349
1740983112.979, 2.198, 1.024, -2.4387, -1.2419, -2.1941, 3.2130, 30.9123, 88.0868
1740983113.059, 2.196, 1.033, -2.4355, -1.2416, -2.2016, 3.5445, 30.6401, 88.0424
1740983113.138, 2.196, 1.038, -2.4291, -1.2410, -2.2136, 3.6810, 30.3766, 87.9025
1740983113.218, 2.196, 1.038, -2.4181, -1.2397, -2.2269, 2.3663, 29.3864, 88.1327
1740983113.298, 2.195, 1.051, -2.4066, -1.2378, -2.2354, 0.3164, 29.5196, 89.2648
1740983113.377, 2.200, 1.072, -2.3957, -1.2393, -2.2450, -1.2180, 28.8871, 90.4953
1740983113.457, 2.207, 1.090, -2.3971, -1.2405, -2.2529, 0.8517, 29.0591, 92.0643
1740983113.537, 2.207, 1.108, -2.3915, -1.2401, -2.2579, -0.6807, 29.1857, 91.5043
1740983113.616, 2.210, 1.108, -2.3935, -1.2400, -2.2576, -0.0232, 29.2286, 91.5754
1740983113.696, 2.206, 1.115, -2.3956, -1.2400, -2.2563, 0.4333, 29.1849, 91.7821
1740983113.776, 2.207, 1.117, -2.3916, -1.2402, -2.2567, -0.7762, 29.1810, 91.4934
1740983113.855, 2.205, 1.117, -2.3931, -1.2401, -2.2563, -0.3657, 29.2643, 91.6135
1740983113.935, 2.205, 1.118, -2.3934, -1.2402, -2.2562, -0.3673, 29.2595, 91.6205
1740983114.015, 2.211, 1.118, -2.3921, -1.2402, -2.2568, -0.6667, 29.1936, 91.5474
1740983114.094, 2.206, 1.117, -2.3928, -1.2402, -2.2564, -0.4969, 29.2496, 91.6074
1740983114.174, 2.210, 1.117, -2.3924, -1.2402, -2.2566, -0.6279, 29.2127, 91.5870
1740983114.253, 2.208, 1.116, -2.3927, -1.2402, -2.2568, -0.4993, 29.2658, 91.6089
1740983114.333, 2.208, 1.118, -2.3913, -1.2403, -2.2588, -0.5688, 29.2653, 91.5253
1740983114.413, 2.208, 1.118, -2.3889, -1.2404, -2.2631, -0.6427, 29.2301, 91.4721
1740983114.492, 2.208, 1.116, -2.3855, -1.2403, -2.2693, -0.7686, 29.1985, 91.3701
1740983114.572, 2.208, 1.121, -2.3808, -1.2401, -2.2773, -0.7763, 29.0631, 91.3966
1740983114.652, 2.208, 1.131, -2.3747, -1.2409, -2.2895, -0.7529, 28.9298, 91.1831
1740983114.731, 2.208, 1.144, -2.3714, -1.2419, -2.3087, 1.5907, 28.7594, 89.3789
1740983114.811, 2.209, 1.144, -2.3640, -1.2412, -2.3248, 1.4781, 28.7538, 89.6980
1740983114.890, 2.203, 1.161, -2.3557, -1.2413, -2.3396, 1.5624, 28.7145, 89.7667
1740983114.970, 2.200, 1.186, -2.3499, -1.2404, -2.3514, 1.4457, 28.6771, 88.7121
1740983115.050, 2.198, 1.208, -2.3463, -1.2393, -2.3582, 1.4533, 29.0618, 88.0236
1740983115.129, 2.198, 1.224, -2.3427, -1.2390, -2.3652, 1.3743, 29.2134, 87.8848
1740983115.209, 2.197, 1.224, -2.3363, -1.2388, -2.3767, 1.2979, 29.3743, 87.8633
1740983115.289, 2.196, 1.232, -2.3288, -1.2379, -2.3911, 1.3441, 29.8044, 87.8417
1740983115.368, 2.194, 1.245, -2.3206, -1.2379, -2.4055, 1.1227, 30.0960, 88.3231
1740983115.448, 2.192, 1.263, -2.3132, -1.2379, -2.4202, 1.2756, 30.3761, 88.1725
1740983115.528, 2.192, 1.282, -2.3080, -1.2398, -2.4300, 1.2961, 30.6710, 89.3953
1740983115.607, 2.189, 1.282, -2.3029, -1.2401, -2.4402, 1.6270, 30.8799, 89.7072
1740983115.687, 2.187, 1.303, -2.2975, -1.2395, -2.4501, 1.6380, 30.8523, 89.7411
1740983115.767, 2.184, 1.314, -2.2916, -1.2400, -2.4597, 1.4577, 30.7088, 89.7637
1740983115.846, 2.183, 1.328, -2.2858, -1.2394, -2.4689, 1.2915, 30.5911, 89.7605
1740983115.926, 2.183, 1.343, -2.2800, -1.2386, -2.4790, 1.2603, 30.4912, 89.7747
1740983116.006, 2.186, 1.343, -2.2741, -1.2388, -2.4896, 1.2643, 30.4522, 89.7968
1740983116.085, 2.185, 1.359, -2.2682, -1.2386, -2.5002, 1.3221, 30.3558, 89.7582
1740983116.165, 2.186, 1.372, -2.2632, -1.2387, -2.5101, 1.4236, 30.3002, 89.7094
1740983116.245, 2.185, 1.389, -2.2584, -1.2382, -2.5189, 1.4991, 30.2450, 89.6587
1740983116.324, 2.185, 1.400, -2.2536, -1.2384, -2.5278, 1.5281, 30.1488, 89.5725
1740983116.404, 2.185, 1.400, -2.2488, -1.2378, -2.5361, 1.4700, 30.0946, 89.6025
1740983116.483, 2.184, 1.415, -2.2437, -1.2386, -2.5455, 1.4562, 30.0242, 89.6263
1740983116.563, 2.185, 1.426, -2.2379, -1.2381, -2.5550, 1.3695, 29.9873, 89.7114
1740983116.643, 2.185, 1.438, -2.2322, -1.2380, -2.5649, 1.2895, 29.9088, 89.8051
1740983116.722, 2.185, 1.452, -2.2266, -1.2376, -2.5751, 1.2491, 29.8612, 89.8189
1740983116.802, 2.185, 1.452, -2.2212, -1.2370, -2.5853, 1.2384, 29.7846, 89.8681
1740983116.882, 2.184, 1.466, -2.2160, -1.2371, -2.5952, 1.2581, 29.7283, 89.8820
1740983116.961, 2.184, 1.483, -2.2110, -1.2376, -2.6049, 1.2962, 29.6308, 89.8777
1740983117.041, 2.182, 1.498, -2.2057, -1.2373, -2.6148, 1.3322, 29.6235, 89.9093
1740983117.121, 2.182, 1.513, -2.2007, -1.2372, -2.6248, 1.4136, 29.5084, 89.8816
1740983117.202, 2.183, 1.513, -2.1947, -1.2371, -2.6348, 1.3048, 29.5079, 89.9789
1740983117.280, 2.183, 1.526, -2.1891, -1.2362, -2.6444, 1.1266, 29.4127, 90.0963
1740983117.359, 2.182, 1.539, -2.1833, -1.2370, -2.6550, 1.0428, 29.3125, 90.1674
1740983117.439, 2.182, 1.554, -2.1772, -1.2362, -2.6657, 0.9920, 29.2700, 90.3240
1740983117.519, 2.182, 1.570, -2.1713, -1.2362, -2.6775, 1.0353, 29.1699, 90.3412
1740983117.598, 2.182, 1.570, -2.1689, -1.2346, -2.6892, 2.1172, 29.3670, 90.2334
1740983117.678, 2.181, 1.587, -2.1673, -1.2334, -2.6985, 3.2522, 29.2418, 89.6753
1740983117.758, 2.177, 1.602, -2.1635, -1.2338, -2.7086, 3.7159, 29.3944, 89.4232
1740983117.837, 2.173, 1.614, -2.1570, -1.2339, -2.7216, 3.8671, 29.6220, 89.3637
1740983117.917, 2.173, 1.629, -2.1504, -1.2329, -2.7355, 4.1608, 29.7324, 89.1701
1740983117.997, 2.169, 1.629, -2.1434, -1.2327, -2.7500, 4.2715, 29.7333, 89.1363
1740983118.076, 2.168, 1.648, -2.1362, -1.2323, -2.7634, 4.2212, 29.8119, 89.1614
1740983118.156, 2.166, 1.668, -2.1301, -1.2322, -2.7753, 4.2056, 29.8441, 89.1719
1740983118.236, 2.166, 1.688, -2.1248, -1.2318, -2.7854, 4.2268, 29.9323, 89.2815
1740983118.315, 2.164, 1.688, -2.1196, -1.2315, -2.7952, 4.1484, 29.9559, 89.3435
1740983118.395, 2.165, 1.701, -2.1140, -1.2315, -2.8056, 4.1036, 30.0449, 89.4405
1740983118.474, 2.164, 1.715, -2.1079, -1.2310, -2.8171, 4.0432, 30.1288, 89.5340
1740983118.554, 2.162, 1.729, -2.1016, -1.2311, -2.8304, 4.3427, 30.4069, 89.0500
1740983118.634, 2.162, 1.745, -2.0947, -1.2304, -2.8429, 4.2513, 30.3335, 89.0020
1740983118.713, 2.162, 1.745, -2.0885, -1.2297, -2.8549, 4.3173, 30.3052, 88.9426
1740983118.793, 2.161, 1.763, -2.0824, -1.2292, -2.8666, 4.4178, 30.2587, 88.6912
1740983118.873, 2.158, 1.782, -2.0768, -1.2285, -2.8775, 4.4064, 30.2215, 88.8576
1740983118.952, 2.157, 1.796, -2.0710, -1.2290, -2.8895, 4.6221, 30.2321, 88.8106
1740983119.032, 2.157, 1.814, -2.0644, -1.2294, -2.9018, 4.6158, 30.2273, 88.8660
1740983119.112, 2.157, 1.814, -2.0578, -1.2290, -2.9141, 4.5864, 30.2198, 88.8217
1740983119.191, 2.155, 1.829, -2.0516, -1.2285, -2.9260, 4.5877, 30.1866, 88.8277
1740983119.271, 2.153, 1.845, -2.0453, -1.2281, -2.9377, 4.5193, 30.1428, 88.7829
1740983119.351, 2.151, 1.864, -2.0385, -1.2280, -2.9494, 4.3559, 30.0692, 88.6934
1740983119.430, 2.151, 1.881, -2.0319, -1.2281, -2.9608, 4.2360, 29.9129, 88.6625
1740983119.510, 2.152, 1.881, -2.0256, -1.2278, -2.9722, 4.1080, 29.8096, 88.6470
1740983119.589, 2.151, 1.900, -2.0159, -1.2279, -2.9840, 3.1270, 29.5183, 88.4939
1740983119.669, 2.152, 1.916, -2.0059, -1.2283, -2.9964, 1.9557, 28.8407, 88.2413
1740983119.749, 2.155, 1.933, -1.9985, -1.2275, -3.0092, 1.6701, 29.3022, 88.1158
1740983119.829, 2.155, 1.955, -1.9905, -1.2269, -3.0221, 1.3173, 29.0090, 88.0081
1740983119.908, 2.156, 1.955, -1.9841, -1.2269, -3.0346, 1.2968, 29.0709, 87.9557
1740983119.988, 2.159, 1.974, -1.9784, -1.2268, -3.0464, 1.3687, 29.0473, 87.9583
1740983120.067, 2.156, 1.992, -1.9723, -1.2267, -3.0583, 1.3535, 28.9861, 87.8496
1740983120.147, 2.155, 2.009, -1.9672, -1.2268, -3.0697, 1.5826, 28.7667, 88.0350
1740983120.227, 2.155, 2.025, -1.9614, -1.2267, -3.0814, 1.7089, 28.6147, 88.1593
1740983120.306, 2.153, 2.025, -1.9556, -1.2268, -3.0932, 1.7177, 28.4141, 88.4307
1740983120.386, 2.152, 2.041, -1.9480, -1.2279, -3.1033, 1.0113, 28.3930, 89.8329
1740983120.466, 2.150, 2.058, -1.9418, -1.2281, -3.1157, 0.9571, 28.3792, 89.8433
1740983120.545, 2.146, 2.073, -1.9360, -1.2274, -3.1267, 0.8410, 28.6653, 89.9891
1740983120.625, 2.146, 2.090, -1.9316, -1.2273, -3.1368, 1.0055, 28.8650, 89.9407
1740983120.705, 2.123, 2.090, -1.9269, -1.2269, -3.1463, 1.0326, 28.9868, 90.0306
1740983120.784, 2.125, 2.107, -1.9216, -1.2273, -3.1568, 1.0667, 29.1763, 90.0641
1740983120.864, 2.125, 2.119, -1.9160, -1.2273, -3.1677, 1.0241, 29.3230, 90.1310
1740983120.943, 2.124, 2.132, -1.9107, -1.2276, -3.1784, 1.0267, 29.5363, 90.2470
1740983121.023, 2.124, 2.148, -1.9042, -1.2265, -3.1888, 0.8176, 29.7165, 90.3054
1740983121.103, 2.121, 2.148, -1.8980, -1.2267, -3.1998, 0.7279, 29.9022, 90.3032
1740983121.182, 2.122, 2.164, -1.8925, -1.2270, -3.2099, 0.6326, 30.0270, 90.3569
1740983121.262, 2.120, 2.178, -1.8872, -1.2259, -3.2193, 0.6304, 30.1548, 90.3638
1740983121.342, 2.119, 2.192, -1.8823, -1.2262, -3.2285, 0.6962, 30.2289, 90.2727
1740983121.421, 2.119, 2.206, -1.8779, -1.2266, -3.2380, 0.8234, 30.3067, 90.1767
1740983121.501, 2.117, 2.206, -1.8732, -1.2266, -3.2473, 0.8456, 30.2682, 90.0346
1740983121.581, 2.117, 2.218, -1.8683, -1.2263, -3.2561, 0.8332, 30.3511, 90.0762
1740983121.660, 2.115, 2.231, -1.8637, -1.2265, -3.2652, 0.8463, 30.4376, 90.0035
1740983121.740, 2.113, 2.245, -1.8588, -1.2256, -3.2739, 0.8367, 30.5905, 89.9687
1740983121.820, 2.113, 2.259, -1.8543, -1.2257, -3.2823, 0.8602, 30.7084, 89.9094
1740983121.899, 2.113, 2.259, -1.8496, -1.2260, -3.2906, 0.8088, 30.8455, 89.8528
1740983121.979, 2.114, 2.268, -1.8452, -1.2261, -3.2983, 0.7710, 30.9486, 89.8176
1740983122.058, 2.112, 2.282, -1.8409, -1.2259, -3.3057, 0.7307, 31.0815, 89.7848
1740983122.138, 2.110, 2.293, -1.8368, -1.2259, -3.3131, 0.7178, 31.1934, 89.7334
1740983122.218, 2.110, 2.300, -1.8324, -1.2256, -3.3208, 0.7378, 31.2452, 89.7081
1740983122.297, 2.110, 2.300, -1.8281, -1.2257, -3.3288, 0.7692, 31.3319, 89.6556
1740983122.377, 2.111, 2.314, -1.8238, -1.2259, -3.3370, 0.7985, 31.3886, 89.6674
1740983122.457, 2.111, 2.322, -1.8194, -1.2256, -3.3449, 0.8253, 31.4869, 89.7060
1740983122.537, 2.110, 2.335, -1.8145, -1.2257, -3.3532, 0.7980, 31.5927, 89.7021
1740983122.616, 2.110, 2.347, -1.8099, -1.2257, -3.3615, 0.8075, 31.7194, 89.7099
1740983122.696, 2.110, 2.347, -1.8053, -1.2256, -3.3696, 0.8364, 31.8109, 89.7468
1740983122.775, 2.109, 2.357, -1.8004, -1.2252, -3.3774, 0.7286, 31.9650, 89.7699
1740983122.855, 2.110, 2.366, -1.7950, -1.2255, -3.3859, 0.6148, 32.0700, 89.8023
1740983122.935, 2.110, 2.377, -1.7903, -1.2253, -3.3939, 0.5991, 32.1533, 89.8241
1740983123.014, 2.110, 2.391, -1.7858, -1.2254, -3.4018, 0.5875, 32.2826, 89.8349
1740983123.094, 2.109, 2.391, -1.7812, -1.2254, -3.4100, 0.6767, 32.3166, 89.8101
1740983123.174, 2.111, 2.406, -1.7764, -1.2253, -3.4184, 0.7446, 32.3716, 89.7665
1740983123.253, 2.110, 2.418, -1.7717, -1.2253, -3.4271, 0.8493, 32.4710, 89.6544
1740983123.333, 2.109, 2.427, -1.7667, -1.2248, -3.4358, 0.9200, 32.5210, 89.6352
1740983123.412, 2.109, 2.442, -1.7615, -1.2248, -3.4446, 0.9783, 32.6116, 89.6595
1740983123.492, 2.107, 2.442, -1.7562, -1.2246, -3.4535, 0.9314, 32.7762, 89.6951
1740983123.572, 2.107, 2.455, -1.7506, -1.2246, -3.4624, 0.8858, 32.9602, 89.7284
1740983123.651, 2.101, 2.464, -1.7451, -1.2244, -3.4713, 0.8229, 33.1115, 89.7409
1740983123.731, 2.103, 2.476, -1.7395, -1.2245, -3.4801, 0.7026, 33.2256, 89.8086
1740983123.811, 2.103, 2.476, -1.7342, -1.2248, -3.4884, 0.6583, 33.3852, 89.8559
1740983123.890, 2.105, 2.492, -1.7288, -1.2247, -3.4968, 0.6178, 33.4789, 89.8676
1740983123.970, 2.109, 2.501, -1.7238, -1.2243, -3.5052, 0.6765, 33.6222, 89.8027
1740983124.050, 2.108, 2.518, -1.7188, -1.2242, -3.5136, 0.7506, 33.6466, 89.7765
1740983124.129, 2.109, 2.531, -1.7139, -1.2246, -3.5222, 0.8315, 33.6680, 89.8235
1740983124.209, 2.109, 2.531, -1.7084, -1.2245, -3.5307, 0.7676, 33.8106, 89.8367
1740983124.289, 2.107, 2.537, -1.7028, -1.2245, -3.5395, 0.7723, 33.9301, 89.8318
1740983124.368, 2.109, 2.555, -1.6977, -1.2240, -3.5474, 0.7926, 33.9654, 89.9175
1740983124.448, 2.108, 2.568, -1.6927, -1.2244, -3.5553, 0.7260, 34.0726, 89.9213
1740983124.528, 2.108, 2.573, -1.6874, -1.2240, -3.5630, 0.6372, 34.1918, 89.9641
1740983124.607, 2.108, 2.573, -1.6824, -1.2237, -3.5702, 0.5244, 34.3042, 90.0049
1740983124.687, 2.110, 2.592, -1.6775, -1.2236, -3.5778, 0.5086, 34.3209, 90.0149
1740983124.766, 2.110, 2.604, -1.6728, -1.2233, -3.5850, 0.4809, 34.3927, 90.0609
1740983124.846, 2.111, 2.608, -1.6681, -1.2236, -3.5927, 0.5343, 34.4517, 90.0151
1740983124.926, 2.111, 2.620, -1.6635, -1.2235, -3.6004, 0.5805, 34.4494, 89.9884
1740983125.006, 2.111, 2.620, -1.6588, -1.2231, -3.6078, 0.6603, 34.4952, 89.9359
1740983125.085, 2.112, 2.635, -1.6542, -1.2230, -3.6153, 0.7053, 34.4930, 89.9522
1740983125.165, 2.110, 2.639, -1.6493, -1.2230, -3.6230, 0.7159, 34.5897, 89.9879
1740983125.244, 2.112, 2.657, -1.6443, -1.2231, -3.6305, 0.7086, 34.6892, 90.0410
1740983125.324, 2.112, 2.666, -1.6393, -1.2225, -3.6383, 0.6904, 34.8326, 90.0870
1740983125.404, 2.113, 2.666, -1.6342, -1.2225, -3.6462, 0.6750, 34.9656, 90.0614
1740983125.483, 2.114, 2.674, -1.6287, -1.2227, -3.6538, 0.5926, 35.0841, 90.1210
1740983125.563, 2.114, 2.686, -1.6237, -1.2225, -3.6613, 0.5511, 35.1902, 90.1256
1740983125.643, 2.115, 2.700, -1.6183, -1.2224, -3.6692, 0.5273, 35.3359, 90.1424
1740983125.722, 2.115, 2.709, -1.6135, -1.2225, -3.6767, 0.5085, 35.4183, 90.1518
1740983125.802, 2.116, 2.709, -1.6087, -1.2222, -3.6842, 0.5817, 35.4592, 90.1045
1740983125.882, 2.118, 2.729, -1.6040, -1.2222, -3.6917, 0.6384, 35.4734, 90.0974
1740983125.961, 2.118, 2.733, -1.5993, -1.2218, -3.6987, 0.6698, 35.5829, 90.1398
1740983126.041, 2.119, 2.744, -1.5940, -1.2214, -3.7060, 0.6215, 35.5710, 90.1933
1740983126.121, 2.119, 2.762, -1.5885, -1.2215, -3.7135, 0.5526, 35.3164, 90.2599
1740983126.200, 2.120, 2.762, -1.5832, -1.2211, -3.7208, 0.5436, 35.0025, 90.3044
1740983126.280, 2.120, 2.773, -1.5778, -1.2212, -3.7280, 0.4537, 34.7127, 90.4158
1740983126.359, 2.120, 2.781, -1.5719, -1.2210, -3.7354, 0.3501, 34.3702, 90.4497
1740983126.439, 2.122, 2.791, -1.5665, -1.2208, -3.7431, 0.2679, 34.1031, 90.4790
1740983126.519, 2.122, 2.797, -1.5615, -1.2207, -3.7502, 0.2556, 33.8988, 90.4981
1740983126.598, 2.123, 2.797, -1.5570, -1.2210, -3.7577, 0.2688, 33.7966, 90.4782
1740983126.678, 2.123, 2.808, -1.5524, -1.2206, -3.7649, 0.3037, 33.7199, 90.4530
1740983126.758, 2.123, 2.818, -1.5477, -1.2202, -3.7722, 0.3610, 33.6256, 90.4203
1740983126.837, 2.122, 2.829, -1.5433, -1.2204, -3.7798, 0.4360, 33.5584, 90.3753
1740983126.917, 2.122, 2.838, -1.5385, -1.2204, -3.7877, 0.4838, 33.4706, 90.3807
1740983126.997, 2.122, 2.838, -1.5337, -1.2203, -3.7952, 0.5082, 33.3943, 90.4073
1740983127.076, 2.122, 2.851, -1.5289, -1.2200, -3.8028, 0.4957, 33.3699, 90.4279
1740983127.156, 2.122, 2.868, -1.5236, -1.2199, -3.8108, 0.4701, 33.3661, 90.4635
1740983127.235, 2.122, 2.879, -1.5186, -1.2198, -3.8187, 0.4271, 33.4311, 90.4580
1740983127.315, 2.122, 2.890, -1.5135, -1.2197, -3.8264, 0.3632, 33.4109, 90.4958
1740983127.395, 2.123, 2.890, -1.5084, -1.2196, -3.8337, 0.2879, 33.3919, 90.5021
1740983127.474, 2.125, 2.901, -1.5037, -1.2195, -3.8411, 0.2790, 33.4166, 90.4621
1740983127.554, 2.123, 2.914, -1.4993, -1.2192, -3.8482, 0.2871, 33.3882, 90.4675
1740983127.634, 2.124, 2.917, -1.4948, -1.2193, -3.8552, 0.3270, 33.3371, 90.4185
1740983127.713, 2.124, 2.932, -1.4911, -1.2190, -3.8615, 0.4018, 33.3029, 90.3510
1740983127.793, 2.125, 2.932, -1.4876, -1.2188, -3.8672, 0.4713, 33.2453, 90.3153
1740983127.873, 2.123, 2.936, -1.4839, -1.2189, -3.8734, 0.4940, 33.2305, 90.3284
1740983127.952, 2.124, 2.952, -1.4794, -1.2189, -3.8803, 0.4542, 33.2114, 90.3692
1740983128.032, 2.124, 2.958, -1.4745, -1.2185, -3.8875, 0.4559, 33.1850, 90.3763
1740983128.112, 2.124, 2.969, -1.4703, -1.2187, -3.8950, 0.4483, 33.1552, 90.4236
1740983128.191, 2.123, 2.969, -1.4648, -1.2185, -3.9027, 0.3255, 33.0842, 90.5009
1740983128.271, 2.124, 2.975, -1.4587, -1.2191, -3.9122, 0.2251, 33.0272, 90.5126
1740983128.350, 2.125, 2.986, -1.4515, -1.2180, -3.9232, 0.1516, 32.9737, 90.5797
1740983128.430, 2.125, 2.999, -1.4443, -1.2174, -3.9345, 0.1190, 32.8669, 90.6175
1740983128.510, 2.125, 3.019, -1.4373, -1.2183, -3.9466, 0.2464, 32.7847, 90.5475
1740983128.589, 2.127, 3.019, -1.4307, -1.2171, -3.9577, 0.3127, 32.6990, 90.5098
1740983128.669, 2.126, 3.034, -1.4246, -1.2168, -3.9680, 0.4329, 32.6107, 90.4228
1740983128.749, 2.128, 3.058, -1.4188, -1.2167, -3.9778, 0.4297, 32.5399, 90.5201
1740983128.828, 2.127, 3.071, -1.4124, -1.2169, -3.9877, 0.4016, 32.5373, 90.5509
1740983128.908, 2.127, 3.087, -1.4055, -1.2167, -3.9984, 0.2941, 32.6116, 90.5723
1740983128.988, 2.128, 3.087, -1.3990, -1.2164, -4.0092, 0.3091, 32.5857, 90.5294
1740983129.067, 2.129, 3.102, -1.3920, -1.2164, -4.0200, 0.2083, 32.6191, 90.5849
1740983129.147, 2.129, 3.111, -1.3856, -1.2164, -4.0310, 0.2895, 32.5745, 90.5045
1740983129.226, 2.129, 3.133, -1.3792, -1.2162, -4.0418, 0.3730, 32.5207, 90.4139
1740983129.306, 2.129, 3.144, -1.3730, -1.2159, -4.0521, 0.3901, 32.5038, 90.4485
1740983129.386, 2.127, 3.144, -1.3665, -1.2155, -4.0627, 0.4291, 32.4548, 90.4502
1740983129.466, 2.129, 3.162, -1.3596, -1.2150, -4.0735, 0.4389, 32.4760, 90.5207
1740983129.665, 2.128, 3.190, -1.3428, -1.2145, -4.0998, 0.1866, 32.4243, 90.7025
1740983129.744, 2.129, 3.211, -1.3371, -1.2149, -4.1092, 0.1280, 32.3646, 90.8045
1740983129.824, 2.129, 3.226, -1.3321, -1.2144, -4.1175, 0.1576, 32.3046, 90.8185
1740983129.904, 2.129, 3.226, -1.3271, -1.2144, -4.1259, 0.1812, 32.2472, 90.7929
1740983129.983, 2.131, 3.233, -1.3220, -1.2136, -4.1348, 0.2795, 32.1638, 90.7866
1740983130.063, 2.130, 3.250, -1.3165, -1.2137, -4.1445, 0.3522, 32.0635, 90.7555
1740983130.142, 2.130, 3.257, -1.3104, -1.2131, -4.1545, 0.3879, 32.0399, 90.7988
1740983130.222, 2.130, 3.270, -1.3041, -1.2127, -4.1646, 0.3496, 32.0483, 90.9283
1740983130.302, 2.132, 3.270, -1.2979, -1.2130, -4.1749, 0.3124, 32.0515, 90.9028
1740983130.381, 2.132, 3.286, -1.2922, -1.2130, -4.1843, 0.2538, 32.0860, 90.9253
1740983130.461, 2.130, 3.306, -1.2866, -1.2125, -4.1933, 0.2033, 32.0741, 90.9082
1740983130.541, 2.130, 3.317, -1.2815, -1.2126, -4.2019, 0.2022, 32.0782, 90.8957
1740983130.620, 2.130, 3.330, -1.2765, -1.2124, -4.2102, 0.2669, 32.0151, 90.8473
1740983130.700, 2.130, 3.330, -1.2723, -1.2120, -4.2181, 0.3206, 31.9598, 90.8185
1740983130.780, 2.131, 3.339, -1.2677, -1.2117, -4.2259, 0.4200, 31.9615, 90.7468
1740983130.859, 2.130, 3.353, -1.2630, -1.2111, -4.2334, 0.3900, 31.9403, 90.7845
1740983130.939, 2.129, 3.368, -1.2584, -1.2114, -4.2411, 0.4133, 31.9273, 90.7568
1740983131.018, 2.129, 3.376, -1.2542, -1.2113, -4.2490, 0.5410, 31.8802, 90.7773
1740983131.098, 2.125, 3.376, -1.2545, -1.2100, -4.2546, 1.5590, 32.1517, 90.3954
1740983131.178, 2.126, 3.390, -1.2539, -1.2094, -4.2581, 1.9457, 32.2677, 90.2423
1740983131.257, 2.097, 3.397, -1.2533, -1.2092, -4.2601, 2.2217, 32.1305, 90.1248
1740983131.337, 2.116, 3.397, -1.2532, -1.2092, -4.2610, 2.3222, 32.1725, 90.0311
1740983131.417, 2.116, 3.400, -1.2531, -1.2091, -4.2611, 2.3150, 32.1383, 90.0360
1740983131.497, 2.092, 3.400, -1.2530, -1.2092, -4.2612, 2.3000, 32.1392, 90.0610
1740983131.576, 2.091, 3.401, -1.2531, -1.2092, -4.2611, 2.2961, 32.1395, 90.0688
1740983131.656, 2.092, 3.405, -1.2531, -1.2092, -4.2610, 2.2901, 32.1307, 90.0793
1740983131.735, 2.093, 3.400, -1.2531, -1.2093, -4.2612, 2.2932, 32.1225, 90.0904
1740983131.815, 2.093, 3.405, -1.2532, -1.2093, -4.2611, 2.2916, 32.1257, 90.0913
1740983131.895, 2.092, 3.405, -1.2531, -1.2093, -4.2614, 2.2984, 32.1348, 90.0826
1740983131.974, 2.093, 3.405, -1.2531, -1.2093, -4.2613, 2.2908, 32.1263, 90.0900
1740983132.054, 2.093, 3.400, -1.2532, -1.2092, -4.2612, 2.2920, 32.1273, 90.0880
1740983132.133, 2.090, 3.406, -1.2532, -1.2092, -4.2613, 2.2872, 32.1287, 90.0861
1740983132.213, 2.090, 3.405, -1.2531, -1.2093, -4.2613, 2.2942, 32.1239, 90.0836
1740983132.293, 2.092, 3.405, -1.2531, -1.2093, -4.2613, 2.2917, 32.1185, 90.0922
1740983132.372, 2.092, 3.401, -1.2531, -1.2094, -4.2615, 2.2800, 32.1133, 90.0991
1740983132.452, 2.093, 3.405, -1.2529, -1.2093, -4.2619, 2.3044, 32.0982, 90.1819
1740983132.532, 2.092, 3.404, -1.2510, -1.2085, -4.2660, 2.5212, 32.0619, 90.1770
1740983132.611, 2.092, 3.404, -1.2458, -1.2075, -4.2748, 2.6691, 32.1570, 90.0305
1740983132.691, 2.103, 3.404, -1.2387, -1.2074, -4.2864, 2.6782, 32.4101, 89.9448
1740983132.771, 2.124, 3.415, -1.2318, -1.2072, -4.2986, 2.8076, 32.5228, 89.7863
1740983132.850, 2.090, 3.429, -1.2271, -1.2081, -4.3083, 2.9737, 32.6445, 89.7193
1740983132.930, 2.128, 3.450, -1.2240, -1.2075, -4.3145, 3.1737, 32.6641, 89.6370
1740983133.010, 2.128, 3.461, -1.2216, -1.2067, -4.3190, 3.3165, 32.7163, 89.5351
1740983133.089, 2.149, 3.461, -1.2191, -1.2068, -4.3234, 3.2723, 32.7843, 89.6670
1740983133.169, 2.149, 3.472, -1.2155, -1.2072, -4.3292, 3.2578, 32.8034, 89.7261
1740983133.249, 2.150, 3.475, -1.2115, -1.2070, -4.3368, 3.3425, 32.9130, 89.6316
1740983133.328, 2.149, 3.481, -1.2067, -1.2067, -4.3448, 3.4277, 33.0482, 89.5386
1740983133.408, 2.149, 3.495, -1.2020, -1.2064, -4.3531, 3.4934, 33.1528, 89.4799
1740983133.487, 2.149, 3.495, -1.1977, -1.2063, -4.3610, 3.5804, 33.2719, 89.2749
1740983133.567, 2.149, 3.507, -1.1940, -1.2057, -4.3676, 3.6010, 33.3803, 89.2122
1740983133.647, 2.149, 3.514, -1.1898, -1.2058, -4.3741, 3.5533, 33.4459, 89.2179
1740983133.726, 2.148, 3.527, -1.1861, -1.2060, -4.3812, 3.6692, 33.5245, 89.0974
1740983133.806, 2.148, 3.536, -1.1816, -1.2055, -4.3874, 3.5197, 33.7481, 89.2485
1740983133.886, 2.148, 3.536, -1.1768, -1.2057, -4.3948, 3.3683, 34.0721, 89.0527
1740983133.965, 2.149, 3.549, -1.1698, -1.2057, -4.4023, 2.7431, 34.3792, 88.9029
1740983134.045, 2.152, 3.559, -1.1606, -1.2055, -4.4088, 1.2258, 34.3635, 88.6002
1740983134.125, 2.141, 3.568, -1.1579, -1.2051, -4.4146, 1.6233, 34.2032, 88.6232
1740983134.204, 2.141, 3.584, -1.1560, -1.2053, -4.4186, 1.7998, 34.1901, 88.6911
1740983134.284, 2.130, 3.584, -1.1536, -1.2049, -4.4218, 1.6202, 34.0350, 88.5417
1740983134.364, 2.128, 3.587, -1.1509, -1.2051, -4.4261, 1.7117, 33.9590, 88.5350
1740983134.443, 2.129, 3.594, -1.1467, -1.2047, -4.4314, 1.5644, 33.8749, 88.4780
1740983134.523, 2.128, 3.603, -1.1416, -1.2045, -4.4376, 1.2575, 33.7850, 88.3307
1740983134.603, 2.128, 3.613, -1.1358, -1.2042, -4.4448, 0.9664, 33.7071, 88.3563
1740983134.682, 2.130, 3.613, -1.1307, -1.2040, -4.4526, 0.9169, 33.6177, 88.3624
1740983134.762, 2.132, 3.625, -1.1262, -1.2039, -4.4597, 0.9093, 33.5108, 88.4328
1740983134.841, 2.132, 3.633, -1.1225, -1.2036, -4.4656, 0.9214, 33.2958, 88.4904
1740983134.921, 2.134, 3.644, -1.1190, -1.2037, -4.4713, 0.9614, 33.1991, 88.4993
1740983135.001, 2.134, 3.644, -1.1156, -1.2035, -4.4769, 0.9681, 33.2024, 88.5219
1740983135.080, 2.134, 3.651, -1.1122, -1.2033, -4.4825, 1.0062, 33.1549, 88.5564
1740983135.160, 2.133, 3.662, -1.1084, -1.2032, -4.4891, 1.1077, 33.1434, 88.5147
1740983135.240, 2.131, 3.672, -1.1059, -1.2029, -4.4950, 1.4841, 33.2023, 88.5728
1740983135.319, 2.133, 3.681, -1.1082, -1.2027, -4.4991, 3.0779, 33.1706, 88.7948
1740983135.399, 2.133, 3.681, -1.1070, -1.2026, -4.5034, 3.4260, 33.0564, 89.0691
1740983135.479, 2.146, 3.685, -1.1046, -1.2024, -4.5075, 3.5491, 33.0802, 89.3775
1740983135.558, 2.152, 3.686, -1.1015, -1.2025, -4.5121, 3.3453, 33.1018, 89.7636
1740983135.638, 2.153, 3.689, -1.0985, -1.2023, -4.5178, 3.4569, 33.1238, 89.6527
1740983135.717, 2.153, 3.698, -1.0945, -1.2021, -4.5248, 3.6207, 33.1712, 89.4325
1740983135.797, 2.151, 3.698, -1.0905, -1.2020, -4.5317, 3.6926, 33.2201, 89.3495
1740983135.877, 2.154, 3.708, -1.0865, -1.2018, -4.5383, 3.7106, 33.3176, 89.2704
1740983135.956, 2.153, 3.719, -1.0815, -1.2018, -4.5444, 3.3439, 33.3608, 89.4877
1740983136.036, 2.154, 3.727, -1.0750, -1.2024, -4.5511, 2.6730, 33.3528, 89.7714
1740983136.116, 2.154, 3.737, -1.0643, -1.2031, -4.5578, 0.6258, 33.4060, 90.5152
1740983136.195, 2.155, 3.737, -1.0603, -1.2031, -4.5646, 0.7612, 33.5641, 90.5057
1740983136.275, 2.118, 3.750, -1.0573, -1.2030, -4.5698, 0.7744, 33.5474, 90.4722
1740983136.355, 2.133, 3.764, -1.0554, -1.2029, -4.5730, 0.7828, 33.4774, 90.4946
1740983136.434, 2.130, 3.773, -1.0529, -1.2030, -4.5766, 0.7489, 33.4969, 90.5614
1740983136.514, 2.130, 3.776, -1.0494, -1.2029, -4.5819, 0.6777, 33.5445, 90.5674
1740983136.593, 2.128, 3.776, -1.0456, -1.2028, -4.5882, 0.7520, 33.5509, 90.5538
1740983136.673, 2.131, 3.781, -1.0410, -1.2026, -4.5956, 0.8343, 33.5781, 90.5319
1740983136.753, 2.130, 3.792, -1.0367, -1.2024, -4.6033, 0.8808, 33.6519, 90.3958
1740983136.833, 2.131, 3.805, -1.0328, -1.2018, -4.6081, 0.9743, 33.2350, 89.9114
1740983136.912, 2.128, 3.815, -1.0308, -1.2013, -4.6111, 0.9747, 33.1850, 89.5635
1740983136.992, 2.128, 3.815, -1.0294, -1.2005, -4.6131, 0.9930, 33.2334, 89.3545
1740983137.072, 2.106, 3.821, -1.0274, -1.2000, -4.6171, 1.0907, 33.2625, 89.0152
1740983137.151, 2.116, 3.822, -1.0224, -1.1999, -4.6250, 1.1470, 33.2354, 88.6244
1740983137.231, 2.120, 3.828, -1.0153, -1.1992, -4.6366, 1.1115, 33.3158, 88.4236
1740983137.310, 2.120, 3.842, -1.0079, -1.1985, -4.6493, 1.3669, 33.1088, 88.5025
1740983137.390, 2.122, 3.842, -1.0002, -1.1988, -4.6611, 1.3197, 32.8956, 88.5543
1740983137.470, 2.120, 3.858, -0.9958, -1.2001, -4.6691, 1.4229, 32.9604, 89.9912
1740983137.549, 2.117, 3.877, -0.9911, -1.2009, -4.6747, 0.8186, 32.9711, 90.4789
1740983137.629, 2.124, 3.890, -0.9873, -1.2007, -4.6804, 0.8385, 33.0740, 90.3053
1740983137.709, 2.124, 3.898, -0.9848, -1.2002, -4.6843, 0.7722, 33.1067, 90.3496
1740983137.788, 2.131, 3.898, -0.9824, -1.1999, -4.6881, 0.7477, 33.2587, 90.3442
1740983137.868, 2.132, 3.906, -0.9789, -1.2000, -4.6936, 0.7438, 33.3398, 90.3874
1740983137.948, 2.125, 3.909, -0.9744, -1.1998, -4.7010, 0.7590, 33.5551, 90.3875
1740983138.027, 2.131, 3.916, -0.9690, -1.1994, -4.7096, 0.7341, 33.7282, 90.3927
1740983138.107, 2.131, 3.932, -0.9638, -1.1993, -4.7180, 0.7770, 33.9310, 90.3493
1740983138.186, 2.132, 3.932, -0.9591, -1.1991, -4.7255, 0.8247, 34.0528, 90.3409
1740983138.266, 2.137, 3.943, -0.9552, -1.1989, -4.7320, 0.8663, 34.1331, 90.3697
1740983138.346, 2.136, 3.953, -0.9514, -1.1987, -4.7378, 0.8917, 34.2586, 90.4041
1740983138.425, 2.138, 3.968, -0.9474, -1.1988, -4.7444, 0.8841, 34.3497, 90.3916
1740983138.505, 2.138, 3.975, -0.9430, -1.1987, -4.7513, 0.8853, 34.5438, 90.3941
1740983138.585, 2.140, 3.975, -0.9389, -1.1983, -4.7581, 0.9121, 34.7319, 90.4041
1740983138.664, 2.139, 3.987, -0.9345, -1.1981, -4.7647, 0.9393, 34.8146, 90.3698
1740983138.744, 2.141, 3.994, -0.9295, -1.1983, -4.7721, 0.8531, 34.9598, 90.4298
1740983138.824, 2.140, 4.008, -0.9240, -1.1976, -4.7796, 0.7685, 35.0831, 90.4607
1740983138.903, 2.140, 4.019, -0.9191, -1.1975, -4.7867, 0.6994, 35.1941, 90.4948
1740983138.983, 2.142, 4.019, -0.9146, -1.1975, -4.7930, 0.6486, 35.2427, 90.5285
1740983139.063, 2.143, 4.029, -0.9118, -1.1972, -4.7974, 0.6430, 35.3262, 90.5481
1740983139.142, 2.143, 4.043, -0.9110, -1.1973, -4.7984, 0.6271, 35.3296, 90.5746
1740983139.222, 2.144, 4.052, -0.9112, -1.1974, -4.7981, 0.6312, 35.3219, 90.5923
1740983139.302, 2.144, 4.051, -0.9114, -1.1973, -4.7980, 0.6298, 35.3267, 90.6043
1740983139.381, 2.145, 4.051, -0.9113, -1.1973, -4.7979, 0.6295, 35.3290, 90.6044
1740983139.461, 2.144, 4.049, -0.9113, -1.1973, -4.7980, 0.6366, 35.3246, 90.6011
1740983139.541, 2.144, 4.052, -0.9114, -1.1974, -4.7981, 0.6461, 35.3296, 90.5957
1740983139.620, 2.144, 4.051, -0.9115, -1.1973, -4.7978, 0.6398, 35.3309, 90.5974
1740983139.700, 2.144, 4.051, -0.9114, -1.1973, -4.7981, 0.6437, 35.3362, 90.5807
1740983139.779, 2.145, 4.051, -0.9113, -1.1974, -4.7980, 0.6459, 35.3274, 90.5808
1740983139.859, 2.144, 4.050, -0.9115, -1.1973, -4.7979, 0.6425, 35.3193, 90.5946
1740983139.939, 2.144, 4.048, -0.9114, -1.1974, -4.7980, 0.6291, 35.3168, 90.5907
1740983140.018, 2.144, 4.049, -0.9114, -1.1974, -4.7980, 0.6292, 35.3093, 90.5886
1740983140.098, 2.144, 4.051, -0.9114, -1.1972, -4.7978, 0.6284, 35.3036, 90.5992
1740983140.178, 2.144, 4.051, -0.9114, -1.1975, -4.7981, 0.6244, 35.3075, 90.5859
1740983140.257, 2.145, 4.048, -0.9114, -1.1973, -4.7979, 0.6102, 35.3071, 90.5989
1740983140.337, 2.144, 4.050, -0.9114, -1.1973, -4.7980, 0.6227, 35.3130, 90.5840
1740983140.417, 2.143, 4.049, -0.9115, -1.1974, -4.7981, 0.6206, 35.3159, 90.5916
1740983140.496, 2.143, 4.049, -0.9114, -1.1973, -4.7979, 0.6223, 35.3179, 90.5828
1740983140.576, 2.145, 4.049, -0.9114, -1.1974, -4.7983, 0.6272, 35.3140, 90.5796
1740983140.656, 2.146, 4.050, -0.9114, -1.1973, -4.7982, 0.6360, 35.3139, 90.5938
1740983140.735, 2.144, 4.051, -0.9115, -1.1975, -4.7980, 0.6329, 35.3026, 90.5983
1740983140.815, 2.144, 4.050, -0.9115, -1.1974, -4.7981, 0.6448, 35.2913, 90.5851
1740983140.895, 2.144, 4.050, -0.9115, -1.1974, -4.7982, 0.6359, 35.2826, 90.5869
1740983140.974, 2.144, 4.051, -0.9115, -1.1974, -4.7982, 0.6215, 35.2844, 90.5965
1740983153.717, 2.518, 4.020, -0.6011, -1.1908, -4.5811, 0.2324, 33.5423, 90.9669
1740983153.797, 2.518, 4.019, -0.6011, -1.1907, -4.5810, 0.2339, 33.5465, 90.9756
1740983153.876, 2.513, 4.019, -0.6011, -1.1908, -4.5810, 0.2314, 33.5422, 90.9817
1740983153.956, 2.514, 4.021, -0.6011, -1.1908, -4.5810, 0.2353, 33.5371, 90.9806
1740983154.036, 2.512, 4.021, -0.6011, -1.1908, -4.5810, 0.2343, 33.5304, 90.9734
1740983154.115, 2.513, 4.021, -0.6011, -1.1908, -4.5811, 0.2381, 33.5407, 90.9656
1740983154.195, 2.513, 4.021, -0.6011, -1.1908, -4.5812, 0.2336, 33.5369, 90.9638
1740983154.275, 2.512, 4.021, -0.6011, -1.1909, -4.5812, 0.2356, 33.5429, 90.9651
1740983154.354, 2.518, 4.020, -0.6010, -1.1909, -4.5812, 0.2238, 33.5359, 90.9721
1740983154.434, 2.520, 4.022, -0.6011, -1.1908, -4.5810, 0.2252, 33.5358, 90.9747
1740983154.514, 2.519, 4.020, -0.6010, -1.1908, -4.5811, 0.2246, 33.5337, 90.9759
1740983154.593, 2.519, 4.022, -0.6012, -1.1908, -4.5812, 0.2322, 33.5264, 90.9700
1740983154.673, 2.519, 4.022, -0.6010, -1.1908, -4.5810, 0.2283, 33.5237, 90.9644
1740983154.753, 2.518, 4.021, -0.6010, -1.1909, -4.5815, 0.2344, 33.5212, 90.9540
1740983154.832, 2.513, 4.021, -0.6011, -1.1910, -4.5815, 0.2278, 33.5186, 90.9678
1740983154.912, 2.513, 4.021, -0.6012, -1.1909, -4.5812, 0.2214, 33.5212, 90.9703
1740983154.992, 2.513, 4.021, -0.6011, -1.1908, -4.5812, 0.2212, 33.5163, 90.9697
1740983155.071, 2.513, 4.021, -0.6011, -1.1909, -4.5813, 0.2256, 33.5200, 90.9606
1740983155.151, 2.518, 4.021, -0.6011, -1.1909, -4.5812, 0.2266, 33.5221, 90.9674
1740983155.231, 2.513, 4.022, -0.6011, -1.1909, -4.5812, 0.2279, 33.5254, 90.9685
1740983155.310, 2.514, 4.020, -0.6011, -1.1909, -4.5812, 0.2163, 33.5217, 90.9809
1740983155.390, 2.514, 4.020, -0.6011, -1.1909, -4.5814, 0.2191, 33.5153, 90.9780
1740983155.470, 2.518, 4.020, -0.6009, -1.1909, -4.5813, 0.2190, 33.5085, 90.9759
1740983155.549, 2.513, 4.021, -0.6011, -1.1909, -4.5814, 0.2228, 33.5189, 90.9709
1740983155.629, 2.517, 4.020, -0.6011, -1.1909, -4.5812, 0.2302, 33.5174, 90.9702
1740983155.708, 2.519, 4.023, -0.6011, -1.1908, -4.5815, 0.2244, 33.5233, 90.9681
1740983155.788, 2.519, 4.021, -0.6010, -1.1910, -4.5815, 0.2126, 33.5280, 90.9789
1740983155.868, 2.518, 4.021, -0.6012, -1.1909, -4.5811, 0.2173, 33.5331, 90.9683
1740983155.947, 2.518, 4.021, -0.6011, -1.1909, -4.5814, 0.2195, 33.5381, 90.9621
1740983156.027, 2.514, 4.021, -0.6011, -1.1909, -4.5814, 0.2172, 33.5388, 90.9601
1740983156.107, 2.513, 4.023, -0.6011, -1.1909, -4.5815, 0.2158, 33.5346, 90.9587
1740983156.186, 2.513, 4.022, -0.6011, -1.1910, -4.5815, 0.2059, 33.5262, 90.9785
1740983156.266, 2.513, 4.022, -0.6010, -1.1910, -4.5814, 0.2031, 33.5220, 90.9904
1740983156.346, 2.518, 4.020, -0.6011, -1.1908, -4.5813, 0.2031, 33.5323, 90.9886
1740983156.425, 2.513, 4.021, -0.6011, -1.1908, -4.5813, 0.2009, 33.5377, 90.9887
1740983156.505, 2.513, 4.020, -0.6011, -1.1909, -4.5814, 0.2025, 33.5312, 90.9922
1740983156.585, 2.513, 4.022, -0.6011, -1.1910, -4.5814, 0.2003, 33.5380, 91.0029
1740983156.664, 2.519, 4.022, -0.6010, -1.1909, -4.5815, 0.2017, 33.5320, 90.9914
1740983156.744, 2.518, 4.021, -0.6013, -1.1909, -4.5810, 0.2118, 33.5350, 90.9933
1740983156.824, 2.513, 4.020, -0.6018, -1.1909, -4.5805, 0.2696, 33.5517, 90.9289
1740983156.903, 2.520, 4.021, -0.6043, -1.1910, -4.5762, 0.1930, 33.4839, 90.9225
1740983156.983, 2.520, 4.016, -0.6097, -1.1912, -4.5680, 0.2573, 33.5648, 90.8917
1740983157.062, 2.513, 4.016, -0.6163, -1.1913, -4.5582, 0.3750, 33.4596, 90.8825
1740983157.142, 2.512, 4.008, -0.6231, -1.1915, -4.5478, 0.4791, 33.3211, 90.8683
1740983157.222, 2.514, 3.994, -0.6288, -1.1926, -4.5390, 0.3947, 33.2999, 90.8657
1740983157.301, 2.508, 3.977, -0.6337, -1.1928, -4.5312, 0.4314, 33.2379, 90.8561
1740983157.381, 2.508, 3.977, -0.6373, -1.1927, -4.5252, 0.4695, 33.1926, 90.8824
1740983157.461, 2.507, 3.965, -0.6403, -1.1924, -4.5207, 0.4683, 33.1898, 90.8857
1740983157.540, 2.506, 3.953, -0.6429, -1.1926, -4.5165, 0.4484, 33.2644, 90.8682
1740983157.620, 2.507, 3.947, -0.6458, -1.1928, -4.5117, 0.4659, 33.2291, 90.8929
1740983157.700, 2.511, 3.941, -0.6496, -1.1930, -4.5057, 0.4421, 33.1715, 90.9363
1740983157.779, 2.511, 3.941, -0.6538, -1.1931, -4.4988, 0.3511, 33.0627, 90.9976
1740983157.859, 2.510, 3.933, -0.6580, -1.1933, -4.4918, 0.3420, 32.9661, 91.0343
1740983157.938, 2.512, 3.923, -0.6622, -1.1935, -4.4852, 0.3667, 32.8313, 91.0612
1740983158.018, 2.512, 3.912, -0.6648, -1.1927, -4.4824, 0.6382, 33.2338, 90.5782
1740983158.098, 2.511, 3.900, -0.6651, -1.1930, -4.4819, 0.6457, 33.1330, 90.4507
1740983158.178, 2.511, 3.900, -0.6650, -1.1932, -4.4819, 0.6592, 33.1041, 90.4133
1740983158.257, 2.506, 3.900, -0.6654, -1.1927, -4.4811, 0.6350, 33.0379, 90.0220
1740983158.337, 2.501, 3.901, -0.6672, -1.1917, -4.4774, 0.5072, 32.9947, 88.9254
1740983158.416, 2.509, 3.898, -0.6740, -1.1923, -4.4669, 0.5193, 32.7105, 88.5357
1740983158.496, 2.512, 3.896, -0.6826, -1.1927, -4.4523, 0.5283, 32.4292, 88.5555
1740983158.576, 2.512, 3.896, -0.6932, -1.1942, -4.4339, 0.3403, 32.3253, 89.9684
1740983158.655, 2.515, 3.880, -0.7022, -1.1951, -4.4187, 0.2795, 32.2488, 90.9471
1740983158.735, 2.513, 3.856, -0.7081, -1.1950, -4.4092, 0.3128, 32.4669, 91.0276
1740983158.815, 2.514, 3.829, -0.7109, -1.1956, -4.4050, 0.3118, 32.4215, 91.0044
1740983158.894, 2.515, 3.814, -0.7129, -1.1960, -4.4015, 0.3014, 32.3939, 90.9829
1740983158.974, 2.515, 3.814, -0.7158, -1.1961, -4.3973, 0.3264, 32.3697, 90.9227
1740983159.053, 2.516, 3.810, -0.7198, -1.1963, -4.3909, 0.3749, 32.4054, 90.8361
1740983159.133, 2.516, 3.805, -0.7249, -1.1963, -4.3829, 0.4535, 32.3664, 90.8428
1740983159.213, 2.517, 3.796, -0.7308, -1.1965, -4.3739, 0.5763, 32.3042, 90.8190
1740983159.292, 2.516, 3.782, -0.7365, -1.1962, -4.3652, 0.7498, 32.2744, 91.0225
1740983159.372, 2.516, 3.782, -0.7381, -1.1962, -4.3618, 0.5867, 32.2763, 91.6743
1740983159.452, 2.515, 3.770, -0.7383, -1.1958, -4.3615, 0.5527, 32.2761, 91.6678
1740983159.531, 2.516, 3.758, -0.7386, -1.1956, -4.3610, 0.5584, 32.2549, 91.7069
1740983159.611, 2.513, 3.760, -0.7411, -1.1952, -4.3567, 0.5293, 32.3416, 92.2934
1740983159.691, 2.510, 3.758, -0.7458, -1.1934, -4.3469, 0.0966, 32.1836, 92.8624
1740983159.770, 2.510, 3.758, -0.7578, -1.1939, -4.3282, 0.2678, 32.0914, 93.2981
1740983159.850, 2.515, 3.750, -0.7679, -1.1979, -4.3116, 0.2955, 32.1247, 90.9647
1740983159.929, 2.516, 3.729, -0.7795, -1.1997, -4.2946, 0.6250, 32.1508, 91.0738
1740983160.009, 2.508, 3.699, -0.7859, -1.1995, -4.2830, 0.4148, 31.9534, 91.0548
1740983160.089, 2.508, 3.673, -0.7897, -1.1989, -4.2775, 0.5851, 31.8582, 90.9730
1740983160.168, 2.512, 3.673, -0.7902, -1.1992, -4.2760, 0.5728, 31.8092, 90.8890
1740983160.248, 2.513, 3.660, -0.7921, -1.1991, -4.2737, 0.6338, 31.8419, 90.8029
1740983160.328, 2.504, 3.659, -0.7954, -1.1995, -4.2682, 0.6031, 31.7891, 90.8021
1740983160.407, 2.502, 3.656, -0.8004, -1.1996, -4.2596, 0.6484, 31.7280, 90.7859
1740983160.487, 2.511, 3.646, -0.8061, -1.1998, -4.2493, 0.4393, 31.8751, 90.8684
1740983160.567, 2.511, 3.646, -0.8112, -1.2000, -4.2387, 0.0061, 32.1142, 91.2346
1740983160.646, 2.505, 3.631, -0.8152, -1.2000, -4.2307, -0.2156, 32.2872, 91.5956
1740983160.726, 2.511, 3.613, -0.8198, -1.2002, -4.2232, -0.2498, 32.3169, 91.4196
1740983160.806, 2.512, 3.603, -0.8268, -1.2008, -4.2143, 0.2742, 32.1548, 90.9106
1740983160.885, 2.512, 3.592, -0.8330, -1.2011, -4.2050, 0.4188, 32.0629, 90.8382
1740983160.965, 2.512, 3.592, -0.8383, -1.2013, -4.1968, 0.5342, 31.9628, 90.8312
1740983161.045, 2.513, 3.580, -0.8427, -1.2015, -4.1897, 0.5621, 31.9271, 90.7883
1740983161.124, 2.505, 3.564, -0.8466, -1.2020, -4.1830, 0.5480, 31.9189, 90.7530
1740983161.204, 2.505, 3.555, -0.8511, -1.2020, -4.1755, 0.5232, 31.9189, 90.7170
1740983161.283, 2.505, 3.545, -0.8558, -1.2018, -4.1677, 0.5814, 31.8930, 90.6915
1740983161.363, 2.507, 3.545, -0.8606, -1.2020, -4.1593, 0.5690, 31.8550, 90.6978
1740983161.443, 2.507, 3.536, -0.8657, -1.2022, -4.1508, 0.5628, 31.9005, 90.6878
1740983161.522, 2.509, 3.524, -0.8706, -1.2027, -4.1427, 0.5504, 31.8720, 90.7092
1740983161.602, 2.501, 3.508, -0.8754, -1.2027, -4.1342, 0.4888, 31.8093, 90.7415
1740983161.682, 2.501, 3.498, -0.8804, -1.2026, -4.1258, 0.5657, 31.6658, 90.7013
1740983161.761, 2.499, 3.498, -0.8854, -1.2028, -4.1178, 0.6184, 31.5896, 90.7099
1740983161.841, 2.514, 3.484, -0.8899, -1.2031, -4.1098, 0.6007, 31.5350, 90.7273
1740983161.921, 2.506, 3.475, -0.8948, -1.2034, -4.1021, 0.6261, 31.4707, 90.6886
1740983162.000, 2.504, 3.460, -0.8998, -1.2034, -4.0936, 0.6753, 31.3628, 90.6781
1740983162.080, 2.504, 3.451, -0.9047, -1.2040, -4.0853, 0.6612, 31.3967, 90.6653
1740983162.159, 2.510, 3.451, -0.9095, -1.2045, -4.0772, 0.6209, 31.4422, 90.6639
1740983162.239, 2.504, 3.437, -0.9140, -1.2044, -4.0688, 0.5176, 31.4686, 90.7009
1740983162.319, 2.506, 3.422, -0.9189, -1.2046, -4.0605, 0.4574, 31.5029, 90.6577
1740983162.398, 2.512, 3.415, -0.9240, -1.2049, -4.0518, 0.4687, 31.5036, 90.6573
1740983162.478, 2.512, 3.404, -0.9290, -1.2055, -4.0433, 0.4486, 31.5043, 90.6577
1740983162.558, 2.510, 3.404, -0.9343, -1.2056, -4.0347, 0.4992, 31.5013, 90.6270
1740983162.637, 2.510, 3.404, -0.9394, -1.2057, -4.0262, 0.5774, 31.4470, 90.6068
1740983162.717, 2.512, 3.375, -0.9447, -1.2062, -4.0181, 0.6784, 31.4457, 90.6079
1740983162.797, 2.512, 3.367, -0.9496, -1.2065, -4.0101, 0.7419, 31.3461, 90.5961
1740983162.876, 2.512, 3.367, -0.9542, -1.2064, -4.0018, 0.6600, 31.3263, 90.6015
1740983162.956, 2.516, 3.355, -0.9571, -1.2058, -3.9947, 0.3031, 30.9674, 90.2589
1740983163.036, 2.516, 3.339, -0.9585, -1.2056, -3.9914, 0.1411, 30.9457, 89.9355
1740983163.115, 2.513, 3.332, -0.9606, -1.2049, -3.9877, 0.1910, 30.9886, 89.3773
1740983163.195, 2.513, 3.326, -0.9652, -1.2040, -3.9802, 0.2487, 31.1514, 88.7706
1740983163.275, 2.513, 3.326, -0.9722, -1.2048, -3.9685, 0.2469, 31.1075, 88.7301
1740983163.354, 2.517, 3.319, -0.9796, -1.2043, -3.9573, 0.5424, 30.9284, 88.1828
1740983163.434, 2.517, 3.313, -0.9879, -1.2050, -3.9463, 1.0679, 31.5559, 88.2324
1740983163.513, 2.518, 3.290, -0.9970, -1.2055, -3.9359, 1.7869, 32.3115, 88.4631
1740983163.593, 2.501, 3.269, -1.0011, -1.2057, -3.9275, 1.3222, 32.5765, 88.4549
1740983163.673, 2.501, 3.269, -1.0089, -1.2071, -3.9156, 1.4145, 33.1271, 89.7593
1740983163.752, 2.506, 3.257, -1.0148, -1.2086, -3.9030, 0.8106, 32.4966, 90.4407
1740983163.832, 2.503, 3.240, -1.0195, -1.2082, -3.8940, 0.6025, 32.6841, 90.4943
1740983163.912, 2.511, 3.223, -1.0240, -1.2084, -3.8869, 0.5782, 32.8497, 90.4626
1740983163.991, 2.503, 3.215, -1.0281, -1.2085, -3.8800, 0.4749, 32.9197, 90.5397
1740983164.071, 2.503, 3.215, -1.0295, -1.2083, -3.8742, -0.2474, 33.4604, 91.3223
1740983164.151, 2.507, 3.204, -1.0302, -1.2075, -3.8699, -0.9659, 33.4706, 91.6825
1740983164.230, 2.515, 3.199, -1.0323, -1.2067, -3.8624, -1.8181, 33.4911, 91.9589
1740983164.310, 2.513, 3.185, -1.0390, -1.2064, -3.8507, -2.0413, 33.7114, 92.3225
1740983164.390, 2.517, 3.182, -1.0555, -1.2063, -3.8369, 0.4596, 33.3438, 92.6428
1740983164.469, 2.517, 3.182, -1.0659, -1.2070, -3.8247, 1.0330, 32.8728, 92.4037
1740983164.549, 2.520, 3.163, -1.0765, -1.2075, -3.8171, 2.9582, 32.3104, 90.1210
1740983164.629, 2.492, 3.139, -1.0831, -1.2087, -3.8082, 3.3879, 32.2316, 89.4323
1740983164.708, 2.526, 3.121, -1.0835, -1.2107, -3.7949, 0.8261, 32.6484, 90.5353
1740983164.788, 2.502, 3.107, -1.0884, -1.2100, -3.7851, 0.6850, 32.6781, 90.4043
1740983164.867, 2.502, 3.107, -1.0926, -1.2108, -3.7794, 0.7926, 32.7705, 90.3311
1740983164.947, 2.502, 3.088, -1.0963, -1.2107, -3.7738, 0.8204, 32.7158, 90.2913
1740983165.027, 2.505, 3.083, -1.1004, -1.2108, -3.7675, 0.9273, 32.7872, 90.2182
1740983165.106, 2.492, 3.070, -1.1047, -1.2105, -3.7640, 1.5175, 33.1503, 89.3076
1740983165.186, 2.495, 3.066, -1.1056, -1.2093, -3.7615, 1.2978, 33.2748, 88.5025
1740983165.266, 2.495, 3.066, -1.1094, -1.2094, -3.7552, 1.2648, 33.2228, 88.0891
1740983165.345, 2.498, 3.062, -1.1178, -1.2089, -3.7425, 1.4938, 33.2196, 88.1747
1740983165.425, 2.500, 3.052, -1.1266, -1.2099, -3.7273, 1.1803, 33.2742, 88.3696
1740983165.505, 2.499, 3.034, -1.1380, -1.2112, -3.7076, 0.7879, 33.1214, 90.1394
1740983165.584, 2.500, 3.017, -1.1453, -1.2121, -3.6950, 0.7688, 33.3678, 90.2988
1740983165.664, 2.500, 3.017, -1.1525, -1.2121, -3.6849, 0.8933, 33.4982, 90.2448
1740983165.744, 2.501, 2.990, -1.1573, -1.2123, -3.6776, 0.9599, 33.4846, 90.2081
1740983165.823, 2.500, 2.973, -1.1622, -1.2128, -3.6709, 1.0171, 33.4363, 90.1460
1740983165.903, 2.498, 2.963, -1.1670, -1.2128, -3.6633, 1.1023, 33.2581, 90.1190
1740983165.982, 2.504, 2.951, -1.1726, -1.2130, -3.6540, 1.0826, 33.2818, 90.1227
1740983166.062, 2.504, 2.951, -1.1810, -1.2127, -3.6460, 2.2697, 32.2458, 90.1836
1740983166.142, 2.497, 2.933, -1.1874, -1.2112, -3.6426, 3.4586, 32.0164, 89.3733
1740983166.221, 2.494, 2.924, -1.1931, -1.2113, -3.6354, 3.8556, 32.1993, 89.2739
1740983166.301, 2.525, 2.916, -1.1999, -1.2109, -3.6239, 3.7369, 32.0377, 89.3319
1740983166.381, 2.522, 2.903, -1.2076, -1.2123, -3.6100, 3.6070, 31.8888, 89.3255
1740983166.460, 2.522, 2.903, -1.2115, -1.2146, -3.5919, 1.1227, 32.4160, 90.0231
1740983166.540, 2.522, 2.880, -1.2188, -1.2154, -3.5795, 1.2003, 32.3579, 90.0369
1740983166.620, 2.504, 2.866, -1.2250, -1.2149, -3.5698, 1.3571, 32.1703, 89.8965
1740983166.699, 2.494, 2.848, -1.2294, -1.2150, -3.5629, 1.3492, 32.0470, 89.8900
1740983166.779, 2.493, 2.825, -1.2321, -1.2149, -3.5579, 1.2721, 32.0412, 89.9663
1740983166.858, 2.493, 2.825, -1.2355, -1.2147, -3.5523, 1.2527, 31.8952, 89.8648
1740983166.938, 2.499, 2.819, -1.2415, -1.2151, -3.5420, 1.1493, 31.8865, 89.9523
1740983167.018, 2.501, 2.817, -1.2491, -1.2160, -3.5288, 1.0631, 31.8149, 89.9925
1740983167.097, 2.505, 2.798, -1.2571, -1.2159, -3.5145, 0.9969, 31.6693, 89.9375
1740983167.177, 2.501, 2.781, -1.2633, -1.2152, -3.5054, 1.5868, 30.9465, 88.9175
1740983167.257, 2.501, 2.781, -1.2676, -1.2143, -3.4996, 1.7412, 31.3312, 88.0865
1740983167.336, 2.500, 2.765, -1.2727, -1.2144, -3.4923, 1.8606, 31.6228, 87.8282
1740983167.416, 2.508, 2.759, -1.2799, -1.2147, -3.4805, 1.9281, 31.9115, 87.8509
1740983167.496, 2.512, 2.743, -1.2883, -1.2145, -3.4673, 1.9532, 32.5268, 87.7991
1740983167.575, 2.503, 2.726, -1.2969, -1.2147, -3.4530, 1.9627, 32.6589, 87.8234
1740983167.655, 2.503, 2.726, -1.3054, -1.2147, -3.4386, 1.8462, 32.7557, 87.7856
1740983167.735, 2.489, 2.702, -1.3157, -1.2153, -3.4237, 2.1039, 33.3127, 88.1908
1740983167.814, 2.492, 2.683, -1.3265, -1.2158, -3.4090, 2.5567, 33.5543, 88.4057
1740983167.894, 2.496, 2.660, -1.3380, -1.2157, -3.3953, 3.2375, 33.4546, 88.6525
1740983167.974, 2.496, 2.639, -1.3459, -1.2151, -3.3827, 3.3000, 32.5648, 89.5206
1740983168.053, 2.503, 2.639, -1.3537, -1.2146, -3.3713, 3.5828, 32.4476, 89.1704
1740983168.133, 2.520, 2.617, -1.3625, -1.2159, -3.3572, 3.4423, 32.2238, 89.3471
1740983168.213, 2.519, 2.603, -1.3714, -1.2155, -3.3424, 3.4599, 31.9609, 89.3102
1740983168.292, 2.520, 2.586, -1.3778, -1.2161, -3.3296, 2.9740, 31.5515, 89.8873
1740983168.372, 2.520, 2.586, -1.3795, -1.2162, -3.3225, 2.1652, 31.4154, 90.9389
1740983168.451, 2.520, 2.564, -1.3789, -1.2156, -3.3225, 2.0408, 31.4399, 91.0611
1740983168.531, 2.517, 2.546, -1.3803, -1.2157, -3.3292, 3.7064, 31.5588, 89.0232
1740983168.611, 2.509, 2.545, -1.3783, -1.2157, -3.3297, 3.0362, 31.5825, 89.7872
1740983168.690, 2.524, 2.550, -1.3776, -1.2157, -3.3320, 3.3453, 31.5692, 89.3776
1740983168.770, 2.524, 2.550, -1.3771, -1.2158, -3.3322, 3.1773, 31.6010, 89.5467
1740983168.850, 2.520, 2.556, -1.3773, -1.2156, -3.3321, 3.2475, 31.5747, 89.4671
1740983168.929, 2.525, 2.553, -1.3773, -1.2157, -3.3321, 3.2194, 31.5688, 89.5053
1740983169.009, 2.526, 2.559, -1.3773, -1.2156, -3.3320, 3.2059, 31.5700, 89.4877
1740983169.089, 2.521, 2.558, -1.3772, -1.2158, -3.3322, 3.2234, 31.5761, 89.4721
1740983169.168, 2.521, 2.558, -1.3772, -1.2156, -3.3321, 3.1970, 31.5563, 89.5004
1740983169.248, 2.526, 2.559, -1.3771, -1.2158, -3.3322, 3.1943, 31.5574, 89.4891
1740983169.328, 2.520, 2.553, -1.3770, -1.2159, -3.3323, 3.1879, 31.5544, 89.4852
1740983169.407, 2.526, 2.559, -1.3772, -1.2158, -3.3322, 3.1961, 31.5545, 89.4788
1740983169.487, 2.521, 2.559, -1.3772, -1.2158, -3.3322, 3.2025, 31.5521, 89.4665
1740983169.566, 2.521, 2.559, -1.3771, -1.2158, -3.3323, 3.2020, 31.5537, 89.4626
1740983169.646, 2.526, 2.560, -1.3772, -1.2159, -3.3323, 3.1952, 31.5521, 89.4596
1740983169.726, 2.526, 2.559, -1.3771, -1.2159, -3.3323, 3.1876, 31.5526, 89.4450
1740983169.805, 2.521, 2.558, -1.3773, -1.2159, -3.3322, 3.1930, 31.5657, 89.4560
1740983169.885, 2.526, 2.553, -1.3772, -1.2158, -3.3321, 3.1925, 31.5600, 89.4557
1740983169.965, 2.526, 2.553, -1.3772, -1.2159, -3.3323, 3.1975, 31.5601, 89.4420
1740983170.044, 2.526, 2.553, -1.3771, -1.2158, -3.3322, 3.2019, 31.5670, 89.4314
1740983170.124, 2.522, 2.558, -1.3774, -1.2160, -3.3325, 3.3154, 31.5445, 89.2833
1740983170.204, 2.525, 2.552, -1.3778, -1.2159, -3.3325, 3.4125, 31.5501, 89.1323
1740983170.283, 2.519, 2.554, -1.3799, -1.2159, -3.3288, 3.3569, 31.5578, 89.2689
1740983170.363, 2.519, 2.554, -1.3832, -1.2161, -3.3239, 3.5051, 31.3679, 89.0650
1740983170.442, 2.519, 2.550, -1.3868, -1.2164, -3.3178, 3.3943, 31.2760, 89.0912
1740983170.522, 2.525, 2.549, -1.3911, -1.2165, -3.3115, 3.5034, 31.2957, 88.8716
1740983170.602, 2.525, 2.542, -1.3945, -1.2160, -3.3049, 3.4715, 31.2845, 88.8036
1740983170.681, 2.524, 2.531, -1.3982, -1.2164, -3.2986, 3.4709, 31.2281, 88.7834
1740983170.761, 2.524, 2.531, -1.4024, -1.2165, -3.2921, 3.4912, 31.1577, 88.7614
1740983170.841, 2.519, 2.519, -1.4057, -1.2168, -3.2862, 3.4870, 31.1663, 88.7687
1740983170.920, 2.520, 2.509, -1.4087, -1.2169, -3.2800, 3.3011, 31.1097, 88.8341
1740983171.000, 2.526, 2.507, -1.4113, -1.2174, -3.2723, 2.7350, 31.0331, 89.0953
1740983171.080, 2.523, 2.491, -1.4119, -1.2186, -3.2615, 0.8306, 30.9969, 89.8757
1740983171.159, 2.523, 2.491, -1.4153, -1.2185, -3.2538, 0.7259, 31.2072, 89.8645
1740983171.239, 2.507, 2.486, -1.4195, -1.2188, -3.2484, 0.9567, 31.1319, 89.7562
1740983171.318, 2.507, 2.475, -1.4216, -1.2186, -3.2452, 0.9405, 31.1779, 89.7488
1740983171.398, 2.501, 2.460, -1.4237, -1.2188, -3.2419, 0.9845, 31.2101, 89.6728
1740983171.478, 2.505, 2.464, -1.4265, -1.2189, -3.2370, 1.0240, 31.1000, 89.6651
1740983171.557, 2.505, 2.464, -1.4300, -1.2189, -3.2308, 0.9948, 31.0973, 89.6928
1740983171.637, 2.506, 2.456, -1.4343, -1.2189, -3.2241, 1.0812, 31.1296, 89.6249
1740983171.717, 2.505, 2.443, -1.4385, -1.2192, -3.2170, 1.0640, 31.1553, 89.6094
1740983171.797, 2.506, 2.436, -1.4424, -1.2191, -3.2101, 1.0643, 31.1204, 89.6330
1740983171.876, 2.507, 2.430, -1.4460, -1.2191, -3.2034, 1.0361, 31.1006, 89.6798
1740983171.956, 2.507, 2.430, -1.4493, -1.2191, -3.1974, 0.9409, 31.1195, 89.7801
1740983172.035, 2.502, 2.416, -1.4526, -1.2192, -3.1916, 0.9466, 31.1617, 89.8135
1740983172.115, 2.507, 2.406, -1.4560, -1.2192, -3.1855, 0.8719, 31.1320, 89.8647
1740983172.195, 2.502, 2.398, -1.4593, -1.2192, -3.1795, 0.7989, 31.1771, 89.9005
1740983172.274, 2.501, 2.395, -1.4625, -1.2193, -3.1737, 0.7672, 31.1562, 89.8716
1740983172.354, 2.501, 2.395, -1.4662, -1.2194, -3.1676, 0.7778, 31.3794, 89.8806
1740983172.434, 2.503, 2.384, -1.4706, -1.2196, -3.1618, 0.7510, 31.9463, 89.8803
1740983172.513, 2.507, 2.372, -1.4752, -1.2196, -3.1561, 0.8001, 32.9762, 89.7799
1740983172.593, 2.506, 2.362, -1.4798, -1.2193, -3.1508, 0.8325, 33.8809, 89.7391
1740983172.673, 2.490, 2.354, -1.4840, -1.2196, -3.1455, 0.9039, 34.2926, 89.7316
1740983172.752, 2.490, 2.354, -1.4876, -1.2195, -3.1405, 0.9651, 34.3030, 89.7045
1740983172.832, 2.496, 2.348, -1.4913, -1.2196, -3.1351, 1.0388, 34.2401, 89.6510
1740983172.912, 2.496, 2.343, -1.4949, -1.2196, -3.1296, 1.0599, 34.2271, 89.5856
1740983172.991, 2.502, 2.331, -1.4986, -1.2198, -3.1238, 0.9590, 34.2477, 89.6293
1740983173.071, 2.501, 2.323, -1.5025, -1.2196, -3.1175, 0.8704, 34.2615, 89.7242
1740983173.150, 2.501, 2.323, -1.5062, -1.2197, -3.1119, 0.8744, 34.2223, 89.7351
1740983173.230, 2.495, 2.314, -1.5098, -1.2198, -3.1059, 0.7913, 34.1879, 89.7945
1740983173.310, 2.495, 2.306, -1.5134, -1.2199, -3.1002, 0.7805, 34.0803, 89.8149
1740983173.389, 2.495, 2.299, -1.5168, -1.2202, -3.0949, 0.7209, 33.9992, 89.8481
1740983173.469, 2.499, 2.293, -1.5205, -1.2201, -3.0891, 0.8161, 33.9660, 89.7932
1740983173.549, 2.499, 2.293, -1.5243, -1.2201, -3.0832, 0.7723, 33.8956, 89.8562
1740983173.628, 2.494, 2.281, -1.5283, -1.2202, -3.0775, 0.8518, 33.8348, 89.8195
1740983173.708, 2.494, 2.273, -1.5319, -1.2202, -3.0718, 0.8383, 33.8278, 89.8329
1740983173.788, 2.493, 2.263, -1.5357, -1.2203, -3.0661, 0.8760, 33.8623, 89.8552
1740983173.869, 2.493, 2.259, -1.5393, -1.2203, -3.0600, 0.8938, 33.8428, 89.8300
1740983173.947, 2.493, 2.259, -1.5433, -1.2202, -3.0544, 0.9302, 33.8229, 89.8142
1740983174.027, 2.496, 2.248, -1.5470, -1.2202, -3.0482, 0.9279, 33.8207, 89.8644
1740983174.106, 2.492, 2.238, -1.5515, -1.2207, -3.0418, 1.0325, 33.8493, 89.9804
1740983174.186, 2.492, 2.231, -1.5557, -1.2204, -3.0350, 1.0276, 33.8685, 90.0339
1740983174.266, 2.492, 2.231, -1.5597, -1.2210, -3.0286, 0.9646, 33.8466, 90.1648
1740983174.345, 2.495, 2.220, -1.5635, -1.2211, -3.0223, 0.9142, 33.8052, 90.2495
1740983174.425, 2.495, 2.209, -1.5673, -1.2211, -3.0161, 0.8506, 33.7626, 90.3383
1740983174.505, 2.496, 2.202, -1.5710, -1.2209, -3.0099, 0.8082, 33.7751, 90.3707
1740983174.584, 2.495, 2.192, -1.5748, -1.2214, -3.0040, 0.7907, 33.7798, 90.4063
1740983174.664, 2.495, 2.192, -1.5787, -1.2215, -2.9981, 0.7577, 33.8070, 90.4356
1740983174.743, 2.491, 2.183, -1.5825, -1.2213, -2.9917, 0.7219, 33.7970, 90.4861
1740983174.823, 2.491, 2.174, -1.5869, -1.2216, -2.9850, 0.7256, 33.7634, 90.4795
1740983174.903, 2.496, 2.164, -1.5912, -1.2215, -2.9782, 0.7683, 33.6969, 90.4614
1740983174.982, 2.491, 2.155, -1.5955, -1.2219, -2.9720, 0.8679, 33.6104, 90.4185
1740983175.063, 2.491, 2.155, -1.5999, -1.2220, -2.9658, 1.0129, 33.5546, 90.3690
1740983175.142, 2.490, 2.144, -1.6041, -1.2225, -2.9600, 1.1293, 33.4566, 90.3143
1740983175.221, 2.491, 2.136, -1.6080, -1.2221, -2.9538, 1.1390, 33.4521, 90.2884
1740983175.301, 2.484, 2.126, -1.6104, -1.2220, -2.9484, 1.0614, 33.3415, 90.1038
1740983175.381, 2.482, 2.116, -1.6111, -1.2216, -2.9459, 0.7766, 33.0959, 90.0804
1740983175.461, 2.482, 2.116, -1.6114, -1.2215, -2.9452, 0.7020, 33.0323, 89.9998
1740983175.540, 2.489, 2.110, -1.6123, -1.2211, -2.9438, 0.7398, 32.9451, 89.6276
1740983175.619, 2.495, 2.108, -1.6148, -1.2205, -2.9400, 0.7623, 32.9097, 88.9656
1740983175.699, 2.496, 2.107, -1.6201, -1.2211, -2.9312, 0.6566, 32.8316, 88.7329
1740983175.779, 2.493, 2.101, -1.6274, -1.2209, -2.9192, 0.6802, 32.6932, 88.5070
1740983175.859, 2.493, 2.101, -1.6341, -1.2209, -2.9087, 0.7304, 32.6435, 88.4143
1740983175.938, 2.492, 2.086, -1.6394, -1.2211, -2.9005, 0.7745, 32.6274, 88.2990
1740983176.018, 2.492, 2.069, -1.6429, -1.2214, -2.8950, 0.8108, 32.4162, 88.2685
1740983176.097, 2.490, 2.054, -1.6453, -1.2212, -2.8908, 0.8358, 32.3446, 88.2259
1740983176.177, 2.491, 2.046, -1.6479, -1.2215, -2.8866, 0.8352, 32.2918, 88.2305
1740983176.257, 2.491, 2.046, -1.6512, -1.2216, -2.8813, 0.8605, 32.1955, 88.2247
1740983176.336, 2.490, 2.041, -1.6552, -1.2218, -2.8748, 0.8808, 32.1501, 88.2321
1740983176.416, 2.494, 2.032, -1.6597, -1.2218, -2.8676, 0.9021, 32.1086, 88.2349
1740983176.496, 2.490, 2.025, -1.6639, -1.2221, -2.8604, 0.8716, 32.0267, 88.2635
1740983176.575, 2.492, 2.014, -1.6679, -1.2224, -2.8534, 0.8288, 32.0343, 88.4027
1740983176.655, 2.492, 2.014, -1.6728, -1.2230, -2.8455, 0.6771, 32.0973, 88.9417
1740983176.734, 2.495, 2.005, -1.6798, -1.2242, -2.8333, 0.6274, 31.9932, 90.5246
1740983176.814, 2.495, 1.994, -1.6842, -1.2245, -2.8247, 0.4783, 32.7197, 91.0224
1740983176.894, 2.494, 1.974, -1.6846, -1.2243, -2.8229, 0.3090, 33.1424, 91.2008
1740983176.974, 2.496, 1.966, -1.6850, -1.2243, -2.8229, 0.3603, 33.2098, 91.1917
1740983177.053, 2.496, 1.966, -1.6850, -1.2243, -2.8221, 0.2223, 33.2077, 91.3306
1740983177.133, 2.492, 1.965, -1.6859, -1.2239, -2.8170, -0.4124, 33.4263, 91.8104
1740983177.212, 2.496, 1.963, -1.6886, -1.2234, -2.8078, -1.4213, 33.4944, 92.3752
1740983177.292, 2.494, 1.958, -1.6957, -1.2240, -2.7958, -1.5240, 33.4852, 92.5677
1740983177.372, 2.499, 1.947, -1.7038, -1.2236, -2.7832, -1.5219, 33.5460, 92.7043
1740983177.451, 2.499, 1.947, -1.7117, -1.2236, -2.7727, -1.1135, 33.6424, 92.9929
1740983177.531, 2.499, 1.927, -1.7202, -1.2237, -2.7650, 0.1421, 33.7585, 93.0418
1740983177.611, 2.496, 1.911, -1.7222, -1.2236, -2.7614, 0.1657, 33.3902, 92.9158
1740983177.690, 2.492, 1.899, -1.7188, -1.2235, -2.7614, -0.7978, 33.4039, 92.7051
1740983177.770, 2.515, 1.896, -1.7164, -1.2233, -2.7611, -1.6809, 33.3634, 92.5406
1740983177.849, 2.515, 1.896, -1.7171, -1.2231, -2.7593, -1.5078, 32.7378, 92.3191
1740983177.929, 2.512, 1.898, -1.7172, -1.2227, -2.7566, -1.9584, 32.3494, 91.7483
1740983178.009, 2.524, 1.895, -1.7192, -1.2221, -2.7531, -1.8929, 32.4279, 90.8902
1740983178.089, 2.530, 1.895, -1.7233, -1.2219, -2.7461, -2.0607, 32.7642, 90.4557
1740983178.168, 2.527, 1.882, -1.7304, -1.2220, -2.7359, -1.9304, 33.3212, 90.4063
1740983178.248, 2.527, 1.882, -1.7392, -1.2225, -2.7258, -1.3440, 33.6989, 90.1431
1740983178.327, 2.526, 1.873, -1.7544, -1.2252, -2.7180, 2.1620, 33.5000, 88.1545
1740983178.407, 2.519, 1.857, -1.7660, -1.2259, -2.7065, 3.1827, 34.0695, 88.8163
1740983178.487, 2.511, 1.839, -1.7667, -1.2258, -2.6992, 1.5694, 34.5607, 88.6719
1740983178.566, 2.507, 1.823, -1.7708, -1.2261, -2.6956, 2.4041, 34.6858, 88.8452
1740983178.646, 2.507, 1.823, -1.7715, -1.2265, -2.6942, 2.3207, 34.7167, 88.8714
1740983178.726, 2.507, 1.817, -1.7708, -1.2265, -2.6926, 1.7116, 34.7495, 88.6112
1740983178.805, 2.509, 1.811, -1.7742, -1.2267, -2.6883, 2.0364, 34.7664, 88.8455
1740983178.885, 2.514, 1.809, -1.7780, -1.2272, -2.6816, 1.6911, 35.0381, 89.1226
1740983178.965, 2.510, 1.803, -1.7840, -1.2285, -2.6693, 0.9189, 35.0048, 90.5632
1740983179.044, 2.510, 1.803, -1.7896, -1.2292, -2.6607, 1.0690, 34.8821, 90.3292
1740983179.124, 2.515, 1.789, -1.7940, -1.2286, -2.6546, 1.2315, 34.5394, 90.3228
1740983179.203, 2.515, 1.773, -1.7960, -1.2283, -2.6530, 1.6230, 34.4533, 90.3424
1740983179.283, 2.510, 1.766, -1.7963, -1.2283, -2.6529, 1.7156, 34.4723, 90.2706
1740983179.363, 2.513, 1.762, -1.7974, -1.2281, -2.6519, 1.8602, 34.4996, 90.3019
1740983179.442, 2.513, 1.762, -1.8013, -1.2275, -2.6486, 2.5412, 34.3256, 90.1588
1740983179.522, 2.509, 1.762, -1.8081, -1.2274, -2.6426, 3.7396, 33.2976, 89.4035
1740983179.602, 2.511, 1.756, -1.8150, -1.2270, -2.6308, 4.1163, 31.9373, 89.1406
1740983179.681, 2.505, 1.745, -1.8224, -1.2268, -2.6159, 3.9190, 30.5132, 89.6009
1740983179.761, 2.505, 1.745, -1.8288, -1.2278, -2.6038, 3.9094, 30.1692, 89.7414
1740983179.841, 2.511, 1.726, -1.8333, -1.2279, -2.5955, 3.9771, 30.0032, 89.5608
1740983179.920, 2.514, 1.707, -1.8369, -1.2281, -2.5889, 3.9646, 29.7955, 89.6160
1740983180.000, 2.515, 1.694, -1.8396, -1.2283, -2.5841, 3.9540, 29.7043, 89.4988
1740983180.080, 2.512, 1.686, -1.8417, -1.2282, -2.5791, 3.8572, 29.6539, 89.4390
1740983180.160, 2.512, 1.686, -1.8449, -1.2285, -2.5730, 3.8292, 29.6028, 89.4109
1740983180.239, 2.512, 1.683, -1.8484, -1.2286, -2.5659, 3.7941, 29.4917, 89.3782
1740983180.319, 2.518, 1.671, -1.8522, -1.2290, -2.5584, 3.7506, 29.4268, 89.4077
1740983180.398, 2.514, 1.663, -1.8555, -1.2294, -2.5498, 3.2741, 29.4715, 89.6557
1740983180.478, 2.515, 1.653, -1.8569, -1.2308, -2.5391, 1.4155, 30.7601, 90.1835
1740983180.558, 2.515, 1.653, -1.8617, -1.2310, -2.5314, 1.5162, 31.4247, 90.0534
1740983180.637, 2.520, 1.642, -1.8656, -1.2313, -2.5255, 1.5632, 31.3454, 90.1017
1740983180.717, 2.519, 1.628, -1.8677, -1.2311, -2.5215, 1.4828, 31.3252, 90.1154
1740983180.796, 2.520, 1.617, -1.8702, -1.2314, -2.5175, 1.4765, 31.2770, 90.1268
1740983180.876, 2.520, 1.612, -1.8730, -1.2315, -2.5121, 1.4959, 31.1928, 90.1576
1740983180.956, 2.520, 1.612, -1.8766, -1.2317, -2.5056, 1.4953, 31.1104, 90.1158
1740983181.035, 2.514, 1.604, -1.8806, -1.2318, -2.4985, 1.5054, 31.0780, 90.0685
1740983181.115, 2.515, 1.597, -1.8847, -1.2317, -2.4909, 1.4288, 31.0454, 90.0907
1740983181.195, 2.521, 1.585, -1.8884, -1.2318, -2.4835, 1.3795, 31.0535, 90.0862
1740983181.274, 2.515, 1.573, -1.8919, -1.2319, -2.4770, 1.3080, 31.0558, 90.1108
1740983181.354, 2.515, 1.573, -1.8955, -1.2320, -2.4707, 1.2912, 31.0314, 90.0373
1740983181.434, 2.516, 1.563, -1.8991, -1.2320, -2.4640, 1.3026, 30.9785, 89.9573
1740983181.513, 2.517, 1.556, -1.9029, -1.2322, -2.4574, 1.3274, 30.9853, 89.8992
1740983181.593, 2.523, 1.546, -1.9068, -1.2325, -2.4505, 1.3689, 30.9589, 89.8764
1740983181.673, 2.523, 1.536, -1.9088, -1.2323, -2.4454, 1.2273, 30.4526, 89.5870
1740983181.752, 2.523, 1.536, -1.9093, -1.2316, -2.4436, 1.1317, 30.3890, 89.3512
1740983181.832, 2.524, 1.525, -1.9097, -1.2314, -2.4420, 0.9757, 30.3951, 89.3698
1740983181.911, 2.525, 1.522, -1.9115, -1.2308, -2.4392, 1.1388, 30.4156, 88.6573
1740983181.991, 2.525, 1.521, -1.9157, -1.2307, -2.4327, 1.2250, 30.4046, 88.2431
1740983182.071, 2.525, 1.518, -1.9215, -1.2308, -2.4219, 1.2290, 30.3670, 88.2106
1740983182.150, 2.525, 1.518, -1.9275, -1.2306, -2.4114, 1.2966, 30.2831, 87.8797
1740983182.230, 2.522, 1.503, -1.9327, -1.2312, -2.4017, 1.2205, 30.2264, 87.8625
1740983182.310, 2.522, 1.490, -1.9369, -1.2307, -2.3935, 1.1359, 30.1520, 87.9095
1740983182.389, 2.527, 1.477, -1.9402, -1.2312, -2.3873, 1.1140, 29.9721, 87.9239
1740983182.469, 2.527, 1.463, -1.9430, -1.2313, -2.3821, 1.1852, 29.9616, 87.8168
1740983182.549, 2.527, 1.463, -1.9458, -1.2312, -2.3770, 1.1883, 29.9538, 87.8108
1740983182.628, 2.527, 1.454, -1.9491, -1.2313, -2.3709, 1.1876, 29.8319, 87.8209
1740983182.708, 2.524, 1.447, -1.9527, -1.2314, -2.3646, 1.2081, 29.8460, 87.7896
1740983182.788, 2.528, 1.440, -1.9568, -1.2314, -2.3570, 1.2730, 29.7601, 87.8933
1740983182.867, 2.530, 1.432, -1.9628, -1.2325, -2.3464, 1.2762, 29.6918, 88.7513
1740983182.947, 2.530, 1.432, -1.9699, -1.2340, -2.3329, 1.4744, 29.5052, 89.8843
1740983183.026, 2.525, 1.419, -1.9736, -1.2339, -2.3240, 1.2692, 29.5926, 90.1935
1740983183.106, 2.527, 1.402, -1.9744, -1.2335, -2.3209, 1.0760, 29.8774, 90.4013
1740983183.186, 2.533, 1.389, -1.9747, -1.2335, -2.3211, 1.1801, 29.8998, 90.3073
1740983183.265, 2.532, 1.387, -1.9748, -1.2334, -2.3209, 1.1669, 29.9222, 90.3012
1740983183.345, 2.532, 1.387, -1.9759, -1.2333, -2.3175, 0.8680, 30.1754, 90.7080
1740983183.425, 2.532, 1.387, -1.9769, -1.2322, -2.3096, -0.1404, 30.3838, 91.2054
1740983183.504, 2.532, 1.384, -1.9824, -1.2317, -2.2983, -1.0488, 31.6040, 91.6107
1740983183.584, 2.537, 1.372, -1.9895, -1.2307, -2.2901, -0.8194, 33.0472, 90.9768
1740983183.664, 2.536, 1.356, -1.9920, -1.2301, -2.2887, -1.4134, 35.2223, 90.1902
1740983183.743, 2.536, 1.356, -1.9932, -1.2300, -2.2851, -1.7313, 35.5013, 89.9853
1740983183.823, 2.531, 1.350, -1.9967, -1.2293, -2.2791, -1.7705, 35.3227, 89.7703
1740983183.903, 2.536, 1.347, -2.0036, -1.2294, -2.2703, -1.5239, 35.7475, 89.7923
1740983183.982, 2.539, 1.340, -2.0118, -1.2296, -2.2599, -1.2249, 36.1608, 89.9120
1740983184.062, 2.536, 1.325, -2.0192, -1.2297, -2.2497, -0.9592, 36.1985, 89.9321
1740983184.141, 2.536, 1.325, -2.0256, -1.2305, -2.2407, -0.9531, 36.2984, 89.9860
1740983184.221, 2.528, 1.308, -2.0342, -1.2318, -2.2334, 0.1862, 36.0535, 89.2923
1740983184.301, 2.529, 1.292, -2.0484, -1.2329, -2.2260, 3.4218, 36.2608, 88.4432
1740983184.380, 2.526, 1.281, -2.0541, -1.2360, -2.2161, 2.1341, 36.4088, 89.3132
1740983184.460, 2.519, 1.264, -2.0568, -1.2358, -2.2071, 1.4573, 36.5818, 89.7669
1740983184.540, 2.519, 1.264, -2.0592, -1.2358, -2.2037, 1.6651, 36.2140, 89.5733
1740983184.620, 2.522, 1.251, -2.0603, -1.2358, -2.2003, 1.5888, 35.2677, 89.5800
1740983184.699, 2.515, 1.247, -2.0632, -1.2355, -2.1951, 1.6003, 34.6589, 89.5560
1740983184.779, 2.521, 1.239, -2.0675, -1.2360, -2.1882, 1.6628, 34.6001, 89.5289
1740983184.858, 2.514, 1.231, -2.0738, -1.2357, -2.1816, 2.4736, 34.0492, 89.3140
1740983184.938, 2.514, 1.231, -2.0785, -1.2345, -2.1792, 3.3710, 34.0525, 88.9043
1740983185.018, 2.512, 1.219, -2.0829, -1.2344, -2.1761, 4.0266, 34.0118, 88.5456
1740983185.097, 2.512, 1.213, -2.0891, -1.2340, -2.1697, 4.6070, 34.0106, 88.1832
1740983185.177, 2.508, 1.207, -2.0957, -1.2343, -2.1586, 4.4270, 33.7527, 88.4255
1740983185.257, 2.509, 1.207, -2.1027, -1.2350, -2.1468, 4.3985, 33.5912, 88.5950
1740983185.457, 2.509, 1.175, -2.1153, -1.2348, -2.1243, 3.9344, 33.1468, 88.9259
1740983185.655, 2.506, 1.147, -2.1236, -1.2355, -2.1104, 3.9389, 33.0734, 88.7335
1740983185.854, 2.510, 1.129, -2.1297, -1.2378, -2.0883, 1.2475, 33.7761, 89.5560
1740983185.933, 2.511, 1.121, -2.1360, -1.2382, -2.0800, 1.8017, 33.4373, 89.3476
1740983186.013, 2.509, 1.109, -2.1405, -1.2379, -2.0728, 1.7408, 33.5042, 89.4201
1740983186.212, 2.513, 1.087, -2.1493, -1.2380, -2.0590, 1.8329, 33.4088, 89.3210
1740983186.292, 2.509, 1.081, -2.1536, -1.2381, -2.0520, 1.7945, 33.3910, 89.3322
1740983186.371, 2.509, 1.071, -2.1585, -1.2383, -2.0444, 1.8651, 33.3329, 89.3070
1740983186.452, 2.509, 1.071, -2.1634, -1.2386, -2.0364, 1.8487, 33.2441, 89.3069
1740983186.531, 2.513, 1.062, -2.1684, -1.2385, -2.0284, 1.9277, 33.3310, 89.3029
1740983186.610, 2.508, 1.050, -2.1728, -1.2387, -2.0212, 1.8433, 33.3542, 89.3000
1740983186.690, 2.512, 1.038, -2.1757, -1.2387, -2.0164, 1.8343, 33.3381, 89.3245
1740983186.770, 2.508, 1.028, -2.1759, -1.2387, -2.0160, 1.7946, 33.3184, 89.3433
1740983186.850, 2.508, 1.028, -2.1754, -1.2386, -2.0170, 1.8470, 33.3506, 89.2988
1740983186.929, 2.512, 1.022, -2.1754, -1.2385, -2.0171, 1.8478, 33.3352, 89.3024
1740983187.009, 2.508, 1.025, -2.1754, -1.2386, -2.0170, 1.8680, 33.3372, 89.2919
1740983187.088, 2.508, 1.023, -2.1753, -1.2386, -2.0169, 1.8556, 33.3352, 89.2954
1740983187.168, 2.508, 1.024, -2.1754, -1.2385, -2.0169, 1.8684, 33.3372, 89.2892
1740983187.248, 2.508, 1.024, -2.1753, -1.2386, -2.0169, 1.8777, 33.3397, 89.2775
1740983187.327, 2.508, 1.025, -2.1753, -1.2386, -2.0169, 1.8773, 33.3366, 89.2800
1740983187.407, 2.509, 1.023, -2.1752, -1.2387, -2.0170, 1.8852, 33.3356, 89.2692
1740983187.487, 2.508, 1.023, -2.1753, -1.2386, -2.0169, 1.8725, 33.3283, 89.2736
1740983187.566, 2.511, 1.023, -2.1754, -1.2385, -2.0170, 1.8979, 33.3281, 89.2524
1740983187.646, 2.511, 1.023, -2.1752, -1.2386, -2.0169, 1.8892, 33.3325, 89.2602
1740983187.726, 2.508, 1.023, -2.1753, -1.2385, -2.0169, 1.8933, 33.3346, 89.2609
1740983187.805, 2.512, 1.023, -2.1753, -1.2386, -2.0169, 1.8918, 33.3308, 89.2580
1740983187.885, 2.509, 1.024, -2.1754, -1.2386, -2.0169, 1.8896, 33.3279, 89.2671
1740983187.965, 2.512, 1.025, -2.1753, -1.2385, -2.0168, 1.8782, 33.3319, 89.2859
1740983188.044, 2.512, 1.025, -2.1753, -1.2387, -2.0169, 1.8703, 33.3361, 89.2946
1740983188.124, 2.507, 1.025, -2.1753, -1.2386, -2.0169, 1.8682, 33.3384, 89.2953
1740983188.203, 2.508, 1.024, -2.1753, -1.2385, -2.0169, 1.8657, 33.3285, 89.2919
1740983188.283, 2.511, 1.023, -2.1753, -1.2385, -2.0168, 1.8614, 33.3265, 89.2901
1740983188.363, 2.508, 1.024, -2.1753, -1.2386, -2.0170, 1.8609, 33.3152, 89.2847
1740983188.442, 2.508, 1.024, -2.1748, -1.2385, -2.0177, 1.8736, 33.3008, 89.2955
1740983188.522, 2.507, 1.022, -2.1736, -1.2385, -2.0196, 1.8754, 33.3505, 89.2879
1740983188.602, 2.512, 1.023, -2.1726, -1.2385, -2.0213, 1.8726, 33.4286, 89.3134
1740983188.681, 2.512, 1.027, -2.1717, -1.2385, -2.0227, 1.8667, 33.4331, 89.3245
1740983188.761, 2.512, 1.028, -2.1699, -1.2386, -2.0256, 1.8813, 33.4203, 89.3396
1740983188.841, 2.512, 1.028, -2.1678, -1.2386, -2.0291, 1.8984, 33.4389, 89.3174
1740983188.920, 2.512, 1.031, -2.1666, -1.2386, -2.0310, 1.8785, 33.5037, 89.3216
1740983189.000, 2.512, 1.036, -2.1666, -1.2385, -2.0312, 1.9017, 33.4863, 89.3208
1740983189.079, 2.512, 1.040, -2.1665, -1.2385, -2.0312, 1.8585, 33.4757, 89.3509
1740983189.159, 2.508, 1.040, -2.1665, -1.2386, -2.0312, 1.8418, 33.4816, 89.3602
1740983189.239, 2.508, 1.040, -2.1665, -1.2385, -2.0312, 1.8230, 33.4637, 89.3860
1740983189.318, 2.512, 1.039, -2.1665, -1.2386, -2.0312, 1.7975, 33.4502, 89.4050
1740983189.398, 2.512, 1.040, -2.1665, -1.2385, -2.0312, 1.7920, 33.4486, 89.4113
1740983189.478, 2.512, 1.041, -2.1654, -1.2385, -2.0327, 1.8339, 33.3738, 89.4181
1740983189.557, 2.513, 1.039, -2.1619, -1.2386, -2.0390, 1.8529, 33.5218, 89.4047
1740983189.637, 2.513, 1.039, -2.1548, -1.2385, -2.0501, 1.8876, 33.5824, 89.3118
1740983189.717, 2.509, 1.047, -2.1463, -1.2380, -2.0639, 1.9677, 33.5633, 89.2723
1740983189.796, 2.508, 1.062, -2.1368, -1.2382, -2.0783, 1.7326, 33.6643, 89.4137
1740983189.876, 2.509, 1.081, -2.1294, -1.2373, -2.0906, 1.7020, 33.6468, 89.4329
1740983189.956, 2.513, 1.101, -2.1296, -1.2372, -2.0927, 2.2356, 34.0248, 89.2702
1740983190.035, 2.513, 1.101, -2.1303, -1.2376, -2.0892, 1.5812, 34.1113, 89.4359
1740983190.115, 2.512, 1.112, -2.1310, -1.2377, -2.0875, 1.5976, 34.1151, 89.4039
1740983190.194, 2.515, 1.108, -2.1312, -1.2377, -2.0875, 1.6080, 34.1524, 89.4028
1740983190.274, 2.515, 1.104, -2.1311, -1.2376, -2.0875, 1.5798, 34.1522, 89.4193
1740983190.355, 2.511, 1.105, -2.1311, -1.2376, -2.0876, 1.5687, 34.1481, 89.4240
1740983190.433, 2.511, 1.105, -2.1298, -1.2376, -2.0891, 1.5389, 34.1483, 89.4193
1740983190.513, 2.514, 1.107, -2.1293, -1.2368, -2.0948, 2.5534, 34.1281, 89.3786
1740983190.593, 2.510, 1.106, -2.1260, -1.2377, -2.1051, 3.6404, 33.9216, 89.0163
1740983190.672, 2.509, 1.112, -2.1191, -1.2360, -2.1194, 4.0529, 34.2200, 88.7426
1740983190.753, 2.510, 1.125, -2.1086, -1.2348, -2.1387, 4.6469, 34.4229, 88.4615
1740983190.832, 2.510, 1.125, -2.0967, -1.2342, -2.1586, 4.7329, 34.7861, 88.1677
1740983190.911, 2.510, 1.152, -2.0851, -1.2341, -2.1764, 4.6244, 34.8481, 88.0811
1740983190.991, 2.509, 1.181, -2.0678, -1.2360, -2.1882, 1.3218, 35.3850, 89.5566
1740983191.071, 2.507, 1.210, -2.0592, -1.2362, -2.2014, 1.6280, 35.2681, 89.6465
1740983191.151, 2.507, 1.210, -2.0521, -1.2353, -2.2145, 2.0261, 36.0686, 89.0332
1740983191.230, 2.520, 1.233, -2.0485, -1.2352, -2.2230, 2.5611, 35.8737, 88.2694
1740983191.310, 2.515, 1.251, -2.0454, -1.2340, -2.2282, 2.9420, 35.7839, 88.1466
1740983191.389, 2.514, 1.263, -2.0455, -1.2332, -2.2311, 3.5080, 35.2662, 88.5507
1740983191.469, 2.513, 1.270, -2.0441, -1.2328, -2.2321, 3.3447, 35.3243, 88.9672
1740983191.549, 2.513, 1.270, -2.0434, -1.2314, -2.2349, 3.7944, 35.2183, 89.6904
1740983191.628, 2.515, 1.273, -2.0386, -1.2302, -2.2442, 4.3192, 35.4020, 89.9307
1740983191.708, 2.516, 1.276, -2.0261, -1.2293, -2.2601, 3.9304, 35.1628, 90.1560
1740983191.787, 2.511, 1.287, -2.0073, -1.2291, -2.2829, 2.7682, 34.6275, 90.2088
1740983191.867, 2.518, 1.313, -1.9817, -1.2317, -2.3053, -1.2948, 34.3787, 90.9045
1740983191.947, 2.518, 1.313, -1.9698, -1.2331, -2.3324, 2.0997, 35.8570, 88.7794
1740983192.026, 2.526, 1.349, -1.9602, -1.2327, -2.3458, 1.3600, 35.8090, 89.1353
1740983192.106, 2.522, 1.390, -1.9555, -1.2317, -2.3532, 1.3519, 36.1422, 88.1516
1740983192.186, 2.526, 1.414, -1.9540, -1.2313, -2.3561, 1.2486, 36.1982, 88.0920
1740983192.265, 2.531, 1.424, -1.9496, -1.2311, -2.3597, 1.0293, 36.0115, 88.1120
1740983192.345, 2.531, 1.424, -1.9449, -1.2309, -2.3684, 1.2465, 36.1942, 87.8617
1740983192.425, 2.527, 1.429, -1.9364, -1.2309, -2.3814, 1.3706, 36.4326, 87.7286
1740983192.504, 2.533, 1.440, -1.9266, -1.2298, -2.3957, 1.4187, 36.8786, 87.7264
1740983192.584, 2.532, 1.458, -1.9176, -1.2302, -2.4089, 1.4326, 36.9952, 88.0103
1740983192.663, 2.537, 1.480, -1.9089, -1.2304, -2.4203, 1.1668, 37.4087, 88.3506
1740983192.743, 2.537, 1.480, -1.9032, -1.2317, -2.4284, 1.1943, 37.6539, 89.9582
1740983192.823, 2.533, 1.501, -1.8973, -1.2317, -2.4373, 1.4867, 37.4790, 89.9311
1740983192.902, 2.542, 1.515, -1.8912, -1.2313, -2.4451, 1.4138, 37.4354, 89.9912
1740983192.982, 2.541, 1.530, -1.8859, -1.2313, -2.4527, 1.4549, 37.2863, 89.9944
1740983193.062, 2.538, 1.541, -1.8797, -1.2318, -2.4614, 1.5374, 37.2077, 89.9815
1740983193.141, 2.538, 1.541, -1.8735, -1.2310, -2.4705, 1.6483, 37.1721, 89.8965
1740983193.221, 2.538, 1.554, -1.8695, -1.2309, -2.4764, 1.7064, 37.1615, 89.8381
1740983193.301, 2.544, 1.570, -1.8686, -1.2310, -2.4774, 1.6901, 37.1510, 89.8628
1740983193.380, 2.539, 1.578, -1.8689, -1.2309, -2.4770, 1.6799, 37.1427, 89.8786
1740983193.460, 2.544, 1.580, -1.8690, -1.2310, -2.4771, 1.6692, 37.1489, 89.8907
1740983193.540, 2.544, 1.580, -1.8690, -1.2309, -2.4770, 1.6595, 37.1431, 89.8955
1740983193.619, 2.545, 1.580, -1.8691, -1.2309, -2.4770, 1.6796, 37.1491, 89.8779
1740983193.699, 2.545, 1.579, -1.8690, -1.2310, -2.4770, 1.6741, 37.1438, 89.8819
1740983193.778, 2.539, 1.579, -1.8690, -1.2310, -2.4770, 1.6758, 37.1365, 89.8846
1740983193.858, 2.539, 1.579, -1.8690, -1.2310, -2.4771, 1.6700, 37.1372, 89.8802
1740983193.938, 2.539, 1.579, -1.8691, -1.2310, -2.4771, 1.6587, 37.1362, 89.8840
1740983194.017, 2.543, 1.578, -1.8690, -1.2310, -2.4771, 1.6633, 37.1684, 89.8962
1740983194.097, 2.545, 1.580, -1.8691, -1.2309, -2.4770, 1.6880, 37.1697, 89.8832
1740983194.177, 2.545, 1.579, -1.8690, -1.2310, -2.4771, 1.6819, 37.1569, 89.8785
1740983194.257, 2.544, 1.578, -1.8690, -1.2310, -2.4771, 1.6724, 37.1558, 89.8853
1740983194.336, 2.544, 1.578, -1.8690, -1.2310, -2.4772, 1.6768, 37.1515, 89.9031
1740983194.416, 2.544, 1.580, -1.8690, -1.2310, -2.4771, 1.6611, 37.1481, 89.9065
1740983194.495, 2.544, 1.578, -1.8690, -1.2310, -2.4772, 1.6407, 37.1454, 89.9074
1740983194.575, 2.544, 1.579, -1.8677, -1.2309, -2.4791, 1.6274, 37.1235, 89.8939
1740983194.655, 2.540, 1.578, -1.8645, -1.2309, -2.4833, 1.6385, 37.1294, 89.8998
1740983194.734, 2.540, 1.578, -1.8602, -1.2305, -2.4893, 1.6275, 37.0217, 89.9583
1740983194.814, 2.544, 1.586, -1.8571, -1.2302, -2.4966, 2.3168, 37.0482, 89.7990
1740983194.894, 2.542, 1.593, -1.8556, -1.2294, -2.5036, 3.3804, 37.0566, 89.2147
1740983194.973, 2.545, 1.603, -1.8529, -1.2286, -2.5103, 4.0350, 37.1125, 88.8586
1740983195.053, 2.544, 1.610, -1.8472, -1.2282, -2.5185, 4.1356, 37.2050, 88.7899
1740983195.133, 2.544, 1.610, -1.8411, -1.2275, -2.5275, 4.2541, 37.3066, 88.8179
1740983195.212, 2.542, 1.621, -1.8351, -1.2273, -2.5376, 4.6379, 37.3101, 88.5259
1740983195.292, 2.545, 1.635, -1.8297, -1.2271, -2.5458, 4.6645, 37.2840, 88.5555
1740983195.371, 2.540, 1.651, -1.8242, -1.2267, -2.5531, 4.6185, 37.2686, 88.6325
1740983195.451, 2.546, 1.664, -1.8195, -1.2269, -2.5593, 4.5429, 37.2467, 88.8348
1740983195.531, 2.546, 1.664, -1.8150, -1.2269, -2.5640, 4.1338, 37.2451, 89.3841
1740983195.610, 2.541, 1.672, -1.8109, -1.2267, -2.5713, 4.5547, 37.3060, 88.8391
1740983195.690, 2.547, 1.682, -1.8043, -1.2269, -2.5778, 3.9772, 37.2849, 89.1681
1740983195.770, 2.547, 1.692, -1.7901, -1.2284, -2.5851, 1.2140, 37.3900, 90.1224
1740983195.849, 2.546, 1.704, -1.7830, -1.2287, -2.5949, 1.4247, 37.2900, 90.0976
1740983195.929, 2.546, 1.704, -1.7789, -1.2281, -2.6008, 1.3551, 37.2041, 90.1817
1740983196.009, 2.536, 1.720, -1.7764, -1.2279, -2.6051, 1.4078, 37.3556, 90.1109
1740983196.088, 2.541, 1.731, -1.7755, -1.2280, -2.6071, 1.4926, 37.6128, 89.9409
1740983196.168, 2.528, 1.739, -1.7748, -1.2279, -2.6085, 1.5649, 37.6966, 89.8364
1740983196.247, 2.533, 1.739, -1.7740, -1.2274, -2.6104, 1.7482, 37.8618, 89.6530
1740983196.327, 2.533, 1.741, -1.7732, -1.2270, -2.6127, 1.9388, 37.9453, 89.3671
1740983196.407, 2.535, 1.745, -1.7719, -1.2271, -2.6158, 2.2592, 38.0578, 89.0612
1740983196.486, 2.536, 1.747, -1.7695, -1.2263, -2.6217, 2.8756, 38.1244, 88.5786
1740983196.566, 2.538, 1.751, -1.7644, -1.2256, -2.6312, 3.6203, 37.8543, 88.2626
1740983196.646, 2.538, 1.751, -1.7584, -1.2239, -2.6385, 3.2587, 37.4977, 89.8435
1740983196.725, 2.552, 1.762, -1.7535, -1.2221, -2.6478, 4.1997, 36.9168, 90.3750
1740983196.805, 2.538, 1.773, -1.7409, -1.2219, -2.6606, 3.0235, 37.0544, 90.3607
1740983196.885, 2.550, 1.784, -1.7240, -1.2213, -2.6735, 0.8195, 36.5138, 90.4204
1740983196.964, 2.545, 1.803, -1.7081, -1.2220, -2.6836, -1.7983, 35.9831, 91.6022
1740983197.045, 2.545, 1.803, -1.7119, -1.2240, -2.6897, 0.9080, 36.3918, 92.5612
1740983197.124, 2.547, 1.832, -1.7032, -1.2232, -2.6952, -1.3401, 36.1290, 92.1650
1740983197.203, 2.545, 1.841, -1.7026, -1.2234, -2.6983, -0.4469, 36.3531, 92.3735
1740983197.283, 2.548, 1.853, -1.6991, -1.2239, -2.7016, -0.8504, 36.1775, 92.2876
1740983197.362, 2.543, 1.854, -1.6957, -1.2235, -2.7068, -0.7819, 36.1798, 92.2600
1740983197.443, 2.543, 1.854, -1.6919, -1.2238, -2.7170, 0.3380, 36.0341, 91.4930
1740983197.522, 2.545, 1.860, -1.6859, -1.2249, -2.7296, 1.1536, 36.0227, 90.5345
1740983197.601, 2.544, 1.872, -1.6797, -1.2244, -2.7391, 1.2098, 35.7599, 90.4405
1740983197.681, 2.538, 1.889, -1.6754, -1.2239, -2.7444, 1.0434, 35.4103, 89.9539
1740983197.761, 2.544, 1.901, -1.6748, -1.2239, -2.7444, 0.9233, 35.3797, 90.0967
1740983197.841, 2.544, 1.901, -1.6751, -1.2239, -2.7443, 0.9306, 35.3654, 90.1190
1740983197.920, 2.545, 1.907, -1.6748, -1.2239, -2.7443, 0.8219, 35.4103, 90.2598
1740983198.000, 2.545, 1.907, -1.6735, -1.2235, -2.7453, 0.6445, 35.2542, 90.2334
1740983198.079, 2.545, 1.904, -1.6699, -1.2231, -2.7494, 0.3791, 35.0129, 89.9456
1740983198.159, 2.541, 1.909, -1.6640, -1.2220, -2.7597, 0.6816, 35.1551, 89.0160
1740983198.239, 2.541, 1.909, -1.6553, -1.2215, -2.7744, 0.8735, 35.1421, 88.7097
1740983198.318, 2.542, 1.917, -1.6461, -1.2211, -2.7893, 1.0106, 35.3362, 88.4638
1740983198.398, 2.546, 1.937, -1.6386, -1.2198, -2.8014, 1.1160, 35.4251, 88.3655
1740983198.477, 2.542, 1.960, -1.6331, -1.2205, -2.8094, 1.0584, 35.5306, 88.5190
1740983198.557, 2.548, 1.979, -1.6291, -1.2209, -2.8152, 1.0661, 35.6036, 88.6548
1740983198.637, 2.548, 1.979, -1.6256, -1.2208, -2.8204, 0.9697, 35.7204, 88.8267
1740983198.717, 2.543, 1.991, -1.6222, -1.2211, -2.8256, 0.9442, 35.8474, 88.8244
1740983198.796, 2.548, 1.996, -1.6178, -1.2207, -2.8317, 0.9278, 35.9396, 88.9034
1740983198.876, 2.545, 2.005, -1.6133, -1.2212, -2.8378, 0.7919, 36.1656, 89.6200
1740983198.955, 2.549, 2.013, -1.6078, -1.2220, -2.8463, 1.2998, 36.1199, 90.1517
1740983199.035, 2.549, 2.013, -1.6028, -1.2224, -2.8543, 1.1842, 36.0021, 90.3406
1740983199.115, 2.546, 2.022, -1.5992, -1.2221, -2.8603, 1.3479, 35.9206, 90.2675
1740983199.194, 2.551, 2.035, -1.5961, -1.2221, -2.8645, 1.2854, 35.8122, 90.2244
1740983199.274, 2.547, 2.044, -1.5930, -1.2217, -2.8690, 1.3007, 35.7239, 90.2558
1740983199.354, 2.545, 2.050, -1.5892, -1.2217, -2.8746, 1.3402, 35.5818, 90.1824
1740983199.433, 2.545, 2.050, -1.5843, -1.2212, -2.8813, 1.2977, 35.4135, 90.1595
1740983199.513, 2.546, 2.056, -1.5792, -1.2210, -2.8881, 1.2005, 35.2797, 90.2074
1740983199.592, 2.546, 2.068, -1.5746, -1.2209, -2.8950, 1.1475, 35.0915, 90.3006
1740983199.672, 2.548, 2.080, -1.5702, -1.2207, -2.9007, 1.0021, 35.0152, 90.5163
1740983199.752, 2.548, 2.089, -1.5662, -1.2202, -2.9067, 1.0547, 34.9409, 90.5681
1740983199.831, 2.548, 2.089, -1.5614, -1.2204, -2.9134, 0.9659, 34.7766, 90.5981
1740983199.911, 2.548, 2.098, -1.5569, -1.2201, -2.9199, 0.9540, 34.6444, 90.6005
1740983199.991, 2.549, 2.107, -1.5526, -1.2204, -2.9267, 0.9256, 34.5331, 90.6284
1740983200.071, 2.554, 2.119, -1.5484, -1.2202, -2.9330, 0.9371, 34.4258, 90.6171
1740983200.150, 2.549, 2.127, -1.5443, -1.2200, -2.9393, 0.9756, 34.3364, 90.5586
1740983200.230, 2.549, 2.127, -1.5403, -1.2200, -2.9455, 1.0315, 34.2317, 90.4699
1740983200.309, 2.553, 2.137, -1.5371, -1.2199, -2.9506, 1.0732, 34.1157, 90.3992
1740983200.389, 2.553, 2.146, -1.5342, -1.2195, -2.9551, 1.0817, 34.0820, 90.3541
1740983200.469, 2.548, 2.154, -1.5319, -1.2197, -2.9592, 1.1537, 34.0308, 90.3100
1740983200.548, 2.548, 2.162, -1.5294, -1.2195, -2.9632, 1.1680, 33.9847, 90.2632
1740983200.628, 2.548, 2.162, -1.5263, -1.2193, -2.9677, 1.1329, 33.8989, 90.2866
1740983200.708, 2.548, 2.166, -1.5229, -1.2196, -2.9727, 1.0960, 33.8395, 90.3012
1740983200.787, 2.553, 2.172, -1.5196, -1.2197, -2.9779, 1.1030, 33.7862, 90.2694
1740983200.867, 2.546, 2.180, -1.5163, -1.2195, -2.9828, 1.0935, 33.7193, 90.2821
1740983200.946, 2.547, 2.187, -1.5129, -1.2193, -2.9878, 1.0531, 33.6322, 90.2639
1740983201.026, 2.547, 2.187, -1.5098, -1.2191, -2.9925, 1.0340, 33.6142, 90.2473
1740983201.106, 2.552, 2.194, -1.5068, -1.2191, -2.9969, 1.0049, 33.5891, 90.2678
1740983201.185, 2.552, 2.202, -1.5041, -1.2190, -3.0009, 0.9761, 33.5799, 90.2097
1740983201.265, 2.552, 2.208, -1.5023, -1.2190, -3.0038, 0.9842, 33.5468, 90.2184
1740983201.345, 2.554, 2.214, -1.5010, -1.2188, -3.0059, 0.9573, 33.5351, 90.2097
1740983201.424, 2.554, 2.214, -1.4993, -1.2189, -3.0086, 0.9492, 33.5084, 90.1967
1740983201.504, 2.550, 2.218, -1.4972, -1.2189, -3.0114, 0.8794, 33.4418, 90.1641
1740983201.584, 2.549, 2.222, -1.4953, -1.2188, -3.0144, 0.8814, 33.4546, 90.0440
1740983201.663, 2.549, 2.225, -1.4933, -1.2186, -3.0176, 0.9055, 33.4308, 89.9598
1740983201.743, 2.550, 2.230, -1.4923, -1.2187, -3.0195, 0.9075, 33.4024, 89.9052
1740983201.823, 2.550, 2.230, -1.4919, -1.2187, -3.0196, 0.9132, 33.4188, 89.9089
1740983201.902, 2.552, 2.236, -1.4921, -1.2187, -3.0197, 0.9356, 33.4068, 89.8878
1740983201.982, 2.549, 2.236, -1.4919, -1.2187, -3.0197, 0.9397, 33.4035, 89.8798
1740983202.061, 2.549, 2.238, -1.4922, -1.2187, -3.0198, 0.9412, 33.4014, 89.8859
1740983202.141, 2.549, 2.238, -1.4921, -1.2186, -3.0197, 0.9268, 33.3965, 89.9081
1740983202.221, 2.549, 2.237, -1.4920, -1.2187, -3.0201, 0.9390, 33.3806, 89.9052
1740983202.300, 2.552, 2.234, -1.4906, -1.2187, -3.0223, 0.9220, 33.3465, 89.8893
1740983202.380, 2.550, 2.237, -1.4881, -1.2186, -3.0263, 0.9252, 33.3142, 89.8698
1740983202.460, 2.548, 2.239, -1.4853, -1.2187, -3.0315, 1.0611, 33.2491, 89.7720
1740983202.539, 2.545, 2.239, -1.4820, -1.2183, -3.0365, 1.1060, 33.2136, 89.7208
1740983202.619, 2.545, 2.245, -1.4789, -1.2183, -3.0416, 1.0726, 33.1305, 89.7223
1740983202.699, 2.543, 2.255, -1.4760, -1.2185, -3.0463, 1.1184, 33.0763, 89.6555
1740983202.778, 2.542, 2.260, -1.4731, -1.2184, -3.0506, 1.0964, 33.0691, 89.6562
1740983202.858, 2.545, 2.268, -1.4705, -1.2183, -3.0549, 1.1080, 33.0475, 89.6026
1740983202.938, 2.545, 2.268, -1.4677, -1.2183, -3.0593, 1.0823, 32.9514, 89.6554
1740983203.017, 2.545, 2.274, -1.4651, -1.2183, -3.0634, 1.0595, 32.9434, 89.6796
1740983203.097, 2.542, 2.281, -1.4626, -1.2183, -3.0671, 1.0367, 32.8834, 89.7016
1740983203.177, 2.553, 2.287, -1.4603, -1.2180, -3.0707, 0.9938, 32.8116, 89.7728
1740983203.256, 2.555, 2.292, -1.4576, -1.2181, -3.0750, 0.9584, 32.7253, 89.7794
1740983203.336, 2.555, 2.292, -1.4543, -1.2180, -3.0800, 0.9247, 32.7027, 89.8174
1740983203.416, 2.553, 2.297, -1.4507, -1.2181, -3.0854, 0.8731, 32.6730, 89.8420
1740983203.495, 2.554, 2.301, -1.4472, -1.2179, -3.0906, 0.7816, 32.6250, 89.8620
1740983203.575, 2.557, 2.312, -1.4444, -1.2178, -3.0951, 0.7511, 32.5694, 89.9329
1740983203.654, 2.554, 2.316, -1.4416, -1.2179, -3.0992, 0.7288, 32.5155, 89.9822
1740983203.734, 2.554, 2.316, -1.4388, -1.2179, -3.1043, 0.7431, 32.4919, 90.0362
1740983203.814, 2.558, 2.324, -1.4355, -1.2179, -3.1098, 0.8057, 32.4516, 90.0272
1740983203.893, 2.554, 2.329, -1.4322, -1.2180, -3.1154, 0.8247, 32.3517, 90.0005
1740983203.973, 2.553, 2.339, -1.4288, -1.2179, -3.1214, 0.9143, 32.2680, 89.9445
1740983204.053, 2.551, 2.349, -1.4255, -1.2179, -3.1268, 0.9397, 32.1839, 89.9168
1740983204.132, 2.551, 2.349, -1.4223, -1.2178, -3.1326, 1.0392, 32.1441, 89.8464
1740983204.212, 2.553, 2.353, -1.4191, -1.2178, -3.1384, 1.0993, 32.0391, 89.7894
1740983204.292, 2.553, 2.365, -1.4148, -1.2178, -3.1455, 1.1388, 31.9647, 89.7812
1740983204.371, 2.555, 2.370, -1.4107, -1.2178, -3.1524, 1.1271, 31.8782, 89.8109
1740983204.451, 2.560, 2.385, -1.4064, -1.2175, -3.1596, 1.1244, 31.8520, 89.8007
1740983204.530, 2.560, 2.385, -1.4022, -1.2176, -3.1665, 1.0917, 31.8332, 89.8365
1740983204.610, 2.559, 2.395, -1.3981, -1.2175, -3.1730, 1.0906, 31.7543, 89.8191
1740983204.690, 2.559, 2.404, -1.3942, -1.2176, -3.1792, 1.0205, 31.7485, 89.8432
1740983204.769, 2.554, 2.414, -1.3903, -1.2174, -3.1856, 0.9987, 31.7374, 89.8225
1740983204.849, 2.555, 2.426, -1.3866, -1.2175, -3.1915, 0.9993, 31.7237, 89.8237
1740983204.929, 2.555, 2.426, -1.3827, -1.2177, -3.1983, 0.9576, 31.6636, 89.7974
1740983205.008, 2.560, 2.434, -1.3831, -1.2169, -3.2013, 1.5695, 32.1028, 89.6427
1740983205.088, 2.560, 2.444, -1.3830, -1.2170, -3.2008, 1.4110, 31.9634, 89.7912
1740983205.168, 2.549, 2.441, -1.3830, -1.2171, -3.2009, 1.5285, 31.9757, 89.7200
1740983205.247, 2.552, 2.445, -1.3829, -1.2171, -3.2015, 1.5624, 31.9612, 89.6923
1740983205.327, 2.552, 2.445, -1.3828, -1.2168, -3.2028, 1.8184, 31.7884, 89.8354
1740983205.407, 2.553, 2.441, -1.3814, -1.2156, -3.2060, 1.9080, 31.6087, 90.6810
1740983205.486, 2.560, 2.442, -1.3761, -1.2146, -3.2148, 1.8442, 31.5842, 91.2921
1740983205.566, 2.557, 2.447, -1.3678, -1.2139, -3.2332, 2.6167, 31.3954, 90.3047
1740983205.645, 2.562, 2.460, -1.3591, -1.2154, -3.2544, 3.5489, 31.1652, 88.5189
1740983205.725, 2.562, 2.460, -1.3447, -1.2173, -3.2651, 1.4019, 31.1701, 89.6637
1740983205.805, 2.579, 2.487, -1.3372, -1.2175, -3.2736, 0.8246, 31.2315, 89.7911
1740983205.884, 2.561, 2.510, -1.3356, -1.2170, -3.2770, 0.8150, 31.1253, 89.8834
1740983205.964, 2.555, 2.526, -1.3351, -1.2169, -3.2780, 0.8662, 31.1554, 89.8814
1740983206.044, 2.560, 2.530, -1.3336, -1.2168, -3.2806, 0.8816, 31.0853, 89.8832
1740983206.123, 2.560, 2.530, -1.3311, -1.2168, -3.2855, 0.8975, 31.1263, 89.9313
1740983206.203, 2.561, 2.531, -1.3271, -1.2170, -3.2927, 0.9728, 31.0771, 89.9480
1740983206.283, 2.561, 2.542, -1.3225, -1.2167, -3.3010, 1.0697, 31.0268, 89.8661
1740983206.362, 2.554, 2.551, -1.3179, -1.2167, -3.3096, 1.1098, 30.9501, 89.7816
1740983206.442, 2.560, 2.559, -1.3138, -1.2165, -3.3171, 1.1671, 30.8315, 89.7359
1740983206.521, 2.560, 2.559, -1.3125, -1.2160, -3.3222, 1.6039, 31.1156, 89.0957
1740983206.601, 2.555, 2.569, -1.3129, -1.2160, -3.3221, 1.6536, 31.1038, 89.1630
1740983206.681, 2.552, 2.584, -1.3127, -1.2159, -3.3222, 1.6515, 31.1242, 89.1665
1740983206.761, 2.559, 2.578, -1.3123, -1.2159, -3.3224, 1.6065, 31.1013, 89.1710
1740983206.840, 2.553, 2.583, -1.3124, -1.2158, -3.3227, 1.6518, 31.1405, 89.1675
1740983206.920, 2.553, 2.583, -1.3124, -1.2161, -3.3243, 1.7136, 31.2859, 88.9990
1740983206.999, 2.553, 2.579, -1.3101, -1.2154, -3.3284, 1.9834, 31.4166, 88.5211
1740983207.079, 2.559, 2.581, -1.3052, -1.2147, -3.3372, 2.1040, 31.2449, 87.9415
1740983207.159, 2.557, 2.591, -1.2963, -1.2145, -3.3524, 2.2000, 30.9941, 87.9147
1740983207.238, 2.556, 2.607, -1.2838, -1.2160, -3.3681, 1.3316, 29.9976, 89.6542
1740983207.318, 2.556, 2.607, -1.2741, -1.2164, -3.3821, 0.8051, 29.8695, 90.1980
1740983207.398, 2.565, 2.627, -1.2704, -1.2154, -3.3860, -0.0134, 29.7168, 91.0064
1740983207.477, 2.555, 2.650, -1.2721, -1.2148, -3.3853, 0.4353, 29.7942, 91.1903
1740983207.557, 2.559, 2.650, -1.2718, -1.2150, -3.3858, 0.3405, 29.6262, 91.0369
1740983207.637, 2.558, 2.650, -1.2718, -1.2148, -3.3860, 0.3888, 29.5523, 91.0620
1740983207.716, 2.558, 2.657, -1.2718, -1.2148, -3.3865, 0.4775, 29.6330, 91.1613
1740983207.796, 2.562, 2.650, -1.2702, -1.2141, -3.3888, 0.3976, 29.6365, 91.7150
1740983207.876, 2.562, 2.652, -1.2665, -1.2133, -3.3963, 0.4666, 29.6452, 92.2210
1740983207.955, 2.558, 2.659, -1.2588, -1.2129, -3.4104, 0.4705, 29.7646, 92.2627
1740983208.035, 2.556, 2.659, -1.2480, -1.2129, -3.4285, 0.2347, 29.8061, 92.3150
1740983208.115, 2.556, 2.676, -1.2347, -1.2127, -3.4472, -0.6328, 29.5803, 92.1935
1740983208.194, 2.561, 2.692, -1.2215, -1.2125, -3.4647, -1.8929, 29.6176, 91.9140
1740983208.274, 2.558, 2.720, -1.2174, -1.2128, -3.4766, -0.9043, 29.4615, 92.1804
1740983208.353, 2.565, 2.748, -1.2118, -1.2131, -3.4862, -1.0539, 29.2760, 91.8627
1740983208.433, 2.562, 2.748, -1.2080, -1.2126, -3.4935, -1.0103, 29.1043, 91.7777
1740983208.513, 2.562, 2.766, -1.2039, -1.2124, -3.5003, -1.0380, 28.8928, 91.7454
1740983208.592, 2.560, 2.774, -1.1985, -1.2118, -3.5084, -1.4171, 28.6562, 91.3902
1740983208.672, 2.559, 2.790, -1.1926, -1.2112, -3.5178, -1.5861, 28.5382, 91.2162
1740983208.752, 2.565, 2.801, -1.1860, -1.2104, -3.5284, -1.6910, 28.5908, 91.2722
1740983208.832, 2.565, 2.801, -1.1791, -1.2118, -3.5426, -1.7279, 28.6113, 91.2336
1740983208.911, 2.566, 2.812, -1.1721, -1.2112, -3.5537, -2.0660, 28.5610, 91.6249
1740983208.991, 2.559, 2.834, -1.1660, -1.2103, -3.5646, -2.0125, 28.5285, 91.6342
1740983209.070, 2.562, 2.853, -1.1652, -1.2094, -3.5740, -0.9421, 28.9802, 91.2549
1740983209.150, 2.562, 2.863, -1.1652, -1.2086, -3.5796, 0.0401, 29.0093, 90.9267
1740983209.230, 2.562, 2.863, -1.1639, -1.2085, -3.5858, 0.5986, 28.8950, 90.7698
1740983209.309, 2.557, 2.873, -1.1586, -1.2086, -3.5965, 0.7300, 28.6544, 90.7136
1740983209.389, 2.555, 2.880, -1.1534, -1.2079, -3.6135, 1.9227, 28.5485, 89.2546
1740983209.469, 2.548, 2.893, -1.1424, -1.2093, -3.6330, 1.7520, 28.7891, 87.5400
1740983209.548, 2.558, 2.913, -1.1311, -1.2095, -3.6388, -1.2961, 28.8506, 90.9400
1740983209.628, 2.558, 2.913, -1.1272, -1.2111, -3.6547, 0.3510, 29.2088, 88.5086
1740983209.707, 2.555, 2.940, -1.1234, -1.2109, -3.6609, -0.1005, 29.1967, 89.5174
1740983209.787, 2.548, 2.955, -1.1199, -1.2102, -3.6694, 0.4489, 29.2967, 88.6013
1740983209.867, 2.545, 2.961, -1.1158, -1.2101, -3.6785, 0.5598, 29.4357, 88.3721
1740983209.946, 2.543, 2.974, -1.1102, -1.2097, -3.6888, 0.5805, 29.6393, 88.3697
1740983210.026, 2.543, 2.974, -1.1033, -1.2090, -3.7014, 0.6314, 29.8854, 88.3665
1740983210.106, 2.547, 2.991, -1.0970, -1.2091, -3.7153, 0.8948, 30.3088, 87.9276
1740983210.185, 2.544, 3.012, -1.0911, -1.2085, -3.7266, 1.2228, 30.3367, 88.1804
1740983210.265, 2.543, 3.024, -1.0854, -1.2085, -3.7373, 1.1946, 30.2363, 88.1611
1740983210.345, 2.540, 3.043, -1.0807, -1.2094, -3.7460, 1.2522, 30.1302, 88.6497
1740983210.424, 2.540, 3.043, -1.0756, -1.2106, -3.7534, 0.8819, 29.8425, 90.0460
1740983210.504, 2.535, 3.056, -1.0705, -1.2108, -3.7629, 1.0382, 29.8098, 90.1953
1740983210.584, 2.544, 3.060, -1.0657, -1.2106, -3.7720, 0.9577, 30.0336, 90.2321
1740983210.783, 2.534, 3.086, -1.0632, -1.2088, -3.7870, 2.6946, 30.2153, 89.8417
1740983210.982, 2.557, 3.103, -1.0502, -1.2074, -3.8058, 1.7854, 30.4450, 91.4820
1740983211.181, 2.533, 3.124, -1.0213, -1.2067, -3.8342, -2.0508, 30.8469, 92.1443
1740983211.261, 2.540, 3.143, -1.0168, -1.2067, -3.8462, -1.1516, 30.4724, 91.9282
1740983211.340, 2.545, 3.164, -1.0132, -1.2079, -3.8596, -0.0930, 30.4701, 91.0179
1740983211.539, 2.536, 3.196, -1.0018, -1.2094, -3.8855, 0.8244, 30.1750, 90.3125
1740983211.619, 2.536, 3.196, -0.9973, -1.2090, -3.8928, 0.7821, 30.1887, 90.3510
1740983211.699, 2.538, 3.215, -0.9940, -1.2082, -3.9014, 1.1636, 30.7511, 89.7738
1740983211.778, 2.530, 3.224, -0.9921, -1.2069, -3.9064, 1.4132, 30.8023, 89.2459
1740983211.858, 2.534, 3.230, -0.9915, -1.2070, -3.9083, 1.5864, 30.8583, 89.1346
1740983211.937, 2.529, 3.237, -0.9917, -1.2068, -3.9099, 1.9056, 30.9388, 89.0673
1740983212.017, 2.529, 3.237, -0.9906, -1.2067, -3.9150, 2.5438, 30.8847, 88.7674
1740983212.097, 2.531, 3.243, -0.9852, -1.2062, -3.9258, 2.8215, 30.6615, 88.6951
1740983212.177, 2.540, 3.242, -0.9721, -1.2054, -3.9416, 1.2180, 30.3886, 88.0878
1740983212.256, 2.551, 3.255, -0.9598, -1.2052, -3.9567, 0.3707, 30.7135, 88.6534
1740983212.336, 2.535, 3.285, -0.9519, -1.2053, -3.9712, 0.4265, 31.1594, 88.7161
1740983212.415, 2.535, 3.285, -0.9468, -1.2058, -3.9781, 0.1349, 31.1342, 90.4894
1740983212.495, 2.529, 3.311, -0.9427, -1.2063, -3.9875, 0.5920, 31.6901, 90.7781
1740983212.574, 2.536, 3.317, -0.9389, -1.2064, -3.9946, 0.7024, 31.6647, 90.7060
1740983212.654, 2.533, 3.329, -0.9352, -1.2062, -4.0010, 0.7332, 31.6433, 90.6788
1740983212.734, 2.530, 3.339, -0.9308, -1.2064, -4.0083, 0.7672, 31.6785, 90.6857
1740983212.814, 2.530, 3.339, -0.9253, -1.2064, -4.0177, 0.7964, 31.7123, 90.6275
1740983212.893, 2.527, 3.352, -0.9188, -1.2065, -4.0285, 0.7835, 31.7737, 90.6043
1740983212.973, 2.527, 3.361, -0.9123, -1.2053, -4.0391, 0.7909, 31.8489, 90.6042
1740983213.053, 2.527, 3.376, -0.9056, -1.2051, -4.0499, 0.7339, 31.8246, 90.6221
1740983213.132, 2.527, 3.376, -0.8992, -1.2051, -4.0603, 0.7436, 31.8469, 90.6227
1740983213.212, 2.527, 3.394, -0.8932, -1.2045, -4.0700, 0.6918, 31.9118, 90.6715
1740983213.291, 2.525, 3.412, -0.8875, -1.2044, -4.0796, 0.7060, 32.0302, 90.6978
1740983213.371, 2.527, 3.421, -0.8816, -1.2044, -4.0891, 0.7274, 32.0076, 90.7161
1740983213.451, 2.527, 3.436, -0.8762, -1.2043, -4.0984, 0.7625, 32.1149, 90.7396
1740983213.531, 2.527, 3.436, -0.8703, -1.2038, -4.1079, 0.7923, 32.1911, 90.7384
1740983213.610, 2.527, 3.453, -0.8643, -1.2036, -4.1172, 0.6790, 32.2554, 90.7398
1740983213.690, 2.527, 3.465, -0.8583, -1.2037, -4.1266, 0.6429, 32.2728, 90.7111
1740983213.769, 2.523, 3.478, -0.8527, -1.2033, -4.1357, 0.6244, 32.2084, 90.7229
1740983213.849, 2.526, 3.493, -0.8468, -1.2028, -4.1446, 0.5986, 32.1613, 90.8030
1740983213.929, 2.534, 3.493, -0.8411, -1.2028, -4.1540, 0.5567, 32.1820, 90.8819
1740983214.008, 2.534, 3.507, -0.8350, -1.2023, -4.1639, 0.5814, 32.1527, 90.8286
1740983214.088, 2.536, 3.521, -0.8290, -1.2024, -4.1743, 0.6577, 32.2470, 90.8384
1740983214.167, 2.533, 3.537, -0.8227, -1.2024, -4.1847, 0.6965, 32.2340, 90.8082
1740983214.247, 2.526, 3.550, -0.8168, -1.2017, -4.1946, 0.7421, 32.2649, 90.7986
1740983214.327, 2.526, 3.550, -0.8108, -1.2014, -4.2039, 0.6670, 32.2965, 90.8115
1740983214.406, 2.526, 3.564, -0.8056, -1.2010, -4.2130, 0.7812, 32.3202, 90.7752
1740983214.486, 2.534, 3.579, -0.7997, -1.2008, -4.2223, 0.7187, 32.3100, 90.7670
1740983214.566, 2.533, 3.591, -0.7941, -1.2007, -4.2316, 0.7923, 32.2995, 90.7581
1740983214.645, 2.530, 3.604, -0.7893, -1.2003, -4.2402, 0.9198, 32.3086, 90.7886
1740983214.725, 2.528, 3.604, -0.7863, -1.1997, -4.2479, 1.4284, 32.6384, 90.7061
1740983214.805, 2.528, 3.621, -0.7820, -1.1996, -4.2560, 1.6271, 32.6759, 90.6593
1740983214.884, 2.526, 3.630, -0.7722, -1.2005, -4.2665, 0.5746, 32.6924, 90.9657
1740983214.964, 2.515, 3.643, -0.7644, -1.2001, -4.2794, 0.7099, 32.6582, 90.8812
1740983215.044, 2.530, 3.661, -0.7569, -1.1998, -4.2912, 0.6213, 32.6948, 90.9149
1740983215.123, 2.533, 3.661, -0.7502, -1.1988, -4.3010, 0.4921, 32.5939, 90.9029
1740983215.203, 2.533, 3.679, -0.7479, -1.1975, -4.3038, 0.3588, 32.6115, 91.7433
1740983215.283, 2.536, 3.696, -0.7476, -1.1972, -4.3041, 0.3476, 32.5384, 92.1424
1740983215.362, 2.533, 3.700, -0.7467, -1.1966, -4.3058, 0.4824, 32.5402, 92.6974
1740983215.442, 2.532, 3.701, -0.7426, -1.1952, -4.3131, 0.5078, 32.3395, 93.2752
1740983215.521, 2.532, 3.701, -0.7332, -1.1946, -4.3281, 0.5143, 32.2885, 93.3479
1740983215.601, 2.533, 3.708, -0.7205, -1.1954, -4.3495, 0.6645, 32.2278, 92.1409
1740983215.681, 2.533, 3.725, -0.7092, -1.1982, -4.3731, 1.2236, 32.5226, 89.8785
1740983215.760, 2.532, 3.757, -0.6990, -1.1971, -4.3852, 0.5800, 32.0255, 90.7795
1740983215.840, 2.523, 3.788, -0.6936, -1.1961, -4.3933, 0.7249, 32.2820, 90.6164
1740983215.920, 2.523, 3.788, -0.6902, -1.1962, -4.3995, 0.6520, 32.4009, 90.6793
1740983215.999, 2.531, 3.802, -0.6875, -1.1962, -4.4037, 0.6610, 32.4824, 90.6777
1740983216.079, 2.525, 3.813, -0.6837, -1.1958, -4.4097, 0.6539, 32.5825, 90.6997
1740983216.159, 2.529, 3.820, -0.6783, -1.1959, -4.4188, 0.6624, 32.6649, 90.7059
1740983216.238, 2.534, 3.828, -0.6721, -1.1942, -4.4292, 0.6019, 32.6750, 89.2938
1740983216.318, 2.534, 3.828, -0.6663, -1.1928, -4.4390, 0.6577, 32.6902, 88.5365
1740983216.398, 2.534, 3.845, -0.6590, -1.1927, -4.4508, 0.6504, 32.8871, 88.4454
1740983216.477, 2.534, 3.862, -0.6506, -1.1918, -4.4647, 0.7211, 33.1410, 88.5328
1740983216.557, 2.537, 3.879, -0.6448, -1.1941, -4.4739, 0.7757, 33.0893, 91.0880
1740983216.637, 2.532, 3.897, -0.6383, -1.1935, -4.4838, 0.3990, 33.3832, 91.1230
1740983216.716, 2.532, 3.897, -0.6313, -1.1932, -4.4942, 0.4944, 33.2619, 90.6781
1740983216.796, 2.538, 3.909, -0.6276, -1.1932, -4.5008, 0.4318, 33.2535, 90.7539
1740983216.875, 2.538, 3.927, -0.6235, -1.1934, -4.5069, 0.4110, 33.2565, 90.8453
1740983216.955, 2.532, 3.933, -0.6193, -1.1932, -4.5143, 0.4667, 33.3054, 90.8476
1740983217.035, 2.532, 3.944, -0.6137, -1.1914, -4.5235, 0.5339, 33.3855, 90.7987
1740983217.114, 2.532, 3.944, -0.6075, -1.1916, -4.5337, 0.5686, 33.5405, 90.7916
1740983217.194, 2.535, 3.956, -0.6011, -1.1913, -4.5441, 0.6604, 33.6400, 90.7190
1740983217.274, 2.531, 3.973, -0.5946, -1.1917, -4.5544, 0.6493, 33.8364, 90.6770
1740983217.353, 2.537, 3.989, -0.5885, -1.1916, -4.5640, 0.5895, 34.0006, 90.7075
1740983217.433, 2.534, 4.004, -0.5826, -1.1922, -4.5734, 0.6742, 34.1382, 90.6355
1740983217.513, 2.534, 4.004, -0.5768, -1.1907, -4.5819, 0.6311, 34.2367, 90.7109
1740983217.592, 2.540, 4.016, -0.5714, -1.1903, -4.5902, 0.6280, 34.2662, 90.7073
1740983217.672, 2.536, 4.030, -0.5654, -1.1903, -4.5988, 0.5779, 34.3137, 90.7689
1740983217.752, 2.542, 4.046, -0.5602, -1.1899, -4.6069, 0.5585, 34.3699, 90.7607
1740983217.831, 2.543, 4.061, -0.5585, -1.1901, -4.6100, 0.5958, 34.3711, 90.7020
1740983217.911, 2.543, 4.061, -0.5586, -1.1903, -4.6098, 0.5886, 34.3576, 90.7386
1740983217.990, 2.538, 4.067, -0.5587, -1.1905, -4.6095, 0.5769, 34.3595, 90.7525
1740983218.070, 2.543, 4.068, -0.5591, -1.1902, -4.6089, 0.5637, 34.3622, 90.7791
1740983218.150, 2.539, 4.066, -0.5590, -1.1902, -4.6090, 0.5621, 34.3655, 90.7767
1740983218.229, 2.538, 4.068, -0.5591, -1.1901, -4.6087, 0.5428, 34.3556, 90.7836
1740983218.309, 2.538, 4.068, -0.5590, -1.1904, -4.6090, 0.5400, 34.3582, 90.7761
1740983218.389, 2.543, 4.067, -0.5589, -1.1904, -4.6089, 0.5220, 34.3559, 90.7846
1740983218.468, 2.544, 4.067, -0.5591, -1.1904, -4.6089, 0.5356, 34.3465, 90.7868
1740983218.548, 2.538, 4.067, -0.5591, -1.1903, -4.6091, 0.5368, 34.3457, 90.7749
1740983218.628, 2.539, 4.067, -0.5590, -1.1903, -4.6089, 0.5285, 34.3357, 90.7813
1740983218.708, 2.539, 4.068, -0.5590, -1.1903, -4.6090, 0.5349, 34.3424, 90.7712
1740983218.787, 2.538, 4.068, -0.5591, -1.1903, -4.6090, 0.5419, 34.3492, 90.7690
1740983218.866, 2.543, 4.068, -0.5591, -1.1904, -4.6089, 0.5423, 34.3519, 90.7670
1740983218.946, 2.543, 4.066, -0.5591, -1.1903, -4.6090, 0.5288, 34.3597, 90.7655
1740983219.026, 2.544, 4.066, -0.5590, -1.1902, -4.6089, 0.5281, 34.3560, 90.7704
1740983219.106, 2.544, 4.067, -0.5591, -1.1902, -4.6089, 0.5256, 34.3542, 90.7664
1740983219.185, 2.544, 4.066, -0.5590, -1.1905, -4.6091, 0.5197, 34.3500, 90.7658
1740983219.265, 2.539, 4.068, -0.5591, -1.1904, -4.6090, 0.5089, 34.3394, 90.7830
1740983219.345, 2.544, 4.068, -0.5591, -1.1903, -4.6089, 0.4997, 34.3429, 90.7816
1740983219.424, 2.544, 4.068, -0.5591, -1.1903, -4.6090, 0.4999, 34.3485, 90.7853
1740983219.504, 2.544, 4.067, -0.5591, -1.1903, -4.6090, 0.4949, 34.3446, 90.7847
1740983219.583, 2.545, 4.068, -0.5590, -1.1903, -4.6089, 0.5003, 34.3505, 90.7731
1740983219.663, 2.538, 4.068, -0.5591, -1.1903, -4.6088, 0.4899, 34.3514, 90.7807
1740983219.743, 2.542, 4.068, -0.5592, -1.1903, -4.6088, 0.4920, 34.3501, 90.7783
1740983235.154, 2.755, 4.073, -0.3619, -1.1858, -4.5047, 0.7596, 32.2922, 90.5393
1740983235.234, 2.755, 4.074, -0.3619, -1.1858, -4.5046, 0.7708, 32.2944, 90.5397
1740983235.313, 2.757, 4.075, -0.3620, -1.1858, -4.5046, 0.7585, 32.2955, 90.5528
1740983235.393, 2.757, 4.075, -0.3620, -1.1857, -4.5046, 0.7629, 32.3045, 90.5387
1740983235.472, 2.760, 4.074, -0.3619, -1.1858, -4.5045, 0.7569, 32.3064, 90.5385
1740983235.552, 2.756, 4.073, -0.3619, -1.1857, -4.5047, 0.7599, 32.2965, 90.5312
1740983235.632, 2.760, 4.075, -0.3620, -1.1857, -4.5047, 0.7475, 32.2964, 90.5409
1740983235.712, 2.755, 4.075, -0.3620, -1.1858, -4.5047, 0.7387, 32.2970, 90.5448
1740983235.791, 2.755, 4.073, -0.3618, -1.1858, -4.5049, 0.7416, 32.2908, 90.5406
1740983235.871, 2.760, 4.073, -0.3619, -1.1858, -4.5047, 0.7381, 32.2969, 90.5458
1740983235.950, 2.761, 4.074, -0.3621, -1.1858, -4.5046, 0.7451, 32.2953, 90.5393
1740983236.030, 2.760, 4.075, -0.3619, -1.1857, -4.5048, 0.7461, 32.2953, 90.5457
1740983236.110, 2.761, 4.075, -0.3621, -1.1857, -4.5047, 0.7462, 32.3001, 90.5514
1740983236.189, 2.761, 4.073, -0.3620, -1.1859, -4.5049, 0.7492, 32.3017, 90.5340
1740983236.269, 2.760, 4.073, -0.3619, -1.1857, -4.5048, 0.7551, 32.3027, 90.5371
1740983236.349, 2.761, 4.073, -0.3620, -1.1858, -4.5048, 0.7487, 32.3005, 90.5411
1740983236.428, 2.754, 4.073, -0.3621, -1.1858, -4.5047, 0.7495, 32.2916, 90.5437
1740983236.508, 2.760, 4.073, -0.3619, -1.1858, -4.5048, 0.7439, 32.2931, 90.5457
1740983236.588, 2.760, 4.072, -0.3620, -1.1858, -4.5048, 0.7512, 32.2972, 90.5411
1740983236.667, 2.761, 4.074, -0.3621, -1.1858, -4.5047, 0.7585, 32.2925, 90.5370
1740983236.747, 2.760, 4.072, -0.3619, -1.1858, -4.5048, 0.7639, 32.2887, 90.5251
1740983236.827, 2.761, 4.074, -0.3634, -1.1859, -4.5023, 0.7293, 32.2848, 90.5174
1740983236.906, 2.756, 4.074, -0.3683, -1.1858, -4.4943, 0.8208, 32.1759, 90.4046
1740983236.986, 2.756, 4.074, -0.3781, -1.1852, -4.4777, 0.7345, 31.9004, 90.5333
1740983237.065, 2.757, 4.066, -0.3898, -1.1869, -4.4581, 0.8311, 31.6316, 90.4968
1740983237.145, 2.759, 4.044, -0.4021, -1.1872, -4.4370, 0.9247, 31.2014, 90.4876
1740983237.225, 2.756, 4.011, -0.4132, -1.1882, -4.4170, 0.7977, 31.0112, 90.6189
1740983237.304, 2.760, 4.011, -0.4231, -1.1885, -4.4001, 0.7859, 30.9520, 90.6579
1740983237.384, 2.760, 3.983, -0.4312, -1.1885, -4.3857, 0.7661, 30.9939, 90.7480
1740983237.464, 2.761, 3.956, -0.4384, -1.1891, -4.3727, 0.7258, 30.8445, 90.7839
1740983237.543, 2.763, 3.933, -0.4462, -1.1900, -4.3597, 0.9255, 30.5273, 90.7441
1740983237.623, 2.759, 3.915, -0.4497, -1.1884, -4.3521, 0.9491, 30.0220, 89.1718
1740983237.703, 2.766, 3.915, -0.4555, -1.1874, -4.3428, 0.8380, 30.2755, 88.3627
1740983237.782, 2.766, 3.898, -0.4641, -1.1885, -4.3285, 0.9862, 30.3901, 88.2100
1740983237.862, 2.765, 3.894, -0.4768, -1.1900, -4.3066, 1.0792, 30.6321, 89.4482
1740983237.942, 2.759, 3.871, -0.4914, -1.1912, -4.2812, 0.9654, 30.7325, 90.5352
1740983238.021, 2.759, 3.834, -0.5020, -1.1911, -4.2627, 0.9328, 30.8085, 90.5917
1740983238.101, 2.759, 3.834, -0.5106, -1.1918, -4.2486, 1.0147, 30.8618, 90.4417
1740983238.180, 2.759, 3.804, -0.5167, -1.1919, -4.2349, 0.3815, 31.6340, 91.3674
1740983238.260, 2.763, 3.778, -0.5231, -1.1908, -4.2270, 0.8496, 31.3705, 92.3569
1740983238.340, 2.765, 3.760, -0.5294, -1.1899, -4.2170, 0.9797, 31.4252, 92.9687
1740983238.419, 2.758, 3.748, -0.5376, -1.1894, -4.2019, 0.8636, 31.5628, 93.0048
1740983238.499, 2.758, 3.748, -0.5483, -1.1924, -4.1840, 0.8713, 31.6811, 91.7613
1740983238.579, 2.764, 3.729, -0.5609, -1.1945, -4.1658, 1.3373, 31.3636, 90.1110
1740983238.658, 2.757, 3.703, -0.5723, -1.1951, -4.1469, 1.1109, 31.4519, 90.4384
1740983238.738, 2.765, 3.677, -0.5796, -1.1953, -4.1321, 0.9591, 31.5057, 90.5871
1740983238.818, 2.761, 3.649, -0.5817, -1.1949, -4.1291, 0.9680, 31.4931, 90.5538
1740983238.897, 2.761, 3.649, -0.5805, -1.1950, -4.1308, 0.9597, 31.4986, 90.5277
1740983238.977, 2.758, 3.635, -0.5791, -1.1952, -4.1334, 1.0066, 31.5094, 90.4900
1740983239.057, 2.759, 3.634, -0.5783, -1.1952, -4.1353, 1.0378, 31.4856, 90.4737
1740983239.136, 2.766, 3.640, -0.5781, -1.1950, -4.1354, 1.0207, 31.4640, 90.5008
1740983239.216, 2.764, 3.642, -0.5780, -1.1951, -4.1354, 1.0050, 31.4735, 90.5219
1740983239.295, 2.764, 3.642, -0.5781, -1.1951, -4.1354, 1.0066, 31.4651, 90.5358
1740983239.375, 2.757, 3.643, -0.5782, -1.1951, -4.1354, 1.0017, 31.4650, 90.5468
1740983239.455, 2.762, 3.643, -0.5782, -1.1951, -4.1353, 1.0009, 31.4598, 90.5464
1740983239.534, 2.761, 3.643, -0.5782, -1.1950, -4.1354, 1.0031, 31.4624, 90.5529
1740983239.614, 2.763, 3.643, -0.5781, -1.1950, -4.1352, 0.9939, 31.4613, 90.5593
1740983239.694, 2.763, 3.643, -0.5781, -1.1951, -4.1353, 0.9854, 31.4596, 90.5627
1740983239.773, 2.762, 3.643, -0.5781, -1.1950, -4.1354, 0.9956, 31.4563, 90.5591
1740983239.853, 2.759, 3.641, -0.5780, -1.1951, -4.1354, 0.9961, 31.4572, 90.5703
1740983239.933, 2.762, 3.644, -0.5782, -1.1951, -4.1352, 0.9901, 31.4554, 90.5768
1740983240.012, 2.759, 3.643, -0.5780, -1.1952, -4.1353, 0.9884, 31.4562, 90.5701
1740983240.092, 2.759, 3.643, -0.5782, -1.1951, -4.1355, 0.9900, 31.4546, 90.5762
1740983240.172, 2.759, 3.642, -0.5782, -1.1951, -4.1353, 0.9833, 31.4555, 90.5750
1740983240.251, 2.762, 3.642, -0.5790, -1.1950, -4.1341, 0.9505, 31.5713, 90.6071
1740983240.331, 2.758, 3.644, -0.5812, -1.1948, -4.1299, 0.9728, 31.4496, 90.5622
1740983240.410, 2.765, 3.640, -0.5856, -1.1953, -4.1229, 1.0288, 31.3989, 90.4844
1740983240.490, 2.765, 3.640, -0.5916, -1.1957, -4.1131, 1.0904, 31.4948, 90.5083
1740983240.570, 2.760, 3.634, -0.5974, -1.1960, -4.1031, 1.0509, 31.4799, 90.5590
1740983240.649, 2.759, 3.613, -0.6029, -1.1958, -4.0944, 1.1897, 31.4021, 90.5214
1740983240.729, 2.766, 3.599, -0.6071, -1.1963, -4.0869, 1.1084, 31.4216, 90.5149
1740983240.809, 2.761, 3.589, -0.6112, -1.1965, -4.0803, 1.1346, 31.3849, 90.4829
1740983240.888, 2.761, 3.589, -0.6148, -1.1964, -4.0739, 1.1285, 31.3782, 90.4846
1740983240.968, 2.759, 3.580, -0.6188, -1.1969, -4.0673, 1.1053, 31.3831, 90.4989
1740983241.048, 2.763, 3.570, -0.6229, -1.1971, -4.0600, 1.0391, 31.4316, 90.5127
1740983241.127, 2.758, 3.563, -0.6274, -1.1972, -4.0520, 0.9563, 31.5029, 90.5365
1740983241.207, 2.760, 3.563, -0.6319, -1.1973, -4.0443, 0.8308, 31.6811, 90.6537
1740983241.287, 2.760, 3.550, -0.6357, -1.1976, -4.0371, 0.6182, 31.9094, 90.8151
1740983241.366, 2.765, 3.538, -0.6401, -1.1979, -4.0302, 0.6820, 31.9811, 90.7331
1740983241.446, 2.757, 3.531, -0.6456, -1.1981, -4.0213, 0.6882, 32.0704, 90.6953
1740983241.526, 2.750, 3.517, -0.6521, -1.1984, -4.0112, 0.7833, 32.1942, 90.6916
1740983241.605, 2.752, 3.517, -0.6594, -1.1988, -3.9998, 0.9191, 32.0609, 90.7154
1740983241.685, 2.752, 3.505, -0.6670, -1.1997, -3.9876, 0.9467, 31.9542, 90.6980
1740983241.765, 2.754, 3.490, -0.6738, -1.2004, -3.9761, 0.8905, 31.9693, 90.6483
1740983241.844, 2.754, 3.470, -0.6808, -1.1997, -3.9646, 0.9720, 31.9570, 90.5477
1740983241.924, 2.758, 3.455, -0.6876, -1.1998, -3.9536, 0.8390, 32.0952, 90.5838
1740983242.004, 2.760, 3.455, -0.6940, -1.1994, -3.9427, 0.9034, 32.0329, 90.5068
1740983242.083, 2.760, 3.439, -0.7008, -1.2001, -3.9315, 0.9117, 31.9886, 90.5452
1740983242.163, 2.759, 3.424, -0.7074, -1.2005, -3.9206, 0.9298, 31.8171, 90.5201
1740983242.242, 2.754, 3.407, -0.7141, -1.2003, -3.9096, 0.9425, 31.7900, 90.4915
1740983242.322, 2.760, 3.391, -0.7207, -1.2004, -3.8980, 0.9071, 31.7573, 90.4346
1740983242.402, 2.762, 3.391, -0.7275, -1.2011, -3.8870, 0.8995, 31.8059, 90.4498
1740983242.481, 2.762, 3.375, -0.7338, -1.2017, -3.8756, 0.7445, 31.8138, 90.4814
1740983242.561, 2.757, 3.355, -0.7405, -1.2020, -3.8641, 0.6357, 31.9533, 90.5779
1740983242.641, 2.757, 3.342, -0.7473, -1.2022, -3.8530, 0.5808, 32.0844, 90.5746
1740983242.720, 2.760, 3.322, -0.7538, -1.2024, -3.8420, 0.4934, 32.2252, 90.6278
1740983242.800, 2.763, 3.322, -0.7607, -1.2024, -3.8322, 0.7280, 32.1766, 90.2973
1740983242.880, 2.763, 3.305, -0.7637, -1.2012, -3.8282, 0.8881, 32.2319, 88.6740
1740983242.959, 2.764, 3.287, -0.7667, -1.2005, -3.8224, 0.8215, 32.0956, 88.0120
1740983243.039, 2.759, 3.290, -0.7730, -1.2013, -3.8114, 0.7596, 31.7325, 88.0325
1740983243.119, 2.762, 3.281, -0.7809, -1.2009, -3.7970, 0.6917, 31.4105, 88.0861
1740983243.198, 2.763, 3.281, -0.7934, -1.2037, -3.7748, 0.6509, 31.0549, 90.7830
1740983243.278, 2.763, 3.259, -0.8028, -1.2055, -3.7582, 0.6584, 31.0674, 90.6289
1740983243.358, 2.759, 3.237, -0.8101, -1.2041, -3.7456, 0.6443, 30.8364, 90.5583
1740983243.437, 2.760, 3.209, -0.8155, -1.2042, -3.7351, 0.5884, 30.5925, 90.5966
1740983243.517, 2.761, 3.192, -0.8197, -1.2045, -3.7274, 0.5917, 30.3565, 90.5659
1740983243.597, 2.769, 3.192, -0.8237, -1.2049, -3.7196, 0.5708, 30.2460, 90.5451
1740983243.676, 2.769, 3.180, -0.8287, -1.2042, -3.7093, 0.2481, 30.3616, 91.4626
1740983243.756, 2.763, 3.167, -0.8335, -1.2032, -3.7016, 0.4753, 30.2461, 92.4108
1740983243.835, 2.769, 3.152, -0.8395, -1.2025, -3.6915, 0.5781, 30.1030, 92.8910
1740983243.915, 2.769, 3.142, -0.8476, -1.2027, -3.6767, 0.5215, 30.0231, 92.9439
1740983243.995, 2.772, 3.142, -0.8567, -1.2038, -3.6609, 0.7430, 29.7857, 92.0047
1740983244.074, 2.772, 3.126, -0.8646, -1.2083, -3.6470, 0.2695, 29.9397, 90.5655
1740983244.154, 2.765, 3.103, -0.8702, -1.2077, -3.6330, 0.2267, 29.4700, 90.3991
1740983244.234, 2.770, 3.083, -0.8719, -1.2046, -3.6303, 0.4099, 29.2897, 89.2991
1740983244.313, 2.770, 3.065, -0.8724, -1.2041, -3.6296, 0.3941, 29.3123, 88.7990
1740983244.393, 2.776, 3.065, -0.8749, -1.2039, -3.6247, 0.3833, 29.3779, 88.2218
1740983244.473, 2.776, 3.063, -0.8818, -1.2050, -3.6135, 0.5700, 29.4665, 88.0003
1740983244.552, 2.772, 3.067, -0.8907, -1.2047, -3.5965, 0.4613, 29.5737, 88.1619
1740983244.632, 2.770, 3.050, -0.9036, -1.2071, -3.5741, 0.4712, 30.2049, 90.7014
1740983244.711, 2.777, 3.019, -0.9136, -1.2072, -3.5557, 0.5320, 29.9224, 90.4980
1740983244.791, 2.777, 3.019, -0.9208, -1.2081, -3.5430, 0.5775, 29.9165, 90.4361
1740983244.871, 2.776, 2.987, -0.9260, -1.2079, -3.5338, 0.6383, 29.9848, 90.3807
1740983244.950, 2.776, 2.969, -0.9297, -1.2077, -3.5273, 0.6769, 30.0104, 90.3056
1740983245.030, 2.776, 2.949, -0.9338, -1.2077, -3.5199, 0.6036, 30.0110, 90.3401
1740983245.110, 2.778, 2.946, -0.9378, -1.2075, -3.5096, 0.0176, 30.5565, 91.3108
1740983245.189, 2.778, 2.946, -0.9434, -1.2063, -3.5023, 0.3882, 30.4030, 92.2209
1740983245.269, 2.778, 2.935, -0.9489, -1.2056, -3.4926, 0.4765, 30.4569, 92.7427
1740983245.349, 2.773, 2.920, -0.9576, -1.2051, -3.4774, 0.4537, 30.6126, 92.7522
1740983245.428, 2.773, 2.903, -0.9669, -1.2070, -3.4613, 0.4353, 30.7667, 91.8741
1740983245.508, 2.774, 2.885, -0.9771, -1.2085, -3.4454, 0.6155, 30.3847, 89.7697
1740983245.588, 2.774, 2.885, -0.9841, -1.2082, -3.4322, 0.6805, 30.4623, 89.8835
1740983245.667, 2.778, 2.859, -0.9890, -1.2092, -3.4231, 0.7087, 30.5434, 89.8551
1740983245.747, 2.778, 2.840, -0.9931, -1.2096, -3.4163, 0.6909, 30.6123, 89.8563
1740983245.827, 2.775, 2.823, -0.9968, -1.2100, -3.4101, 0.7131, 30.6226, 89.7930
1740983245.906, 2.775, 2.819, -1.0014, -1.2098, -3.4016, 0.6761, 30.7522, 89.7708
1740983245.986, 2.775, 2.819, -1.0076, -1.2098, -3.3910, 0.7077, 30.7645, 89.7683
1740983246.065, 2.779, 2.810, -1.0148, -1.2097, -3.3789, 0.7924, 30.8176, 89.7835
1740983246.145, 2.778, 2.794, -1.0222, -1.2096, -3.3658, 0.7719, 30.7074, 89.7977
1740983246.225, 2.778, 2.777, -1.0293, -1.2107, -3.3541, 0.7955, 30.7483, 89.8054
1740983246.304, 2.776, 2.754, -1.0355, -1.2108, -3.3424, 0.7829, 30.7235, 89.8755
1740983246.384, 2.776, 2.754, -1.0416, -1.2102, -3.3311, 0.6505, 30.8089, 90.0071
1740983246.464, 2.775, 2.742, -1.0475, -1.2102, -3.3211, 0.6861, 30.8451, 89.9299
1740983246.543, 2.780, 2.728, -1.0537, -1.2106, -3.3104, 0.6557, 30.9572, 89.9860
1740983246.623, 2.775, 2.708, -1.0601, -1.2108, -3.2999, 0.6353, 31.2015, 89.9664
1740983246.703, 2.774, 2.708, -1.0669, -1.2111, -3.2886, 0.7329, 31.2480, 89.9490
1740983246.782, 2.774, 2.691, -1.0740, -1.2113, -3.2772, 0.9249, 31.1622, 89.9347
1740983246.862, 2.780, 2.683, -1.0810, -1.2110, -3.2660, 1.0775, 31.1211, 89.9649
1740983246.942, 2.781, 2.657, -1.0873, -1.2115, -3.2544, 0.9789, 31.0086, 89.9254
1740983247.021, 2.776, 2.646, -1.0939, -1.2111, -3.2435, 1.0077, 30.9815, 89.9156
1740983247.101, 2.775, 2.646, -1.0999, -1.2113, -3.2326, 0.9151, 31.0720, 89.9134
1740983247.181, 2.775, 2.626, -1.1059, -1.2114, -3.2217, 0.8017, 31.1361, 89.9500
1740983247.260, 2.780, 2.619, -1.1122, -1.2116, -3.2108, 0.7601, 31.2014, 89.9044
1740983247.340, 2.777, 2.599, -1.1185, -1.2116, -3.1998, 0.7110, 31.2387, 89.9311
1740983247.419, 2.782, 2.586, -1.1253, -1.2120, -3.1887, 0.8611, 31.1286, 89.9093
1740983247.499, 2.775, 2.586, -1.1317, -1.2123, -3.1774, 0.8235, 31.0870, 89.9439
1740983247.579, 2.775, 2.566, -1.1383, -1.2121, -3.1668, 0.9753, 30.9841, 89.8629
1740983247.658, 2.776, 2.555, -1.1446, -1.2120, -3.1560, 0.9639, 30.9061, 89.7968
1740983247.738, 2.782, 2.539, -1.1509, -1.2122, -3.1450, 0.9043, 30.9126, 89.8106
1740983247.818, 2.782, 2.525, -1.1573, -1.2127, -3.1339, 0.8172, 31.0467, 89.7740
1740983247.897, 2.782, 2.525, -1.1636, -1.2126, -3.1231, 0.8142, 31.1303, 89.7319
1740983247.977, 2.782, 2.508, -1.1699, -1.2125, -3.1124, 0.7938, 31.2777, 89.6782
1740983248.057, 2.776, 2.491, -1.1765, -1.2127, -3.1014, 0.8412, 31.2841, 89.6891
1740983248.136, 2.777, 2.473, -1.1831, -1.2129, -3.0906, 0.8948, 31.1852, 89.7236
1740983248.216, 2.777, 2.462, -1.1897, -1.2133, -3.0795, 0.9808, 31.1088, 89.6982
1740983248.296, 2.778, 2.462, -1.1957, -1.2132, -3.0684, 0.8955, 31.0989, 89.6669
1740983248.375, 2.778, 2.448, -1.2024, -1.2134, -3.0575, 0.9675, 31.0746, 89.6150
1740983248.455, 2.785, 2.428, -1.2085, -1.2134, -3.0465, 0.8461, 31.1583, 89.6649
1740983248.534, 2.785, 2.412, -1.2147, -1.2130, -3.0357, 0.8961, 31.2056, 89.6220
1740983248.614, 2.784, 2.399, -1.2212, -1.2134, -3.0250, 0.9411, 31.1912, 89.6299
1740983248.694, 2.785, 2.399, -1.2278, -1.2132, -3.0136, 0.9652, 31.1927, 89.7135
1740983248.773, 2.785, 2.382, -1.2345, -1.2136, -3.0026, 0.9967, 31.2069, 89.7355
1740983248.853, 2.786, 2.368, -1.2407, -1.2136, -2.9916, 0.9582, 31.1991, 89.7542
1740983248.933, 2.779, 2.353, -1.2474, -1.2135, -2.9804, 0.9935, 31.2410, 89.7634
1740983249.012, 2.780, 2.332, -1.2536, -1.2137, -2.9693, 0.8951, 31.2224, 89.8325
1740983249.092, 2.779, 2.332, -1.2600, -1.2134, -2.9581, 0.8612, 31.3317, 89.8400
1740983249.172, 2.779, 2.317, -1.2663, -1.2139, -2.9470, 0.7737, 31.4919, 89.8880
1740983249.251, 2.787, 2.300, -1.2732, -1.2139, -2.9363, 0.9344, 31.5776, 89.7765
1740983249.331, 2.779, 2.288, -1.2792, -1.2143, -2.9254, 0.8069, 31.6130, 89.8720
1740983249.411, 2.779, 2.270, -1.2865, -1.2143, -2.9144, 1.0606, 31.5099, 89.8615
1740983249.490, 2.779, 2.270, -1.2933, -1.2143, -2.9031, 1.1263, 31.4069, 89.9167
1740983249.570, 2.779, 2.256, -1.3001, -1.2148, -2.8916, 1.0818, 31.3617, 90.1427
1740983249.650, 2.785, 2.239, -1.3070, -1.2147, -2.8800, 1.1019, 31.2934, 90.1582
1740983249.729, 2.786, 2.221, -1.3130, -1.2149, -2.8691, 0.9743, 31.3823, 90.2382
1740983249.809, 2.780, 2.204, -1.3195, -1.2151, -2.8586, 1.0818, 31.4760, 90.1697
1740983249.888, 2.786, 2.204, -1.3256, -1.2150, -2.8476, 1.0026, 31.4849, 90.2405
1740983249.968, 2.786, 2.187, -1.3324, -1.2152, -2.8370, 1.1392, 31.5463, 90.2073
1740983250.048, 2.779, 2.172, -1.3388, -1.2157, -2.8254, 0.9873, 31.5559, 90.3788
1740983250.128, 2.787, 2.157, -1.3452, -1.2152, -2.8141, 1.0313, 31.4364, 90.3728
1740983250.207, 2.788, 2.140, -1.3518, -1.2157, -2.8030, 1.0641, 31.4348, 90.3619
1740983250.287, 2.788, 2.140, -1.3583, -1.2162, -2.7921, 1.0626, 31.4368, 90.3606
1740983250.366, 2.780, 2.124, -1.3646, -1.2165, -2.7809, 0.9542, 31.5036, 90.3916
1740983250.446, 2.780, 2.107, -1.3713, -1.2165, -2.7699, 0.9916, 31.5462, 90.2030
1740983250.526, 2.787, 2.092, -1.3776, -1.2172, -2.7592, 0.9676, 31.7040, 90.2014
1740983250.605, 2.787, 2.074, -1.3842, -1.2171, -2.7486, 0.9873, 31.7543, 90.1906
1740983250.685, 2.787, 2.074, -1.3906, -1.2174, -2.7381, 1.1094, 31.8199, 90.1507
1740983250.765, 2.780, 2.056, -1.3975, -1.2177, -2.7270, 1.1930, 31.6938, 90.2547
1740983250.844, 2.788, 2.042, -1.4043, -1.2178, -2.7158, 1.2387, 31.6106, 90.2788
1740983250.924, 2.788, 2.028, -1.4105, -1.2178, -2.7041, 1.0956, 31.5995, 90.3929
1740983251.004, 2.781, 2.011, -1.4172, -1.2179, -2.6935, 1.1932, 31.4823, 90.3309
1740983251.083, 2.781, 2.011, -1.4234, -1.2184, -2.6823, 1.0749, 31.6191, 90.4004
1740983251.163, 2.788, 1.995, -1.4298, -1.2187, -2.6716, 1.0516, 31.5357, 90.4372
1740983251.242, 2.787, 1.977, -1.4362, -1.2190, -2.6607, 1.1583, 31.5373, 90.3631
1740983251.322, 2.800, 1.963, -1.4427, -1.2192, -2.6495, 1.0982, 31.5049, 90.4657
1740983251.402, 2.807, 1.948, -1.4492, -1.2195, -2.6388, 1.2245, 31.2997, 90.3981
1740983251.481, 2.807, 1.948, -1.4553, -1.2197, -2.6276, 1.0704, 31.4703, 90.5510
1740983251.561, 2.815, 1.932, -1.4622, -1.2200, -2.6167, 1.2076, 31.5350, 90.4475
1740983251.641, 2.809, 1.914, -1.4684, -1.2205, -2.6054, 1.0275, 31.5575, 90.5859
1740983251.720, 2.814, 1.899, -1.4751, -1.2204, -2.5941, 1.0924, 31.5979, 90.5247
1740983251.800, 2.809, 1.880, -1.4815, -1.2207, -2.5828, 0.9436, 31.7530, 90.6148
1740983251.880, 2.809, 1.880, -1.4881, -1.2209, -2.5720, 1.0728, 31.8778, 90.4838
1740983251.959, 2.809, 1.863, -1.4945, -1.2214, -2.5615, 0.9954, 31.9729, 90.4996
1740983252.039, 2.809, 1.849, -1.5012, -1.2213, -2.5509, 1.1909, 31.8733, 90.4619
1740983252.119, 2.814, 1.835, -1.5077, -1.2218, -2.5401, 1.2214, 31.8106, 90.4702
1740983252.198, 2.814, 1.835, -1.5142, -1.2218, -2.5286, 1.1741, 31.6963, 90.4773
1740983252.278, 2.814, 1.821, -1.5208, -1.2222, -2.5177, 1.2293, 31.6417, 90.4203
1740983252.357, 2.814, 1.801, -1.5270, -1.2225, -2.5065, 1.1172, 31.7070, 90.4590
1740983252.437, 2.814, 1.784, -1.5334, -1.2227, -2.4961, 1.1727, 31.7159, 90.3349
1740983252.517, 2.814, 1.772, -1.5397, -1.2229, -2.4852, 1.1838, 31.6620, 90.2894
1740983252.596, 2.814, 1.772, -1.5464, -1.2230, -2.4748, 1.3292, 31.6733, 90.2177
1740983252.676, 2.814, 1.757, -1.5525, -1.2234, -2.4643, 1.3124, 31.7464, 90.2427
1740983252.756, 2.809, 1.739, -1.5586, -1.2236, -2.4534, 1.2859, 31.6480, 90.3487
1740983252.835, 2.815, 1.726, -1.5650, -1.2235, -2.4428, 1.3970, 31.5297, 90.2443
1740983252.915, 2.809, 1.708, -1.5709, -1.2240, -2.4321, 1.2685, 31.6518, 90.3459
1740983252.995, 2.815, 1.708, -1.5771, -1.2243, -2.4212, 1.2420, 31.6826, 90.3637
1740983253.074, 2.815, 1.694, -1.5832, -1.2244, -2.4101, 1.1279, 31.8390, 90.3934
1740983253.154, 2.816, 1.680, -1.5897, -1.2246, -2.3993, 1.2299, 31.9173, 90.3045
1740983253.234, 2.811, 1.664, -1.5958, -1.2249, -2.3888, 1.0992, 32.0442, 90.3163
1740983253.313, 2.811, 1.649, -1.6024, -1.2251, -2.3784, 1.2560, 32.0115, 90.2371
1740983253.393, 2.811, 1.649, -1.6058, -1.2243, -2.3697, 0.9640, 31.4872, 89.9352
1740983253.473, 2.811, 1.631, -1.6069, -1.2238, -2.3659, 0.5774, 31.5063, 90.0047
1740983253.552, 2.815, 1.618, -1.6087, -1.2231, -2.3659, 1.3088, 31.4083, 88.5708
1740983253.632, 2.814, 1.612, -1.6132, -1.2234, -2.3591, 1.2453, 31.5747, 88.4377
1740983253.712, 2.817, 1.611, -1.6199, -1.2240, -2.3470, 1.1706, 31.5249, 88.3150
1740983253.791, 2.817, 1.611, -1.6282, -1.2239, -2.3333, 1.1006, 31.8592, 88.1973
1740983253.871, 2.817, 1.595, -1.6358, -1.2240, -2.3199, 1.0929, 31.7360, 88.0909
1740983253.950, 2.812, 1.578, -1.6428, -1.2240, -2.3081, 1.1226, 31.5213, 88.0690
1740983254.030, 2.813, 1.558, -1.6484, -1.2243, -2.2984, 1.1756, 31.4162, 88.0680
1740983254.110, 2.818, 1.540, -1.6541, -1.2248, -2.2894, 1.3196, 31.4570, 88.1604
1740983254.189, 2.817, 1.540, -1.6616, -1.2266, -2.2760, 1.3302, 31.5542, 89.6023
1740983254.269, 2.817, 1.528, -1.6698, -1.2274, -2.2616, 1.2621, 31.2709, 90.0743
1740983254.349, 2.816, 1.512, -1.6737, -1.2268, -2.2513, 0.5197, 31.9079, 90.7843
1740983254.428, 2.817, 1.491, -1.6757, -1.2262, -2.2440, -0.1150, 32.2906, 91.3721
1740983254.508, 2.819, 1.475, -1.6773, -1.2260, -2.2390, -0.5709, 32.3896, 91.5542
1740983254.588, 2.816, 1.475, -1.6802, -1.2253, -2.2314, -1.0204, 32.3941, 91.6628
1740983254.667, 2.816, 1.467, -1.6864, -1.2255, -2.2203, -1.0918, 32.5246, 91.7062
1740983254.747, 2.819, 1.458, -1.6908, -1.2244, -2.2099, -1.0013, 30.8502, 91.4541
1740983254.827, 2.819, 1.442, -1.6913, -1.2238, -2.2062, -1.6238, 30.8406, 90.4073
1740983254.906, 2.831, 1.432, -1.6939, -1.2232, -2.2015, -1.4504, 31.1596, 89.6915
1740983254.986, 2.832, 1.432, -1.6993, -1.2234, -2.1924, -1.5484, 31.3481, 89.4369
1740983255.065, 2.832, 1.432, -1.7074, -1.2229, -2.1790, -1.5001, 32.1937, 89.4458
1740983255.145, 2.833, 1.417, -1.7171, -1.2239, -2.1652, -1.0340, 32.3468, 89.2854
1740983255.225, 2.825, 1.399, -1.7341, -1.2267, -2.1534, 2.3261, 32.1974, 87.7441
1740983255.304, 2.822, 1.380, -1.7462, -1.2274, -2.1392, 3.3157, 32.8666, 88.3304
1740983255.384, 2.814, 1.380, -1.7496, -1.2288, -2.1269, 1.8071, 33.1311, 88.9118
1740983255.464, 2.814, 1.352, -1.7543, -1.2291, -2.1171, 1.3354, 32.9059, 89.4912
1740983255.543, 2.813, 1.339, -1.7588, -1.2290, -2.1099, 1.3892, 33.0099, 89.5895
1740983255.623, 2.812, 1.323, -1.7654, -1.2291, -2.1018, 1.8909, 32.9687, 89.7353
1740983255.703, 2.817, 1.311, -1.7720, -1.2277, -2.0969, 3.1420, 32.3503, 89.4167
1740983255.782, 2.810, 1.311, -1.7781, -1.2276, -2.0925, 4.1587, 32.3144, 88.8660
1740983255.862, 2.810, 1.300, -1.7851, -1.2271, -2.0829, 4.4198, 32.3100, 88.7396
1740983255.941, 2.804, 1.289, -1.7929, -1.2273, -2.0685, 4.0377, 32.1225, 89.0323
1740983256.021, 2.811, 1.276, -1.8012, -1.2276, -2.0530, 3.6859, 31.7846, 89.4718
1740983256.101, 2.806, 1.255, -1.8093, -1.2282, -2.0396, 3.7466, 31.6664, 89.1774
1740983256.180, 2.806, 1.255, -1.8161, -1.2288, -2.0291, 4.0188, 31.5426, 88.6830
1740983256.260, 2.807, 1.235, -1.8212, -1.2290, -2.0198, 3.9307, 31.4623, 88.7424
1740983256.340, 2.806, 1.219, -1.8229, -1.2299, -2.0089, 2.4916, 31.6282, 89.5077
1740983256.419, 2.808, 1.206, -1.8255, -1.2307, -1.9988, 1.3546, 32.0340, 89.7830
1740983256.499, 2.815, 1.193, -1.8313, -1.2308, -1.9906, 1.8222, 31.9505, 89.3914
1740983256.579, 2.815, 1.193, -1.8369, -1.2308, -1.9818, 1.8694, 31.8894, 89.3411
1740983256.658, 2.813, 1.178, -1.8423, -1.2311, -1.9727, 1.8777, 31.9361, 89.2553
1740983256.738, 2.812, 1.165, -1.8478, -1.2312, -1.9630, 1.8028, 32.0418, 89.3034
1740983256.818, 2.812, 1.152, -1.8539, -1.2314, -1.9529, 1.7862, 32.0468, 89.3163
1740983256.897, 2.815, 1.139, -1.8603, -1.2313, -1.9426, 1.8719, 32.0583, 89.3668
1740983256.977, 2.815, 1.139, -1.8664, -1.2315, -1.9322, 1.8164, 32.0439, 89.3890
1740983257.057, 2.817, 1.124, -1.8725, -1.2318, -1.9220, 1.8362, 32.0874, 89.3964
1740983257.136, 2.817, 1.109, -1.8744, -1.2311, -1.9149, 1.2517, 31.6949, 89.1256
1740983257.216, 2.817, 1.096, -1.8767, -1.2304, -1.9122, 1.4761, 31.6679, 88.1293
1740983257.296, 2.815, 1.087, -1.8809, -1.2301, -1.9051, 1.4129, 31.7348, 88.0007
1740983257.375, 2.815, 1.087, -1.8871, -1.2301, -1.8934, 1.2842, 31.7290, 87.9751
1740983257.455, 2.813, 1.081, -1.8948, -1.2296, -1.8809, 1.3491, 31.8863, 87.5914
1740983257.535, 2.814, 1.067, -1.9024, -1.2304, -1.8678, 1.3027, 31.6219, 87.5448
1740983257.614, 2.818, 1.049, -1.9094, -1.2306, -1.8559, 1.4001, 31.5833, 87.4345
1740983257.694, 2.814, 1.027, -1.9157, -1.2301, -1.8454, 1.5157, 31.2823, 87.4355
1740983257.773, 2.814, 1.027, -1.9219, -1.2308, -1.8356, 1.6147, 31.3493, 87.7215
1740983257.853, 2.818, 1.011, -1.9307, -1.2325, -1.8199, 1.6428, 30.9464, 89.7912
1740983257.933, 2.814, 0.999, -1.9377, -1.2330, -1.8082, 1.9030, 30.8775, 89.4543
1740983258.012, 2.820, 0.979, -1.9419, -1.2325, -1.7976, 1.3053, 31.6583, 90.0370
1740983258.092, 2.819, 0.979, -1.9441, -1.2319, -1.7911, 0.7952, 32.0740, 90.5537
1740983258.172, 2.819, 0.960, -1.9449, -1.2315, -1.7864, 0.0304, 31.9695, 90.8069
1740983258.251, 2.821, 0.949, -1.9486, -1.2316, -1.7777, -0.3841, 31.8832, 90.9798
1740983258.331, 2.826, 0.944, -1.9567, -1.2316, -1.7647, -0.3895, 31.9021, 91.1923
1740983258.411, 2.822, 0.934, -1.9644, -1.2312, -1.7519, 0.3280, 30.0627, 91.2987
1740983258.490, 2.822, 0.913, -1.9644, -1.2309, -1.7460, -0.1819, 29.1239, 90.7244
1740983258.570, 2.822, 0.913, -1.9640, -1.2299, -1.7445, -0.8761, 29.0695, 89.9176
1740983258.650, 2.833, 0.902, -1.9659, -1.2294, -1.7392, -1.0068, 29.5769, 88.9920
1740983258.729, 2.837, 0.902, -1.9716, -1.2292, -1.7285, -1.1356, 29.9005, 88.9149
1740983258.809, 2.832, 0.894, -1.9810, -1.2296, -1.7144, -0.8888, 30.7489, 88.8709
1740983258.888, 2.831, 0.894, -1.9950, -1.2326, -1.7026, 1.1591, 30.4302, 87.2620
1740983258.968, 2.831, 0.872, -2.0135, -1.2310, -1.6859, 3.8304, 31.0491, 87.7039
1740983259.048, 2.828, 0.853, -2.0174, -1.2333, -1.6711, 1.8104, 31.6660, 87.9080
1740983259.127, 2.816, 0.826, -2.0237, -1.2344, -1.6565, 1.5488, 31.6009, 89.6319
1740983259.207, 2.821, 0.807, -2.0300, -1.2353, -1.6468, 1.6275, 31.7622, 89.4652
1740983259.287, 2.817, 0.792, -2.0340, -1.2350, -1.6409, 1.9267, 31.6675, 89.3943
1740983259.366, 2.817, 0.792, -2.0359, -1.2346, -1.6387, 2.2562, 31.3036, 89.4549
1740983259.446, 2.823, 0.777, -2.0368, -1.2348, -1.6384, 2.5016, 31.1797, 89.3648
1740983259.526, 2.820, 0.772, -2.0407, -1.2345, -1.6366, 3.2960, 31.1637, 88.8788
1740983259.605, 2.815, 0.772, -2.0497, -1.2333, -1.6283, 4.6548, 31.1576, 88.1006
1740983259.685, 2.817, 0.768, -2.0604, -1.2333, -1.6111, 4.5255, 30.9614, 88.2353
1740983259.764, 2.817, 0.768, -2.0710, -1.2337, -1.5909, 4.3509, 30.7353, 88.4300
1740983259.844, 2.815, 0.745, -2.0806, -1.2341, -1.5737, 4.2086, 30.5321, 88.3974
1740983259.924, 2.811, 0.720, -2.0878, -1.2342, -1.5606, 4.1225, 30.4273, 88.3504
1740983260.003, 2.812, 0.697, -2.0913, -1.2342, -1.5496, 3.2711, 30.5201, 88.6900
1740983260.083, 2.812, 0.677, -2.0921, -1.2357, -1.5393, 1.4648, 30.8163, 89.0702
1740983260.163, 2.812, 0.677, -2.0962, -1.2362, -1.5313, 1.6557, 30.6936, 89.0644
1740983260.242, 2.822, 0.667, -2.0999, -1.2363, -1.5250, 1.4739, 30.8877, 89.1472
1740983260.322, 2.818, 0.656, -2.1021, -1.2362, -1.5218, 1.5497, 30.9019, 89.1238
1740983260.402, 2.825, 0.647, -2.1019, -1.2364, -1.5219, 1.5140, 30.9383, 89.1262
1740983260.481, 2.824, 0.641, -2.1017, -1.2365, -1.5224, 1.5152, 30.9202, 89.1224
1740983260.561, 2.824, 0.641, -2.1016, -1.2363, -1.5226, 1.4860, 30.9306, 89.1469
1740983260.641, 2.818, 0.641, -2.1016, -1.2363, -1.5226, 1.4930, 30.9026, 89.1384
1740983260.720, 2.825, 0.646, -2.1016, -1.2362, -1.5227, 1.4951, 30.9137, 89.1408
1740983260.800, 2.826, 0.645, -2.1016, -1.2363, -1.5226, 1.4887, 30.9120, 89.1451
1740983260.880, 2.825, 0.642, -2.1016, -1.2364, -1.5226, 1.4819, 30.9123, 89.1533
1740983260.959, 2.825, 0.642, -2.1016, -1.2363, -1.5227, 1.4813, 30.9122, 89.1573
1740983261.039, 2.819, 0.641, -2.1016, -1.2364, -1.5227, 1.4771, 30.9193, 89.1619
1740983261.119, 2.819, 0.645, -2.1016, -1.2364, -1.5227, 1.4707, 30.9108, 89.1710
1740983261.198, 2.825, 0.642, -2.1015, -1.2363, -1.5226, 1.4591, 30.9109, 89.1685
1740983261.278, 2.826, 0.645, -2.1017, -1.2363, -1.5226, 1.4545, 30.9089, 89.1679
1740983261.357, 2.826, 0.645, -2.1015, -1.2364, -1.5227, 1.4651, 30.9222, 89.1633
1740983261.437, 2.819, 0.642, -2.1016, -1.2363, -1.5227, 1.4703, 30.9217, 89.1576
1740983261.517, 2.819, 0.641, -2.1016, -1.2364, -1.5227, 1.4747, 30.9256, 89.1593
1740983261.596, 2.826, 0.645, -2.1016, -1.2363, -1.5227, 1.4760, 30.9303, 89.1588
1740983261.676, 2.826, 0.642, -2.1016, -1.2363, -1.5227, 1.4792, 30.9356, 89.1534
1740983261.756, 2.824, 0.642, -2.1016, -1.2363, -1.5227, 1.4846, 30.9280, 89.1426
1740983261.835, 2.826, 0.645, -2.1016, -1.2363, -1.5226, 1.4810, 30.9294, 89.1418
1740983261.915, 2.819, 0.642, -2.1016, -1.2364, -1.5227, 1.4615, 30.9359, 89.1419
1740983261.995, 2.819, 0.642, -2.1016, -1.2364, -1.5227, 1.4703, 30.9362, 89.1477
1740983262.074, 2.819, 0.642, -2.1016, -1.2363, -1.5227, 1.4698, 30.9440, 89.1403
1740983262.154, 2.825, 0.642, -2.1016, -1.2364, -1.5227, 1.4694, 30.9435, 89.1302
1740983262.234, 2.824, 0.642, -2.1016, -1.2363, -1.5227, 1.4680, 30.9342, 89.1307
1740983262.313, 2.818, 0.645, -2.1015, -1.2364, -1.5227, 1.4632, 30.9371, 89.1380
1740983262.393, 2.825, 0.642, -2.1015, -1.2364, -1.5227, 1.4646, 30.9436, 89.1335
1740983262.473, 2.825, 0.645, -2.1016, -1.2363, -1.5227, 1.4849, 30.9428, 89.1240
1740983262.552, 2.825, 0.645, -2.1015, -1.2364, -1.5226, 1.4773, 30.9462, 89.1176
1740983262.632, 2.818, 0.642, -2.1016, -1.2364, -1.5227, 1.4833, 30.9520, 89.1223
1740983262.711, 2.825, 0.645, -2.1016, -1.2364, -1.5226, 1.4822, 30.9412, 89.1412
1740983262.791, 2.824, 0.642, -2.0983, -1.2366, -1.5282, 1.4991, 30.8797, 89.2037
1740983262.871, 2.824, 0.643, -2.0910, -1.2371, -1.5414, 1.5894, 30.6527, 89.2865
1740983262.950, 2.824, 0.643, -2.0883, -1.2354, -1.5583, 3.7416, 30.9148, 88.4860
1740983263.030, 2.825, 0.659, -2.0808, -1.2338, -1.5749, 4.2706, 30.7841, 88.2591
1740983263.110, 2.812, 0.676, -2.0719, -1.2336, -1.5926, 4.5721, 30.9631, 88.0550
1740983263.189, 2.811, 0.702, -2.0629, -1.2336, -1.6086, 4.5369, 31.0337, 88.2819
1740983263.269, 2.811, 0.727, -2.0548, -1.2336, -1.6235, 4.5853, 31.0744, 88.2946
1740983263.350, 2.815, 0.727, -2.0473, -1.2337, -1.6355, 4.4363, 31.1053, 88.3198
1740983263.428, 2.814, 0.744, -2.0385, -1.2342, -1.6419, 2.8217, 31.1789, 89.1515
1740983263.508, 2.813, 0.766, -2.0324, -1.2357, -1.6472, 1.8175, 31.4148, 89.3726
1740983263.588, 2.818, 0.778, -2.0316, -1.2357, -1.6478, 1.7825, 31.5471, 89.4063
1740983263.667, 2.818, 0.782, -2.0319, -1.2355, -1.6476, 1.7151, 31.5729, 89.4183
1740983263.747, 2.814, 0.782, -2.0318, -1.2355, -1.6476, 1.7217, 31.5775, 89.4098
1740983263.827, 2.820, 0.782, -2.0311, -1.2355, -1.6490, 1.7307, 31.6002, 89.4361
1740983263.906, 2.820, 0.785, -2.0281, -1.2354, -1.6540, 1.7735, 31.4647, 89.4194
1740983263.986, 2.815, 0.784, -2.0227, -1.2347, -1.6644, 1.8763, 31.8281, 89.1115
1740983264.066, 2.815, 0.795, -2.0170, -1.2341, -1.6776, 2.6119, 32.0411, 87.9783
1740983264.145, 2.820, 0.795, -2.0109, -1.2334, -1.6903, 3.1118, 31.5752, 88.0194
1740983264.225, 2.813, 0.812, -2.0018, -1.2326, -1.7055, 3.0371, 31.0595, 87.8886
1740983264.304, 2.812, 0.825, -1.9913, -1.2297, -1.7149, 1.0583, 30.4329, 89.5912
1740983264.384, 2.820, 0.848, -1.9814, -1.2295, -1.7282, 0.6002, 30.3595, 89.6140
1740983264.464, 2.820, 0.865, -1.9683, -1.2293, -1.7454, -0.3054, 29.9687, 89.5581
1740983264.543, 2.825, 0.865, -1.9601, -1.2316, -1.7612, -0.0867, 30.0414, 91.3783
1740983264.623, 2.829, 0.888, -1.9534, -1.2325, -1.7766, 0.5358, 29.7567, 91.4600
1740983264.702, 2.830, 0.911, -1.9429, -1.2318, -1.7940, -0.0770, 29.4678, 90.8978
1740983264.782, 2.830, 0.935, -1.9379, -1.2331, -1.8120, 1.9737, 29.2520, 89.2596
1740983264.862, 2.830, 0.957, -1.9300, -1.2322, -1.8264, 1.6668, 29.0954, 88.6467
1740983264.941, 2.817, 0.957, -1.9242, -1.2309, -1.8372, 1.6249, 29.5646, 87.6869
1740983265.021, 2.821, 0.982, -1.9188, -1.2306, -1.8468, 1.4679, 29.6169, 87.5020
1740983265.101, 2.819, 0.999, -1.9110, -1.2308, -1.8598, 1.2572, 29.9795, 87.6413
1740983265.180, 2.820, 1.011, -1.9022, -1.2301, -1.8758, 1.2742, 30.3296, 87.5507
1740983265.260, 2.820, 1.029, -1.8932, -1.2298, -1.8937, 1.5575, 30.8440, 87.2791
1740983265.340, 2.817, 1.029, -1.8846, -1.2301, -1.9095, 1.6059, 31.0365, 87.6420
1740983265.419, 2.815, 1.054, -1.8770, -1.2301, -1.9237, 1.7700, 31.4099, 87.6150
1740983265.499, 2.814, 1.079, -1.8709, -1.2313, -1.9352, 1.9186, 31.8867, 89.3304
1740983265.579, 2.812, 1.099, -1.8637, -1.2315, -1.9473, 1.8951, 31.6583, 89.3867
1740983265.658, 2.812, 1.099, -1.8564, -1.2321, -1.9594, 1.7965, 31.6386, 89.3842
1740983265.738, 2.806, 1.112, -1.8489, -1.2317, -1.9716, 1.8447, 31.5949, 89.3465
1740983265.818, 2.812, 1.129, -1.8416, -1.2315, -1.9848, 1.8782, 31.5351, 89.3817
1740983265.897, 2.806, 1.150, -1.8332, -1.2310, -1.9981, 1.7701, 31.4582, 89.4809
1740983265.977, 2.811, 1.166, -1.8251, -1.2308, -2.0124, 1.9220, 31.3966, 89.4415
1740983266.057, 2.811, 1.166, -1.8223, -1.2289, -2.0268, 3.4688, 31.6530, 88.9368
1740983266.136, 2.811, 1.188, -1.8164, -1.2290, -2.0387, 3.8529, 31.6677, 89.0091
1740983266.216, 2.800, 1.208, -1.8092, -1.2281, -2.0514, 3.8799, 31.7844, 89.0991
1740983266.295, 2.799, 1.222, -1.8016, -1.2270, -2.0665, 4.3126, 31.7471, 88.8200
1740983266.375, 2.805, 1.242, -1.7936, -1.2269, -2.0821, 4.5444, 31.6767, 88.6013
1740983266.455, 2.805, 1.242, -1.7857, -1.2268, -2.0966, 4.6319, 31.6597, 88.5229
1740983266.534, 2.804, 1.262, -1.7763, -1.2273, -2.1098, 4.1114, 31.7477, 88.6219
1740983266.614, 2.802, 1.285, -1.7606, -1.2294, -2.1229, 1.6507, 32.2499, 89.4178
1740983266.694, 2.802, 1.305, -1.7520, -1.2286, -2.1375, 1.5899, 32.4053, 89.2074
1740983266.773, 2.809, 1.327, -1.7475, -1.2279, -2.1492, 2.1709, 33.3719, 88.3415
1740983266.853, 2.809, 1.327, -1.7449, -1.2271, -2.1555, 2.7075, 33.0606, 88.0137
1740983266.933, 2.800, 1.347, -1.7428, -1.2267, -2.1621, 3.3346, 32.7708, 87.9875
1740983267.012, 2.805, 1.359, -1.7352, -1.2264, -2.1725, 2.9518, 32.6606, 87.9007
1740983267.092, 2.804, 1.366, -1.7269, -1.2236, -2.1782, 1.4653, 32.0116, 89.2976
1740983267.172, 2.804, 1.384, -1.7208, -1.2229, -2.1884, 1.5877, 32.3029, 89.6454
1740983267.251, 2.808, 1.384, -1.7142, -1.2225, -2.2051, 2.6720, 32.2201, 89.8042
1740983267.331, 2.803, 1.394, -1.7014, -1.2233, -2.2217, 1.9967, 31.3616, 91.1339
1740983267.410, 2.808, 1.412, -1.6823, -1.2246, -2.2416, -0.8566, 31.4440, 91.5210
1740983267.490, 2.812, 1.437, -1.6726, -1.2258, -2.2625, 0.4809, 31.6311, 90.7933
1740983267.570, 2.812, 1.474, -1.6656, -1.2259, -2.2805, 1.5218, 31.4262, 90.0010
1740983267.649, 2.817, 1.474, -1.6585, -1.2251, -2.2930, 1.3318, 30.9324, 88.9065
1740983267.729, 2.804, 1.499, -1.6547, -1.2240, -2.2994, 1.3815, 31.2642, 88.2208
1740983267.809, 2.805, 1.517, -1.6505, -1.2237, -2.3065, 1.2195, 31.2663, 88.1400
1740983267.888, 2.811, 1.529, -1.6432, -1.2236, -2.3190, 1.1357, 31.5795, 88.1218
1740983267.968, 2.811, 1.541, -1.6345, -1.2232, -2.3355, 1.3379, 31.9303, 87.9518
1740983268.048, 2.811, 1.541, -1.6243, -1.2229, -2.3530, 1.0965, 32.3522, 88.2982
1740983268.127, 2.808, 1.562, -1.6151, -1.2229, -2.3699, 1.3209, 32.6845, 88.3505
1740983268.207, 2.802, 1.588, -1.6068, -1.2223, -2.3829, 1.0895, 33.0252, 88.8088
1740983268.287, 2.807, 1.613, -1.6015, -1.2235, -2.3929, 1.1018, 33.4069, 90.2514
1740983268.366, 2.807, 1.630, -1.5944, -1.2243, -2.4037, 1.1470, 33.1590, 90.4569
1740983268.446, 2.800, 1.630, -1.5873, -1.2238, -2.4151, 1.2541, 33.0095, 90.4103
1740983268.526, 2.800, 1.648, -1.5805, -1.2231, -2.4268, 1.4002, 32.8612, 90.4005
1740983268.605, 2.800, 1.663, -1.5732, -1.2224, -2.4394, 1.5083, 32.7278, 90.2972
1740983268.685, 2.806, 1.679, -1.5649, -1.2229, -2.4532, 1.5005, 32.5179, 90.2756
1740983268.764, 2.806, 1.697, -1.5564, -1.2226, -2.4667, 1.5172, 32.3949, 90.2199
1740983268.844, 2.807, 1.697, -1.5477, -1.2221, -2.4806, 1.4074, 32.2113, 90.2762
1740983268.924, 2.805, 1.715, -1.5393, -1.2220, -2.4943, 1.3179, 32.1135, 90.3649
1740983269.003, 2.808, 1.737, -1.5314, -1.2217, -2.5077, 1.3567, 31.9706, 90.4045
1740983269.083, 2.800, 1.758, -1.5237, -1.2210, -2.5203, 1.3146, 31.8720, 90.4725
1740983269.163, 2.800, 1.778, -1.5163, -1.2208, -2.5329, 1.3812, 31.7370, 90.4268
1740983269.242, 2.800, 1.778, -1.5087, -1.2198, -2.5458, 1.3561, 31.5511, 90.3816
1740983269.322, 2.807, 1.796, -1.5005, -1.2199, -2.5587, 1.1969, 31.3565, 90.4779
1740983269.402, 2.809, 1.816, -1.4924, -1.2198, -2.5724, 1.0849, 31.2185, 90.5602
1740983269.481, 2.809, 1.833, -1.4845, -1.2196, -2.5860, 1.1119, 31.0105, 90.6024
1740983269.561, 2.809, 1.853, -1.4772, -1.2194, -2.5992, 1.1969, 30.8925, 90.6038
1740983269.641, 2.803, 1.853, -1.4703, -1.2196, -2.6125, 1.3289, 30.7768, 90.5574
1740983269.720, 2.802, 1.873, -1.4633, -1.2190, -2.6246, 1.2800, 30.6232, 90.5080
1740983269.800, 2.809, 1.894, -1.4565, -1.2188, -2.6369, 1.3102, 30.5347, 90.4195
1740983269.880, 2.808, 1.908, -1.4492, -1.2185, -2.6494, 1.2422, 30.3840, 90.4446
1740983269.959, 2.808, 1.927, -1.4414, -1.2188, -2.6626, 1.1918, 30.3238, 90.4693
1740983270.039, 2.808, 1.927, -1.4340, -1.2181, -2.6760, 1.1665, 30.2512, 90.4540
1740983270.119, 2.800, 1.946, -1.4266, -1.2178, -2.6896, 1.2282, 30.2206, 90.4556
1740983270.198, 2.808, 1.966, -1.4192, -1.2174, -2.7031, 1.2362, 30.1271, 90.4189
1740983270.278, 2.801, 1.986, -1.4127, -1.2174, -2.7157, 1.3568, 30.0112, 90.3274
1740983270.357, 2.801, 2.004, -1.4056, -1.2171, -2.7279, 1.3043, 29.9337, 90.2806
1740983270.437, 2.806, 2.004, -1.3984, -1.2169, -2.7403, 1.1441, 29.8227, 90.2603
1740983270.517, 2.805, 2.020, -1.3908, -1.2168, -2.7533, 1.0106, 29.6893, 90.3334
1740983270.596, 2.806, 2.038, -1.3834, -1.2161, -2.7665, 1.0113, 29.5242, 90.3423
1740983270.676, 2.795, 2.055, -1.3766, -1.2162, -2.7802, 1.1178, 29.4224, 90.3895
1740983270.756, 2.795, 2.078, -1.3696, -1.2159, -2.7933, 1.1350, 29.3271, 90.5424
1740983270.835, 2.787, 2.078, -1.3623, -1.2155, -2.8070, 1.2223, 29.1954, 90.4410
1740983270.915, 2.779, 2.098, -1.3553, -1.2151, -2.8200, 1.2231, 29.0518, 90.3284
1740983270.995, 2.778, 2.118, -1.3480, -1.2145, -2.8333, 1.1361, 28.9119, 90.4001
1740983271.074, 2.777, 2.137, -1.3404, -1.2148, -2.8469, 1.0767, 28.8226, 90.3913
1740983271.154, 2.777, 2.137, -1.3327, -1.2146, -2.8612, 1.0430, 28.7305, 90.3427
1740983271.233, 2.772, 2.157, -1.3258, -1.2146, -2.8750, 1.0973, 28.6317, 90.3009
1740983271.313, 2.774, 2.178, -1.3189, -1.2143, -2.8884, 1.1186, 28.5412, 90.2328
1740983271.393, 2.777, 2.198, -1.3128, -1.2149, -2.9016, 1.2793, 28.5231, 90.0509
1740983271.472, 2.771, 2.216, -1.3058, -1.2138, -2.9137, 1.1378, 28.3992, 90.0332
1740983271.552, 2.771, 2.216, -1.2983, -1.2136, -2.9265, 0.9293, 28.2279, 89.9916
1740983271.632, 2.772, 2.235, -1.2910, -1.2137, -2.9402, 0.8239, 28.1165, 89.9791
1740983271.711, 2.776, 2.252, -1.2836, -1.2131, -2.9541, 0.8020, 27.9275, 89.9912
1740983271.791, 2.776, 2.274, -1.2766, -1.2133, -2.9684, 0.8437, 27.8186, 89.9606
1740983271.871, 2.776, 2.293, -1.2701, -1.2129, -2.9823, 1.0085, 27.7222, 89.9125
1740983271.950, 2.776, 2.293, -1.2635, -1.2131, -2.9956, 1.1097, 27.6588, 89.8183
1740983272.030, 2.774, 2.314, -1.2576, -1.2138, -3.0071, 1.0517, 27.5901, 89.7727
1740983272.109, 2.768, 2.333, -1.2524, -1.2132, -3.0175, 1.0322, 27.4797, 89.7960
1740983272.189, 2.773, 2.333, -1.2471, -1.2132, -3.0275, 0.9688, 27.4595, 89.8147
1740983272.269, 2.773, 2.359, -1.2416, -1.2133, -3.0381, 0.8668, 27.3910, 89.8257
1740983272.348, 2.773, 2.359, -1.2360, -1.2133, -3.0494, 0.8243, 27.2999, 89.8207
1740983272.428, 2.762, 2.379, -1.2303, -1.2131, -3.0606, 0.8505, 27.1900, 89.7737
1740983272.508, 2.763, 2.392, -1.2258, -1.2133, -3.0706, 0.8982, 27.1826, 89.7446
1740983272.587, 2.771, 2.412, -1.2218, -1.2131, -3.0785, 0.8764, 27.1243, 89.7438
1740983272.667, 2.762, 2.425, -1.2189, -1.2130, -3.0846, 0.8981, 27.0854, 89.7597
1740983272.747, 2.762, 2.425, -1.2165, -1.2129, -3.0898, 0.9600, 27.0216, 89.7083
1740983272.826, 2.761, 2.431, -1.2150, -1.2130, -3.0931, 0.9599, 27.0064, 89.7268
1740983272.906, 2.766, 2.441, -1.2142, -1.2130, -3.0950, 0.9744, 26.9908, 89.7210
1740983272.986, 2.760, 2.449, -1.2135, -1.2129, -3.0961, 0.9535, 27.0078, 89.7319
1740983273.065, 2.760, 2.451, -1.2128, -1.2128, -3.0976, 0.9587, 26.9796, 89.7426
1740983273.145, 2.762, 2.451, -1.2114, -1.2128, -3.1005, 0.9347, 26.9605, 89.7431
1740983273.224, 2.767, 2.452, -1.2094, -1.2128, -3.1042, 0.9183, 26.9717, 89.7460
1740983273.304, 2.761, 2.450, -1.2068, -1.2129, -3.1091, 0.8771, 26.8973, 89.7735
1740983273.384, 2.767, 2.450, -1.2039, -1.2128, -3.1147, 0.8026, 26.8398, 89.7679
1740983273.463, 2.767, 2.467, -1.2010, -1.2127, -3.1199, 0.7391, 26.7893, 89.8083
1740983273.543, 2.760, 2.467, -1.1987, -1.2128, -3.1249, 0.6768, 26.7224, 89.8517
1740983273.623, 2.761, 2.472, -1.1964, -1.2129, -3.1295, 0.6761, 26.6884, 89.8945
1740983273.702, 2.759, 2.476, -1.1943, -1.2130, -3.1339, 0.6716, 26.6783, 89.9302
1740983273.782, 2.759, 2.484, -1.1923, -1.2128, -3.1381, 0.6828, 26.6473, 89.9198
1740983273.862, 2.759, 2.490, -1.1902, -1.2128, -3.1426, 0.7237, 26.5768, 89.9285
1740983273.941, 2.760, 2.490, -1.1883, -1.2127, -3.1471, 0.7189, 26.7276, 89.9606
1740983274.021, 2.759, 2.495, -1.1866, -1.2126, -3.1514, 0.7929, 26.9593, 89.9277
1740983274.101, 2.757, 2.502, -1.1854, -1.2126, -3.1550, 0.7835, 27.2869, 89.9889
1740983274.180, 2.758, 2.506, -1.1841, -1.2126, -3.1586, 0.7793, 27.6344, 90.0292
1740983274.260, 2.758, 2.513, -1.1825, -1.2126, -3.1624, 0.7337, 28.0164, 90.0655
1740983274.340, 2.759, 2.513, -1.1808, -1.2128, -3.1669, 0.7266, 28.2592, 90.1019
1740983274.419, 2.755, 2.518, -1.1784, -1.2125, -3.1714, 0.7658, 28.2739, 90.0772
1740983274.499, 2.753, 2.517, -1.1762, -1.2126, -3.1759, 0.8040, 28.2719, 90.0366
1740983274.579, 2.753, 2.523, -1.1741, -1.2125, -3.1802, 0.8344, 28.3112, 90.0342
1740983274.658, 2.753, 2.529, -1.1719, -1.2126, -3.1846, 0.8558, 28.3112, 89.9883
1740983274.738, 2.745, 2.529, -1.1697, -1.2127, -3.1889, 0.8543, 28.3135, 89.9684
1740983274.818, 2.752, 2.533, -1.1675, -1.2124, -3.1931, 0.8582, 28.3410, 89.9610
1740983274.897, 2.744, 2.541, -1.1652, -1.2123, -3.1975, 0.8113, 28.3431, 89.9869
1740983274.977, 2.747, 2.550, -1.1629, -1.2125, -3.2022, 0.8477, 28.3614, 89.9535
1740983275.056, 2.747, 2.552, -1.1608, -1.2126, -3.2061, 0.8115, 28.4118, 89.9498
1740983275.136, 2.742, 2.552, -1.1590, -1.2125, -3.2097, 0.7935, 28.5700, 89.9790
1740983275.216, 2.743, 2.558, -1.1577, -1.2125, -3.2126, 0.8069, 28.7571, 89.9920
1740983275.295, 2.741, 2.567, -1.1568, -1.2125, -3.2149, 0.8345, 28.7696, 89.9973
1740983275.375, 2.747, 2.570, -1.1558, -1.2124, -3.2170, 0.8543, 28.7715, 90.0158
1740983275.455, 2.747, 2.568, -1.1545, -1.2124, -3.2195, 0.8892, 28.7931, 90.0239
1740983275.534, 2.748, 2.568, -1.1526, -1.2124, -3.2231, 0.8702, 28.8335, 90.0243
1740983275.614, 2.740, 2.578, -1.1502, -1.2123, -3.2277, 0.8549, 28.8271, 90.0500
1740983275.694, 2.746, 2.577, -1.1468, -1.2122, -3.2340, 0.7899, 28.8732, 90.0906
1740983275.773, 2.746, 2.584, -1.1424, -1.2120, -3.2422, 0.7902, 28.9770, 90.1109
1740983275.853, 2.746, 2.599, -1.1375, -1.2125, -3.2525, 0.9423, 29.0478, 89.9513
1740983275.933, 2.746, 2.599, -1.1323, -1.2128, -3.2629, 0.9733, 29.1825, 89.9939
1740983276.012, 2.739, 2.604, -1.1271, -1.2123, -3.2729, 0.9890, 29.2064, 89.9499
1740983276.092, 2.737, 2.622, -1.1220, -1.2117, -3.2824, 1.0202, 29.3113, 89.8463
1740983276.171, 2.739, 2.632, -1.1177, -1.2119, -3.2907, 1.0311, 29.3508, 89.8442
1740983276.251, 2.739, 2.642, -1.1134, -1.2119, -3.2983, 0.9452, 29.3752, 89.8711
1740983276.331, 2.735, 2.642, -1.1090, -1.2114, -3.3055, 0.7934, 29.3764, 89.9221
1740983276.410, 2.734, 2.658, -1.1047, -1.2115, -3.3127, 0.7006, 29.3544, 89.9726
1740983276.490, 2.739, 2.670, -1.1008, -1.2117, -3.3198, 0.6209, 29.3725, 90.0497
1740983276.570, 2.734, 2.682, -1.0970, -1.2116, -3.3268, 0.6081, 29.4047, 90.0826
1740983276.649, 2.734, 2.682, -1.0935, -1.2118, -3.3334, 0.6370, 29.4191, 90.0829
1740983276.729, 2.737, 2.686, -1.0903, -1.2115, -3.3399, 0.6896, 29.4787, 90.0114
1740983276.809, 2.734, 2.697, -1.0872, -1.2114, -3.3456, 0.7239, 29.4990, 89.9696
1740983276.888, 2.735, 2.708, -1.0843, -1.2115, -3.3517, 0.7619, 29.5668, 90.0251
1740983276.968, 2.738, 2.718, -1.0810, -1.2116, -3.3582, 0.7727, 29.5713, 90.0047
1740983277.048, 2.738, 2.718, -1.0777, -1.2113, -3.3644, 0.8093, 29.6210, 90.0031
1740983277.127, 2.737, 2.721, -1.0744, -1.2114, -3.3704, 0.7937, 29.6420, 90.0023
1740983277.207, 2.737, 2.729, -1.0712, -1.2114, -3.3770, 0.8585, 29.6602, 89.9285
1740983277.287, 2.730, 2.741, -1.0677, -1.2111, -3.3835, 0.8417, 29.6574, 89.9127
1740983277.366, 2.731, 2.752, -1.0632, -1.2110, -3.3915, 0.8153, 29.6994, 89.9440
1740983277.446, 2.731, 2.752, -1.0575, -1.2111, -3.4017, 0.7719, 29.6540, 89.9773
1740983277.525, 2.729, 2.757, -1.0499, -1.2110, -3.4152, 0.6675, 29.6517, 90.0439
1740983277.605, 2.730, 2.776, -1.0414, -1.2108, -3.4306, 0.6302, 29.7192, 90.1819
1740983277.685, 2.734, 2.793, -1.0336, -1.2106, -3.4461, 0.7616, 29.7542, 90.1438
1740983277.764, 2.731, 2.814, -1.0255, -1.2105, -3.4611, 0.7306, 29.8364, 90.1676
1740983277.844, 2.731, 2.814, -1.0183, -1.2101, -3.4739, 0.7313, 29.9116, 90.2264
1740983277.924, 2.732, 2.835, -1.0125, -1.2090, -3.4852, 0.7924, 30.0391, 90.3348
1740983278.003, 2.723, 2.855, -1.0117, -1.2084, -3.4876, 0.6071, 29.9499, 92.0024
1740983278.083, 2.732, 2.873, -1.0064, -1.2072, -3.4942, 0.3715, 29.9706, 92.7161
1740983278.163, 2.729, 2.871, -1.0002, -1.2064, -3.5060, 0.3661, 29.9300, 92.9252
1740983278.242, 2.729, 2.871, -0.9904, -1.2063, -3.5234, 0.2323, 29.9368, 92.6941
1740983278.322, 2.732, 2.882, -0.9764, -1.2095, -3.5493, 0.8845, 29.9159, 90.5977
1740983278.401, 2.722, 2.904, -0.9670, -1.2103, -3.5694, 0.7433, 30.0163, 90.1048
1740983278.481, 2.720, 2.936, -0.9594, -1.2094, -3.5835, 0.6896, 30.0654, 90.1791
1740983278.561, 2.720, 2.961, -0.9531, -1.2088, -3.5944, 0.6012, 30.0862, 90.2256
1740983278.640, 2.723, 2.961, -0.9483, -1.2083, -3.6025, 0.5321, 30.1094, 90.2606
1740983278.720, 2.720, 2.982, -0.9440, -1.2063, -3.6101, 0.5482, 30.2028, 89.2662
1740983278.800, 2.722, 2.993, -0.9401, -1.2057, -3.6178, 0.6594, 30.1314, 88.3460
1740983278.879, 2.723, 3.010, -0.9335, -1.2062, -3.6300, 0.6749, 30.0884, 87.9062
1740983278.959, 2.723, 3.022, -0.9247, -1.2064, -3.6472, 0.7995, 30.0424, 87.7973
1740983279.039, 2.717, 3.022, -0.9170, -1.2083, -3.6608, 0.7011, 30.4502, 91.0178
1740983279.118, 2.718, 3.043, -0.9081, -1.2086, -3.6765, 0.5592, 30.1607, 90.4369
1740983279.198, 2.715, 3.067, -0.9030, -1.2048, -3.6864, 0.4526, 30.2036, 91.6761
1740983279.278, 2.721, 3.086, -0.9006, -1.2041, -3.6894, 0.5146, 30.0369, 92.4476
1740983279.357, 2.721, 3.096, -0.8977, -1.2039, -3.6950, 0.5135, 30.0367, 92.8802
1740983279.437, 2.717, 3.096, -0.8915, -1.2039, -3.7066, 0.6218, 29.9706, 92.8718
1740983279.517, 2.715, 3.097, -0.8817, -1.2038, -3.7239, 0.5965, 30.1281, 92.5910
1740983279.596, 2.719, 3.118, -0.8696, -1.2050, -3.7478, 1.0823, 30.0680, 90.5258
1740983279.676, 2.718, 3.140, -0.8601, -1.2043, -3.7654, 0.9076, 30.0926, 90.1810
1740983279.755, 2.718, 3.174, -0.8525, -1.2049, -3.7792, 0.8292, 30.0107, 90.2271
1740983279.835, 2.713, 3.174, -0.8464, -1.2055, -3.7891, 0.7582, 30.0157, 90.2868
1740983279.915, 2.716, 3.197, -0.8422, -1.2054, -3.7968, 0.7834, 30.0254, 90.3557
1740983279.995, 2.718, 3.209, -0.8379, -1.2050, -3.8060, 0.9525, 30.1587, 89.7573
1740983280.074, 2.709, 3.219, -0.8331, -1.2036, -3.8143, 0.9817, 29.9310, 88.6093
1740983280.154, 2.709, 3.233, -0.8272, -1.2024, -3.8241, 0.8385, 29.9940, 88.0268
1740983280.234, 2.708, 3.233, -0.8197, -1.2018, -3.8384, 0.9434, 29.9828, 87.9730
1740983280.313, 2.711, 3.247, -0.8102, -1.2021, -3.8550, 0.8630, 30.0790, 88.5143
1740983280.393, 2.714, 3.267, -0.8029, -1.2035, -3.8681, 0.8202, 30.2025, 90.4808
1740983280.472, 2.709, 3.290, -0.7947, -1.2030, -3.8825, 0.7163, 30.0916, 90.3637
1740983280.552, 2.709, 3.301, -0.7869, -1.2033, -3.8961, 0.7787, 30.1451, 90.3428
1740983280.632, 2.707, 3.301, -0.7828, -1.2032, -3.9049, 0.8730, 30.1683, 90.3766
1740983280.711, 2.715, 3.322, -0.7786, -1.2025, -3.9127, 0.9723, 30.2278, 90.4068
1740983280.791, 2.708, 3.339, -0.7734, -1.2016, -3.9219, 0.9730, 30.2878, 90.3602
1740983280.871, 2.712, 3.352, -0.7668, -1.2014, -3.9332, 1.0050, 30.3384, 90.3926
1740983280.950, 2.712, 3.368, -0.7597, -1.2027, -3.9470, 0.9709, 30.3683, 90.3927
1740983281.030, 2.703, 3.368, -0.7518, -1.2018, -3.9604, 0.9708, 30.4156, 90.4240
1740983281.110, 2.706, 3.382, -0.7445, -1.2011, -3.9732, 0.8950, 30.4760, 90.4613
1740983281.189, 2.702, 3.402, -0.7381, -1.2011, -3.9855, 0.9939, 30.5821, 90.4688
1740983281.269, 2.709, 3.416, -0.7319, -1.2011, -3.9966, 0.9954, 30.5934, 90.5123
1740983281.348, 2.709, 3.436, -0.7257, -1.2009, -4.0078, 1.0237, 30.6513, 90.5303
1740983281.428, 2.704, 3.436, -0.7197, -1.2006, -4.0187, 1.0456, 30.7426, 90.5637
1740983281.508, 2.699, 3.453, -0.7134, -1.1999, -4.0291, 0.9635, 30.8258, 90.6282
1740983281.587, 2.704, 3.471, -0.7073, -1.2000, -4.0393, 0.8131, 30.8017, 90.6126
1740983281.667, 2.702, 3.482, -0.7014, -1.1994, -4.0485, 0.7261, 30.7481, 90.6815
1740983281.747, 2.702, 3.497, -0.6957, -1.1996, -4.0586, 0.7323, 30.6826, 90.7134
1740983281.826, 2.697, 3.497, -0.6902, -1.1996, -4.0687, 0.7781, 30.6769, 90.6878
1740983281.906, 2.698, 3.511, -0.6850, -1.1990, -4.0782, 0.9148, 30.7528, 90.6966
1740983281.986, 2.706, 3.527, -0.6797, -1.1991, -4.0884, 1.0229, 30.8224, 90.6509
1740983282.065, 2.708, 3.543, -0.6744, -1.1989, -4.0981, 1.1116, 30.8828, 90.5729
1740983282.145, 2.708, 3.551, -0.6691, -1.1989, -4.1077, 1.1122, 30.9307, 90.5871
1740983282.225, 2.705, 3.551, -0.6635, -1.1984, -4.1175, 1.1264, 30.9870, 90.4872
1740983282.304, 2.699, 3.567, -0.6581, -1.1964, -4.1263, 1.1426, 31.0392, 90.5254
1740983282.384, 2.700, 3.579, -0.6528, -1.1973, -4.1358, 1.1274, 31.0573, 90.5065
1740983282.463, 2.698, 3.592, -0.6469, -1.1974, -4.1456, 1.0567, 31.0855, 90.5581
1740983282.543, 2.698, 3.592, -0.6415, -1.1973, -4.1551, 1.0143, 31.0903, 90.5715
1740983282.623, 2.703, 3.606, -0.6358, -1.1963, -4.1643, 0.9678, 31.1405, 90.6222
1740983282.702, 2.698, 3.625, -0.6307, -1.1959, -4.1709, 0.5773, 31.1248, 91.0667
1740983282.782, 2.703, 3.634, -0.6262, -1.1961, -4.1764, 0.2571, 31.0841, 91.4550
1740983282.862, 2.700, 3.645, -0.6217, -1.1953, -4.1840, 0.2102, 31.1125, 91.5458
1740983282.942, 2.700, 3.645, -0.6166, -1.1953, -4.1981, 1.2777, 31.2007, 90.4571
1740983283.021, 2.705, 3.654, -0.6088, -1.1956, -4.2112, 1.1339, 31.2935, 90.5594
1740983283.101, 2.703, 3.669, -0.6053, -1.1942, -4.2177, 1.0721, 31.2240, 91.6808
1740983283.180, 2.702, 3.689, -0.6035, -1.1932, -4.2203, 1.0194, 31.2529, 92.1740
1740983283.260, 2.700, 3.701, -0.6019, -1.1927, -4.2229, 1.0272, 31.2664, 92.6852
1740983283.340, 2.700, 3.701, -0.5969, -1.1922, -4.2305, 0.8551, 31.2316, 93.0755
1740983283.419, 2.703, 3.702, -0.5894, -1.1923, -4.2439, 0.9070, 31.1449, 93.0529
1740983283.499, 2.703, 3.713, -0.5792, -1.1929, -4.2606, 0.6728, 31.1660, 92.5075
1740983283.579, 2.697, 3.731, -0.5676, -1.1947, -4.2816, 0.7743, 30.9115, 90.6821
1740983283.658, 2.697, 3.755, -0.5594, -1.1948, -4.2967, 1.0265, 30.6600, 90.2689
1740983283.738, 2.697, 3.755, -0.5554, -1.1931, -4.3029, 0.9332, 30.6473, 90.1212
1740983283.818, 2.693, 3.783, -0.5528, -1.1930, -4.3074, 0.9056, 30.9175, 90.1157
1740983283.897, 2.700, 3.799, -0.5501, -1.1931, -4.3134, 0.9969, 31.2147, 90.4487
1740983283.977, 2.694, 3.799, -0.5446, -1.1932, -4.3228, 1.0514, 31.1954, 90.5332
1740983284.057, 2.701, 3.813, -0.5385, -1.1926, -4.3326, 0.9863, 31.1225, 90.5518
1740983284.136, 2.701, 3.813, -0.5319, -1.1912, -4.3435, 0.9877, 31.1324, 89.2949
1740983284.216, 2.695, 3.827, -0.5283, -1.1902, -4.3512, 1.1177, 31.0075, 88.4551
1740983284.295, 2.697, 3.848, -0.5231, -1.1894, -4.3600, 1.1404, 31.0127, 88.2430
1740983284.375, 2.695, 3.859, -0.5160, -1.1886, -4.3717, 1.0981, 31.0109, 88.1347
1740983284.455, 2.695, 3.873, -0.5087, -1.1897, -4.3849, 1.1806, 30.9970, 88.5194
1740983284.534, 2.696, 3.873, -0.5025, -1.1906, -4.3961, 1.4585, 31.1810, 89.7956
1740983284.614, 2.700, 3.892, -0.4943, -1.1920, -4.4088, 0.8678, 31.0599, 90.6624
1740983284.694, 2.699, 3.900, -0.4899, -1.1917, -4.4165, 0.8500, 30.9275, 90.8183
1740983284.773, 2.700, 3.918, -0.4869, -1.1901, -4.4210, 0.8178, 30.8791, 90.9042
1740983284.853, 2.700, 3.931, -0.4830, -1.1902, -4.4275, 0.8336, 30.7670, 90.8243
1740983284.933, 2.695, 3.931, -0.4786, -1.1900, -4.4355, 0.8796, 30.7212, 90.7927
1740983285.012, 2.700, 3.939, -0.4736, -1.1898, -4.4448, 0.9253, 30.7188, 90.7385
1740983285.092, 2.699, 3.950, -0.4673, -1.1893, -4.4556, 0.9808, 30.6743, 90.6609
1740983285.171, 2.696, 3.964, -0.4613, -1.1890, -4.4665, 1.0293, 30.6285, 90.5865
1740983285.251, 2.696, 3.980, -0.4551, -1.1890, -4.4768, 0.9729, 30.6203, 90.5805
1740983285.331, 2.693, 3.980, -0.4496, -1.1890, -4.4866, 0.9951, 30.6081, 90.4811
1740983285.410, 2.696, 3.995, -0.4469, -1.1888, -4.4909, 0.9794, 30.5991, 90.4894
1740983285.490, 2.699, 4.009, -0.4471, -1.1889, -4.4908, 0.9807, 30.5763, 90.5123
1740983285.570, 2.695, 4.015, -0.4477, -1.1889, -4.4901, 0.9908, 30.5854, 90.5230
1740983285.649, 2.695, 4.015, -0.4479, -1.1887, -4.4896, 0.9975, 30.5940, 90.5158
1740983285.729, 2.692, 4.015, -0.4478, -1.1888, -4.4899, 0.9937, 30.5888, 90.5090
1740983285.809, 2.700, 4.013, -0.4478, -1.1889, -4.4900, 0.9909, 30.5864, 90.5046
1740983285.888, 2.697, 4.016, -0.4478, -1.1888, -4.4900, 0.9944, 30.5821, 90.4967
1740983285.968, 2.698, 4.015, -0.4477, -1.1888, -4.4900, 0.9993, 30.5862, 90.4974
1740983286.047, 2.698, 4.015, -0.4478, -1.1889, -4.4901, 0.9979, 30.5986, 90.4966
1740983286.127, 2.699, 4.015, -0.4479, -1.1889, -4.4901, 1.0015, 30.6028, 90.4892
1740983286.207, 2.693, 4.014, -0.4478, -1.1889, -4.4903, 0.9958, 30.6007, 90.4814
1740983286.286, 2.692, 4.014, -0.4478, -1.1889, -4.4904, 1.0025, 30.6054, 90.4792
1740983286.366, 2.695, 4.014, -0.4478, -1.1889, -4.4903, 0.9910, 30.5997, 90.4856
1740983286.446, 2.695, 4.014, -0.4479, -1.1889, -4.4901, 0.9815, 30.6201, 90.4890
1740983286.525, 2.699, 4.014, -0.4478, -1.1888, -4.4903, 0.9866, 30.6216, 90.4746
1740983286.605, 2.692, 4.015, -0.4478, -1.1890, -4.4903, 0.9831, 30.6143, 90.4793
1740983286.685, 2.700, 4.014, -0.4478, -1.1889, -4.4904, 0.9875, 30.6175, 90.4719
1740983286.764, 2.694, 4.015, -0.4478, -1.1890, -4.4904, 0.9837, 30.6226, 90.4708
1740983286.844, 2.694, 4.014, -0.4478, -1.1891, -4.4905, 0.9840, 30.6129, 90.4666
1740983286.924, 2.696, 4.014, -0.4480, -1.1891, -4.4902, 0.9875, 30.6128, 90.4699
1740983287.003, 2.693, 4.014, -0.4478, -1.1891, -4.4907, 0.9910, 30.6136, 90.4515
1740983287.083, 2.699, 4.015, -0.4479, -1.1890, -4.4905, 0.9962, 30.6056, 90.4604
1740983287.163, 2.695, 4.012, -0.4479, -1.1891, -4.4905, 0.9943, 30.5981, 90.4660
1740983287.242, 2.695, 4.014, -0.4479, -1.1890, -4.4906, 0.9993, 30.6091, 90.4527
1740983287.322, 2.695, 4.014, -0.4479, -1.1891, -4.4906, 0.9908, 30.5989, 90.4502
1740983287.402, 2.696, 4.014, -0.4478, -1.1892, -4.4906, 0.9883, 30.5936, 90.4609
1740983287.481, 2.699, 4.014, -0.4479, -1.1890, -4.4907, 0.9903, 30.5958, 90.4607
1740983287.561, 2.695, 4.014, -0.4479, -1.1891, -4.4906, 0.9875, 30.5921, 90.4616
1740983287.641, 2.695, 4.015, -0.4478, -1.1891, -4.4908, 0.9843, 30.6042, 90.4594
1740983298.034, 2.913, 4.057, -0.2363, -1.1834, -4.4143, 0.7122, 31.2280, 90.5779
1740983298.134, 2.908, 4.058, -0.2364, -1.1835, -4.4143, 0.7193, 31.2284, 90.5838
1740983298.213, 2.912, 4.058, -0.2364, -1.1834, -4.4142, 0.7195, 31.2224, 90.5809
1740983298.293, 2.913, 4.058, -0.2365, -1.1834, -4.4142, 0.7143, 31.2243, 90.5872
1740983298.373, 2.912, 4.058, -0.2363, -1.1835, -4.4142, 0.7020, 31.2144, 90.5918
1740983298.452, 2.909, 4.058, -0.2365, -1.1834, -4.4141, 0.7045, 31.2216, 90.5920
1740983298.532, 2.909, 4.057, -0.2363, -1.1834, -4.4142, 0.7024, 31.2143, 90.5923
1740983298.611, 2.908, 4.057, -0.2363, -1.1835, -4.4144, 0.7027, 31.2126, 90.5933
1740983298.691, 2.908, 4.057, -0.2365, -1.1834, -4.4142, 0.7033, 31.2132, 90.6027
1740983298.771, 2.912, 4.057, -0.2364, -1.1835, -4.4142, 0.7044, 31.2237, 90.5965
1740983298.850, 2.909, 4.059, -0.2364, -1.1834, -4.4143, 0.7144, 31.2253, 90.5957
1740983298.930, 2.909, 4.059, -0.2363, -1.1834, -4.4143, 0.7060, 31.2403, 90.5933
1740983299.010, 2.913, 4.057, -0.2364, -1.1835, -4.4141, 0.7023, 31.2368, 90.6008
1740983299.089, 2.908, 4.057, -0.2364, -1.1836, -4.4143, 0.7139, 31.2397, 90.5902
1740983299.169, 2.913, 4.057, -0.2365, -1.1834, -4.4143, 0.7127, 31.2365, 90.5925
1740983299.249, 2.912, 4.059, -0.2364, -1.1834, -4.4144, 0.7105, 31.2323, 90.5871
1740983299.328, 2.912, 4.059, -0.2364, -1.1834, -4.4142, 0.7143, 31.2302, 90.5915
1740983299.408, 2.912, 4.060, -0.2364, -1.1834, -4.4141, 0.7085, 31.2279, 90.5988
1740983299.487, 2.912, 4.057, -0.2364, -1.1834, -4.4143, 0.7084, 31.2305, 90.5876
1740983299.567, 2.908, 4.056, -0.2363, -1.1835, -4.4144, 0.7010, 31.2311, 90.5889
1740983299.647, 2.907, 4.056, -0.2365, -1.1835, -4.4142, 0.7041, 31.2253, 90.5998
1740983299.727, 2.907, 4.056, -0.2366, -1.1835, -4.4143, 0.7065, 31.2240, 90.5974
1740983299.806, 2.908, 4.058, -0.2366, -1.1834, -4.4142, 0.7023, 31.2212, 90.5982
1740983299.886, 2.907, 4.058, -0.2364, -1.1834, -4.4143, 0.6988, 31.2152, 90.5932
1740983299.965, 2.909, 4.057, -0.2363, -1.1835, -4.4143, 0.6963, 31.2212, 90.6019
1740983300.045, 2.907, 4.058, -0.2364, -1.1835, -4.4145, 0.7095, 31.2256, 90.5955
1740983300.125, 2.907, 4.058, -0.2364, -1.1835, -4.4143, 0.7013, 31.2217, 90.6061
1740983300.204, 2.911, 4.058, -0.2363, -1.1834, -4.4143, 0.6945, 31.2174, 90.6012
1740983300.284, 2.909, 4.058, -0.2364, -1.1835, -4.4145, 0.7055, 31.2213, 90.6015
1740983300.364, 2.911, 4.059, -0.2364, -1.1835, -4.4143, 0.7021, 31.2245, 90.6028
1740983300.443, 2.909, 4.057, -0.2364, -1.1836, -4.4143, 0.7099, 31.2345, 90.5910
1740983300.523, 2.909, 4.057, -0.2365, -1.1835, -4.4138, 0.6348, 31.1800, 90.6600
1740983300.602, 2.907, 4.057, -0.2391, -1.1838, -4.4099, 0.7937, 31.3516, 90.4700
1740983300.682, 2.909, 4.056, -0.2439, -1.1841, -4.4016, 0.7844, 31.3660, 90.5031
1740983300.762, 2.912, 4.052, -0.2505, -1.1846, -4.3910, 0.8048, 31.2853, 90.5268
1740983300.842, 2.911, 4.039, -0.2566, -1.1844, -4.3801, 0.7756, 31.2032, 90.5959
1740983300.921, 2.911, 4.039, -0.2620, -1.1843, -4.3699, 0.6521, 31.2088, 90.6605
1740983301.001, 2.913, 4.025, -0.2662, -1.1848, -4.3624, 0.6207, 31.1531, 90.6425
1740983301.080, 2.908, 4.009, -0.2694, -1.1849, -4.3565, 0.5257, 31.1940, 90.6685
1740983301.160, 2.909, 3.996, -0.2723, -1.1849, -4.3516, 0.5156, 31.1585, 90.6380
1740983301.240, 2.909, 3.989, -0.2753, -1.1851, -4.3462, 0.4679, 31.1879, 90.6414
1740983301.319, 2.915, 3.989, -0.2793, -1.1854, -4.3397, 0.4755, 31.2359, 90.5809
1740983301.399, 2.914, 3.982, -0.2838, -1.1852, -4.3320, 0.4893, 31.3230, 90.5422
1740983301.479, 2.909, 3.974, -0.2887, -1.1850, -4.3241, 0.5830, 31.2755, 90.4638
1740983301.558, 2.909, 3.964, -0.2937, -1.1848, -4.3163, 0.7371, 31.2315, 90.4309
1740983301.638, 2.909, 3.949, -0.2986, -1.1851, -4.3087, 0.8615, 31.1870, 90.4284
1740983301.718, 2.912, 3.949, -0.3024, -1.1860, -4.3018, 0.8411, 31.1321, 90.4742
1740983301.797, 2.909, 3.937, -0.3067, -1.1865, -4.2943, 0.7804, 31.0590, 90.5213
1740983301.877, 2.909, 3.926, -0.3110, -1.1868, -4.2868, 0.7474, 31.0294, 90.6009
1740983301.956, 2.913, 3.914, -0.3150, -1.1867, -4.2797, 0.7655, 30.8787, 90.5775
1740983302.036, 2.913, 3.907, -0.3165, -1.1862, -4.2764, 0.6612, 30.7085, 89.9770
1740983302.116, 2.915, 3.907, -0.3167, -1.1857, -4.2756, 0.5739, 30.8187, 89.7045
1740983302.195, 2.910, 3.897, -0.3177, -1.1851, -4.2744, 0.6149, 30.9086, 89.1100
1740983302.275, 2.910, 3.896, -0.3204, -1.1846, -4.2699, 0.6636, 30.7998, 88.2728
1740983302.355, 2.910, 3.896, -0.3272, -1.1845, -4.2584, 0.7069, 30.9341, 88.2284
1740983302.434, 2.910, 3.891, -0.3351, -1.1846, -4.2452, 0.7046, 31.0398, 88.2975
1740983302.514, 2.910, 3.891, -0.3446, -1.1865, -4.2295, 0.8264, 31.2057, 89.4010
1740983302.594, 2.910, 3.873, -0.3543, -1.1883, -4.2139, 0.7938, 31.4336, 90.8670
1740983302.673, 2.910, 3.852, -0.3589, -1.1881, -4.2055, 0.7301, 31.3272, 90.7720
1740983302.753, 2.911, 3.825, -0.3614, -1.1884, -4.2016, 0.7248, 31.3612, 90.7281
1740983302.833, 2.911, 3.816, -0.3625, -1.1889, -4.1996, 0.7495, 31.3297, 90.6893
1740983302.912, 2.909, 3.816, -0.3648, -1.1887, -4.1957, 0.7003, 31.3347, 90.7128
1740983302.992, 2.913, 3.809, -0.3679, -1.1890, -4.1900, 0.6536, 31.3228, 90.7564
1740983303.071, 2.909, 3.804, -0.3726, -1.1890, -4.1818, 0.5736, 31.3134, 90.8159
1740983303.151, 2.914, 3.794, -0.3775, -1.1890, -4.1729, 0.4852, 31.3503, 90.8399
1740983303.231, 2.914, 3.783, -0.3823, -1.1892, -4.1644, 0.4374, 31.3452, 90.7937
1740983303.310, 2.908, 3.783, -0.3863, -1.1888, -4.1566, 0.2621, 31.6190, 91.3993
1740983303.390, 2.910, 3.771, -0.3874, -1.1888, -4.1551, 0.2121, 31.5920, 91.5869
1740983303.470, 2.916, 3.760, -0.3876, -1.1888, -4.1552, 0.2380, 31.5922, 91.5497
1740983303.549, 2.913, 3.755, -0.3872, -1.1889, -4.1552, 0.2335, 31.5729, 91.5516
1740983303.629, 2.913, 3.758, -0.3890, -1.1884, -4.1532, 0.4163, 31.6428, 91.8118
1740983303.709, 2.910, 3.758, -0.3961, -1.1872, -4.1433, 0.4439, 32.2276, 92.8788
1740983303.788, 2.910, 3.756, -0.4084, -1.1879, -4.1276, 0.5938, 33.7464, 93.0471
1740983303.868, 2.909, 3.745, -0.4197, -1.1891, -4.1080, 0.0745, 33.8691, 92.3724
1740983303.948, 2.912, 3.723, -0.4301, -1.1910, -4.0929, 0.2786, 33.1138, 90.9290
1740983304.027, 2.912, 3.699, -0.4375, -1.1914, -4.0823, 0.5707, 33.1153, 90.8355
1740983304.107, 2.903, 3.699, -0.4396, -1.1917, -4.0786, 0.4935, 33.1128, 90.8815
1740983304.186, 2.911, 3.670, -0.4400, -1.1918, -4.0782, 0.4929, 33.0882, 90.8177
1740983304.266, 2.905, 3.663, -0.4406, -1.1919, -4.0768, 0.4855, 33.0058, 90.7782
1740983304.346, 2.904, 3.663, -0.4438, -1.1921, -4.0719, 0.4741, 33.0267, 90.7921
1740983304.426, 2.904, 3.663, -0.4490, -1.1919, -4.0636, 0.5536, 32.9587, 90.7331
1740983304.505, 2.906, 3.663, -0.4556, -1.1923, -4.0535, 0.6321, 32.9034, 90.7613
1740983304.585, 2.904, 3.651, -0.4624, -1.1929, -4.0431, 0.7089, 32.8390, 90.7118
1740983304.665, 2.909, 3.635, -0.4683, -1.1926, -4.0330, 0.6593, 32.7598, 90.7647
1740983304.744, 2.907, 3.623, -0.4735, -1.1924, -4.0240, 0.6429, 32.6479, 90.8342
1740983304.824, 2.907, 3.623, -0.4783, -1.1929, -4.0161, 0.6203, 32.5396, 90.8189
1740983304.903, 2.901, 3.607, -0.4825, -1.1936, -4.0085, 0.5340, 32.4272, 90.8303
1740983304.983, 2.901, 3.590, -0.4871, -1.1939, -4.0009, 0.4620, 32.3400, 90.8792
1740983305.063, 2.910, 3.580, -0.4914, -1.1939, -3.9931, 0.3918, 32.2954, 90.8732
1740983305.142, 2.909, 3.568, -0.4963, -1.1945, -3.9849, 0.3845, 32.2490, 90.8069
1740983305.222, 2.909, 3.568, -0.5017, -1.1946, -3.9762, 0.3950, 32.2429, 90.7950
1740983305.301, 2.910, 3.557, -0.5070, -1.1948, -3.9675, 0.4403, 32.2013, 90.7075
1740983305.381, 2.908, 3.546, -0.5124, -1.1947, -3.9591, 0.5541, 32.1565, 90.6601
1740983305.461, 2.904, 3.535, -0.5176, -1.1951, -3.9512, 0.6911, 31.9962, 90.6343
1740983305.541, 2.901, 3.520, -0.5224, -1.1952, -3.9431, 0.7364, 31.8777, 90.6411
1740983305.620, 2.901, 3.520, -0.5272, -1.1955, -3.9349, 0.7106, 31.7177, 90.6768
1740983305.700, 2.896, 3.509, -0.5320, -1.1954, -3.9261, 0.6802, 31.6299, 90.7683
1740983305.779, 2.907, 3.502, -0.5369, -1.1961, -3.9176, 0.6717, 31.5401, 90.7653
1740983305.859, 2.910, 3.485, -0.5414, -1.1964, -3.9098, 0.6025, 31.5095, 90.7729
1740983305.939, 2.905, 3.474, -0.5461, -1.1965, -3.9018, 0.5882, 31.3788, 90.8125
1740983306.018, 2.905, 3.474, -0.5506, -1.1963, -3.8935, 0.5341, 31.3707, 90.8368
1740983306.098, 2.906, 3.461, -0.5554, -1.1964, -3.8853, 0.6212, 31.2574, 90.7770
1740983306.178, 2.908, 3.451, -0.5604, -1.1968, -3.8773, 0.6992, 31.2376, 90.7367
1740983306.257, 2.904, 3.441, -0.5652, -1.1971, -3.8693, 0.7365, 31.2528, 90.6779
1740983306.337, 2.909, 3.426, -0.5699, -1.1968, -3.8612, 0.7942, 31.2109, 90.6169
1740983306.417, 2.909, 3.426, -0.5746, -1.1972, -3.8534, 0.7971, 31.1830, 90.6113
1740983306.496, 2.910, 3.414, -0.5793, -1.1973, -3.8451, 0.7988, 31.1095, 90.6130
1740983306.576, 2.907, 3.401, -0.5841, -1.1980, -3.8365, 0.7948, 30.9805, 90.6530
1740983306.655, 2.905, 3.390, -0.5886, -1.1979, -3.8278, 0.7191, 30.8992, 90.6796
1740983306.735, 2.905, 3.381, -0.5932, -1.1983, -3.8194, 0.6032, 30.8621, 90.7079
1740983306.815, 2.906, 3.381, -0.5978, -1.1980, -3.8111, 0.5573, 30.7836, 90.6804
1740983306.894, 2.908, 3.371, -0.6021, -1.1985, -3.8032, 0.4622, 30.7409, 90.6832
1740983306.974, 2.907, 3.358, -0.6064, -1.1988, -3.7956, 0.4469, 30.9058, 90.6388
1740983307.054, 2.908, 3.342, -0.6115, -1.1993, -3.7878, 0.5103, 31.2749, 90.5872
1740983307.133, 2.908, 3.332, -0.6170, -1.1995, -3.7804, 0.6291, 31.6547, 90.4680
1740983307.213, 2.907, 3.332, -0.6218, -1.1991, -3.7726, 0.7685, 31.6580, 90.4419
1740983307.293, 2.908, 3.319, -0.6267, -1.1991, -3.7650, 0.8587, 31.6260, 90.4194
1740983307.372, 2.912, 3.312, -0.6311, -1.1995, -3.7576, 0.8627, 31.5971, 90.3947
1740983307.452, 2.912, 3.300, -0.6323, -1.1988, -3.7559, 0.9990, 31.6221, 89.3162
1740983307.532, 2.912, 3.292, -0.6331, -1.1980, -3.7545, 0.8960, 31.6931, 88.8191
1740983307.611, 2.910, 3.292, -0.6346, -1.1975, -3.7510, 0.8546, 31.6254, 88.2146
1740983307.691, 2.912, 3.286, -0.6395, -1.1973, -3.7430, 0.8676, 31.3961, 87.9364
1740983307.770, 2.912, 3.284, -0.6464, -1.1984, -3.7305, 0.7956, 31.3457, 88.0011
1740983307.850, 2.911, 3.280, -0.6545, -1.1990, -3.7171, 0.7884, 31.2142, 88.3487
1740983307.932, 2.911, 3.256, -0.6646, -1.2002, -3.6996, 0.7981, 31.4832, 90.5382
1740983308.009, 2.907, 3.256, -0.6703, -1.2009, -3.6893, 0.9577, 31.0988, 90.5333
1740983308.089, 2.912, 3.233, -0.6761, -1.2015, -3.6805, 1.0114, 31.0974, 90.5358
1740983308.169, 2.908, 3.217, -0.6787, -1.2014, -3.6759, 1.0171, 31.0844, 90.4858
1740983308.248, 2.911, 3.202, -0.6808, -1.2013, -3.6725, 1.0485, 31.0471, 90.4481
1740983308.328, 2.911, 3.198, -0.6836, -1.2011, -3.6672, 1.0085, 31.0412, 90.3998
1740983308.408, 2.910, 3.198, -0.6881, -1.2019, -3.6594, 0.9737, 30.9808, 90.4594
1740983308.487, 2.908, 3.190, -0.6932, -1.2027, -3.6505, 0.9196, 30.8697, 90.4545
1740983308.567, 2.912, 3.183, -0.6985, -1.2028, -3.6406, 0.8564, 30.7535, 90.4857
1740983308.647, 2.909, 3.170, -0.7019, -1.2012, -3.6322, 0.4975, 31.0182, 91.7380
1740983308.726, 2.909, 3.158, -0.7038, -1.2004, -3.6298, 0.6263, 30.9536, 91.9640
1740983308.806, 2.916, 3.158, -0.7051, -1.2003, -3.6278, 0.5999, 30.9158, 92.1990
1740983308.885, 2.911, 3.149, -0.7091, -1.1997, -3.6205, 0.5711, 30.7813, 92.8484
1740983308.965, 2.910, 3.147, -0.7169, -1.1986, -3.6064, 0.6056, 30.7839, 92.8474
1740983309.045, 2.910, 3.133, -0.7278, -1.1996, -3.5904, 0.7278, 31.5263, 92.5125
1740983309.124, 2.910, 3.110, -0.7395, -1.2031, -3.5798, 1.9148, 33.0030, 89.7842
1740983309.204, 2.915, 3.110, -0.7475, -1.2034, -3.5669, 0.6038, 33.9741, 90.4086
1740983309.284, 2.912, 3.093, -0.7500, -1.2035, -3.5646, 1.1963, 34.4281, 89.7218
1740983309.363, 2.908, 3.071, -0.7506, -1.2033, -3.5649, 1.2385, 34.4046, 89.7067
1740983309.443, 2.909, 3.075, -0.7504, -1.2035, -3.5648, 1.2217, 34.3875, 89.6738
1740983309.523, 2.909, 3.073, -0.7522, -1.2032, -3.5636, 1.5300, 34.5352, 89.2420
1740983309.602, 2.904, 3.073, -0.7532, -1.2024, -3.5613, 1.3138, 34.6717, 88.4204
1740983309.682, 2.903, 3.068, -0.7571, -1.2014, -3.5536, 0.8975, 34.3013, 87.7238
1740983309.762, 2.909, 3.071, -0.7642, -1.2006, -3.5411, 0.7815, 33.9600, 87.7756
1740983309.841, 2.903, 3.064, -0.7729, -1.2016, -3.5272, 0.8304, 33.8868, 87.8465
1740983309.921, 2.903, 3.044, -0.7835, -1.2043, -3.5097, 0.8346, 32.8329, 89.8920
1740983310.001, 2.902, 3.044, -0.7919, -1.2046, -3.4968, 1.0590, 33.1365, 89.9785
1740983310.080, 2.906, 3.019, -0.7973, -1.2051, -3.4885, 1.0899, 33.0921, 89.9566
1740983310.160, 2.902, 2.991, -0.8005, -1.2051, -3.4829, 1.0501, 32.9403, 89.9866
1740983310.239, 2.898, 2.981, -0.8028, -1.2053, -3.4790, 0.9885, 32.8292, 89.9886
1740983310.319, 2.898, 2.981, -0.8059, -1.2053, -3.4736, 0.9564, 32.7737, 90.0238
1740983310.399, 2.895, 2.971, -0.8102, -1.2053, -3.4664, 0.9223, 32.6744, 90.0187
1740983310.478, 2.898, 2.964, -0.8151, -1.2055, -3.4577, 0.8393, 32.5217, 90.0432
1740983310.558, 2.899, 2.950, -0.8202, -1.2053, -3.4485, 0.7820, 32.3960, 90.0099
1740983310.638, 2.906, 2.944, -0.8257, -1.2042, -3.4407, 1.1683, 31.9777, 90.8624
1740983310.717, 2.906, 2.944, -0.8278, -1.2037, -3.4371, 1.0303, 32.2149, 91.4997
1740983310.797, 2.901, 2.927, -0.8309, -1.2031, -3.4320, 0.9399, 32.2479, 92.0264
1740983310.877, 2.905, 2.922, -0.8369, -1.2026, -3.4218, 0.9113, 32.1993, 92.3064
1740983310.956, 2.898, 2.913, -0.8458, -1.2031, -3.4076, 1.1910, 31.9581, 92.1749
1740983311.036, 2.899, 2.898, -0.8537, -1.2048, -3.3938, 1.1089, 31.6960, 91.0909
1740983311.117, 2.899, 2.898, -0.8604, -1.2063, -3.3828, 1.2079, 31.4753, 89.7337
1740983311.195, 2.906, 2.877, -0.8650, -1.2065, -3.3732, 1.1544, 31.1504, 89.7502
1740983311.275, 2.907, 2.864, -0.8685, -1.2065, -3.3675, 1.1385, 31.1002, 89.7600
1740983311.355, 2.908, 2.851, -0.8700, -1.2069, -3.3646, 1.1516, 31.0324, 89.7085
1740983311.434, 2.903, 2.842, -0.8725, -1.2067, -3.3602, 1.1082, 31.0448, 89.7209
1740983311.514, 2.903, 2.842, -0.8760, -1.2067, -3.3539, 1.1095, 30.9839, 89.6734
1740983311.593, 2.903, 2.837, -0.8811, -1.2062, -3.3450, 1.1165, 30.7974, 89.7162
1740983311.673, 2.904, 2.824, -0.8868, -1.2066, -3.3352, 1.2195, 30.7586, 89.6140
1740983311.753, 2.909, 2.812, -0.8924, -1.2070, -3.3257, 1.2644, 30.6363, 89.5520
1740983311.832, 2.909, 2.804, -0.8974, -1.2071, -3.3165, 1.2300, 30.4749, 89.5221
1740983311.912, 2.909, 2.804, -0.9023, -1.2070, -3.3077, 1.2152, 30.4298, 89.6191
1740983311.992, 2.906, 2.791, -0.9068, -1.2075, -3.2992, 1.2086, 30.2639, 89.6473
1740983312.071, 2.905, 2.773, -0.9109, -1.2080, -3.2913, 1.1287, 30.2507, 89.6649
1740983312.151, 2.908, 2.769, -0.9155, -1.2077, -3.2823, 1.0472, 30.0602, 89.7945
1740983312.231, 2.912, 2.750, -0.9201, -1.2076, -3.2738, 0.9871, 30.0810, 89.8165
1740983312.310, 2.912, 2.750, -0.9246, -1.2080, -3.2654, 0.9689, 29.9760, 89.8463
1740983312.390, 2.908, 2.743, -0.9291, -1.2075, -3.2570, 0.8963, 29.9724, 89.8816
1740983312.470, 2.914, 2.734, -0.9336, -1.2075, -3.2486, 0.9290, 29.9553, 89.7670
1740983312.549, 2.916, 2.717, -0.9387, -1.2078, -3.2398, 1.0355, 29.8155, 89.7267
1740983312.629, 2.909, 2.707, -0.9436, -1.2076, -3.2315, 1.2146, 29.5161, 89.6158
1740983312.709, 2.909, 2.707, -0.9484, -1.2079, -3.2229, 1.2538, 29.5233, 89.6457
1740983312.788, 2.910, 2.689, -0.9531, -1.2085, -3.2139, 1.2078, 29.4171, 89.6345
1740983312.868, 2.918, 2.682, -0.9577, -1.2079, -3.2045, 1.1261, 29.3238, 89.7532
1740983312.947, 2.919, 2.666, -0.9623, -1.2078, -3.1956, 1.0967, 29.1588, 89.7595
1740983313.027, 2.919, 2.652, -0.9673, -1.2084, -3.1866, 1.1171, 29.1085, 89.7058
1740983313.107, 2.914, 2.652, -0.9719, -1.2087, -3.1774, 1.0286, 29.1096, 89.7593
1740983313.186, 2.919, 2.646, -0.9769, -1.2084, -3.1682, 1.0529, 28.9487, 89.7108
1740983313.266, 2.923, 2.636, -0.9825, -1.2085, -3.1586, 1.2813, 28.7495, 89.5699
1740983313.346, 2.917, 2.624, -0.9884, -1.2087, -3.1475, 1.3286, 28.7216, 89.5409
1740983313.425, 2.917, 2.609, -0.9937, -1.2086, -3.1375, 1.3368, 28.6605, 89.4975
1740983313.505, 2.917, 2.609, -0.9989, -1.2084, -3.1274, 1.3428, 28.5952, 89.5103
1740983313.585, 2.922, 2.591, -1.0039, -1.2087, -3.1177, 1.3059, 28.5307, 89.5785
1740983313.664, 2.927, 2.577, -1.0086, -1.2090, -3.1076, 1.2317, 28.4008, 89.6451
1740983313.744, 2.923, 2.564, -1.0137, -1.2089, -3.0969, 1.1309, 28.3127, 89.7255
1740983313.823, 2.923, 2.549, -1.0189, -1.2090, -3.0863, 1.0702, 28.1843, 89.7364
1740983313.903, 2.923, 2.549, -1.0239, -1.2093, -3.0763, 1.0277, 28.0597, 89.7584
1740983313.983, 2.931, 2.535, -1.0291, -1.2091, -3.0662, 1.0872, 28.0036, 89.6735
1740983314.062, 2.929, 2.523, -1.0342, -1.2092, -3.0564, 1.1473, 27.8382, 89.6027
1740983314.142, 2.929, 2.512, -1.0392, -1.2093, -3.0469, 1.3006, 27.5876, 89.5739
1740983314.222, 2.929, 2.501, -1.0445, -1.2093, -3.0373, 1.4971, 27.3612, 89.4487
1740983314.301, 2.936, 2.501, -1.0493, -1.2093, -3.0273, 1.4385, 27.3055, 89.4362
1740983314.381, 2.939, 2.488, -1.0544, -1.2093, -3.0165, 1.4243, 27.1370, 89.5062
1740983314.461, 2.933, 2.471, -1.0586, -1.2097, -3.0067, 1.2892, 26.8539, 89.5669
1740983314.540, 2.938, 2.457, -1.0633, -1.2097, -2.9963, 1.2811, 26.6954, 89.5863
1740983314.620, 2.938, 2.449, -1.0686, -1.2095, -2.9858, 1.2630, 26.6264, 89.6039
1740983314.700, 2.946, 2.449, -1.0731, -1.2099, -2.9758, 1.2595, 26.4313, 89.6228
1740983314.779, 2.948, 2.437, -1.0778, -1.2099, -2.9658, 1.2612, 26.3226, 89.6264
1740983314.859, 2.943, 2.418, -1.0828, -1.2097, -2.9555, 1.3527, 26.1687, 89.5294
1740983314.938, 2.947, 2.406, -1.0875, -1.2098, -2.9456, 1.3752, 26.0903, 89.5434
1740983315.018, 2.947, 2.394, -1.0920, -1.2096, -2.9360, 1.4074, 25.9566, 89.5247
1740983315.098, 2.955, 2.394, -1.0966, -1.2097, -2.9257, 1.3478, 25.8903, 89.5190
1740983315.177, 2.957, 2.380, -1.1009, -1.2102, -2.9154, 1.2494, 25.6724, 89.6276
1740983315.257, 2.952, 2.371, -1.1055, -1.2102, -2.9047, 1.1751, 25.6026, 89.7196
1740983315.337, 2.959, 2.353, -1.1098, -1.2103, -2.8943, 1.0657, 25.4794, 89.7849
1740983315.417, 2.959, 2.340, -1.1145, -1.2104, -2.8837, 1.0328, 25.3341, 89.8305
1740983315.496, 2.966, 2.340, -1.1191, -1.2104, -2.8731, 1.0186, 25.2923, 89.8502
1740983315.576, 2.975, 2.330, -1.1238, -1.2104, -2.8630, 1.1110, 25.1087, 89.7607
1740983315.655, 2.982, 2.313, -1.1285, -1.2104, -2.8531, 1.2433, 24.8753, 89.7937
1740983315.735, 2.994, 2.303, -1.1328, -1.2105, -2.8431, 1.2763, 24.7412, 89.7240
1740983315.815, 2.994, 2.303, -1.1375, -1.2107, -2.8329, 1.3246, 24.6700, 89.7509
1740983315.894, 3.005, 2.293, -1.1416, -1.2105, -2.8224, 1.2242, 24.5267, 89.7806
1740983315.974, 3.005, 2.277, -1.1460, -1.2110, -2.8117, 1.2605, 24.2775, 89.9007
1740983316.053, 3.004, 2.263, -1.1510, -1.2112, -2.8009, 1.1714, 24.4694, 90.0269
1740983316.133, 3.013, 2.250, -1.1558, -1.2111, -2.7905, 1.0267, 25.1780, 90.1194
1740983316.213, 3.013, 2.250, -1.1614, -1.2112, -2.7805, 1.0800, 25.8617, 90.1015
1740983316.292, 3.009, 2.234, -1.1670, -1.2112, -2.7710, 1.1617, 26.5641, 90.0683
1740983316.372, 3.004, 2.216, -1.1724, -1.2116, -2.7616, 1.2113, 27.3081, 90.0142
1740983316.452, 3.000, 2.198, -1.1781, -1.2115, -2.7519, 1.2347, 28.1190, 90.0068
1740983316.531, 2.988, 2.181, -1.1842, -1.2113, -2.7425, 1.3067, 28.9516, 89.9498
1740983316.611, 2.988, 2.181, -1.1901, -1.2116, -2.7326, 1.1552, 29.7425, 90.0410
1740983316.691, 2.959, 2.163, -1.1964, -1.2123, -2.7228, 1.1135, 30.5145, 90.1612
1740983316.770, 2.965, 2.146, -1.2025, -1.2125, -2.7124, 0.9670, 31.2345, 90.2886
1740983316.850, 2.951, 2.129, -1.2088, -1.2123, -2.7016, 0.9416, 31.1929, 90.3484
1740983316.930, 2.949, 2.113, -1.2153, -1.2126, -2.6907, 0.9432, 31.2983, 90.3079
1740983317.009, 2.949, 2.113, -1.2222, -1.2128, -2.6794, 1.1221, 31.2716, 90.2437
1740983317.089, 2.951, 2.098, -1.2290, -1.2130, -2.6685, 1.2579, 31.0718, 90.1261
1740983317.169, 2.950, 2.082, -1.2354, -1.2135, -2.6572, 1.2573, 31.1633, 90.1547
1740983317.248, 2.953, 2.065, -1.2422, -1.2135, -2.6456, 1.3134, 31.0279, 90.1896
1740983317.328, 2.952, 2.047, -1.2486, -1.2141, -2.6338, 1.2622, 30.9673, 90.2221
1740983317.407, 2.952, 2.047, -1.2552, -1.2139, -2.6222, 1.2534, 30.7689, 90.2230
1740983317.487, 2.952, 2.030, -1.2618, -1.2142, -2.6102, 1.2152, 30.8107, 90.2616
1740983317.567, 2.974, 2.014, -1.2684, -1.2147, -2.5991, 1.2474, 30.7357, 90.2571
1740983317.646, 2.983, 1.998, -1.2750, -1.2146, -2.5874, 1.3154, 30.7340, 90.2319
1740983317.726, 2.981, 1.982, -1.2816, -1.2150, -2.5760, 1.3525, 30.6969, 90.1789
1740983317.806, 2.981, 1.982, -1.2882, -1.2152, -2.5646, 1.4009, 30.7339, 90.1665
1740983317.885, 2.987, 1.965, -1.2946, -1.2156, -2.5530, 1.3031, 30.7689, 90.2325
1740983317.965, 2.980, 1.948, -1.3012, -1.2157, -2.5412, 1.2992, 30.6993, 90.3107
1740983318.045, 2.981, 1.933, -1.3076, -1.2160, -2.5290, 1.1646, 30.6701, 90.3659
1740983318.124, 2.989, 1.916, -1.3140, -1.2162, -2.5173, 1.0998, 30.6559, 90.4154
1740983318.204, 2.989, 1.916, -1.3206, -1.2165, -2.5059, 1.1658, 30.6674, 90.3952
1740983318.284, 2.981, 1.900, -1.3274, -1.2168, -2.4943, 1.2584, 30.6343, 90.3340
1740983318.363, 2.986, 1.881, -1.3343, -1.2168, -2.4828, 1.3937, 30.4888, 90.2678
1740983318.443, 2.991, 1.862, -1.3410, -1.2173, -2.4712, 1.4416, 30.5074, 90.1932
1740983318.523, 2.991, 1.846, -1.3476, -1.2174, -2.4594, 1.4246, 30.3993, 90.2365
1740983318.602, 2.992, 1.846, -1.3540, -1.2180, -2.4474, 1.3640, 30.2879, 90.2558
1740983318.682, 2.990, 1.833, -1.3607, -1.2179, -2.4357, 1.4013, 30.1800, 90.2297
1740983318.762, 2.987, 1.814, -1.3669, -1.2183, -2.4241, 1.3511, 30.2196, 90.2807
1740983318.841, 2.993, 1.798, -1.3740, -1.2185, -2.4125, 1.4922, 30.1668, 90.2008
1740983318.921, 2.993, 1.781, -1.3802, -1.2189, -2.4009, 1.4592, 30.2288, 90.2171
1740983319.000, 2.991, 1.781, -1.3871, -1.2190, -2.3893, 1.6268, 30.1666, 90.0927
1740983319.080, 2.991, 1.764, -1.3936, -1.2192, -2.3775, 1.6048, 30.2127, 90.0699
1740983319.160, 2.993, 1.747, -1.3999, -1.2195, -2.3657, 1.5414, 30.1929, 90.1168
1740983319.239, 2.989, 1.729, -1.4063, -1.2198, -2.3534, 1.4621, 30.1543, 90.2113
1740983319.319, 2.989, 1.712, -1.4124, -1.2204, -2.3417, 1.3215, 30.1924, 90.2685
1740983319.399, 2.994, 1.712, -1.4192, -1.2206, -2.3295, 1.3478, 30.1181, 90.3037
1740983319.478, 2.997, 1.696, -1.4256, -1.2207, -2.3175, 1.3461, 30.1059, 90.2996
1740983319.558, 3.001, 1.682, -1.4326, -1.2207, -2.3065, 1.6228, 29.9871, 90.1541
1740983319.638, 2.993, 1.666, -1.4390, -1.2208, -2.2943, 1.6908, 29.8512, 90.0742
1740983319.717, 2.993, 1.649, -1.4457, -1.2212, -2.2825, 1.8210, 29.7758, 90.0469
1740983319.797, 3.002, 1.649, -1.4520, -1.2215, -2.2704, 1.7630, 29.6647, 90.1229
1740983319.876, 2.994, 1.630, -1.4583, -1.2217, -2.2584, 1.7089, 29.3877, 90.2081
1740983319.956, 2.998, 1.612, -1.4646, -1.2221, -2.2465, 1.7001, 29.3817, 90.2210
1740983320.036, 2.999, 1.596, -1.4708, -1.2224, -2.2349, 1.7228, 29.3192, 90.2081
1740983320.115, 2.999, 1.579, -1.4771, -1.2225, -2.2231, 1.7915, 29.2304, 90.1638
1740983320.195, 3.005, 1.579, -1.4835, -1.2227, -2.2114, 1.8645, 29.1930, 90.0669
1740983320.275, 3.000, 1.561, -1.4897, -1.2228, -2.1995, 1.8766, 29.1360, 90.0333
1740983320.354, 3.000, 1.544, -1.4957, -1.2229, -2.1877, 1.8585, 29.1675, 89.9963
1740983320.434, 3.007, 1.530, -1.5019, -1.2232, -2.1758, 1.8222, 29.1100, 89.9792
1740983320.514, 3.007, 1.512, -1.5078, -1.2235, -2.1635, 1.6826, 29.0431, 90.0417
1740983320.593, 3.002, 1.512, -1.5139, -1.2235, -2.1514, 1.6178, 28.9678, 90.0086
1740983320.673, 3.004, 1.494, -1.5197, -1.2236, -2.1398, 1.5705, 28.9618, 89.9447
1740983320.753, 3.006, 1.477, -1.5259, -1.2239, -2.1286, 1.7940, 28.8550, 89.7688
1740983320.832, 3.013, 1.459, -1.5318, -1.2240, -2.1172, 1.8054, 28.5997, 89.7485
1740983320.912, 3.013, 1.444, -1.5380, -1.2241, -2.1054, 1.9251, 28.4896, 89.6120
1740983320.992, 3.013, 1.444, -1.5441, -1.2245, -2.0931, 1.8902, 28.3832, 89.6587
1740983321.071, 3.010, 1.429, -1.5502, -1.2248, -2.0808, 1.8930, 28.1751, 89.5656
1740983321.151, 3.011, 1.412, -1.5564, -1.2248, -2.0681, 1.7131, 28.1439, 89.7308
1740983321.230, 3.012, 1.395, -1.5637, -1.2251, -2.0566, 1.8590, 29.0725, 89.5678
1740983321.310, 3.012, 1.395, -1.5708, -1.2251, -2.0445, 1.8619, 29.8553, 89.6212
1740983321.390, 3.012, 1.378, -1.5776, -1.2252, -2.0327, 1.8749, 29.8234, 89.6311
1740983321.469, 3.016, 1.360, -1.5813, -1.2246, -2.0225, 1.5501, 29.3066, 89.1380
1740983321.549, 3.017, 1.344, -1.5843, -1.2239, -2.0175, 1.5799, 29.3104, 88.3397
1740983321.629, 3.020, 1.329, -1.5885, -1.2236, -2.0095, 1.5907, 29.2901, 87.8774
1740983321.708, 3.020, 1.329, -1.5951, -1.2238, -1.9965, 1.5314, 29.3659, 87.8285
1740983321.788, 3.010, 1.323, -1.6034, -1.2234, -1.9812, 1.4476, 29.4719, 87.6242
1740983321.868, 3.019, 1.306, -1.6126, -1.2237, -1.9651, 0.9402, 31.0894, 88.0204
1740983321.947, 3.021, 1.285, -1.6243, -1.2238, -1.9534, 1.3611, 34.4273, 87.6450
1740983322.027, 3.012, 1.260, -1.6365, -1.2258, -1.9384, 1.7211, 35.3342, 88.9861
1740983322.106, 3.012, 1.260, -1.6472, -1.2258, -1.9235, 1.8304, 34.9292, 89.3823
1740983322.186, 3.005, 1.245, -1.6536, -1.2270, -1.9122, 1.8352, 34.7493, 89.4715
1740983322.266, 3.005, 1.219, -1.6572, -1.2258, -1.9022, 0.5437, 35.8099, 90.7870
1740983322.345, 3.008, 1.201, -1.6586, -1.2257, -1.8944, -0.5421, 35.6151, 91.2197
1740983322.425, 3.016, 1.189, -1.6626, -1.2256, -1.8858, -0.8780, 35.1055, 91.1276
1740983322.505, 3.016, 1.189, -1.6729, -1.2252, -1.8707, 0.2073, 32.8847, 91.7747
1740983322.584, 3.017, 1.178, -1.6802, -1.2237, -1.8526, 1.1266, 28.6567, 91.5506
1740983322.664, 3.007, 1.159, -1.6797, -1.2219, -1.8364, 1.1725, 23.6310, 90.3141
1740983322.744, 3.022, 1.137, -1.6774, -1.2229, -1.8248, -0.9117, 21.5525, 89.4448
1740983322.823, 3.074, 1.134, -1.6887, -1.2263, -1.8144, 2.5073, 19.1267, 87.8158
1740983322.903, 3.074, 1.134, -1.6966, -1.2250, -1.8020, 3.3939, 19.3665, 87.5810
1740983322.983, 3.098, 1.128, -1.6986, -1.2254, -1.7883, 2.0489, 20.4949, 87.3083
1740983323.062, 3.111, 1.115, -1.7091, -1.2254, -1.7739, 2.4113, 25.2936, 87.2180
1740983323.142, 3.088, 1.096, -1.7242, -1.2267, -1.7566, 3.1725, 28.8218, 88.1776
1740983323.222, 3.038, 1.055, -1.7326, -1.2276, -1.7332, 1.6291, 28.7068, 89.6718
1740983323.301, 3.038, 1.055, -1.7443, -1.2268, -1.7161, 3.1095, 27.4690, 89.8914
1740983323.381, 3.034, 1.021, -1.7528, -1.2262, -1.7080, 4.3949, 27.1733, 88.9381
1740983323.460, 3.040, 0.995, -1.7587, -1.2259, -1.6977, 4.5810, 26.9207, 88.6775
1740983323.540, 3.031, 0.981, -1.7649, -1.2263, -1.6847, 4.6035, 26.6162, 88.6781
1740983323.620, 3.036, 0.966, -1.7725, -1.2263, -1.6700, 4.7900, 26.3598, 88.5267
1740983323.699, 3.036, 0.966, -1.7792, -1.2272, -1.6513, 4.1680, 25.8498, 88.9578
1740983323.779, 3.045, 0.946, -1.7872, -1.2275, -1.6329, 4.1414, 25.6475, 88.8869
1740983323.859, 3.043, 0.924, -1.7932, -1.2287, -1.6153, 2.6926, 27.6051, 89.2650
1740983323.938, 3.047, 0.902, -1.8005, -1.2289, -1.6019, 1.7908, 31.1401, 89.2004
1740983324.018, 3.040, 0.875, -1.8102, -1.2298, -1.5893, 2.0108, 31.8459, 89.1587
1740983324.098, 3.040, 0.875, -1.8179, -1.2295, -1.5764, 2.1290, 31.7174, 89.0504
1740983324.177, 3.030, 0.854, -1.8256, -1.2297, -1.5628, 2.1491, 31.6022, 88.9295
1740983324.257, 3.035, 0.834, -1.8339, -1.2298, -1.5487, 2.1624, 31.5155, 88.8859
1740983324.337, 3.029, 0.815, -1.8386, -1.2299, -1.5357, 1.6126, 30.7993, 88.3367
1740983324.416, 3.029, 0.796, -1.8442, -1.2287, -1.5276, 1.7961, 30.7980, 87.4189
1740983324.496, 3.035, 0.796, -1.8511, -1.2284, -1.5160, 1.8359, 30.8788, 86.9562
1740983324.575, 3.036, 0.780, -1.8599, -1.2283, -1.5019, 2.0472, 31.1096, 86.5214
1740983324.655, 3.032, 0.768, -1.8693, -1.2284, -1.4850, 1.9993, 30.8607, 86.3695
1740983324.735, 3.039, 0.749, -1.8816, -1.2302, -1.4635, 2.0072, 30.7378, 88.0086
1740983324.814, 3.039, 0.723, -1.8939, -1.2285, -1.4479, 3.1409, 30.5896, 87.0144
1740983324.894, 3.035, 0.723, -1.8990, -1.2284, -1.4379, 2.7467, 31.1208, 86.4645
1740983324.974, 3.038, 0.694, -1.9057, -1.2285, -1.4256, 2.9286, 31.3637, 86.8233
1740983325.053, 3.031, 0.675, -1.9057, -1.2273, -1.4142, 0.5651, 32.0030, 87.7091
1740983325.133, 3.031, 0.662, -1.9104, -1.2270, -1.4022, -0.0764, 31.9709, 87.9692
1740983325.213, 3.031, 0.645, -1.9257, -1.2286, -1.3808, 0.3466, 33.1343, 90.6897
1740983325.292, 3.042, 0.645, -1.9419, -1.2285, -1.3594, 1.4087, 33.1460, 91.2966
1740983325.372, 3.043, 0.624, -1.9517, -1.2302, -1.3419, 0.5457, 33.1336, 89.6883
1740983325.451, 0.952, 0.598, -1.9684, -1.2302, -1.3321, 5.0338, 31.7936, 87.9464
1740983325.531, 3.038, 0.566, -1.9785, -1.2301, -1.3197, 5.0718, 31.7198, 87.9628
1740983325.611, 3.038, 0.549, -1.9829, -1.2300, -1.3085, 4.4645, 31.4613, 88.6221
1740983325.691, 3.024, 0.549, -1.9854, -1.2294, -1.3028, 4.0291, 31.2344, 89.0952
1740983325.770, 3.021, 0.528, -1.9855, -1.2297, -1.3039, 4.1203, 31.2407, 88.9570
1740983325.850, 3.023, 0.524, -1.9855, -1.2301, -1.3065, 4.6655, 31.3572, 88.2714
1740983325.930, 3.024, 0.524, -1.9849, -1.2297, -1.3066, 4.2432, 31.3185, 88.7286
1740983326.009, 3.024, 0.524, -1.9846, -1.2300, -1.3071, 4.3886, 31.3456, 88.5461
1740983326.089, 3.028, 0.524, -1.9848, -1.2299, -1.3071, 4.3050, 31.3201, 88.6363
1740983326.169, 3.028, 0.526, -1.9847, -1.2299, -1.3075, 4.3248, 31.3433, 88.5703
1740983326.248, 3.031, 0.525, -1.9848, -1.2301, -1.3075, 4.2966, 31.3248, 88.6248
1740983326.328, 3.030, 0.522, -1.9848, -1.2300, -1.3075, 4.2926, 31.3247, 88.6306
1740983326.407, 3.030, 0.521, -1.9848, -1.2301, -1.3074, 4.2803, 31.3361, 88.6323
1740983326.487, 3.026, 0.521, -1.9850, -1.2301, -1.3075, 4.2716, 31.3443, 88.6134
1740983326.567, 3.024, 0.526, -1.9850, -1.2302, -1.3075, 4.2687, 31.3423, 88.6185
1740983326.646, 3.031, 0.526, -1.9850, -1.2301, -1.3075, 4.2638, 31.3313, 88.6355
1740983326.726, 3.029, 0.521, -1.9851, -1.2302, -1.3076, 4.2683, 31.3187, 88.6415
1740983326.806, 3.029, 0.525, -1.9851, -1.2302, -1.3076, 4.2722, 31.3194, 88.6368
1740983326.885, 3.030, 0.525, -1.9852, -1.2302, -1.3076, 4.2721, 31.3356, 88.6372
1740983326.965, 3.026, 0.525, -1.9852, -1.2302, -1.3077, 4.2732, 31.3394, 88.6289
1740983327.044, 3.028, 0.521, -1.9853, -1.2303, -1.3077, 4.2766, 31.3423, 88.6366
1740983327.124, 3.024, 0.521, -1.9853, -1.2303, -1.3077, 4.2687, 31.3366, 88.6346
1740983327.204, 3.024, 0.525, -1.9853, -1.2304, -1.3078, 4.2732, 31.3384, 88.6402
1740983327.283, 3.027, 0.525, -1.9854, -1.2304, -1.3077, 4.2644, 31.3430, 88.6491
1740983327.363, 3.024, 0.521, -1.9855, -1.2305, -1.3078, 4.2663, 31.3462, 88.6497
1740983327.443, 3.028, 0.521, -1.9854, -1.2304, -1.3077, 4.2652, 31.3446, 88.6398
1740983327.522, 3.030, 0.525, -1.9854, -1.2305, -1.3078, 4.2728, 31.3571, 88.6492
1740983327.602, 3.030, 0.521, -1.9855, -1.2304, -1.3078, 4.2693, 31.3721, 88.6395
1740983327.682, 3.028, 0.521, -1.9855, -1.2304, -1.3078, 4.2625, 31.3651, 88.6493
1740983327.761, 3.022, 0.521, -1.9856, -1.2304, -1.3079, 4.2597, 31.3771, 88.6386
1740983327.841, 3.029, 0.525, -1.9855, -1.2305, -1.3079, 4.2573, 31.3641, 88.6419
1740983327.920, 3.030, 0.525, -1.9856, -1.2305, -1.3079, 4.2558, 31.3529, 88.6584
1740983328.000, 3.030, 0.525, -1.9857, -1.2306, -1.3079, 4.2616, 31.3566, 88.6491
1740983328.080, 3.025, 0.525, -1.9856, -1.2306, -1.3079, 4.2583, 31.3365, 88.6623
1740983328.279, 3.028, 0.525, -1.9857, -1.2306, -1.3079, 4.2628, 31.3603, 88.6403
1740983328.359, 3.026, 0.521, -1.9858, -1.2305, -1.3080, 4.2567, 31.3669, 88.6404
1740983328.438, 3.031, 0.525, -1.9858, -1.2307, -1.3080, 4.2544, 31.3661, 88.6355
1740983328.518, 3.024, 0.521, -1.9857, -1.2307, -1.3080, 4.2431, 31.3708, 88.6308
1740983328.598, 3.024, 0.520, -1.9858, -1.2307, -1.3080, 4.2516, 31.3725, 88.6339
1740983328.677, 3.028, 0.520, -1.9858, -1.2307, -1.3081, 4.2485, 31.3737, 88.6371
1740983328.757, 3.027, 0.521, -1.9859, -1.2307, -1.3081, 4.2444, 31.3761, 88.6347
1740983328.836, 3.027, 0.525, -1.9857, -1.2307, -1.3085, 4.2290, 31.3868, 88.6634
1740983328.916, 3.030, 0.526, -1.9850, -1.2308, -1.3111, 4.4654, 31.3688, 88.3974
1740983328.996, 3.030, 0.526, -1.9825, -1.2306, -1.3156, 4.4713, 31.3667, 88.4143
1740983329.075, 3.032, 0.526, -1.9788, -1.2305, -1.3226, 4.4988, 31.3875, 88.4001
1740983329.155, 3.025, 0.529, -1.9721, -1.2309, -1.3339, 4.3663, 31.4344, 88.3183
1740983329.235, 3.029, 0.535, -1.9565, -1.2315, -1.3466, 1.6469, 32.0360, 89.2485
1740983329.314, 3.029, 0.550, -1.9490, -1.2307, -1.3529, 0.9240, 32.1757, 91.1504
1740983329.394, 3.029, 0.550, -1.9438, -1.2302, -1.3600, 0.5879, 31.8370, 91.2592
1740983329.474, 3.035, 0.573, -1.9378, -1.2300, -1.3689, 0.3748, 31.7373, 91.1303
1740983329.553, 3.038, 0.588, -1.9303, -1.2295, -1.3799, 0.2213, 31.6038, 90.9984
1740983329.633, 3.041, 0.600, -1.9227, -1.2293, -1.3924, -0.2240, 32.7419, 90.3952
1740983329.713, 3.041, 0.616, -1.9196, -1.2288, -1.4013, 0.0226, 34.3616, 89.6574
1740983329.792, 3.041, 0.616, -1.9165, -1.2285, -1.4058, 0.2004, 34.6226, 88.9587
1740983329.872, 3.041, 0.630, -1.9125, -1.2284, -1.4131, 0.8657, 34.8301, 88.0615
1740983329.952, 3.037, 0.637, -1.9078, -1.2294, -1.4292, 3.3408, 35.4875, 86.5352
1740983330.031, 3.038, 0.647, -1.8986, -1.2300, -1.4485, 4.4035, 34.8258, 86.5280
1740983330.111, 3.038, 0.667, -1.8796, -1.2302, -1.4641, 1.3930, 33.7465, 88.1724
1740983330.191, 3.035, 0.667, -1.8706, -1.2291, -1.4795, 2.1909, 33.9023, 86.5445
1740983330.270, 3.032, 0.691, -1.8660, -1.2291, -1.4881, 2.0990, 34.2348, 86.5994
1740983330.350, 3.043, 0.719, -1.8626, -1.2295, -1.4937, 2.1724, 34.2808, 86.5703
1740983330.429, 3.043, 0.730, -1.8594, -1.2295, -1.4979, 2.0901, 34.3182, 86.6604
1740983330.509, 3.043, 0.741, -1.8565, -1.2294, -1.5026, 2.0928, 34.4560, 86.7043
1740983330.589, 3.037, 0.741, -1.8528, -1.2294, -1.5086, 2.1266, 34.6454, 86.6162
1740983330.668, 3.043, 0.747, -1.8480, -1.2297, -1.5158, 2.0787, 34.8469, 86.9635
1740983330.748, 3.038, 0.751, -1.8419, -1.2300, -1.5240, 1.8094, 35.1787, 87.5520
1740983330.828, 3.038, 0.762, -1.8368, -1.2312, -1.5337, 2.3510, 35.5325, 88.6712
1740983330.907, 3.038, 0.779, -1.8276, -1.2313, -1.5471, 2.1617, 35.4895, 89.0037
1740983330.987, 3.042, 0.779, -1.8188, -1.2311, -1.5597, 2.2140, 35.4441, 89.0166
1740983331.066, 3.040, 0.795, -1.8108, -1.2308, -1.5713, 2.1295, 35.3677, 89.1180
1740983331.146, 3.042, 0.812, -1.8034, -1.2308, -1.5823, 2.1290, 35.2677, 89.1230
1740983331.226, 3.044, 0.812, -1.7960, -1.2306, -1.5931, 2.1434, 35.1735, 89.0865
1740983331.305, 3.044, 0.843, -1.7942, -1.2291, -1.6033, 3.7023, 35.5182, 88.5903
1740983331.385, 3.048, 0.843, -1.7910, -1.2279, -1.6116, 4.3276, 35.3212, 88.3794
1740983331.465, 3.047, 0.858, -1.7839, -1.2282, -1.6226, 4.4146, 35.4872, 88.3281
1740983331.545, 3.045, 0.870, -1.7765, -1.2281, -1.6351, 4.7419, 35.5189, 88.1798
1740983331.624, 3.041, 0.889, -1.7689, -1.2275, -1.6470, 4.7884, 35.5473, 88.1769
1740983331.704, 3.041, 0.905, -1.7617, -1.2265, -1.6589, 5.0996, 35.6014, 87.8977
1740983331.783, 3.044, 0.905, -1.7546, -1.2268, -1.6693, 5.0154, 35.6087, 88.0250
1740983331.863, 3.043, 0.924, -1.7458, -1.2273, -1.6788, 4.3738, 35.6934, 88.1698
1740983331.943, 3.044, 0.940, -1.7311, -1.2290, -1.6884, 2.2605, 35.8483, 89.1712
1740983332.022, 3.046, 0.954, -1.7236, -1.2290, -1.6994, 2.0328, 35.8583, 89.1011
1740983332.102, 3.046, 0.973, -1.7174, -1.2283, -1.7090, 2.0597, 36.0513, 88.8999
1740983332.182, 3.059, 0.973, -1.7142, -1.2281, -1.7163, 2.5660, 36.3833, 88.1076
1740983332.261, 3.055, 0.990, -1.7131, -1.2276, -1.7186, 2.6810, 36.6061, 87.9766
1740983332.341, 3.053, 1.003, -1.7125, -1.2271, -1.7199, 2.7536, 36.7768, 87.9645
1740983332.420, 3.061, 1.005, -1.7115, -1.2270, -1.7223, 3.0668, 36.9336, 87.8257
1740983332.500, 3.061, 1.007, -1.7127, -1.2264, -1.7245, 3.8963, 36.5842, 88.0061
1740983332.580, 3.053, 1.007, -1.7119, -1.2253, -1.7259, 3.9604, 36.5275, 88.4785
1740983332.659, 3.051, 1.012, -1.7107, -1.2240, -1.7301, 4.4800, 36.3379, 89.2071
1740983332.739, 3.058, 1.011, -1.7036, -1.2232, -1.7401, 4.5643, 36.4666, 89.5466
1740983332.819, 3.050, 1.019, -1.6909, -1.2223, -1.7561, 4.1509, 36.2455, 89.7131
1740983332.898, 3.050, 1.035, -1.6707, -1.2220, -1.7758, 2.2423, 35.8107, 89.4823
1740983332.978, 3.050, 1.035, -1.6492, -1.2247, -1.7918, -0.3424, 35.6310, 90.7710
1740983333.058, 3.061, 1.061, -1.6465, -1.2267, -1.8084, 2.4227, 35.9727, 88.7166
1740983333.137, 3.076, 1.096, -1.6405, -1.2265, -1.8175, 2.1130, 36.1957, 88.9985
1740983333.217, 3.063, 1.115, -1.6388, -1.2263, -1.8199, 2.2076, 36.1734, 88.9362
1740983333.297, 3.063, 1.127, -1.6379, -1.2264, -1.8210, 2.1891, 36.1927, 88.9789
1740983333.376, 3.063, 1.127, -1.6361, -1.2262, -1.8235, 2.2164, 36.1492, 89.0350
1740983333.456, 3.063, 1.129, -1.6322, -1.2265, -1.8290, 2.1896, 36.2356, 89.0525
1740983333.535, 3.063, 1.133, -1.6263, -1.2260, -1.8365, 2.1036, 35.6329, 88.7003
1740983333.615, 3.064, 1.141, -1.6230, -1.2253, -1.8407, 2.0678, 35.1660, 88.2961
1740983333.695, 3.064, 1.150, -1.6217, -1.2251, -1.8419, 2.0130, 34.8662, 88.2217
1740983333.774, 3.062, 1.150, -1.6216, -1.2246, -1.8432, 1.9162, 35.8275, 87.9549
1740983333.854, 3.068, 1.156, -1.6189, -1.2248, -1.8469, 1.7356, 35.9480, 87.7775
1740983333.934, 3.064, 1.157, -1.6127, -1.2238, -1.8567, 1.9269, 36.1299, 87.1477
1740983334.013, 3.066, 1.161, -1.6030, -1.2233, -1.8701, 1.7707, 36.0857, 87.2707
1740983334.093, 3.066, 1.178, -1.5934, -1.2231, -1.8839, 1.7211, 36.1760, 87.2153
1740983334.173, 3.075, 1.178, -1.5862, -1.2226, -1.8943, 1.7101, 36.1859, 87.4236
1740983334.252, 3.069, 1.199, -1.5808, -1.2230, -1.9007, 1.4725, 36.2226, 88.0037
1740983334.332, 3.070, 1.219, -1.5771, -1.2231, -1.9065, 1.5535, 36.2682, 87.9364
1740983334.411, 3.071, 1.230, -1.5735, -1.2231, -1.9109, 1.3799, 36.3538, 88.4007
1740983334.491, 3.071, 1.236, -1.5699, -1.2239, -1.9172, 1.8116, 36.2782, 89.0723
1740983334.571, 3.074, 1.236, -1.5648, -1.2246, -1.9259, 2.1847, 36.4946, 89.2962
1740983334.650, 3.080, 1.246, -1.5585, -1.2239, -1.9351, 2.1994, 36.2362, 89.2295
1740983334.730, 3.079, 1.257, -1.5534, -1.2244, -1.9421, 2.0754, 36.0666, 89.3283
1740983334.810, 3.079, 1.269, -1.5492, -1.2242, -1.9478, 2.0665, 35.8821, 89.3403
1740983334.889, 3.079, 1.280, -1.5448, -1.2239, -1.9535, 2.0119, 35.6691, 89.3986
1740983334.969, 3.073, 1.280, -1.5400, -1.2240, -1.9598, 2.0250, 35.0794, 89.4712
1740983335.049, 3.074, 1.289, -1.5347, -1.2234, -1.9666, 1.9533, 34.4290, 89.5668
1740983335.128, 3.079, 1.296, -1.5296, -1.2238, -1.9747, 1.9893, 34.4524, 89.5689
1740983335.208, 3.071, 1.307, -1.5249, -1.2236, -1.9825, 2.0095, 34.4918, 89.5747
1740983335.288, 3.071, 1.320, -1.5205, -1.2237, -1.9895, 2.0433, 34.5160, 89.5807
1740983335.367, 3.073, 1.320, -1.5164, -1.2233, -1.9961, 2.0855, 34.5320, 89.5213
1740983335.447, 3.078, 1.332, -1.5127, -1.2233, -2.0025, 2.1205, 34.5256, 89.4404
1740983335.527, 3.072, 1.341, -1.5084, -1.2232, -2.0086, 2.0985, 34.6303, 89.4583
1740983335.606, 3.072, 1.351, -1.5034, -1.2231, -2.0151, 2.0977, 33.9412, 89.4654
1740983335.686, 3.073, 1.362, -1.4982, -1.2226, -2.0212, 1.9790, 33.0563, 89.6262
1740983335.766, 3.080, 1.362, -1.4933, -1.2228, -2.0290, 2.0251, 32.9146, 89.5465
1740983335.845, 3.081, 1.369, -1.4884, -1.2228, -2.0368, 1.9271, 33.0099, 89.6113
1740983335.925, 3.075, 1.379, -1.4840, -1.2226, -2.0441, 1.8593, 33.0430, 89.6745
1740983336.004, 3.075, 1.389, -1.4798, -1.2223, -2.0508, 1.8101, 33.0224, 89.7238
1740983336.084, 3.077, 1.400, -1.4759, -1.2220, -2.0573, 1.7682, 33.0150, 89.7909
1740983336.164, 3.081, 1.400, -1.4721, -1.2221, -2.0639, 1.7799, 33.0358, 89.8322
1740983336.243, 3.076, 1.408, -1.4679, -1.2217, -2.0705, 1.7964, 33.0411, 89.8669
1740983336.323, 3.082, 1.418, -1.4641, -1.2216, -2.0769, 1.7532, 33.0953, 89.8741
1740983336.403, 3.082, 1.427, -1.4622, -1.2218, -2.0799, 1.7454, 33.0750, 89.8953
1740983336.482, 3.081, 1.436, -1.4622, -1.2216, -2.0799, 1.7400, 33.0902, 89.9029
1740983336.562, 3.077, 1.436, -1.4622, -1.2215, -2.0798, 1.7215, 33.0847, 89.9111
1740983336.642, 3.077, 1.439, -1.4622, -1.2214, -2.0798, 1.7091, 33.0958, 89.9181
1740983336.721, 3.077, 1.437, -1.4623, -1.2215, -2.0798, 1.7109, 33.0938, 89.9178
1740983336.801, 3.077, 1.436, -1.4622, -1.2215, -2.0799, 1.7084, 33.0983, 89.9176
1740983336.881, 3.077, 1.439, -1.4622, -1.2214, -2.0798, 1.6973, 33.0858, 89.9153
1740983336.960, 3.081, 1.439, -1.4622, -1.2214, -2.0799, 1.7004, 33.0828, 89.9213
1740983337.040, 3.082, 1.438, -1.4622, -1.2215, -2.0798, 1.6895, 33.0862, 89.9388
1740983337.119, 3.082, 1.436, -1.4621, -1.2216, -2.0798, 1.6978, 33.0925, 89.9110
1740983337.199, 3.082, 1.439, -1.4614, -1.2214, -2.0809, 1.6841, 33.1349, 89.9823
1740983337.279, 3.078, 1.439, -1.4583, -1.2212, -2.0865, 1.7727, 33.0813, 89.9540
1740983337.358, 3.077, 1.438, -1.4524, -1.2211, -2.0967, 1.8749, 33.1681, 89.8783
1740983337.438, 3.080, 1.442, -1.4443, -1.2211, -2.1097, 1.8271, 33.1224, 89.8873
1740983337.518, 3.076, 1.457, -1.4361, -1.2208, -2.1226, 1.7484, 33.0567, 89.9628
1740983337.597, 3.076, 1.477, -1.4288, -1.2195, -2.1340, 1.7227, 33.0215, 90.0830
1740983337.677, 3.077, 1.477, -1.4230, -1.2200, -2.1441, 1.7428, 33.0558, 90.1814
1740983337.757, 3.083, 1.496, -1.4182, -1.2200, -2.1527, 1.7320, 33.0960, 90.2574
1740983337.836, 3.082, 1.512, -1.4133, -1.2197, -2.1608, 1.8036, 33.1591, 90.2560
1740983337.916, 3.081, 1.523, -1.4083, -1.2198, -2.1691, 1.8247, 33.1888, 90.2515
1740983337.995, 3.081, 1.536, -1.4032, -1.2194, -2.1779, 1.8695, 33.2986, 90.2122
1740983338.075, 3.081, 1.536, -1.3977, -1.2192, -2.1871, 1.8891, 33.3628, 90.2031
1740983338.155, 3.081, 1.549, -1.3918, -1.2194, -2.1963, 1.8293, 33.3708, 90.2389
1740983338.234, 3.077, 1.561, -1.3863, -1.2182, -2.2053, 1.8382, 33.4688, 90.2529
1740983338.314, 3.082, 1.575, -1.3801, -1.2186, -2.2149, 1.7357, 33.4949, 90.3082
1740983338.394, 3.082, 1.590, -1.3741, -1.2189, -2.2245, 1.6674, 33.4953, 90.3469
1740983338.473, 3.081, 1.590, -1.3684, -1.2184, -2.2339, 1.6661, 33.5518, 90.3018
1740983338.553, 3.077, 1.604, -1.3626, -1.2185, -2.2429, 1.6098, 33.5662, 90.3941
1740983338.633, 3.082, 1.620, -1.3569, -1.2181, -2.2519, 1.5551, 33.5755, 90.3793
1740983338.832, 3.083, 1.649, -1.3430, -1.2173, -2.2746, 1.5852, 33.6768, 90.2687
1740983338.911, 3.083, 1.660, -1.3372, -1.2178, -2.2844, 1.5254, 33.6171, 90.2445
1740983338.991, 3.083, 1.671, -1.3309, -1.2175, -2.2938, 1.4740, 33.5909, 90.1693
1740983339.071, 3.081, 1.671, -1.3250, -1.2164, -2.3026, 1.3939, 33.5751, 90.2410
1740983339.150, 3.082, 1.687, -1.3193, -1.2162, -2.3121, 1.4061, 33.5113, 90.2431
1740983339.230, 3.083, 1.700, -1.3135, -1.2157, -2.3215, 1.4223, 33.5608, 90.2582
1740983339.310, 3.080, 1.712, -1.3077, -1.2153, -2.3308, 1.4373, 33.6423, 90.3053
1740983339.389, 3.080, 1.729, -1.3021, -1.2159, -2.3402, 1.4424, 33.6848, 90.2683
1740983339.469, 3.084, 1.729, -1.2967, -1.2155, -2.3494, 1.5473, 33.7119, 90.2418
1740983339.549, 3.083, 1.740, -1.2912, -1.2149, -2.3581, 1.5613, 33.7604, 90.1607
1740983339.628, 3.080, 1.753, -1.2857, -1.2149, -2.3672, 1.6203, 33.8019, 90.1128
1740983339.708, 3.080, 1.766, -1.2797, -1.2159, -2.3767, 1.5452, 33.8621, 90.1554
1740983339.787, 3.080, 1.780, -1.2736, -1.2154, -2.3856, 1.4728, 33.8416, 90.2247
1740983339.867, 3.084, 1.780, -1.2676, -1.2144, -2.3952, 1.4175, 33.9089, 90.2538
1740983339.947, 3.081, 1.794, -1.2611, -1.2139, -2.4054, 1.4106, 33.9309, 90.2602
1740983340.026, 3.086, 1.807, -1.2548, -1.2140, -2.4153, 1.3032, 33.9493, 90.3626
1740983340.106, 3.086, 1.824, -1.2486, -1.2134, -2.4249, 1.3353, 33.9389, 90.4323
1740983340.186, 3.086, 1.839, -1.2425, -1.2136, -2.4346, 1.3352, 34.0187, 90.4072
1740983340.265, 3.076, 1.839, -1.2368, -1.2135, -2.4439, 1.3706, 34.0354, 90.4527
1740983340.345, 3.068, 1.854, -1.2311, -1.2123, -2.4529, 1.3550, 34.0670, 90.3800
1740983340.425, 3.059, 1.867, -1.2250, -1.2124, -2.4627, 1.3690, 34.0394, 90.3096
1740983340.504, 3.063, 1.879, -1.2185, -1.2126, -2.4728, 1.3424, 33.9424, 90.2476
1740983340.584, 3.063, 1.896, -1.2126, -1.2125, -2.4824, 1.3455, 33.8687, 90.2754
1740983340.663, 3.053, 1.896, -1.2063, -1.2125, -2.4924, 1.3565, 33.9181, 90.2853
1740983340.743, 3.061, 1.910, -1.2002, -1.2122, -2.5023, 1.4077, 33.9660, 90.3255
1740983340.823, 3.063, 1.926, -1.1945, -1.2119, -2.5116, 1.4040, 34.0078, 90.3369
1740983340.903, 3.060, 1.938, -1.1888, -1.2112, -2.5210, 1.4811, 34.0276, 90.2846
1740983340.982, 3.060, 1.952, -1.1828, -1.2114, -2.5306, 1.5264, 34.1277, 90.2859
1740983341.062, 3.062, 1.952, -1.1772, -1.2109, -2.5396, 1.5440, 34.2090, 90.1802
1740983341.141, 3.063, 1.967, -1.1716, -1.2102, -2.5486, 1.5379, 34.2687, 90.2017
1740983341.221, 3.062, 1.981, -1.1655, -1.2103, -2.5578, 1.4873, 34.3446, 90.1795
1740983341.301, 3.062, 1.995, -1.1593, -1.2107, -2.5676, 1.4875, 34.4126, 90.1861
1740983341.380, 3.064, 2.008, -1.1527, -1.2106, -2.5773, 1.3180, 34.5088, 90.2804
1740983341.460, 3.064, 2.008, -1.1458, -1.2102, -2.5875, 1.2699, 34.5336, 90.3113
1740983341.540, 3.065, 2.024, -1.1398, -1.2100, -2.5975, 1.4137, 34.5488, 90.2746
1740983341.619, 3.067, 2.037, -1.1333, -1.2093, -2.6071, 1.2946, 34.5794, 90.3391
1740983341.699, 3.067, 2.051, -1.1273, -1.2089, -2.6163, 1.2976, 34.5712, 90.3055
1740983341.779, 3.063, 2.067, -1.1218, -1.2089, -2.6259, 1.5236, 34.6675, 90.2116
1740983341.858, 3.062, 2.067, -1.1157, -1.2091, -2.6350, 1.4346, 34.6170, 90.2111
1740983341.938, 3.067, 2.082, -1.1092, -1.2088, -2.6446, 1.2870, 34.6064, 90.1086
1740983342.017, 3.069, 2.095, -1.1028, -1.2083, -2.6542, 1.2577, 34.4878, 90.0940
1740983342.097, 3.069, 2.111, -1.0964, -1.2090, -2.6644, 1.2779, 34.4686, 90.0645
1740983342.177, 3.068, 2.125, -1.0900, -1.2083, -2.6739, 1.2105, 34.4795, 90.0914
1740983342.256, 3.065, 2.125, -1.0843, -1.2087, -2.6832, 1.2916, 34.5015, 90.0635
1740983342.336, 3.071, 2.140, -1.0791, -1.2080, -2.6914, 1.3317, 34.5308, 90.0723
1740983342.416, 3.065, 2.156, -1.0743, -1.2080, -2.6990, 1.3330, 34.5851, 90.0663
1740983342.495, 3.065, 2.166, -1.0697, -1.2080, -2.7064, 1.3591, 34.6158, 90.0475
1740983342.575, 3.072, 2.166, -1.0652, -1.2079, -2.7133, 1.3964, 34.6469, 89.9873
1740983342.655, 3.070, 2.179, -1.0606, -1.2077, -2.7206, 1.4510, 34.7216, 89.8765
1740983342.734, 3.071, 2.188, -1.0557, -1.2075, -2.7283, 1.4618, 34.7688, 89.8663
1740983342.814, 3.073, 2.199, -1.0506, -1.2075, -2.7360, 1.4452, 34.7929, 89.8286
1740983342.894, 3.073, 2.209, -1.0452, -1.2075, -2.7448, 1.3988, 35.3402, 89.8554
1740983342.973, 3.071, 2.209, -1.0396, -1.2072, -2.7537, 1.3072, 35.9414, 89.8480
1740983343.053, 3.067, 2.223, -1.0344, -1.2070, -2.7622, 1.2390, 36.5100, 89.8846
1740983343.133, 3.072, 2.238, -1.0289, -1.2074, -2.7704, 1.2039, 36.5837, 89.9382
1740983343.212, 3.079, 2.255, -1.0233, -1.2072, -2.7784, 1.2214, 36.6303, 89.9704
1740983343.292, 3.079, 2.264, -1.0175, -1.2069, -2.7863, 1.1889, 36.6242, 89.9969
1740983343.372, 3.079, 2.264, -1.0122, -1.2063, -2.7940, 1.2565, 36.6093, 89.9916
1740983343.451, 3.081, 2.277, -1.0068, -1.2065, -2.8023, 1.4041, 36.6456, 89.8716
1740983343.531, 3.076, 2.292, -1.0009, -1.2062, -2.8106, 1.3755, 36.6137, 89.8087
1740983343.610, 3.077, 2.299, -0.9945, -1.2063, -2.8195, 1.3086, 36.6305, 89.7231
1740983343.690, 3.077, 2.315, -0.9881, -1.2070, -2.8283, 1.2782, 36.5244, 89.6861
1740983343.770, 3.078, 2.315, -0.9820, -1.2070, -2.8371, 1.2908, 36.4539, 89.7429
1740983343.849, 3.082, 2.331, -0.9758, -1.2068, -2.8460, 1.2974, 36.4322, 89.7449
1740983343.929, 3.079, 2.342, -0.9698, -1.2064, -2.8544, 1.2865, 36.4461, 89.7807
1740983344.009, 3.084, 2.352, -0.9643, -1.2058, -2.8625, 1.3102, 36.4374, 89.7546
1740983344.088, 3.084, 2.368, -0.9591, -1.2055, -2.8701, 1.4048, 36.4986, 89.7493
1740983344.168, 3.086, 2.368, -0.9543, -1.2056, -2.8775, 1.4953, 36.5800, 89.6938
1740983344.248, 3.087, 2.376, -0.9488, -1.2055, -2.8855, 1.5113, 36.5685, 89.6677
1740983344.327, 3.083, 2.388, -0.9424, -1.2057, -2.8932, 1.5623, 35.7036, 89.6093
1740983344.407, 3.082, 2.404, -0.9350, -1.2051, -2.9010, 1.6097, 33.9445, 89.5888
1740983344.486, 3.082, 2.415, -0.9279, -1.2051, -2.9085, 1.5176, 32.2602, 89.7018
1740983344.566, 3.082, 2.415, -0.9221, -1.2049, -2.9171, 1.5312, 31.6993, 89.6528
1740983344.646, 3.087, 2.419, -0.9166, -1.2043, -2.9265, 1.5190, 31.8080, 89.6025
1740983344.725, 3.083, 2.435, -0.9111, -1.2048, -2.9360, 1.4387, 31.9036, 89.6545
1740983344.805, 3.089, 2.450, -0.9062, -1.2045, -2.9448, 1.4467, 32.0368, 89.6692
1740983344.885, 3.089, 2.456, -0.9010, -1.2047, -2.9536, 1.4052, 32.1235, 89.7095
1740983344.964, 3.083, 2.456, -0.8961, -1.2045, -2.9622, 1.3898, 32.2050, 89.7749
1740983345.044, 3.084, 2.472, -0.8912, -1.2045, -2.9709, 1.4971, 32.3092, 89.7339
1740983345.124, 3.088, 2.480, -0.8860, -1.2049, -2.9804, 1.5593, 32.4329, 89.5794
1740983345.203, 3.088, 2.492, -0.8806, -1.2037, -2.9893, 1.5249, 32.4980, 89.5227
1740983345.283, 3.088, 2.511, -0.8748, -1.2037, -2.9986, 1.5159, 32.5406, 89.4217
1740983345.363, 3.083, 2.511, -0.8692, -1.2042, -3.0083, 1.5100, 32.5652, 89.4017
1740983345.442, 3.087, 2.520, -0.8634, -1.2046, -3.0179, 1.4996, 32.6095, 89.4417
1740983345.522, 3.085, 2.538, -0.8577, -1.2046, -3.0271, 1.4158, 32.6900, 89.5924
1740983345.602, 3.081, 2.547, -0.8522, -1.2042, -3.0360, 1.3982, 32.8191, 89.6291
1740983345.681, 3.081, 2.561, -0.8469, -1.2047, -3.0452, 1.4570, 32.8615, 89.6488
1740983345.761, 3.079, 2.561, -0.8417, -1.2033, -3.0540, 1.5131, 32.9743, 89.6416
1740983345.840, 3.085, 2.572, -0.8362, -1.2029, -3.0633, 1.5006, 33.0767, 89.6012
1740983345.920, 3.074, 2.591, -0.8306, -1.2034, -3.0726, 1.5607, 33.2088, 89.5264
1740983346.000, 3.074, 2.602, -0.8251, -1.2034, -3.0820, 1.6070, 33.2719, 89.4700
1740983346.080, 3.074, 2.618, -0.8195, -1.2036, -3.0911, 1.6037, 33.3316, 89.4606
1740983346.159, 3.075, 2.618, -0.8136, -1.2033, -3.1005, 1.5795, 33.3552, 89.4842
1740983346.239, 3.073, 2.624, -0.8075, -1.2030, -3.1099, 1.5399, 33.5155, 89.5274
1740983346.318, 3.076, 2.643, -0.8017, -1.2035, -3.1195, 1.5140, 33.5597, 89.5853
1740983346.398, 3.083, 2.652, -0.7959, -1.2030, -3.1288, 1.5263, 33.6598, 89.6440
1740983346.478, 3.083, 2.664, -0.7902, -1.2033, -3.1379, 1.5001, 33.6864, 89.6576
1740983346.557, 3.079, 2.664, -0.7846, -1.2031, -3.1468, 1.4827, 33.7906, 89.6756
1740983346.637, 3.088, 2.682, -0.7788, -1.2026, -3.1558, 1.4883, 33.8602, 89.6399
1740983346.717, 3.083, 2.699, -0.7733, -1.2026, -3.1647, 1.4789, 33.9550, 89.5277
1740983346.796, 3.083, 2.712, -0.7681, -1.2026, -3.1728, 1.4761, 33.9923, 89.4622
1740983346.876, 3.083, 2.719, -0.7637, -1.2026, -3.1802, 1.4889, 34.0329, 89.4158
1740983346.955, 3.089, 2.719, -0.7593, -1.2026, -3.1870, 1.5027, 34.0540, 89.4384
1740983347.035, 3.089, 2.733, -0.7551, -1.2027, -3.1937, 1.5048, 34.0908, 89.4707
1740983347.115, 3.085, 2.742, -0.7506, -1.2023, -3.2006, 1.5202, 34.1477, 89.5208
1740983347.195, 3.085, 2.759, -0.7460, -1.2022, -3.2081, 1.5564, 34.2343, 89.4906
1740983347.274, 3.085, 2.763, -0.7414, -1.2022, -3.2155, 1.5777, 34.2893, 89.5428
1740983347.354, 3.092, 2.763, -0.7367, -1.2021, -3.2231, 1.6106, 34.3958, 89.5394
1740983347.433, 3.091, 2.778, -0.7322, -1.2021, -3.2304, 1.6259, 34.4733, 89.5690
1740983347.513, 3.093, 2.781, -0.7275, -1.2022, -3.2377, 1.6105, 34.5977, 89.5551
1740983347.593, 3.086, 2.796, -0.7228, -1.2018, -3.2449, 1.6136, 34.6608, 89.5416
1740983347.672, 3.086, 2.803, -0.7182, -1.2020, -3.2522, 1.6417, 34.7728, 89.4976
1740983347.752, 3.094, 2.803, -0.7137, -1.2014, -3.2592, 1.6788, 34.8649, 89.4626
1740983347.832, 3.088, 2.821, -0.7091, -1.2016, -3.2662, 1.6535, 34.9211, 89.5131
1740983347.911, 3.087, 2.826, -0.7042, -1.2019, -3.2735, 1.6577, 34.9689, 89.4919
1740983347.991, 3.087, 2.843, -0.6992, -1.2013, -3.2806, 1.5741, 34.9994, 89.5860
1740983348.071, 3.090, 2.849, -0.6944, -1.2014, -3.2879, 1.5644, 35.0234, 89.6241
1740983348.150, 3.098, 2.849, -0.6896, -1.2007, -3.2920, 0.8818, 34.9464, 90.4576
1740983348.230, 3.098, 2.865, -0.6876, -1.2003, -3.2934, 0.6063, 34.7742, 90.8024
1740983348.309, 3.100, 2.875, -0.6874, -1.2002, -3.2931, 0.6717, 34.7550, 90.8210
1740983348.389, 3.100, 2.874, -0.6877, -1.2002, -3.2932, 0.6429, 34.8001, 90.8400
1740983348.469, 3.100, 2.874, -0.6874, -1.2002, -3.2937, 0.5536, 34.9882, 91.0302
1740983348.548, 3.101, 2.876, -0.6864, -1.1996, -3.2965, 0.7675, 35.0527, 91.7307
1740983348.628, 3.100, 2.870, -0.6829, -1.1985, -3.3051, 1.4429, 35.1189, 92.1274
1740983348.708, 3.096, 2.878, -0.6737, -1.1979, -3.3181, 1.3880, 35.4064, 92.2135
1740983348.787, 3.096, 2.887, -0.6648, -1.1981, -3.3349, 2.0882, 35.7586, 91.3262
1740983348.867, 3.100, 2.887, -0.6516, -1.1998, -3.3525, 1.6863, 36.6917, 89.3490
1740983348.947, 3.101, 2.908, -0.6444, -1.1998, -3.3628, 1.7385, 37.4101, 89.5282
1740983349.026, 3.106, 2.935, -0.6410, -1.2002, -3.3681, 1.6535, 37.1922, 89.5826
1740983349.106, 3.104, 2.958, -0.6391, -1.2001, -3.3701, 1.6774, 36.6093, 89.6379
1740983349.186, 3.104, 2.966, -0.6360, -1.1998, -3.3731, 1.6404, 36.1876, 89.6300
1740983349.265, 3.110, 2.966, -0.6323, -1.1998, -3.3783, 1.6247, 36.0987, 89.6746
1740983349.345, 3.101, 2.967, -0.6267, -1.1999, -3.3861, 1.5869, 36.1497, 89.6637
1740983349.425, 3.101, 2.976, -0.6201, -1.1998, -3.3952, 1.4948, 36.2348, 89.7124
1740983349.504, 3.104, 2.986, -0.6132, -1.1994, -3.4045, 1.4126, 36.1505, 89.4697
1740983349.584, 3.104, 3.002, -0.6081, -1.1986, -3.4102, 1.1375, 35.9235, 88.8995
1740983349.663, 3.111, 3.002, -0.6071, -1.1983, -3.4118, 1.1195, 35.9247, 88.7876
1740983349.743, 3.111, 3.011, -0.6074, -1.1982, -3.4115, 1.0487, 36.0031, 88.8759
1740983349.823, 3.112, 3.023, -0.6058, -1.1972, -3.4131, 0.7448, 36.7333, 88.5650
1740983349.902, 3.113, 3.023, -0.6011, -1.1969, -3.4204, 1.0755, 35.9626, 87.9520
1740983349.982, 3.113, 3.027, -0.5917, -1.1968, -3.4323, 1.3305, 34.7452, 87.4135
1740983350.062, 3.114, 3.027, -0.5826, -1.1967, -3.4450, 1.4147, 33.5110, 87.3445
1740983350.141, 3.112, 3.043, -0.5769, -1.1967, -3.4548, 1.5239, 33.3862, 87.8671
1740983350.221, 3.102, 3.055, -0.5731, -1.1986, -3.4595, 1.3237, 32.8132, 90.0701
1740983350.301, 3.102, 3.063, -0.5686, -1.1987, -3.4662, 1.1813, 32.6415, 89.9377
1740983350.380, 3.102, 3.068, -0.5664, -1.1984, -3.4705, 1.3392, 32.5602, 89.8898
1740983350.460, 3.101, 3.068, -0.5636, -1.1983, -3.4748, 1.2829, 32.5355, 89.9650
1740983350.540, 3.101, 3.081, -0.5599, -1.1985, -3.4809, 1.2497, 32.4724, 89.9185
1740983350.619, 3.102, 3.086, -0.5563, -1.1977, -3.4836, 0.6916, 32.3640, 90.5884
1740983350.699, 3.102, 3.096, -0.5561, -1.1980, -3.4843, 0.7308, 32.3576, 90.5572
1740983350.778, 3.102, 3.092, -0.5566, -1.1979, -3.4837, 0.7525, 32.2986, 90.5863
1740983350.858, 3.112, 3.092, -0.5564, -1.1975, -3.4838, 0.7645, 32.3251, 90.6614
1740983350.938, 3.105, 3.097, -0.5560, -1.1967, -3.4852, 0.8606, 32.3675, 91.2991
1740983351.017, 3.107, 3.092, -0.5539, -1.1952, -3.4904, 1.0697, 32.4048, 92.3700
1740983351.097, 3.106, 3.094, -0.5468, -1.1944, -3.5032, 1.3196, 32.3791, 92.4300
1740983351.177, 3.106, 3.104, -0.5375, -1.1944, -3.5191, 1.3106, 32.5236, 92.4598
1740983351.256, 3.109, 3.104, -0.5250, -1.1965, -3.5418, 2.0900, 32.4840, 89.0894
1740983351.336, 3.108, 3.130, -0.5149, -1.1959, -3.5551, 0.9563, 33.8771, 90.2859
1740983351.416, 3.097, 3.153, -0.5115, -1.1968, -3.5603, 1.1251, 33.8604, 90.2440
1740983351.495, 3.106, 3.176, -0.5100, -1.1974, -3.5627, 1.0573, 33.9269, 90.3031
1740983351.575, 3.106, 3.187, -0.5086, -1.1972, -3.5646, 1.0568, 33.8692, 90.3044
1740983351.655, 3.105, 3.187, -0.5063, -1.1969, -3.5684, 1.0362, 33.9004, 90.3636
1740983351.734, 3.107, 3.194, -0.5019, -1.1970, -3.5755, 1.0831, 33.9910, 90.3170
1740983351.814, 3.106, 3.199, -0.4961, -1.1968, -3.5846, 1.1519, 34.0964, 90.2784
1740983351.893, 3.106, 3.208, -0.4902, -1.1966, -3.5940, 1.1676, 34.2226, 90.2873
1740983351.973, 3.106, 3.216, -0.4842, -1.1957, -3.6015, 0.8802, 33.8766, 89.8594
1740983352.053, 3.115, 3.216, -0.4820, -1.1948, -3.6053, 0.6444, 34.5514, 89.1819
1740983352.132, 3.108, 3.235, -0.4805, -1.1946, -3.6063, 0.4445, 34.5405, 89.2913
1740983352.212, 3.117, 3.239, -0.4781, -1.1939, -3.6086, 0.5016, 33.8863, 89.1774
1740983352.292, 3.111, 3.242, -0.4749, -1.1938, -3.6156, 0.9025, 33.8527, 88.3403
1740983352.371, 3.111, 3.249, -0.4691, -1.1935, -3.6259, 1.0825, 33.9808, 88.0718
1740983352.451, 3.108, 3.249, -0.4611, -1.1933, -3.6383, 1.0075, 34.0871, 88.0116
1740983352.531, 3.109, 3.261, -0.4548, -1.1936, -3.6495, 1.2904, 34.1533, 88.2955
1740983352.610, 3.117, 3.278, -0.4499, -1.1951, -3.6557, 1.0832, 33.4051, 90.4335
1740983352.690, 3.108, 3.292, -0.4453, -1.1953, -3.6630, 1.0525, 33.4586, 90.3781
1740983352.770, 3.108, 3.297, -0.4430, -1.1951, -3.6666, 1.1220, 33.2550, 90.3468
1740983352.849, 3.114, 3.297, -0.4396, -1.1949, -3.6704, 1.1104, 32.6840, 90.3224
1740983352.929, 3.110, 3.313, -0.4367, -1.1950, -3.6751, 1.2128, 32.0787, 90.2705
1740983353.008, 3.110, 3.311, -0.4334, -1.1947, -3.6806, 1.2846, 31.9608, 90.2102
1740983353.088, 3.116, 3.318, -0.4293, -1.1944, -3.6876, 1.3416, 31.8881, 90.1708
1740983353.168, 3.116, 3.331, -0.4243, -1.1943, -3.6961, 1.3760, 31.8674, 90.1679
1740983353.248, 3.113, 3.331, -0.4187, -1.1948, -3.7057, 1.3023, 31.8413, 90.2180
1740983353.327, 3.120, 3.339, -0.4139, -1.1938, -3.7134, 1.2881, 31.8569, 90.2414
1740983353.407, 3.112, 3.350, -0.4095, -1.1938, -3.7212, 1.2511, 31.8368, 90.2559
1740983353.486, 3.112, 3.368, -0.4054, -1.1936, -3.7280, 1.2441, 31.8705, 90.2549
1740983353.566, 3.112, 3.377, -0.4014, -1.1935, -3.7344, 1.2257, 31.8473, 90.2971
1740983353.646, 3.115, 3.377, -0.3976, -1.1935, -3.7406, 1.1722, 31.8195, 90.3306
1740983353.725, 3.107, 3.387, -0.3938, -1.1934, -3.7472, 1.1857, 31.8513, 90.3121
1740983353.805, 3.108, 3.395, -0.3899, -1.1931, -3.7537, 1.1775, 31.8606, 90.3448
1740983353.884, 3.116, 3.405, -0.3860, -1.1928, -3.7604, 1.2163, 31.8804, 90.3127
1740983353.964, 3.116, 3.405, -0.3821, -1.1927, -3.7673, 1.2335, 31.8570, 90.3106
1740983354.044, 3.116, 3.412, -0.3779, -1.1926, -3.7743, 1.2285, 31.8300, 90.3716
1740983354.124, 3.110, 3.425, -0.3736, -1.1925, -3.7815, 1.2047, 31.8594, 90.4165
1740983354.203, 3.118, 3.433, -0.3693, -1.1924, -3.7887, 1.1843, 31.8335, 90.4789
1740983354.283, 3.118, 3.448, -0.3648, -1.1922, -3.7961, 1.1799, 31.8691, 90.5172
1740983354.363, 3.109, 3.448, -0.3604, -1.1920, -3.8033, 1.1135, 31.8185, 90.5564
1740983354.442, 3.116, 3.456, -0.3562, -1.1919, -3.8101, 1.0436, 31.7978, 90.5845
1740983354.522, 3.111, 3.464, -0.3526, -1.1918, -3.8161, 0.9958, 31.7693, 90.5770
1740983354.601, 3.118, 3.473, -0.3493, -1.1916, -3.8214, 0.9811, 31.7875, 90.5625
1740983354.681, 3.118, 3.482, -0.3467, -1.1918, -3.8261, 1.0064, 31.7493, 90.5743
1740983354.761, 3.120, 3.482, -0.3439, -1.1917, -3.8310, 1.0506, 31.7276, 90.5364
1740983354.840, 3.119, 3.492, -0.3412, -1.1914, -3.8358, 1.0782, 31.7400, 90.5069
1740983354.920, 3.120, 3.496, -0.3381, -1.1909, -3.8410, 1.0745, 31.7340, 90.5165
1740983355.000, 3.109, 3.507, -0.3349, -1.1907, -3.8463, 1.0862, 31.6906, 90.5062
1740983355.079, 3.109, 3.513, -0.3321, -1.1905, -3.8515, 1.1306, 31.7050, 90.4888
1740983355.159, 3.116, 3.513, -0.3289, -1.1905, -3.8575, 1.1972, 31.6954, 90.4732
1740983355.239, 3.111, 3.519, -0.3255, -1.1906, -3.8636, 1.2674, 31.6803, 90.4530
1740983355.318, 3.112, 3.529, -0.3220, -1.1903, -3.8696, 1.2763, 31.6868, 90.4394
1740983355.398, 3.118, 3.539, -0.3183, -1.1902, -3.8755, 1.2395, 31.6470, 90.4576
1740983355.478, 3.118, 3.546, -0.3149, -1.1902, -3.8812, 1.2026, 31.6773, 90.4689
1740983355.557, 3.118, 3.546, -0.3119, -1.1900, -3.8858, 1.1686, 31.6528, 90.4988
1740983355.637, 3.111, 3.552, -0.3092, -1.1897, -3.8904, 1.1843, 31.6577, 90.4890
1740983355.716, 3.111, 3.558, -0.3073, -1.1898, -3.8936, 1.1648, 31.6524, 90.4762
1740983355.796, 3.111, 3.567, -0.3072, -1.1898, -3.8938, 1.1723, 31.6505, 90.4926
1740983355.876, 3.111, 3.572, -0.3072, -1.1897, -3.8938, 1.1513, 31.6704, 90.5086
1740983355.955, 3.111, 3.572, -0.3072, -1.1898, -3.8937, 1.1276, 31.6719, 90.5233
1740983356.035, 3.110, 3.570, -0.3072, -1.1897, -3.8937, 1.1237, 31.6759, 90.5332
1740983356.115, 3.117, 3.573, -0.3073, -1.1897, -3.8937, 1.1149, 31.6830, 90.5467
1740983356.194, 3.118, 3.568, -0.3072, -1.1899, -3.8937, 1.1053, 31.6769, 90.5486
1740983356.274, 3.118, 3.572, -0.3073, -1.1899, -3.8938, 1.1169, 31.6765, 90.5508
1740983356.354, 3.111, 3.572, -0.3072, -1.1897, -3.8936, 1.0951, 31.6806, 90.5743
1740983356.433, 3.118, 3.573, -0.3073, -1.1897, -3.8935, 1.1007, 31.6761, 90.5772
1740983356.513, 3.110, 3.569, -0.3072, -1.1898, -3.8937, 1.1089, 31.6854, 90.5713
1740983356.593, 3.117, 3.571, -0.3073, -1.1898, -3.8937, 1.1083, 31.6775, 90.5750
1740983356.672, 3.117, 3.570, -0.3072, -1.1899, -3.8937, 1.1057, 31.6741, 90.5738
1740983356.752, 3.111, 3.570, -0.3072, -1.1897, -3.8935, 1.1056, 31.6813, 90.5769
1740983356.831, 3.118, 3.569, -0.3071, -1.1899, -3.8938, 1.1122, 31.6730, 90.5630
1740983356.911, 3.111, 3.569, -0.3073, -1.1897, -3.8935, 1.1079, 31.6749, 90.5663
1740983356.991, 3.110, 3.569, -0.3072, -1.1898, -3.8937, 1.1027, 31.6636, 90.5632
1740983357.070, 3.110, 3.570, -0.3073, -1.1898, -3.8936, 1.0943, 31.6550, 90.5563
1740983357.150, 3.117, 3.570, -0.3073, -1.1897, -3.8934, 1.0920, 31.6524, 90.5572
1740983357.230, 3.117, 3.573, -0.3072, -1.1898, -3.8936, 1.0886, 31.6524, 90.5612
1740983357.310, 3.118, 3.569, -0.3072, -1.1897, -3.8935, 1.0833, 31.6507, 90.5772
1740983357.389, 3.118, 3.570, -0.3074, -1.1897, -3.8933, 1.1014, 31.6595, 90.5752
1740983357.469, 3.118, 3.569, -0.3073, -1.1897, -3.8935, 1.0932, 31.6644, 90.5731
1740983357.548, 3.111, 3.569, -0.3072, -1.1897, -3.8934, 1.0956, 31.6742, 90.5785
1740983357.628, 3.110, 3.568, -0.3072, -1.1897, -3.8934, 1.1051, 31.6913, 90.5707
1740983357.708, 3.111, 3.569, -0.3072, -1.1898, -3.8933, 1.1029, 31.6848, 90.5712
1740983357.787, 3.110, 3.570, -0.3072, -1.1897, -3.8934, 1.1073, 31.6807, 90.5594
1740983357.867, 3.110, 3.569, -0.3074, -1.1896, -3.8932, 1.1131, 31.6887, 90.5634
1740983357.947, 3.118, 3.569, -0.3072, -1.1897, -3.8932, 1.1067, 31.6918, 90.5615
1740983358.026, 3.118, 3.569, -0.3073, -1.1897, -3.8933, 1.1114, 31.6970, 90.5543
1740983358.106, 3.111, 3.572, -0.3072, -1.1897, -3.8933, 1.1013, 31.6864, 90.5564
1740983358.185, 3.111, 3.571, -0.3073, -1.1896, -3.8933, 1.1094, 31.6803, 90.5655
1740983358.265, 3.111, 3.569, -0.3072, -1.1897, -3.8933, 1.1030, 31.6836, 90.5725
1740983358.345, 3.110, 3.569, -0.3073, -1.1897, -3.8934, 1.0940, 31.6784, 90.5670
1740983358.424, 3.117, 3.570, -0.3073, -1.1896, -3.8932, 1.0934, 31.6806, 90.5757
1740983358.504, 3.117, 3.570, -0.3072, -1.1897, -3.8933, 1.0886, 31.6659, 90.5752
1740983358.584, 3.117, 3.570, -0.3072, -1.1896, -3.8934, 1.0977, 31.6742, 90.5627
1740983358.663, 3.117, 3.570, -0.3073, -1.1896, -3.8932, 1.0971, 31.6777, 90.5675
1740983358.743, 3.118, 3.570, -0.3072, -1.1896, -3.8932, 1.0961, 31.6720, 90.5620
1740983358.823, 3.110, 3.569, -0.3072, -1.1896, -3.8931, 1.0985, 31.6703, 90.5551
1740983358.902, 3.110, 3.568, -0.3074, -1.1896, -3.8931, 1.1094, 31.6731, 90.5539
1740983358.982, 3.111, 3.573, -0.3074, -1.1896, -3.8932, 1.1158, 31.6780, 90.5496
1740983359.062, 3.111, 3.571, -0.3074, -1.1895, -3.8932, 1.1172, 31.6791, 90.5497
1740983359.141, 3.118, 3.571, -0.3072, -1.1896, -3.8931, 1.1041, 31.6778, 90.5581
1740983359.221, 3.110, 3.569, -0.3072, -1.1896, -3.8933, 1.1080, 31.6700, 90.5513
1740983359.300, 3.117, 3.570, -0.3072, -1.1897, -3.8932, 1.1091, 31.6584, 90.5497
1740983359.380, 3.117, 3.568, -0.3073, -1.1896, -3.8932, 1.1151, 31.6659, 90.5417
1740983359.460, 3.117, 3.568, -0.3072, -1.1896, -3.8932, 1.1077, 31.6550, 90.5408
1740983359.539, 3.119, 3.571, -0.3072, -1.1897, -3.8932, 1.1076, 31.6512, 90.5421
1740983359.619, 3.110, 3.569, -0.3074, -1.1896, -3.8932, 1.1139, 31.6463, 90.5351
1740983359.699, 3.111, 3.569, -0.3071, -1.1897, -3.8932, 1.0938, 31.6385, 90.5475
1740983359.778, 3.117, 3.572, -0.3072, -1.1897, -3.8933, 1.0977, 31.6444, 90.5315
1740983359.858, 3.117, 3.572, -0.3072, -1.1896, -3.8932, 1.0960, 31.6565, 90.5479
1740983359.938, 3.117, 3.568, -0.3072, -1.1896, -3.8932, 1.1023, 31.6580, 90.5447
1740983360.017, 3.117, 3.571, -0.3072, -1.1896, -3.8933, 1.1047, 31.6660, 90.5378
1740983360.097, 3.118, 3.570, -0.3071, -1.1897, -3.8932, 1.1051, 31.6635, 90.5399
1740983360.176, 3.118, 3.570, -0.3072, -1.1896, -3.8933, 1.1209, 31.6784, 90.5401
1740983360.256, 3.110, 3.570, -0.3072, -1.1897, -3.8933, 1.1212, 31.6749, 90.5403
1740983360.336, 3.118, 3.570, -0.3073, -1.1896, -3.8932, 1.1188, 31.6666, 90.5470
1740983360.415, 3.117, 3.571, -0.3071, -1.1897, -3.8933, 1.1131, 31.6613, 90.5451
1740983360.495, 3.110, 3.572, -0.3072, -1.1896, -3.8932, 1.1192, 31.6669, 90.5498
1740983360.575, 3.110, 3.573, -0.3073, -1.1896, -3.8931, 1.1285, 31.6692, 90.5445
1740983360.655, 3.117, 3.573, -0.3073, -1.1895, -3.8931, 1.1247, 31.6795, 90.5384
1740983360.734, 3.110, 3.571, -0.3071, -1.1897, -3.8931, 1.1221, 31.6790, 90.5527
1740983360.814, 3.110, 3.570, -0.3072, -1.1897, -3.8932, 1.1178, 31.6858, 90.5648
1740983360.893, 3.117, 3.572, -0.3073, -1.1897, -3.8931, 1.1174, 31.6778, 90.5733
1740983360.973, 3.117, 3.572, -0.3072, -1.1897, -3.8932, 1.1183, 31.6726, 90.5486
1740983361.053, 3.118, 3.572, -0.3072, -1.1897, -3.8932, 1.1186, 31.6733, 90.5497
1740983361.132, 3.118, 3.570, -0.3073, -1.1896, -3.8931, 1.1166, 31.6813, 90.5553
1740983361.212, 3.117, 3.571, -0.3073, -1.1896, -3.8932, 1.1215, 31.6854, 90.5402
1740983361.292, 3.112, 3.569, -0.3072, -1.1896, -3.8931, 1.1111, 31.6742, 90.5552
1740983361.371, 3.112, 3.571, -0.3069, -1.1896, -3.8939, 1.1154, 31.6246, 90.5418
1740983361.451, 3.111, 3.571, -0.3049, -1.1896, -3.8968, 1.0963, 31.6388, 90.5482
1740983361.531, 3.110, 3.569, -0.3022, -1.1894, -3.9015, 1.1067, 31.6091, 90.5199
1740983361.610, 3.113, 3.573, -0.2988, -1.1893, -3.9073, 1.0875, 31.6228, 90.5669
1740983361.690, 3.112, 3.581, -0.2949, -1.1894, -3.9135, 1.0779, 31.6390, 90.5112
1740983361.770, 3.112, 3.589, -0.2917, -1.1891, -3.9190, 1.0464, 31.6403, 90.5081
1740983361.849, 3.119, 3.589, -0.2892, -1.1892, -3.9230, 1.0213, 31.6500, 90.5027
1740983361.929, 3.111, 3.598, -0.2876, -1.1890, -3.9261, 1.0215, 31.6259, 90.4963
1740983362.008, 3.119, 3.606, -0.2856, -1.1888, -3.9292, 1.0134, 31.6755, 90.4710
1740983362.088, 3.117, 3.608, -0.2842, -1.1889, -3.9317, 1.0178, 31.6220, 90.4809
1740983362.168, 3.117, 3.615, -0.2831, -1.1888, -3.9338, 1.0210, 31.6359, 90.4700
1740983362.247, 3.112, 3.615, -0.2819, -1.1888, -3.9357, 1.0273, 31.6505, 90.4275
1740983362.327, 3.111, 3.618, -0.2811, -1.1886, -3.9373, 1.0286, 31.6597, 90.4951
1740983362.407, 3.109, 3.622, -0.2796, -1.1885, -3.9396, 1.0298, 31.6726, 90.4347
1740983362.486, 3.110, 3.623, -0.2779, -1.1884, -3.9426, 1.0396, 31.6513, 90.4388
1740983362.566, 3.110, 3.629, -0.2761, -1.1883, -3.9459, 1.0792, 31.6690, 90.4219
1740983362.646, 3.110, 3.629, -0.2741, -1.1883, -3.9492, 1.0884, 31.6569, 90.4437
1740983362.725, 3.118, 3.634, -0.2726, -1.1883, -3.9520, 1.1217, 31.6667, 90.4381
1740983362.807, 3.110, 3.638, -0.2713, -1.1881, -3.9546, 1.1348, 31.6607, 90.4334
1740983362.885, 3.111, 3.640, -0.2695, -1.1880, -3.9572, 1.0985, 31.6603, 90.4762
1740983362.964, 3.111, 3.645, -0.2675, -1.1881, -3.9606, 1.0657, 31.6084, 90.5195
1740983363.044, 3.119, 3.645, -0.2647, -1.1880, -3.9647, 0.9827, 31.5699, 90.5331
1740983363.123, 3.110, 3.648, -0.2621, -1.1876, -3.9692, 0.9855, 31.5760, 90.5383
1740983363.203, 3.118, 3.653, -0.2594, -1.1878, -3.9737, 0.9735, 31.5926, 90.5791
1740983363.283, 3.110, 3.660, -0.2565, -1.1876, -3.9785, 0.9273, 31.5681, 90.5789
1740983363.362, 3.110, 3.669, -0.2533, -1.1876, -3.9833, 0.8501, 31.5592, 90.6439
1740983363.442, 3.117, 3.669, -0.2500, -1.1875, -3.9886, 0.8029, 31.5538, 90.6473
1740983363.522, 3.118, 3.676, -0.2471, -1.1870, -3.9935, 0.7513, 31.5388, 90.5933
1740983363.601, 3.119, 3.684, -0.2442, -1.1871, -3.9982, 0.7409, 31.5334, 90.5944
1740983363.681, 3.120, 3.689, -0.2444, -1.1868, -3.9996, 1.0415, 31.5799, 90.6944
1740983363.761, 3.120, 3.698, -0.2444, -1.1868, -3.9997, 1.0560, 31.5670, 90.7072
1740983363.840, 3.116, 3.698, -0.2444, -1.1869, -3.9994, 1.0505, 31.5853, 90.7427
1740983363.920, 3.110, 3.694, -0.2444, -1.1865, -3.9997, 1.0458, 31.6041, 90.9263
1740983363.999, 3.116, 3.698, -0.2432, -1.1853, -4.0015, 0.9741, 31.5755, 91.9130
1740983364.079, 3.110, 3.693, -0.2387, -1.1838, -4.0082, 0.7912, 31.5703, 92.9830
1740983364.159, 3.110, 3.701, -0.2294, -1.1829, -4.0236, 0.7891, 31.4889, 93.0192
1740983364.238, 3.110, 3.701, -0.2163, -1.1843, -4.0459, 0.7472, 31.5416, 91.9173
1740983364.318, 3.119, 3.719, -0.2029, -1.1857, -4.0701, 0.8700, 31.4541, 90.0782
1740983364.398, 3.111, 3.747, -0.1922, -1.1863, -4.0879, 0.8320, 31.2527, 90.2799
1740983364.477, 3.110, 3.781, -0.1845, -1.1854, -4.0999, 0.7056, 31.2884, 90.3947
1740983364.557, 3.110, 3.805, -0.1794, -1.1856, -4.1080, 0.6975, 31.2657, 90.4049
1740983364.637, 3.118, 3.805, -0.1763, -1.1850, -4.1136, 0.7566, 31.2952, 90.5229
1740983364.716, 3.112, 3.820, -0.1730, -1.1842, -4.1207, 0.8600, 31.4989, 89.8161
1740983364.796, 3.119, 3.830, -0.1688, -1.1831, -4.1274, 0.9115, 31.2917, 88.9358
1740983364.876, 3.118, 3.841, -0.1626, -1.1819, -4.1381, 0.8154, 31.2511, 88.2271
1740983364.955, 3.118, 3.841, -0.1533, -1.1814, -4.1534, 0.8081, 31.3066, 88.3215
1740983365.035, 3.119, 3.853, -0.1432, -1.1824, -4.1701, 0.6178, 31.3160, 89.5095
1740983365.115, 3.112, 3.873, -0.1321, -1.1827, -4.1894, 0.4837, 31.5322, 91.0210
1740983365.314, 3.118, 3.916, -0.1160, -1.1820, -4.2178, 0.8043, 31.4081, 91.1795
1740983365.513, 3.107, 3.951, -0.1061, -1.1816, -4.2358, 0.9722, 31.3935, 90.9216
1740983365.712, 3.109, 3.972, -0.0912, -1.1809, -4.2603, 0.8188, 31.3643, 91.0038
1740983365.911, 3.117, 4.002, -0.0747, -1.1805, -4.2885, 0.8222, 31.3606, 90.9129
1740983366.110, 3.115, 4.031, -0.0686, -1.1799, -4.2991, 0.8963, 31.3744, 90.8089
1740983366.190, 3.115, 4.045, -0.0691, -1.1801, -4.2983, 0.8847, 31.3683, 90.8467
1740983366.269, 3.115, 4.044, -0.0692, -1.1802, -4.2982, 0.8717, 31.3509, 90.8242
1740983366.349, 3.115, 4.044, -0.0691, -1.1801, -4.2981, 0.8716, 31.3322, 90.8185
1740983366.429, 3.106, 4.044, -0.0692, -1.1801, -4.2982, 0.8795, 31.3315, 90.8011
1740983366.508, 3.114, 4.043, -0.0692, -1.1801, -4.2983, 0.8751, 31.3338, 90.7831
1740983366.588, 3.116, 4.044, -0.0691, -1.1801, -4.2983, 0.8703, 31.3316, 90.7780
1740983366.668, 3.116, 4.044, -0.0692, -1.1801, -4.2983, 0.8822, 31.3302, 90.7619
1740983366.747, 3.115, 4.044, -0.0691, -1.1801, -4.2983, 0.8715, 31.3264, 90.7497
1740983366.827, 3.107, 4.044, -0.0692, -1.1802, -4.2983, 0.8791, 31.3233, 90.7444
1740983366.906, 3.107, 4.045, -0.0691, -1.1802, -4.2982, 0.8801, 31.3203, 90.7283
1740983366.986, 3.114, 4.044, -0.0692, -1.1802, -4.2984, 0.8849, 31.3172, 90.7181
1740983367.066, 3.114, 4.043, -0.0691, -1.1802, -4.2985, 0.8849, 31.3190, 90.7182
1740983367.146, 3.108, 4.043, -0.0691, -1.1803, -4.2984, 0.8836, 31.3198, 90.7241
1740983367.225, 3.115, 4.045, -0.0692, -1.1802, -4.2983, 0.8802, 31.3368, 90.7302
1740983367.305, 3.109, 4.045, -0.0692, -1.1802, -4.2982, 0.8787, 31.3361, 90.7212
1740983367.384, 3.107, 4.044, -0.0692, -1.1801, -4.2983, 0.8786, 31.3366, 90.7129
1740983367.464, 3.107, 4.045, -0.0691, -1.1802, -4.2983, 0.8745, 31.3352, 90.7097
1740983367.544, 3.115, 4.045, -0.0690, -1.1803, -4.2983, 0.8766, 31.3296, 90.7154
1740983367.623, 3.106, 4.043, -0.0691, -1.1802, -4.2985, 0.8913, 31.3264, 90.7018
1740983367.703, 3.107, 4.043, -0.0691, -1.1802, -4.2984, 0.8761, 31.3173, 90.7115
1740983367.783, 3.107, 4.045, -0.0692, -1.1802, -4.2983, 0.8714, 31.3218, 90.7143
1740983367.862, 3.107, 4.044, -0.0692, -1.1802, -4.2985, 0.8846, 31.3223, 90.7001
1740983367.942, 3.107, 4.044, -0.0691, -1.1802, -4.2983, 0.8708, 31.3225, 90.7113
1740983368.021, 3.114, 4.046, -0.0692, -1.1802, -4.2985, 0.8703, 31.3220, 90.7139
1740983368.101, 3.115, 4.044, -0.0692, -1.1801, -4.2983, 0.8623, 31.3196, 90.7150
1740983368.181, 3.107, 4.043, -0.0691, -1.1802, -4.2986, 0.8705, 31.3178, 90.7062
1740983368.261, 3.107, 4.044, -0.0690, -1.1802, -4.2986, 0.8689, 31.3278, 90.7029
1740983368.340, 3.114, 4.044, -0.0692, -1.1801, -4.2982, 0.8639, 31.3240, 90.7099
1740983368.420, 3.114, 4.044, -0.0692, -1.1801, -4.2984, 0.8645, 31.3232, 90.7021
1740983368.499, 3.108, 4.044, -0.0692, -1.1802, -4.2985, 0.8724, 31.3263, 90.6981
1740983368.579, 3.107, 4.044, -0.0692, -1.1802, -4.2985, 0.8668, 31.3263, 90.6967
1740983368.659, 3.107, 4.043, -0.0695, -1.1802, -4.2980, 0.8615, 31.3181, 90.7008
1740983368.738, 3.116, 4.043, -0.0707, -1.1802, -4.2955, 0.8324, 31.3033, 90.6789
1740983368.818, 3.115, 4.042, -0.0732, -1.1805, -4.2912, 0.8231, 31.2328, 90.7036
1740983368.898, 3.108, 4.039, -0.0762, -1.1804, -4.2862, 0.8139, 31.2603, 90.7631
1740983368.977, 3.114, 4.034, -0.0789, -1.1805, -4.2815, 0.7901, 31.1952, 90.7879
1740983369.057, 3.114, 4.026, -0.0817, -1.1807, -4.2770, 0.8017, 31.1571, 90.8012
1740983369.137, 3.108, 4.026, -0.0836, -1.1808, -4.2736, 0.8177, 31.1322, 90.7781
1740983369.216, 3.115, 4.020, -0.0853, -1.1810, -4.2705, 0.8202, 31.1428, 90.7805
1740983369.296, 3.116, 4.015, -0.0871, -1.1809, -4.2677, 0.8217, 31.1033, 90.7872
1740983369.376, 3.110, 4.012, -0.0889, -1.1809, -4.2644, 0.8269, 31.1197, 90.7764
1740983369.455, 3.110, 4.008, -0.0914, -1.1812, -4.2602, 0.8191, 31.0785, 90.8017
1740983369.535, 3.107, 4.008, -0.0943, -1.1813, -4.2550, 0.8449, 31.0855, 90.7466
1740983369.614, 3.110, 4.002, -0.0976, -1.1813, -4.2493, 0.8706, 31.0297, 90.7187
1740983369.694, 3.116, 3.995, -0.1010, -1.1815, -4.2438, 0.9110, 30.9858, 90.6895
1740983369.774, 3.109, 3.987, -0.1040, -1.1814, -4.2384, 0.9099, 30.9766, 90.6811
1740983369.853, 3.109, 3.977, -0.1071, -1.1816, -4.2334, 0.9255, 30.9852, 90.6609
1740983369.933, 3.118, 3.977, -0.1101, -1.1817, -4.2280, 0.9388, 30.8949, 90.6447
1740983370.013, 3.110, 3.973, -0.1131, -1.1821, -4.2225, 0.8532, 30.8776, 90.7013
1740983370.092, 3.111, 3.964, -0.1163, -1.1824, -4.2168, 0.7908, 30.8618, 90.7222
1740983370.172, 3.113, 3.955, -0.1191, -1.1823, -4.2112, 0.7051, 30.8464, 90.7584
1740983370.252, 3.113, 3.949, -0.1222, -1.1820, -4.2056, 0.7067, 30.8162, 90.7293
1740983370.331, 3.113, 3.949, -0.1250, -1.1823, -4.2004, 0.6767, 30.8395, 90.7352
1740983370.411, 3.119, 3.939, -0.1281, -1.1827, -4.1956, 0.6712, 30.8702, 90.7055
1740983370.490, 3.120, 3.932, -0.1312, -1.1831, -4.1902, 0.6351, 30.8543, 90.6949
1740983370.570, 3.119, 3.920, -0.1341, -1.1832, -4.1846, 0.5783, 30.8689, 90.7199
1740983370.650, 3.119, 3.920, -0.1371, -1.1831, -4.1793, 0.5628, 30.8491, 90.7144
1740983370.729, 3.115, 3.916, -0.1400, -1.1833, -4.1740, 0.5753, 30.7632, 90.7209
1740983370.809, 3.115, 3.907, -0.1406, -1.1830, -4.1713, 0.4759, 30.4771, 90.5192
1740983370.889, 3.114, 3.899, -0.1408, -1.1829, -4.1712, 0.4343, 30.4981, 90.5052
1740983370.968, 3.117, 3.896, -0.1408, -1.1831, -4.1714, 0.4579, 30.5269, 90.4628
1740983371.048, 3.117, 3.896, -0.1408, -1.1830, -4.1711, 0.4422, 30.5345, 90.4617
1740983371.128, 3.120, 3.897, -0.1416, -1.1824, -4.1701, 0.4496, 30.4668, 89.7321
1740983371.207, 3.115, 3.897, -0.1453, -1.1817, -4.1653, 0.6530, 30.7476, 88.3567
1740983371.287, 3.115, 3.896, -0.1525, -1.1820, -4.1529, 0.7380, 30.8438, 88.1891
1740983371.367, 3.115, 3.893, -0.1611, -1.1822, -4.1393, 0.8092, 30.9417, 88.1192
1740983371.446, 3.120, 3.893, -0.1704, -1.1836, -4.1234, 0.8997, 30.9923, 89.3687
1740983371.526, 3.114, 3.875, -0.1776, -1.1842, -4.1111, 0.7621, 31.2958, 90.8158
1740983371.606, 3.119, 3.851, -0.1809, -1.1849, -4.1048, 0.7331, 31.1418, 90.6566
1740983371.685, 3.119, 3.827, -0.1811, -1.1848, -4.1041, 0.7254, 31.1397, 90.6545
1740983371.765, 3.119, 3.819, -0.1813, -1.1850, -4.1037, 0.6746, 31.0604, 90.6692
1740983371.844, 3.118, 3.819, -0.1825, -1.1851, -4.1020, 0.6876, 31.0569, 90.6333
1740983371.924, 3.112, 3.821, -0.1849, -1.1852, -4.0978, 0.7216, 31.1361, 90.6425
1740983372.004, 3.115, 3.819, -0.1888, -1.1854, -4.0917, 0.7643, 31.1864, 90.6341
1740983372.083, 3.118, 3.813, -0.1928, -1.1857, -4.0851, 0.7688, 31.2227, 90.6342
1740983372.163, 3.118, 3.803, -0.1968, -1.1855, -4.0785, 0.8282, 31.2978, 90.5995
1740983372.243, 3.113, 3.803, -0.2003, -1.1854, -4.0727, 0.8488, 31.3364, 90.5524
1740983372.322, 3.114, 3.794, -0.2036, -1.1857, -4.0671, 0.8586, 31.3743, 90.5624
1740983372.402, 3.118, 3.781, -0.2067, -1.1858, -4.0623, 0.9074, 31.4012, 90.5071
1740983372.482, 3.110, 3.777, -0.2095, -1.1859, -4.0575, 0.9251, 31.4512, 90.5044
1740983372.561, 3.110, 3.769, -0.2114, -1.1858, -4.0536, 0.7919, 31.6330, 90.7376
1740983372.641, 3.119, 3.769, -0.2114, -1.1858, -4.0540, 0.8926, 31.6632, 90.5651
1740983372.720, 3.118, 3.762, -0.2114, -1.1858, -4.0539, 0.8531, 31.6354, 90.5800
1740983372.800, 3.118, 3.760, -0.2112, -1.1859, -4.0541, 0.8525, 31.6331, 90.5878
1740983372.880, 3.112, 3.761, -0.2113, -1.1858, -4.0537, 0.7917, 31.6054, 90.6606
1740983372.959, 3.112, 3.759, -0.2126, -1.1852, -4.0508, 0.7628, 31.6102, 91.1400
1740983373.039, 3.119, 3.759, -0.2185, -1.1840, -4.0422, 0.8801, 31.6383, 92.3369
1740983373.119, 3.117, 3.757, -0.2275, -1.1838, -4.0268, 0.7590, 31.6177, 92.9733
1740983373.198, 3.118, 3.748, -0.2390, -1.1842, -4.0077, 0.8395, 31.7882, 92.8953
1740983373.278, 3.119, 3.726, -0.2478, -1.1879, -3.9916, 0.6044, 31.8536, 91.2555
1740983373.358, 3.119, 3.699, -0.2551, -1.1924, -3.9813, 0.9834, 31.9230, 90.6160
1740983373.437, 3.111, 3.699, -0.2585, -1.1885, -3.9761, 0.9897, 31.9626, 90.5535
1740983373.517, 3.110, 3.679, -0.2583, -1.1874, -3.9749, 0.9572, 32.0214, 90.5042
1740983373.596, 3.111, 3.669, -0.2598, -1.1876, -3.9742, 1.0116, 32.0468, 90.4592
1740983373.676, 3.119, 3.667, -0.2615, -1.1878, -3.9706, 1.0348, 31.9776, 90.4347
1740983373.756, 3.119, 3.667, -0.2661, -1.1875, -3.9633, 1.0814, 32.0029, 90.3564
1740983373.835, 3.110, 3.667, -0.2719, -1.1871, -3.9541, 1.1418, 31.9825, 90.2724
1740983373.915, 3.109, 3.658, -0.2784, -1.1878, -3.9434, 1.0961, 32.0452, 90.3605
1740983373.995, 3.110, 3.647, -0.2845, -1.1887, -3.9329, 1.0738, 31.9483, 90.3867
1740983374.074, 3.110, 3.647, -0.2903, -1.1890, -3.9238, 1.0884, 31.9441, 90.4011
1740983374.154, 3.110, 3.610, -0.2955, -1.1893, -3.9155, 1.0949, 31.9440, 90.4455
1740983374.234, 3.111, 3.610, -0.2999, -1.1894, -3.9082, 1.1221, 31.9469, 90.4294
1740983374.313, 3.114, 3.600, -0.3039, -1.1895, -3.9016, 1.1509, 31.9692, 90.4153
1740983374.393, 3.109, 3.588, -0.3084, -1.1896, -3.8946, 1.1845, 32.0171, 90.3878
1740983374.473, 3.116, 3.581, -0.3132, -1.1895, -3.8864, 1.1615, 32.0342, 90.4238
1740983374.552, 3.116, 3.567, -0.3188, -1.1897, -3.8776, 1.2548, 31.9988, 90.3400
1740983374.632, 3.108, 3.567, -0.3250, -1.1901, -3.8673, 1.2488, 31.9943, 90.4072
1740983374.711, 3.107, 3.558, -0.3313, -1.1907, -3.8566, 1.2217, 31.9718, 90.4007
1740983374.791, 3.109, 3.541, -0.3378, -1.1908, -3.8455, 1.1273, 32.0047, 90.4602
1740983374.871, 3.115, 3.528, -0.3442, -1.1910, -3.8349, 1.0888, 32.0064, 90.4893
1740983374.950, 3.115, 3.510, -0.3499, -1.1912, -3.8250, 0.9827, 32.1273, 90.5201
1740983375.030, 3.107, 3.510, -0.3551, -1.1910, -3.8158, 0.9867, 32.1310, 90.4955
1740983375.110, 3.103, 3.495, -0.3608, -1.1916, -3.8071, 0.9807, 32.1157, 90.5200
1740983375.189, 3.106, 3.486, -0.3663, -1.1922, -3.7986, 1.0949, 32.1443, 90.4467
1740983375.269, 3.116, 3.472, -0.3721, -1.1918, -3.7893, 1.1878, 31.9602, 90.3819
1740983375.349, 3.116, 3.458, -0.3780, -1.1925, -3.7796, 1.1972, 31.9829, 90.3102
1740983375.428, 3.109, 3.458, -0.3840, -1.1928, -3.7697, 1.2190, 31.8741, 90.2361
1740983375.508, 3.115, 3.440, -0.3903, -1.1932, -3.7593, 1.2210, 31.8296, 90.2566
1740983375.588, 3.114, 3.428, -0.3962, -1.1934, -3.7493, 1.1828, 31.8225, 90.2352
1740983375.667, 3.113, 3.412, -0.4019, -1.1935, -3.7394, 1.1817, 31.8216, 90.2614
1740983375.747, 3.113, 3.398, -0.4079, -1.1938, -3.7299, 1.2292, 31.7576, 90.2201
1740983375.827, 3.106, 3.398, -0.4133, -1.1943, -3.7212, 1.2569, 31.7534, 90.1813
1740983375.906, 3.107, 3.382, -0.4182, -1.1943, -3.7129, 1.2691, 31.7873, 90.1784
1740983375.986, 3.115, 3.371, -0.4234, -1.1946, -3.7048, 1.3423, 31.7558, 90.1531
1740983376.065, 3.109, 3.358, -0.4284, -1.1950, -3.6967, 1.3599, 31.7543, 90.1577
1740983376.145, 3.109, 3.358, -0.4331, -1.1950, -3.6883, 1.2932, 31.6833, 90.1591
1740983376.225, 3.115, 3.346, -0.4382, -1.1947, -3.6797, 1.3107, 31.7198, 90.1538
1740983376.304, 3.109, 3.337, -0.4434, -1.1954, -3.6704, 1.1670, 31.7374, 90.2466
1740983376.384, 3.115, 3.324, -0.4484, -1.1957, -3.6613, 1.0947, 31.6238, 90.2421
1740983376.464, 3.110, 3.306, -0.4534, -1.1947, -3.6546, 1.3686, 31.8171, 89.5733
1740983376.543, 3.110, 3.306, -0.4544, -1.1938, -3.6518, 1.1401, 31.8156, 88.7215
1740983376.623, 3.116, 3.299, -0.4557, -1.1936, -3.6489, 1.0296, 31.8979, 88.1268
1740983376.703, 3.106, 3.294, -0.4599, -1.1930, -3.6415, 1.0005, 31.7607, 87.8349
1740983376.782, 3.109, 3.293, -0.4667, -1.1932, -3.6295, 1.0315, 31.6002, 87.9254
1740983376.862, 3.109, 3.282, -0.4749, -1.1939, -3.6165, 1.1481, 31.4404, 88.0620
1740983376.942, 3.110, 3.282, -0.4864, -1.1961, -3.5968, 1.1446, 31.1653, 90.6584
1740983377.021, 3.109, 3.263, -0.4935, -1.1963, -3.5851, 1.3063, 31.0634, 90.3339
1740983377.101, 3.112, 3.239, -0.4994, -1.1963, -3.5740, 1.2088, 30.9442, 90.3118
1740983377.181, 3.112, 3.214, -0.5033, -1.1969, -3.5670, 1.1975, 30.8472, 90.2167
1740983377.260, 3.112, 3.204, -0.5065, -1.1971, -3.5614, 1.1820, 30.8263, 90.1926
1740983377.340, 3.113, 3.204, -0.5100, -1.1975, -3.5555, 1.1755, 30.7566, 90.1710
1740983377.419, 3.113, 3.195, -0.5143, -1.1975, -3.5476, 1.1776, 30.6639, 90.1255
1740983377.499, 3.114, 3.182, -0.5196, -1.1971, -3.5381, 1.1814, 30.5285, 90.0756
1740983377.579, 3.119, 3.170, -0.5245, -1.1963, -3.5292, 1.0460, 30.6192, 91.3935
1740983377.659, 3.119, 3.163, -0.5285, -1.1953, -3.5225, 1.1571, 30.6106, 92.0319
1740983377.738, 3.116, 3.163, -0.5339, -1.1949, -3.5140, 1.2057, 30.5681, 92.3498
1740983377.818, 3.122, 3.150, -0.5419, -1.1949, -3.5004, 1.2993, 30.5430, 92.3069
1740983377.897, 3.115, 3.136, -0.5501, -1.1952, -3.4854, 1.4015, 30.2323, 91.6257
1740983377.977, 3.120, 3.117, -0.5562, -1.1973, -3.4716, 1.1984, 30.2663, 89.8547
1740983378.057, 3.120, 3.103, -0.5635, -1.1969, -3.4591, 1.1615, 30.2631, 89.6524
1740983378.136, 3.124, 3.103, -0.5644, -1.1984, -3.4543, 0.8305, 29.7547, 89.5329
1740983378.216, 3.119, 3.084, -0.5650, -1.1982, -3.4541, 0.9491, 29.9026, 89.3048
1740983378.296, 3.124, 3.068, -0.5649, -1.1983, -3.4541, 0.8457, 29.8600, 89.4084
1740983378.375, 3.124, 3.071, -0.5656, -1.1976, -3.4527, 0.8238, 29.8814, 88.6125
1740983378.455, 3.124, 3.067, -0.5701, -1.1967, -3.4465, 1.1555, 30.1813, 87.2654
1740983378.534, 3.124, 3.067, -0.5798, -1.1965, -3.4308, 1.3664, 30.3326, 87.2844
1740983378.614, 3.120, 3.070, -0.5916, -1.1975, -3.4116, 1.5325, 30.4757, 87.7679
1740983378.694, 3.123, 3.053, -0.6051, -1.1996, -3.3875, 1.4399, 30.5201, 89.9194
1740983378.773, 3.117, 3.026, -0.6125, -1.1997, -3.3742, 1.3509, 30.6440, 89.7474
1740983378.853, 3.117, 2.985, -0.6178, -1.1990, -3.3662, 1.4214, 30.5409, 89.6419
1740983378.933, 3.122, 2.985, -0.6202, -1.1998, -3.3615, 1.4161, 30.5697, 89.6220
1740983379.012, 3.118, 2.968, -0.6226, -1.1999, -3.3577, 1.5035, 30.5965, 89.5453
1740983379.092, 3.119, 2.958, -0.6259, -1.2000, -3.3521, 1.4820, 30.5779, 89.6019
1740983379.172, 3.124, 2.953, -0.6309, -1.1999, -3.3432, 1.5474, 30.5923, 89.6026
1740983379.251, 3.124, 2.950, -0.6359, -1.1986, -3.3316, 1.0459, 30.9578, 90.6575
1740983379.331, 3.123, 2.950, -0.6417, -1.1977, -3.3240, 1.3605, 30.9287, 91.5953
1740983379.411, 3.120, 2.931, -0.6471, -1.1969, -3.3155, 1.5892, 30.8436, 92.0104
1740983379.490, 3.124, 2.923, -0.6541, -1.1967, -3.3033, 1.4405, 30.7971, 92.0305
1740983379.570, 3.125, 2.907, -0.6622, -1.1983, -3.2889, 1.3830, 30.5531, 91.9649
1740983379.649, 3.125, 2.894, -0.6674, -1.2012, -3.2780, 1.2076, 30.6688, 89.6150
1740983379.729, 3.126, 2.894, -0.6742, -1.2004, -3.2648, 1.0421, 30.8385, 89.9998
1740983379.809, 3.125, 2.875, -0.6793, -1.2007, -3.2572, 1.2520, 30.7454, 89.8623
1740983379.888, 3.126, 2.857, -0.6827, -1.2009, -3.2516, 1.3275, 30.6522, 89.8072
1740983379.968, 3.125, 2.845, -0.6854, -1.2009, -3.2468, 1.3774, 30.5803, 89.7307
1740983380.048, 3.125, 2.833, -0.6894, -1.2009, -3.2400, 1.3782, 30.5290, 89.6910
1740983380.127, 3.122, 2.833, -0.6943, -1.2008, -3.2313, 1.3951, 30.5321, 89.6169
1740983380.207, 3.121, 2.830, -0.7003, -1.2013, -3.2210, 1.4725, 30.4300, 89.5359
1740983380.287, 3.129, 2.818, -0.7066, -1.2017, -3.2096, 1.4301, 30.3262, 89.5622
1740983380.366, 3.122, 2.802, -0.7128, -1.2016, -3.1984, 1.4054, 30.2214, 89.5849
1740983380.446, 3.122, 2.788, -0.7184, -1.2017, -3.1883, 1.4000, 30.1969, 89.6372
1740983380.526, 3.124, 2.788, -0.7234, -1.2023, -3.1794, 1.4402, 30.1099, 89.6144
1740983380.605, 3.124, 2.769, -0.7280, -1.2022, -3.1710, 1.4201, 30.1393, 89.6790
1740983380.685, 3.131, 2.757, -0.7325, -1.2020, -3.1627, 1.4034, 30.0708, 89.6361
1740983380.765, 3.125, 2.750, -0.7374, -1.2019, -3.1541, 1.4528, 30.0059, 89.6080
1740983380.844, 3.125, 2.737, -0.7426, -1.2023, -3.1450, 1.5162, 29.9555, 89.5894
1740983380.924, 3.124, 2.737, -0.7480, -1.2023, -3.1350, 1.5163, 29.8621, 89.5674
1740983381.003, 3.133, 2.724, -0.7533, -1.2022, -3.1245, 1.3506, 29.7714, 89.6292
1740983381.083, 3.126, 2.705, -0.7588, -1.2027, -3.1143, 1.3290, 29.7178, 89.6552
1740983381.163, 3.134, 2.698, -0.7638, -1.2026, -3.1048, 1.3197, 29.7356, 89.6125
1740983381.242, 3.134, 2.682, -0.7687, -1.2027, -3.0957, 1.2330, 29.7972, 89.6512
1740983381.322, 3.130, 2.682, -0.7736, -1.2033, -3.0863, 1.1765, 29.7247, 89.7016
1740983381.402, 3.129, 2.670, -0.7786, -1.2023, -3.0766, 1.1438, 29.7042, 89.7715
1740983381.481, 3.131, 2.648, -0.7839, -1.2031, -3.0679, 1.2566, 29.6859, 89.7281
1740983381.561, 3.131, 2.642, -0.7892, -1.2025, -3.0587, 1.3609, 29.6052, 89.7002
1740983381.641, 3.131, 2.642, -0.7944, -1.2033, -3.0490, 1.3174, 29.5120, 89.6467
1740983381.720, 3.132, 2.625, -0.7997, -1.2033, -3.0393, 1.3705, 29.4268, 89.5779
1740983381.800, 3.139, 2.612, -0.8051, -1.2031, -3.0295, 1.3820, 29.4101, 89.5932
1740983381.880, 3.138, 2.605, -0.8100, -1.2036, -3.0199, 1.3226, 29.3460, 89.6040
1740983381.959, 3.139, 2.587, -0.8151, -1.2038, -3.0100, 1.2526, 29.3295, 89.6966
1740983382.039, 3.139, 2.587, -0.8201, -1.2036, -3.0003, 1.2270, 29.1902, 89.7313
1740983382.119, 3.136, 2.572, -0.8252, -1.2031, -2.9906, 1.2443, 29.0888, 89.7545
1740983382.198, 3.138, 2.560, -0.8301, -1.2029, -2.9816, 1.3113, 29.0105, 89.7186
1740983382.278, 3.142, 2.551, -0.8351, -1.2033, -2.9723, 1.3393, 29.0538, 89.7275
1740983382.357, 3.138, 2.534, -0.8402, -1.2035, -2.9627, 1.3159, 28.9807, 89.7359
1740983382.437, 3.138, 2.534, -0.8458, -1.2034, -2.9526, 1.4017, 28.8703, 89.7179
1740983382.517, 3.143, 2.527, -0.8507, -1.2037, -2.9430, 1.3752, 28.8425, 89.6574
1740983382.596, 3.139, 2.512, -0.8555, -1.2040, -2.9329, 1.2721, 28.7978, 89.6477
1740983382.676, 3.141, 2.499, -0.8609, -1.2037, -2.9226, 1.2368, 28.7323, 89.6078
1740983382.756, 3.141, 2.480, -0.8657, -1.2041, -2.9126, 1.0952, 28.7607, 89.6670
1740983382.836, 3.143, 2.480, -0.8706, -1.2045, -2.9028, 1.0586, 28.7556, 89.7140
1740983382.915, 3.149, 2.470, -0.8753, -1.2053, -2.8937, 1.0088, 28.7188, 89.7674
1740983382.995, 3.144, 2.457, -0.8805, -1.2045, -2.8839, 1.1306, 28.6101, 89.8033
1740983383.074, 3.145, 2.447, -0.8854, -1.2034, -2.8744, 1.1737, 28.5636, 89.8072
1740983383.154, 3.145, 2.430, -0.8905, -1.2035, -2.8647, 1.2749, 28.4402, 89.7318
1740983383.234, 3.148, 2.430, -0.8955, -1.2043, -2.8550, 1.2606, 28.3746, 89.6424
1740983383.313, 3.149, 2.414, -0.9008, -1.2047, -2.8449, 1.3629, 28.2539, 89.6182
1740983383.393, 3.152, 2.401, -0.9064, -1.2044, -2.8350, 1.3153, 28.6648, 89.6398
1740983383.473, 3.156, 2.392, -0.9116, -1.2047, -2.8252, 1.2397, 29.1239, 89.6977
1740983383.552, 3.156, 2.373, -0.9174, -1.2051, -2.8157, 1.2494, 29.4784, 89.7390
1740983383.632, 3.150, 2.373, -0.9229, -1.2056, -2.8065, 1.2259, 29.8435, 89.8195
1740983383.711, 3.155, 2.361, -0.9280, -1.2046, -2.7970, 1.2521, 29.8522, 89.8335
1740983383.791, 3.154, 2.346, -0.9332, -1.2059, -2.7877, 1.2997, 29.8193, 89.8323
1740983383.871, 3.145, 2.329, -0.9385, -1.2060, -2.7778, 1.3065, 29.7623, 89.8894
1740983383.950, 3.145, 2.317, -0.9439, -1.2052, -2.7676, 1.2953, 29.7986, 89.9242
1740983384.030, 3.146, 2.317, -0.9494, -1.2054, -2.7574, 1.2560, 29.8486, 89.9108
1740983384.110, 3.148, 2.306, -0.9546, -1.2055, -2.7468, 1.0849, 29.8290, 90.0014
1740983384.189, 3.153, 2.293, -0.9608, -1.2057, -2.7372, 0.9031, 30.7619, 90.0772
1740983384.269, 3.155, 2.276, -0.9669, -1.2062, -2.7287, 0.7315, 32.1949, 90.1367
1740983384.348, 3.155, 2.260, -0.9729, -1.2062, -2.7199, 0.8421, 32.5151, 90.0119
1740983384.428, 3.146, 2.260, -0.9781, -1.2066, -2.7111, 0.8719, 32.4108, 90.0173
1740983384.508, 3.148, 2.246, -0.9840, -1.2062, -2.7018, 0.9649, 32.2158, 90.0992
1740983384.587, 3.147, 2.235, -0.9897, -1.2062, -2.6926, 1.0134, 32.1706, 90.1319
1740983384.667, 3.145, 2.220, -0.9954, -1.2062, -2.6831, 1.0465, 32.1218, 90.0514
1740983384.747, 3.145, 2.206, -1.0010, -1.2067, -2.6740, 1.1633, 32.0193, 89.8881
1740983384.827, 3.148, 2.206, -1.0073, -1.2064, -2.6640, 1.2383, 31.9638, 89.8761
1740983384.906, 3.149, 2.192, -1.0127, -1.2071, -2.6543, 1.1059, 31.8851, 90.0004
1740983384.986, 3.144, 2.178, -1.0185, -1.2076, -2.6444, 1.0767, 31.8150, 90.0347
1740983385.065, 3.143, 2.164, -1.0244, -1.2074, -2.6348, 1.1106, 31.7757, 90.0877
1740983385.145, 3.143, 2.149, -1.0296, -1.2077, -2.6256, 1.1204, 31.7034, 90.1206
1740983385.225, 3.143, 2.149, -1.0350, -1.2076, -2.6164, 1.1298, 31.6790, 90.1557
1740983385.304, 3.151, 2.134, -1.0401, -1.2075, -2.6075, 1.1109, 31.5624, 90.2318
1740983385.384, 3.152, 2.123, -1.0452, -1.2079, -2.5988, 1.1508, 31.5481, 90.2492
1740983385.464, 3.151, 2.108, -1.0508, -1.2088, -2.5897, 1.1765, 31.4405, 90.2565
1740983385.543, 3.151, 2.095, -1.0567, -1.2085, -2.5794, 1.2145, 31.3697, 90.2746
1740983385.623, 3.144, 2.095, -1.0620, -1.2084, -2.5690, 1.0057, 31.3907, 90.3949
1740983385.703, 3.150, 2.083, -1.0677, -1.2090, -2.5590, 1.0043, 31.1944, 90.3877
1740983385.782, 3.147, 2.067, -1.0731, -1.2092, -2.5493, 0.9694, 31.1879, 90.4440
1740983385.862, 3.147, 2.051, -1.0783, -1.2094, -2.5399, 0.9329, 31.1137, 90.4598
1740983385.941, 3.147, 2.037, -1.0835, -1.2096, -2.5311, 0.9475, 31.0489, 90.4755
1740983386.021, 3.145, 2.037, -1.0886, -1.2098, -2.5225, 1.0444, 30.8958, 90.4962
1740983386.101, 3.153, 2.026, -1.0937, -1.2095, -2.5137, 1.1757, 30.6630, 90.4654
1740983386.180, 3.169, 2.012, -1.0991, -1.2102, -2.5048, 1.1841, 30.6671, 90.4527
1740983386.260, 3.173, 2.003, -1.1044, -1.2104, -2.4953, 1.2269, 30.5299, 90.3831
1740983386.340, 3.173, 1.990, -1.1099, -1.2103, -2.4855, 1.2122, 30.5086, 90.2824
1740983386.419, 3.179, 1.990, -1.1152, -1.2105, -2.4757, 1.1790, 30.4550, 90.2844
1740983386.499, 3.178, 1.974, -1.1209, -1.2108, -2.4657, 1.1214, 30.3273, 90.3573
1740983386.579, 3.179, 1.961, -1.1261, -1.2111, -2.4557, 1.0383, 30.3327, 90.4449
1740983386.658, 3.181, 1.946, -1.1317, -1.2114, -2.4462, 1.0647, 30.4662, 90.4914
1740983386.738, 3.181, 1.933, -1.1383, -1.2114, -2.4377, 0.9993, 31.8791, 90.5488
1740983386.818, 3.181, 1.933, -1.1454, -1.2115, -2.4301, 0.9898, 33.7558, 90.4579
1740983386.897, 3.178, 1.916, -1.1525, -1.2115, -2.4224, 1.0328, 35.4509, 90.4042
1740983386.977, 3.142, 1.904, -1.1592, -1.2122, -2.4139, 1.1660, 36.0088, 90.3127
1740983387.056, 3.144, 1.896, -1.1659, -1.2122, -2.4044, 1.1402, 35.9901, 90.3348
1740983387.136, 3.144, 1.896, -1.1718, -1.2126, -2.3949, 1.0049, 35.9291, 90.3749
1740983387.216, 3.144, 1.880, -1.1780, -1.2130, -2.3856, 1.0207, 35.7613, 90.4049
1740983387.295, 3.151, 1.869, -1.1840, -1.2130, -2.3763, 0.9694, 35.7239, 90.3966
1740983387.375, 3.148, 1.852, -1.1900, -1.2131, -2.3672, 0.9296, 35.6799, 90.3691
1740983387.455, 3.149, 1.839, -1.1960, -1.2135, -2.3587, 0.9604, 35.6173, 90.4054
1740983387.535, 3.149, 1.839, -1.2020, -1.2138, -2.3499, 1.0623, 35.4926, 90.3561
1740983387.614, 3.149, 1.825, -1.2081, -1.2141, -2.3410, 1.1422, 35.3975, 90.3505
1740983387.694, 3.148, 1.812, -1.2144, -1.2141, -2.3316, 1.1043, 35.3050, 90.3231
1740983387.773, 3.140, 1.798, -1.2209, -1.2138, -2.3219, 1.0896, 35.2255, 90.3149
1740983387.853, 3.145, 1.782, -1.2277, -1.2143, -2.3123, 1.2393, 35.1497, 90.1723
1740983387.933, 3.145, 1.782, -1.2340, -1.2144, -2.3026, 1.1453, 35.2505, 90.2035
1740983388.012, 3.161, 1.769, -1.2396, -1.2148, -2.2920, 1.3132, 33.8825, 90.1581
1740983388.092, 3.166, 1.755, -1.2438, -1.2145, -2.2799, 1.3338, 31.2798, 90.2076
1740983388.171, 3.167, 1.737, -1.2494, -1.2147, -2.2681, 1.3585, 30.1573, 90.2699
1740983388.251, 3.167, 1.721, -1.2559, -1.2153, -2.2564, 1.3085, 30.1807, 90.3239
1740983388.331, 3.164, 1.721, -1.2625, -1.2158, -2.2450, 1.4194, 30.0982, 90.2594
1740983388.410, 3.173, 1.707, -1.2687, -1.2158, -2.2339, 1.3502, 30.0827, 90.3179
1740983388.490, 3.173, 1.690, -1.2749, -1.2161, -2.2233, 1.4440, 30.0657, 90.2128
1740983388.570, 3.170, 1.673, -1.2805, -1.2162, -2.2124, 1.2920, 30.0807, 90.2691
1740983388.649, 3.170, 1.658, -1.2866, -1.2167, -2.2014, 1.2166, 30.1356, 90.3331
1740983388.729, 3.169, 1.658, -1.2923, -1.2169, -2.1903, 1.1000, 30.1686, 90.4029
1740983388.809, 3.175, 1.645, -1.2984, -1.2169, -2.1792, 1.1278, 30.1583, 90.4484
1740983388.888, 3.176, 1.627, -1.3042, -1.2173, -2.1688, 1.1863, 30.1218, 90.4050
1740983388.968, 3.172, 1.611, -1.3102, -1.2173, -2.1583, 1.2274, 30.0889, 90.4884
1740983389.048, 3.172, 1.596, -1.3163, -1.2175, -2.1482, 1.3732, 30.1292, 90.3681
1740983389.127, 3.172, 1.596, -1.3221, -1.2179, -2.1379, 1.4176, 30.1122, 90.2673
1740983389.207, 3.172, 1.582, -1.3282, -1.2178, -2.1273, 1.4649, 30.2143, 90.2374
1740983389.287, 3.176, 1.567, -1.3344, -1.2180, -2.1163, 1.4883, 30.2658, 90.2007
1740983389.366, 3.172, 1.550, -1.3404, -1.2185, -2.1052, 1.3901, 30.2721, 90.2370
1740983389.446, 3.172, 1.535, -1.3469, -1.2187, -2.0940, 1.4320, 30.2594, 90.3010
1740983389.526, 3.172, 1.535, -1.3528, -1.2189, -2.0833, 1.4905, 30.2062, 90.2307
1740983389.605, 3.176, 1.518, -1.3587, -1.2191, -2.0728, 1.5295, 30.1532, 90.1998
1740983389.685, 3.179, 1.503, -1.3646, -1.2192, -2.0626, 1.6635, 30.1340, 90.0742
1740983389.764, 3.178, 1.487, -1.3702, -1.2192, -2.0522, 1.7063, 30.0931, 89.9531
1740983389.844, 3.178, 1.472, -1.3759, -1.2195, -2.0419, 1.7514, 30.1506, 89.8862
1740983389.924, 3.174, 1.472, -1.3818, -1.2198, -2.0314, 1.7260, 30.1810, 89.7872
1740983390.003, 3.175, 1.456, -1.3875, -1.2200, -2.0205, 1.5751, 30.3672, 89.8158
1740983390.083, 3.179, 1.441, -1.3934, -1.2200, -2.0095, 1.5826, 30.2758, 89.7913
1740983390.163, 3.176, 1.426, -1.3992, -1.2203, -1.9984, 1.5032, 30.2628, 89.8155
1740983390.242, 3.176, 1.410, -1.4053, -1.2200, -1.9874, 1.5585, 30.2527, 89.7702
1740983390.322, 3.177, 1.410, -1.4110, -1.2202, -1.9770, 1.6110, 30.1985, 89.7786
1740983390.402, 3.178, 1.397, -1.4169, -1.2204, -1.9666, 1.6931, 30.1847, 89.6823
1740983390.481, 3.178, 1.382, -1.4228, -1.2206, -1.9562, 1.7558, 30.1858, 89.5577
1740983390.561, 3.178, 1.367, -1.4291, -1.2207, -1.9454, 1.8103, 30.2037, 89.5103
1740983390.641, 3.178, 1.352, -1.4355, -1.2209, -1.9343, 1.8780, 30.2416, 89.5047
1740983390.720, 3.177, 1.352, -1.4414, -1.2208, -1.9229, 1.8220, 30.1782, 89.5447
1740983390.800, 3.178, 1.338, -1.4480, -1.2211, -1.9118, 1.9428, 30.1648, 89.5675
1740983390.879, 3.178, 1.321, -1.4538, -1.2213, -1.9004, 1.9819, 30.1191, 89.5379
1740983390.959, 3.184, 1.305, -1.4600, -1.2214, -1.8899, 1.9714, 30.0678, 89.5783
1740983391.039, 3.184, 1.288, -1.4659, -1.2212, -1.8792, 2.0403, 30.0777, 89.5408
1740983391.238, 3.179, 1.258, -1.4803, -1.2214, -1.8525, 2.0359, 30.1703, 89.3754
1740983391.318, 3.180, 1.258, -1.4863, -1.2216, -1.8414, 1.9772, 30.1640, 89.3817
1740983391.397, 3.180, 1.242, -1.4921, -1.2218, -1.8301, 1.9300, 30.1995, 89.4189
1740983391.477, 3.181, 1.229, -1.4982, -1.2219, -1.8190, 1.9346, 30.2977, 89.3615
1740983391.556, 3.187, 1.211, -1.5042, -1.2221, -1.8081, 1.9041, 30.2605, 89.3432
1740983391.636, 3.187, 1.194, -1.5105, -1.2221, -1.7973, 2.0032, 30.2329, 89.4289
1740983391.716, 3.181, 1.194, -1.5165, -1.2219, -1.7868, 2.1259, 30.1131, 89.3732
1740983391.795, 3.190, 1.179, -1.5218, -1.2222, -1.7762, 2.0646, 30.1758, 89.3063
1740983391.875, 3.183, 1.163, -1.5282, -1.2221, -1.7655, 2.2907, 30.0811, 89.1281
1740983391.955, 3.190, 1.148, -1.5342, -1.2224, -1.7546, 2.2640, 30.1829, 89.1045
1740983392.034, 3.190, 1.135, -1.5405, -1.2226, -1.7436, 2.3324, 30.2182, 89.0888
1740983392.114, 3.184, 1.135, -1.5466, -1.2228, -1.7322, 2.3006, 30.1545, 89.1285
1740983392.194, 3.191, 1.119, -1.5527, -1.2229, -1.7213, 2.3922, 30.1705, 89.1443
1740983392.393, 3.185, 1.087, -1.5604, -1.2214, -1.7041, 2.2066, 29.6957, 87.9595
1740983392.592, 3.194, 1.072, -1.5734, -1.2214, -1.6807, 2.2689, 29.7482, 87.3112
1740983394.961, 1.911, 0.805, -1.6801, -1.2232, -1.3589, 2.3347, 8.2633, 89.0356
1740983395.041, 1.911, 0.792, -1.6798, -1.2236, -1.3523, 2.2306, 6.9532, 89.0778
1740983395.121, 1.859, 0.792, -1.6806, -1.2232, -1.3507, 2.3114, 7.3827, 88.6285
1740983395.200, 1.698, 0.792, -1.6814, -1.2232, -1.3498, 2.3708, 7.6885, 88.5070
1740983395.280, 1.713, 0.785, -1.6802, -1.2242, -1.3411, 1.4841, 8.3453, 89.6338
1740983395.359, 1.730, 0.785, -1.6837, -1.2240, -1.3263, 1.5294, 9.2385, 89.5234
1740983395.439, 1.730, 0.768, -1.6860, -1.2236, -1.3077, 1.6243, 8.7496, 89.4711
1740983395.519, 1.768, 0.747, -1.6896, -1.2242, -1.2897, 1.6327, 9.7665, 89.5107
1740983395.598, 1.724, 0.747, -1.6926, -1.2225, -1.2798, 1.6955, 10.9421, 88.3473
1740983395.678, 1.722, 0.725, -1.6946, -1.2216, -1.2773, 1.5722, 12.9017, 87.6563
1740983395.758, 1.825, 0.695, -1.6978, -1.2215, -1.2722, 1.5173, 15.0621, 87.2727
1740983395.837, 1.825, 0.679, -1.7046, -1.2201, -1.2648, 2.6672, 17.0288, 87.3222
1740983395.917, 1.910, 0.661, -1.7113, -1.2189, -1.2591, 3.6435, 19.2760, 86.9445
1740983395.997, 1.878, 0.661, -1.7200, -1.2185, -1.2494, 4.0738, 22.6751, 86.6519
1740983396.076, 1.849, 0.644, -1.7310, -1.2201, -1.2341, 4.2705, 25.6576, 86.9258
1740983396.156, 2.133, 0.614, -1.7392, -1.2215, -1.2050, 2.4721, 25.5168, 91.4048
1740983396.236, 2.133, 0.587, -1.7473, -1.2217, -1.1881, 2.9549, 24.2364, 90.7843
1740983396.315, 3.157, 0.564, -1.7540, -1.2224, -1.1800, 4.2461, 24.0689, 89.1467
1740983396.395, 1.836, 0.564, -1.7557, -1.2218, -1.1702, 3.5382, 23.6658, 90.0971
1740983396.474, 1.818, 0.543, -1.7572, -1.2221, -1.1652, 3.4192, 23.6286, 90.0613
1740983396.554, 1.823, 0.533, -1.7581, -1.2222, -1.1645, 3.6477, 23.5292, 89.7609
1740983396.634, 1.823, 0.527, -1.7583, -1.2224, -1.1653, 3.8766, 23.5643, 89.5254
1740983396.713, 1.828, 0.527, -1.7585, -1.2224, -1.1654, 3.8374, 23.5517, 89.5981
1740983396.793, 1.825, 0.527, -1.7585, -1.2224, -1.1653, 3.8514, 23.5413, 89.5778
1740983396.873, 1.825, 0.522, -1.7585, -1.2225, -1.1655, 3.8670, 23.5609, 89.6126
1740983396.952, 1.825, 0.526, -1.7586, -1.2226, -1.1653, 3.8764, 23.5556, 89.5854
1740983397.032, 1.825, 0.522, -1.7586, -1.2226, -1.1654, 3.8709, 23.5756, 89.6122
1740983397.112, 1.826, 0.522, -1.7587, -1.2227, -1.1655, 3.8864, 23.5766, 89.5939
1740983397.191, 1.826, 0.522, -1.7587, -1.2227, -1.1655, 3.8791, 23.5806, 89.5970
1740983397.271, 1.824, 0.526, -1.7588, -1.2227, -1.1655, 3.8953, 23.5757, 89.5859
1740983397.351, 1.824, 0.522, -1.7588, -1.2226, -1.1656, 3.9016, 23.5713, 89.5948
1740983397.430, 1.824, 0.521, -1.7589, -1.2229, -1.1656, 3.8878, 23.5710, 89.5886
1740983397.510, 1.826, 0.521, -1.7588, -1.2227, -1.1656, 3.8898, 23.5560, 89.5619
1740983397.590, 1.825, 0.522, -1.7589, -1.2227, -1.1657, 3.8989, 23.5565, 89.5566
1740983397.669, 1.826, 0.521, -1.7590, -1.2228, -1.1657, 3.8890, 23.5569, 89.5571
1740983397.749, 1.825, 0.522, -1.7590, -1.2228, -1.1657, 3.8810, 23.5568, 89.5449
1740983397.828, 1.825, 0.526, -1.7589, -1.2229, -1.1658, 3.8629, 23.5584, 89.5345
1740983397.908, 1.825, 0.526, -1.7591, -1.2228, -1.1659, 3.8646, 23.5818, 89.5474
1740983397.988, 1.826, 0.526, -1.7592, -1.2229, -1.1658, 3.8653, 23.5538, 89.5301
1740983398.067, 1.824, 0.526, -1.7591, -1.2230, -1.1658, 3.8833, 23.5559, 89.5398
1740983398.147, 1.824, 0.522, -1.7591, -1.2229, -1.1658, 3.8943, 23.5843, 89.5644
1740983398.227, 1.824, 0.526, -1.7591, -1.2230, -1.1659, 3.9073, 23.5811, 89.5781
1740983398.306, 1.827, 0.526, -1.7591, -1.2230, -1.1660, 3.8976, 23.5619, 89.5684
1740983398.386, 1.824, 0.525, -1.7592, -1.2231, -1.1660, 3.9043, 23.5888, 89.5759
1740983398.466, 1.826, 0.521, -1.7592, -1.2230, -1.1661, 3.8632, 23.6715, 89.5691
1740983398.545, 1.824, 0.526, -1.7595, -1.2230, -1.1665, 4.0031, 23.7351, 89.4333
1740983398.625, 1.824, 0.527, -1.7595, -1.2231, -1.1664, 3.9641, 23.6976, 89.4599
1740983398.704, 1.824, 0.527, -1.7595, -1.2232, -1.1665, 3.9701, 23.6851, 89.4502
1740983398.784, 1.825, 0.527, -1.7596, -1.2231, -1.1665, 3.9531, 23.6886, 89.4529
1740983398.864, 1.824, 0.527, -1.7596, -1.2231, -1.1665, 3.9554, 23.6789, 89.4416
1740983398.943, 1.823, 0.521, -1.7595, -1.2232, -1.1665, 3.9486, 23.6750, 89.4596
1740983399.023, 1.823, 0.523, -1.7597, -1.2232, -1.1666, 3.9535, 23.6732, 89.4629
1740983399.103, 1.825, 0.523, -1.7596, -1.2233, -1.1666, 3.9467, 23.6650, 89.4515
1740983399.182, 1.826, 0.522, -1.7597, -1.2232, -1.1666, 3.9462, 23.6753, 89.4627
1740983399.262, 1.824, 0.526, -1.7600, -1.2233, -1.1669, 4.0495, 23.6940, 89.3488
1740983399.342, 1.824, 0.527, -1.7593, -1.2232, -1.1684, 3.9540, 23.7149, 89.5134
1740983399.421, 1.824, 0.522, -1.7569, -1.2232, -1.1733, 3.6767, 24.0713, 89.9597
1740983399.501, 1.823, 0.522, -1.7535, -1.2228, -1.1846, 3.6189, 24.9935, 90.0843
1740983399.581, 1.820, 0.530, -1.7485, -1.2233, -1.2029, 4.0107, 26.4713, 89.5839
1740983399.660, 1.984, 0.534, -1.7420, -1.2235, -1.2248, 4.4964, 28.1327, 88.6781
1740983399.740, 1.984, 0.560, -1.7340, -1.2207, -1.2435, 4.4659, 28.3195, 86.7179
1740983399.819, 3.142, 0.584, -1.7280, -1.2201, -1.2590, 4.7816, 29.5588, 85.7607
1740983399.899, 1.316, 0.584, -1.7217, -1.2209, -1.2730, 4.5914, 31.3808, 85.7989
1740983399.979, 3.274, 0.602, -1.7082, -1.2232, -1.2854, 2.2164, 33.2852, 87.0196
1740983400.059, 3.272, 0.622, -1.7010, -1.2234, -1.3014, 2.7294, 35.4434, 86.3954
1740983400.138, 3.272, 0.643, -1.6963, -1.2233, -1.3136, 3.4534, 36.2894, 86.4479
1740983400.218, 3.278, 0.665, -1.6875, -1.2234, -1.3226, 2.5083, 36.3997, 86.3543
1740983400.297, 3.276, 0.665, -1.6812, -1.2232, -1.3322, 2.6883, 36.3701, 86.4328
1740983400.377, 3.283, 0.681, -1.6753, -1.2225, -1.3376, 1.9006, 35.4862, 87.1095
1740983400.457, 3.281, 0.695, -1.6735, -1.2215, -1.3379, 1.6189, 36.0813, 87.5962
1740983400.536, 3.281, 0.700, -1.6750, -1.2213, -1.3392, 2.3228, 36.0415, 88.0356
1740983400.616, 3.287, 0.701, -1.6795, -1.2203, -1.3448, 4.8919, 35.9749, 88.8570
1740983400.696, 3.284, 0.701, -1.6696, -1.2197, -1.3563, 4.5146, 36.4039, 88.9788
1740983400.775, 3.276, 0.709, -1.6503, -1.2192, -1.3755, 2.1763, 36.3477, 88.6901
1740983400.855, 3.276, 0.720, -1.6274, -1.2208, -1.3939, -0.9134, 36.3588, 89.6725
1740983400.935, 3.276, 0.748, -1.6227, -1.2240, -1.4138, 2.4296, 37.0557, 89.2442
1740983401.014, 3.294, 0.779, -1.6126, -1.2259, -1.4289, 2.2809, 37.5882, 88.7946
1740983401.094, 3.295, 0.779, -1.6075, -1.2249, -1.4372, 2.6916, 37.9290, 88.4954
1740983401.173, 3.291, 0.806, -1.6042, -1.2236, -1.4411, 2.2956, 38.5507, 88.4539
1740983401.253, 3.299, 0.822, -1.6051, -1.2229, -1.4455, 2.5094, 41.2678, 87.8678
1740983401.333, 3.299, 0.828, -1.6034, -1.2229, -1.4458, 2.5237, 40.0967, 87.7902
1740983401.414, 3.312, 0.839, -1.5998, -1.2232, -1.4434, 2.4322, 36.0240, 88.3666
1740983401.492, 3.318, 0.839, -1.5970, -1.2229, -1.4476, 2.4210, 35.0757, 88.0351
1740983401.572, 3.296, 0.833, -1.5924, -1.2223, -1.4563, 2.3036, 34.9382, 87.1900
1740983401.651, 3.285, 0.833, -1.5829, -1.2213, -1.4697, 2.0360, 35.0352, 87.0375
1740983401.731, 3.285, 0.841, -1.5719, -1.2210, -1.4879, 2.1100, 35.1383, 86.9335
1740983401.811, 3.293, 0.862, -1.5616, -1.2210, -1.5035, 2.1061, 35.2563, 87.0439
1740983401.890, 3.288, 0.862, -1.5546, -1.2207, -1.5131, 1.9900, 35.5604, 87.7120
1740983401.970, 3.295, 0.892, -1.5495, -1.2206, -1.5208, 2.1826, 35.5178, 87.5684
1740983402.050, 3.292, 0.909, -1.5459, -1.2219, -1.5244, 2.3645, 33.3290, 88.7184
1740983402.129, 3.292, 0.920, -1.5409, -1.2226, -1.5296, 2.6958, 31.8221, 89.0211
1740983402.209, 3.295, 0.926, -1.5364, -1.2222, -1.5368, 2.5510, 31.1345, 89.1405
1740983402.288, 3.290, 0.926, -1.5321, -1.2221, -1.5447, 2.5027, 31.1019, 89.1385
1740983402.368, 3.296, 0.935, -1.5275, -1.2224, -1.5529, 2.4666, 31.0896, 89.0886
1740983402.448, 3.296, 0.949, -1.5228, -1.2221, -1.5614, 2.4187, 31.0853, 89.0534
1740983402.527, 3.296, 0.958, -1.5181, -1.2221, -1.5699, 2.3921, 31.0656, 89.1352
1740983402.607, 3.296, 0.973, -1.5134, -1.2223, -1.5782, 2.3520, 31.0600, 89.2486
1740983402.687, 3.290, 0.973, -1.5087, -1.2222, -1.5868, 2.3460, 31.0800, 89.1599
1740983402.766, 3.291, 0.986, -1.5039, -1.2216, -1.5947, 2.2729, 31.1348, 89.1472
1740983402.846, 3.292, 0.997, -1.4994, -1.2216, -1.6030, 2.2177, 31.2110, 89.0881
1740983402.926, 3.292, 1.008, -1.4945, -1.2212, -1.6109, 2.2935, 31.1690, 89.0967
1740983403.005, 3.291, 1.019, -1.4893, -1.2209, -1.6193, 2.3825, 31.3160, 89.0018
1740983403.085, 3.295, 1.019, -1.4844, -1.2210, -1.6284, 2.4171, 31.3660, 88.8936
1740983403.165, 3.290, 1.031, -1.4792, -1.2206, -1.6369, 2.4453, 31.3970, 88.8299
1740983403.244, 3.292, 1.043, -1.4749, -1.2208, -1.6454, 2.5227, 31.4142, 88.7671
1740983403.324, 3.292, 1.056, -1.4698, -1.2203, -1.6533, 2.6070, 31.4713, 88.7369
1740983403.404, 3.294, 1.067, -1.4653, -1.2203, -1.6617, 2.6611, 31.4803, 88.7317
1740983403.483, 3.291, 1.067, -1.4605, -1.2203, -1.6702, 2.6488, 31.5365, 88.7366
1740983403.563, 3.293, 1.079, -1.4558, -1.2201, -1.6785, 2.7023, 31.5255, 88.7890
1740983403.643, 3.288, 1.089, -1.4511, -1.2198, -1.6868, 2.7636, 31.5800, 88.8152
1740983403.722, 3.288, 1.103, -1.4464, -1.2195, -1.6950, 2.8379, 31.6414, 88.7668
1740983403.802, 3.287, 1.114, -1.4415, -1.2197, -1.7041, 2.7646, 31.6294, 88.8355
1740983403.881, 3.288, 1.114, -1.4362, -1.2198, -1.7127, 2.6792, 31.6940, 88.8676
1740983403.961, 3.292, 1.125, -1.4312, -1.2199, -1.7217, 2.6619, 31.7109, 88.8953
1740983404.041, 3.292, 1.138, -1.4257, -1.2189, -1.7305, 2.6662, 31.6809, 88.8449
1740983404.120, 3.292, 1.151, -1.4212, -1.2193, -1.7392, 2.7089, 31.7259, 88.8000
1740983404.200, 3.287, 1.161, -1.4165, -1.2191, -1.7474, 2.7094, 31.7106, 88.8125
1740983404.280, 3.292, 1.161, -1.4117, -1.2193, -1.7556, 2.6938, 31.7001, 88.8562
1740983404.359, 3.287, 1.175, -1.4070, -1.2189, -1.7638, 2.6375, 31.6605, 88.9698
1740983404.439, 3.292, 1.188, -1.4058, -1.2184, -1.7720, 3.6398, 32.0140, 88.5487
1740983404.519, 3.292, 1.198, -1.4057, -1.2177, -1.7769, 4.2850, 31.9628, 88.3837
1740983404.598, 3.288, 1.208, -1.4040, -1.2174, -1.7827, 4.8394, 31.8812, 88.1530
1740983404.678, 3.281, 1.208, -1.3992, -1.2166, -1.7921, 5.0189, 32.1168, 88.1112
1740983404.757, 3.283, 1.208, -1.3926, -1.2165, -1.8039, 5.0320, 32.3764, 88.1971
1740983404.837, 3.283, 1.225, -1.3862, -1.2168, -1.8169, 5.3528, 32.6517, 87.9890
1740983404.917, 3.283, 1.242, -1.3795, -1.2165, -1.8280, 5.1875, 32.7060, 88.1065
1740983404.996, 3.278, 1.260, -1.3744, -1.2158, -1.8370, 5.2131, 32.8845, 88.0856
1740983405.076, 3.284, 1.260, -1.3701, -1.2156, -1.8439, 5.1208, 32.9522, 88.2296
1740983405.156, 3.283, 1.274, -1.3664, -1.2160, -1.8505, 5.0925, 33.0314, 88.3053
1740983405.235, 3.283, 1.286, -1.3616, -1.2162, -1.8574, 4.7939, 33.1812, 88.5310
1740983405.315, 3.277, 1.294, -1.3510, -1.2174, -1.8650, 3.0524, 33.3456, 89.3358
1740983405.395, 3.277, 1.307, -1.3417, -1.2178, -1.8761, 2.1607, 33.7432, 89.5573
1740983405.474, 3.284, 1.307, -1.3362, -1.2176, -1.8852, 2.2662, 33.5549, 89.4093
1740983405.554, 3.282, 1.324, -1.3324, -1.2175, -1.8916, 2.1620, 34.4188, 89.2983
1740983405.634, 3.282, 1.340, -1.3314, -1.2171, -1.8953, 2.3850, 34.4537, 88.9194
1740983405.713, 3.280, 1.348, -1.3306, -1.2170, -1.8969, 2.5262, 34.5552, 88.8012
1740983405.793, 3.287, 1.348, -1.3303, -1.2169, -1.8975, 2.5409, 34.6128, 88.7671
1740983405.872, 3.289, 1.352, -1.3298, -1.2169, -1.8987, 2.5828, 34.7338, 88.7405
1740983405.952, 3.290, 1.351, -1.3283, -1.2167, -1.9016, 2.7479, 34.9350, 88.5247
1740983406.032, 3.290, 1.353, -1.3269, -1.2163, -1.9060, 3.1442, 35.0491, 88.1777
1740983406.111, 3.289, 1.358, -1.3242, -1.2158, -1.9120, 3.5503, 35.0817, 87.8943
1740983406.191, 3.287, 1.358, -1.3193, -1.2154, -1.9207, 3.9588, 34.7796, 87.6884
1740983406.271, 3.288, 1.364, -1.3102, -1.2147, -1.9334, 3.6402, 34.5725, 87.3618
1740983406.350, 3.284, 1.373, -1.2968, -1.2140, -1.9478, 2.5401, 34.4327, 87.0223
1740983406.430, 3.284, 1.393, -1.2919, -1.2143, -1.9591, 3.4878, 33.7709, 87.5262
1740983406.510, 3.283, 1.415, -1.2817, -1.2141, -1.9699, 2.4396, 33.0422, 87.4506
1740983406.589, 3.289, 1.415, -1.2776, -1.2150, -1.9754, 2.6499, 32.0076, 88.7068
1740983406.669, 3.285, 1.429, -1.2721, -1.2165, -1.9812, 2.0810, 31.2027, 89.6017
1740983406.748, 3.291, 1.443, -1.2686, -1.2161, -1.9855, 2.0107, 30.8548, 89.7189
1740983406.828, 3.291, 1.450, -1.2669, -1.2160, -1.9882, 2.0085, 30.1415, 89.7230
1740983406.908, 3.292, 1.458, -1.2650, -1.2158, -1.9903, 1.9448, 29.7386, 89.7853
1740983406.988, 3.296, 1.458, -1.2627, -1.2157, -1.9948, 2.0400, 29.6020, 89.7423
1740983407.067, 3.295, 1.462, -1.2594, -1.2159, -2.0010, 2.0002, 29.5818, 89.7146
1740983407.147, 3.296, 1.466, -1.2553, -1.2158, -2.0084, 1.9832, 29.5719, 89.7051
1740983407.226, 3.296, 1.477, -1.2512, -1.2156, -2.0165, 1.9683, 29.5364, 89.7579
1740983407.306, 3.294, 1.488, -1.2475, -1.2154, -2.0236, 1.9215, 29.4992, 89.8548
1740983407.386, 3.293, 1.488, -1.2439, -1.2153, -2.0301, 1.8591, 29.5039, 89.9709
1740983407.465, 3.298, 1.499, -1.2406, -1.2151, -2.0358, 1.7513, 29.5570, 90.0722
1740983407.545, 3.295, 1.510, -1.2379, -1.2149, -2.0409, 1.7086, 29.5573, 90.0662
1740983407.625, 3.295, 1.518, -1.2363, -1.2151, -2.0437, 1.6970, 29.5964, 90.0728
1740983407.704, 3.294, 1.526, -1.2363, -1.2151, -2.0438, 1.6889, 29.5813, 90.0964
1740983407.784, 3.298, 1.526, -1.2363, -1.2151, -2.0437, 1.6804, 29.5694, 90.0934
1740983407.864, 3.295, 1.528, -1.2364, -1.2152, -2.0439, 1.6845, 29.5477, 90.0930
1740983407.943, 3.298, 1.526, -1.2364, -1.2151, -2.0439, 1.6791, 29.5661, 90.1075
1740983408.023, 3.298, 1.528, -1.2365, -1.2151, -2.0438, 1.6778, 29.5651, 90.0794
1740983408.102, 3.294, 1.527, -1.2364, -1.2151, -2.0438, 1.6395, 29.5793, 90.0804
1740983408.182, 3.292, 1.527, -1.2365, -1.2152, -2.0439, 1.6620, 29.5953, 90.0642
1740983408.262, 3.294, 1.527, -1.2365, -1.2151, -2.0439, 1.6494, 29.5894, 90.0733
1740983408.342, 3.298, 1.527, -1.2364, -1.2152, -2.0442, 1.6590, 29.6046, 90.0618
1740983408.421, 3.298, 1.527, -1.2363, -1.2152, -2.0445, 1.6392, 29.5976, 90.1132
1740983408.501, 3.298, 1.527, -1.2359, -1.2151, -2.0454, 1.6237, 29.6276, 90.1066
1740983408.580, 3.296, 1.527, -1.2347, -1.2151, -2.0476, 1.6007, 29.5955, 90.1184
1740983408.660, 3.292, 1.527, -1.2328, -1.2151, -2.0510, 1.5910, 29.6247, 90.1384
1740983408.740, 3.299, 1.530, -1.2305, -1.2150, -2.0552, 1.5882, 29.6195, 90.1341
1740983408.819, 3.299, 1.534, -1.2274, -1.2149, -2.0608, 1.5034, 29.6465, 90.1943
1740983408.899, 3.294, 1.541, -1.2236, -1.2149, -2.0677, 1.4746, 29.6783, 90.2316
1740983408.978, 3.297, 1.541, -1.2198, -1.2149, -2.0748, 1.4430, 29.7021, 90.2396
1740983409.058, 3.292, 1.550, -1.2158, -1.2146, -2.0824, 1.4408, 29.7300, 90.1848
1740983409.138, 3.294, 1.560, -1.2119, -1.2146, -2.0895, 1.4631, 29.7057, 90.1158
1740983409.218, 3.294, 1.573, -1.2085, -1.2144, -2.0962, 1.4859, 29.6119, 90.0560
1740983409.297, 3.293, 1.581, -1.2052, -1.2143, -2.1024, 1.5314, 29.5836, 90.0699
1740983409.377, 3.294, 1.581, -1.2021, -1.2142, -2.1082, 1.4990, 29.5546, 90.1192
1740983409.456, 3.294, 1.591, -1.1988, -1.2140, -2.1143, 1.4524, 29.5228, 90.1174
1740983409.536, 3.295, 1.599, -1.1954, -1.2140, -2.1206, 1.3987, 29.5587, 90.1265
1740983409.616, 3.295, 1.609, -1.1919, -1.2137, -2.1269, 1.3908, 29.5559, 90.1433
1740983409.695, 3.291, 1.616, -1.1884, -1.2137, -2.1337, 1.4315, 29.5475, 90.1643
1740983409.775, 3.290, 1.616, -1.1849, -1.2137, -2.1399, 1.4261, 29.5583, 90.1568
1740983409.855, 3.288, 1.628, -1.1814, -1.2136, -2.1462, 1.3900, 29.5575, 90.1538
1740983409.934, 3.293, 1.635, -1.1778, -1.2135, -2.1526, 1.3060, 29.5453, 90.1387
1740983410.014, 3.293, 1.646, -1.1744, -1.2135, -2.1590, 1.2379, 29.5531, 90.1606
1740983410.094, 3.292, 1.656, -1.1707, -1.2134, -2.1652, 1.2149, 29.5808, 90.1603
1740983410.173, 3.293, 1.656, -1.1677, -1.2132, -2.1717, 1.2496, 29.5433, 90.1320
1740983410.253, 3.293, 1.665, -1.1642, -1.2133, -2.1779, 1.2675, 29.5086, 90.0817
1740983410.332, 3.289, 1.672, -1.1611, -1.2132, -2.1842, 1.3022, 29.4491, 90.0667
1740983410.412, 3.289, 1.682, -1.1575, -1.2130, -2.1907, 1.2953, 29.4396, 90.0468
1740983410.492, 3.293, 1.690, -1.1540, -1.2128, -2.1972, 1.3227, 29.3416, 90.0600
1740983410.571, 3.290, 1.690, -1.1506, -1.2128, -2.2037, 1.3230, 29.3113, 90.1144
1740983410.651, 3.292, 1.698, -1.1473, -1.2128, -2.2100, 1.3349, 29.2843, 90.1622
1740983410.731, 3.292, 1.708, -1.1440, -1.2126, -2.2160, 1.3043, 29.2921, 90.2046
1740983410.810, 3.292, 1.717, -1.1409, -1.2125, -2.2219, 1.2754, 29.3211, 90.2822
1740983410.890, 3.286, 1.726, -1.1376, -1.2124, -2.2279, 1.2325, 29.3726, 90.2830
1740983410.970, 3.287, 1.726, -1.1345, -1.2122, -2.2336, 1.1655, 29.4027, 90.3878
1740983411.049, 3.291, 1.735, -1.1311, -1.2121, -2.2398, 1.1830, 29.3609, 90.3793
1740983411.129, 3.291, 1.743, -1.1282, -1.2120, -2.2460, 1.1508, 29.5668, 90.4254
1740983411.209, 3.287, 1.750, -1.1248, -1.2122, -2.2525, 1.0966, 30.0459, 90.4277
1740983411.288, 3.281, 1.760, -1.1221, -1.2119, -2.2589, 1.0964, 30.5674, 90.4176
1740983411.368, 3.281, 1.760, -1.1191, -1.2117, -2.2654, 1.0982, 31.0758, 90.3575
1740983411.448, 3.278, 1.766, -1.1163, -1.2119, -2.2715, 1.1179, 31.5956, 90.3423
1740983411.527, 3.278, 1.776, -1.1134, -1.2115, -2.2772, 1.1360, 32.0443, 90.3010
1740983411.607, 3.275, 1.782, -1.1107, -1.2113, -2.2829, 1.1853, 32.3015, 90.2930
1740983411.686, 3.273, 1.782, -1.1067, -1.2114, -2.2893, 1.1844, 32.3457, 90.3083
1740983411.766, 3.273, 1.790, -1.1029, -1.2111, -2.2957, 1.1530, 32.3346, 90.3347
1740983411.846, 3.274, 1.800, -1.0992, -1.2109, -2.3019, 1.2120, 32.3578, 90.3299
1740983411.925, 3.274, 1.807, -1.0954, -1.2110, -2.3083, 1.1866, 32.4464, 90.3663
1740983412.005, 3.274, 1.819, -1.0916, -1.2108, -2.3146, 1.2055, 32.4754, 90.4119
1740983412.085, 3.274, 1.819, -1.0881, -1.2106, -2.3206, 1.2316, 32.4490, 90.4602
1740983412.164, 3.273, 1.827, -1.0845, -1.2105, -2.3265, 1.2430, 32.5010, 90.4296
1740983412.244, 3.277, 1.827, -1.0808, -1.2101, -2.3325, 1.2120, 32.5067, 90.4642
1740983412.324, 3.277, 1.844, -1.0770, -1.2104, -2.3389, 1.1705, 32.5401, 90.4663
1740983412.403, 3.277, 1.854, -1.0727, -1.2101, -2.3453, 1.1141, 32.5630, 90.4453
1740983412.483, 3.273, 1.854, -1.0690, -1.2100, -2.3517, 1.1222, 32.5451, 90.4097
1740983412.562, 3.273, 1.864, -1.0655, -1.2103, -2.3580, 1.1341, 32.5748, 90.4094
1740983412.642, 3.278, 1.873, -1.0616, -1.2098, -2.3643, 1.1396, 32.5407, 90.3913
1740983412.722, 3.278, 1.881, -1.0581, -1.2096, -2.3703, 1.1983, 32.4700, 90.3439
1740983412.801, 3.276, 1.891, -1.0538, -1.2094, -2.3768, 1.2406, 32.1296, 90.3479
1740983412.881, 3.273, 1.891, -1.0500, -1.2091, -2.3832, 1.2988, 32.0709, 90.3537
1740983412.961, 3.279, 1.901, -1.0462, -1.2091, -2.3896, 1.3004, 32.0413, 90.3928
1740983413.040, 3.273, 1.910, -1.0427, -1.2089, -2.3957, 1.3044, 32.0662, 90.4541
1740983413.120, 3.273, 1.917, -1.0390, -1.2089, -2.4017, 1.2660, 32.0525, 90.5010
1740983413.200, 3.275, 1.928, -1.0356, -1.2088, -2.4075, 1.2636, 32.0949, 90.5212
1740983413.279, 3.277, 1.928, -1.0322, -1.2085, -2.4132, 1.1833, 32.1546, 90.5975
1740983413.359, 3.270, 1.936, -1.0285, -1.2084, -2.4192, 1.1955, 32.1537, 90.5811
1740983413.439, 3.261, 1.944, -1.0248, -1.2083, -2.4250, 1.1193, 32.1894, 90.6498
1740983413.518, 3.261, 1.953, -1.0213, -1.2082, -2.4307, 1.0942, 32.1807, 90.6718
1740983413.598, 3.261, 1.963, -1.0178, -1.2083, -2.4368, 1.0934, 32.2349, 90.6365
1740983413.678, 3.255, 1.963, -1.0139, -1.2080, -2.4430, 1.0940, 32.2419, 90.6485
1740983413.757, 3.249, 1.973, -1.0103, -1.2077, -2.4495, 1.1138, 32.2362, 90.5897
1740983413.837, 3.252, 1.981, -1.0063, -1.2075, -2.4561, 1.1579, 32.2461, 90.5199
1740983413.917, 3.252, 1.991, -1.0024, -1.2074, -2.4631, 1.2317, 32.2649, 90.4391
1740983413.996, 3.252, 2.000, -0.9986, -1.2073, -2.4695, 1.2503, 32.2191, 90.4389
1740983414.076, 3.248, 2.000, -0.9946, -1.2071, -2.4763, 1.2529, 32.2279, 90.4290
1740983414.155, 3.249, 2.010, -0.9908, -1.2072, -2.4831, 1.2520, 32.2193, 90.3888
1740983414.235, 3.248, 2.019, -0.9862, -1.2070, -2.4902, 1.2269, 32.2383, 90.3858
1740983414.315, 3.248, 2.028, -0.9818, -1.2069, -2.4979, 1.2273, 32.2467, 90.4039
1740983414.394, 3.246, 2.038, -0.9774, -1.2064, -2.5052, 1.2569, 32.2590, 90.3415
1740983414.474, 3.253, 2.038, -0.9729, -1.2063, -2.5128, 1.2369, 32.2940, 90.3060
1740983414.554, 3.253, 2.049, -0.9684, -1.2063, -2.5203, 1.2345, 32.3091, 90.2457
1740983414.633, 3.245, 2.060, -0.9638, -1.2063, -2.5277, 1.1511, 32.3571, 90.2858
1740983414.713, 3.245, 2.072, -0.9599, -1.2061, -2.5341, 1.1988, 32.3163, 90.2234
1740983414.793, 3.253, 2.083, -0.9567, -1.2060, -2.5400, 1.2501, 32.2555, 90.1988
1740983414.872, 3.246, 2.083, -0.9531, -1.2058, -2.5460, 1.2476, 32.2210, 90.1386
1740983414.952, 3.248, 2.090, -0.9490, -1.2057, -2.5530, 1.2856, 32.2399, 89.9985
1740983415.031, 3.247, 2.101, -0.9446, -1.2055, -2.5604, 1.2864, 32.2555, 89.9396
1740983415.111, 3.247, 2.111, -0.9398, -1.2055, -2.5686, 1.3282, 32.2023, 89.9094
1740983415.191, 3.246, 2.122, -0.9346, -1.2053, -2.5776, 1.3455, 32.1973, 89.9740
1740983415.270, 3.252, 2.122, -0.9286, -1.2049, -2.5875, 1.2846, 32.2860, 90.0731
1740983415.350, 3.251, 2.135, -0.9223, -1.2047, -2.5978, 1.2331, 32.3893, 90.1683
1740983415.430, 3.246, 2.148, -0.9162, -1.2045, -2.6079, 1.2191, 32.4244, 90.2139
1740983415.510, 3.246, 2.162, -0.9101, -1.2049, -2.6182, 1.2187, 32.4726, 90.1916
1740983415.589, 3.247, 2.179, -0.9040, -1.2041, -2.6286, 1.2729, 32.5422, 90.1219
1740983415.669, 3.250, 2.179, -0.8980, -1.2044, -2.6390, 1.3153, 32.5830, 89.9872
1740983415.748, 3.251, 2.193, -0.8914, -1.2043, -2.6499, 1.3434, 32.5738, 89.8949
1740983415.828, 3.245, 2.209, -0.8852, -1.2035, -2.6600, 1.3582, 32.5642, 89.8685
1740983415.908, 3.245, 2.224, -0.8786, -1.2040, -2.6708, 1.2889, 32.7162, 89.9370
1740983415.987, 3.249, 2.240, -0.8719, -1.2037, -2.6816, 1.3216, 32.7065, 89.9675
1740983416.067, 3.250, 2.240, -0.8654, -1.2040, -2.6923, 1.3408, 32.7380, 89.9085
1740983416.147, 3.246, 2.257, -0.8589, -1.2038, -2.7027, 1.2690, 32.7582, 89.8494
1740983416.226, 3.245, 2.274, -0.8525, -1.2038, -2.7125, 1.1442, 32.7481, 89.8921
1740983416.306, 3.245, 2.289, -0.8468, -1.2035, -2.7218, 1.1550, 32.7521, 89.8107
1740983416.386, 3.247, 2.301, -0.8420, -1.2030, -2.7297, 1.1827, 32.7073, 89.7703
1740983416.465, 3.245, 2.301, -0.8382, -1.2030, -2.7363, 1.2219, 32.6966, 89.7176
1740983416.545, 3.247, 2.314, -0.8344, -1.2029, -2.7425, 1.2300, 32.6368, 89.7104
1740983416.624, 3.247, 2.324, -0.8299, -1.2026, -2.7499, 1.2792, 32.5927, 89.6927
1740983416.704, 3.253, 2.336, -0.8254, -1.2029, -2.7575, 1.2833, 32.6025, 89.7567
1740983416.784, 3.247, 2.340, -0.8212, -1.2025, -2.7644, 1.2412, 32.5894, 89.8263
1740983416.863, 3.244, 2.340, -0.8166, -1.2026, -2.7716, 1.2140, 32.5963, 89.8556
1740983416.943, 3.252, 2.355, -0.8122, -1.2025, -2.7790, 1.1791, 32.6140, 89.9014
1740983417.023, 3.252, 2.366, -0.8070, -1.2024, -2.7870, 1.1288, 32.6265, 89.9384
1740983417.102, 3.247, 2.373, -0.8016, -1.2017, -2.7956, 1.0881, 32.6921, 89.9753
1740983417.182, 3.249, 2.373, -0.7957, -1.2015, -2.8056, 1.1388, 32.6910, 89.8978
1740983417.262, 3.246, 2.386, -0.7892, -1.2021, -2.8166, 1.2037, 32.7031, 89.8019
1740983417.341, 3.245, 2.401, -0.7829, -1.2013, -2.8272, 1.2592, 32.7093, 89.7079
1740983417.421, 3.245, 2.418, -0.7766, -1.2017, -2.8374, 1.2241, 32.7624, 89.6724
1740983417.500, 3.247, 2.431, -0.7709, -1.2015, -2.8467, 1.2416, 32.7587, 89.6804
1740983417.580, 3.248, 2.431, -0.7648, -1.2012, -2.8567, 1.2124, 32.8655, 89.7334
1740983417.660, 3.252, 2.443, -0.7593, -1.2012, -2.8654, 1.2133, 32.8532, 89.7748
1740983417.740, 3.246, 2.457, -0.7549, -1.2016, -2.8729, 1.2075, 32.9046, 89.8074
1740983417.819, 3.246, 2.474, -0.7508, -1.2016, -2.8794, 1.1616, 32.9699, 89.8413
1740983417.899, 3.246, 2.479, -0.7466, -1.2012, -2.8862, 1.1518, 32.9512, 89.8141
1740983417.979, 3.247, 2.479, -0.7419, -1.2012, -2.8936, 1.1825, 32.9507, 89.7791
1740983418.058, 3.246, 2.493, -0.7373, -1.2010, -2.9011, 1.1983, 32.9655, 89.7472
1740983418.138, 3.250, 2.500, -0.7324, -1.2015, -2.9096, 1.2480, 32.9951, 89.7616
1740983418.217, 3.250, 2.512, -0.7275, -1.2014, -2.9179, 1.3279, 32.9727, 89.6800
1740983418.297, 3.247, 2.528, -0.7226, -1.2009, -2.9259, 1.3592, 32.9977, 89.6737
1740983418.377, 3.244, 2.528, -0.7177, -1.2008, -2.9341, 1.4305, 33.0396, 89.6819
1740983418.456, 3.251, 2.541, -0.7126, -1.2003, -2.9422, 1.3941, 33.0744, 89.7503
1740983418.536, 3.249, 2.550, -0.7070, -1.2010, -2.9512, 1.3669, 33.0983, 89.8094
1740983418.615, 3.249, 2.558, -0.7014, -1.2008, -2.9600, 1.3210, 33.1425, 89.8582
1740983418.695, 3.246, 2.576, -0.6956, -1.2004, -2.9688, 1.2323, 33.2227, 89.9579
1740983418.775, 3.241, 2.576, -0.6901, -1.1998, -2.9779, 1.2610, 33.2376, 89.9436
1740983418.854, 3.242, 2.588, -0.6843, -1.2005, -2.9875, 1.3148, 33.3308, 89.8965
1740983418.934, 3.239, 2.597, -0.6788, -1.1996, -2.9966, 1.3744, 33.3481, 89.7802
1740983419.014, 3.239, 2.610, -0.6727, -1.1996, -3.0064, 1.4197, 33.4255, 89.7367
1740983419.094, 3.247, 2.622, -0.6672, -1.1996, -3.0156, 1.4534, 33.4143, 89.7258
1740983419.173, 3.246, 2.622, -0.6616, -1.1983, -3.0243, 1.4937, 33.4275, 89.7224
1740983419.253, 3.249, 2.636, -0.6554, -1.1988, -3.0341, 1.4720, 33.5377, 89.7467
1740983419.332, 3.245, 2.654, -0.6494, -1.1991, -3.0441, 1.5409, 33.5746, 89.7220
1740983419.412, 3.245, 2.665, -0.6433, -1.1993, -3.0539, 1.5377, 33.6033, 89.7507
1740983419.492, 3.246, 2.682, -0.6366, -1.1986, -3.0642, 1.5010, 33.7110, 89.7129
1740983419.571, 3.247, 2.682, -0.6296, -1.1985, -3.0752, 1.5119, 33.7025, 89.6273
1740983419.651, 3.249, 2.691, -0.6230, -1.1987, -3.0860, 1.5925, 33.6807, 89.5706
1740983419.731, 3.256, 2.716, -0.6167, -1.1987, -3.0963, 1.6534, 33.7368, 89.5264
1740983419.810, 3.256, 2.729, -0.6104, -1.1978, -3.1063, 1.6728, 33.7867, 89.5149
1740983419.890, 3.252, 2.729, -0.6046, -1.1979, -3.1158, 1.7234, 33.7944, 89.5563
1740983419.970, 3.251, 2.729, -0.5983, -1.1980, -3.1248, 1.6095, 33.8029, 89.6558
1740983420.049, 3.252, 2.755, -0.5922, -1.1979, -3.1344, 1.5812, 33.8569, 89.6654
1740983420.129, 3.256, 2.768, -0.5859, -1.1979, -3.1442, 1.5327, 33.9093, 89.7302
1740983420.209, 3.256, 2.780, -0.5794, -1.1976, -3.1540, 1.5126, 33.9664, 89.7109
1740983420.288, 3.253, 2.800, -0.5731, -1.1980, -3.1640, 1.5031, 34.0215, 89.7111
1740983420.368, 3.253, 2.800, -0.5663, -1.1981, -3.1750, 1.5714, 34.0000, 89.6211
1740983420.447, 3.253, 2.816, -0.5594, -1.1976, -3.1854, 1.5860, 33.9725, 89.5646
1740983420.527, 3.254, 2.823, -0.5534, -1.1974, -3.1953, 1.6687, 33.9916, 89.5252
1740983420.607, 3.254, 2.846, -0.5470, -1.1967, -3.2051, 1.6649, 33.9678, 89.5667
1740983420.686, 3.260, 2.855, -0.5433, -1.1968, -3.2102, 1.4062, 33.8121, 90.8998
1740983420.766, 3.256, 2.855, -0.5413, -1.1952, -3.2133, 1.5324, 33.8771, 91.7133
1740983420.846, 3.256, 2.873, -0.5370, -1.1942, -3.2204, 1.5775, 33.8094, 92.0768
1740983420.925, 3.255, 2.873, -0.5282, -1.1941, -3.2332, 1.4173, 33.8256, 92.1111
1740983421.005, 3.255, 2.882, -0.5178, -1.1941, -3.2504, 1.6274, 33.8188, 91.3207
1740983421.084, 3.262, 2.909, -0.5045, -1.1967, -3.2703, 1.6260, 33.9958, 89.3536
1740983421.164, 3.263, 2.909, -0.4946, -1.1960, -3.2866, 1.6600, 33.9642, 89.3074
1740983421.244, 3.259, 2.932, -0.4871, -1.1958, -3.2968, 1.5831, 33.9009, 89.3519
1740983421.323, 3.264, 2.960, -0.4830, -1.1960, -3.3040, 1.6042, 33.9277, 89.4081
1740983421.403, 3.264, 2.969, -0.4789, -1.1959, -3.3096, 1.5079, 33.8919, 89.4701
1740983421.483, 3.267, 2.985, -0.4751, -1.1957, -3.3157, 1.5194, 33.9853, 89.5490
1740983421.562, 3.261, 2.985, -0.4686, -1.1948, -3.3238, 1.3284, 33.4803, 89.3150
1740983421.642, 3.261, 2.991, -0.4625, -1.1940, -3.3340, 1.4174, 33.6849, 87.9798
1740983421.722, 3.259, 3.008, -0.4565, -1.1933, -3.3447, 1.5545, 33.9854, 87.2629
1740983421.801, 3.259, 3.024, -0.4475, -1.1928, -3.3590, 1.6086, 34.1676, 87.1393
1740983421.881, 3.261, 3.043, -0.4390, -1.1936, -3.3741, 1.8833, 34.4042, 87.7051
1740983421.961, 3.264, 3.043, -0.4308, -1.1947, -3.3853, 1.5764, 33.8385, 89.8539
1740983422.040, 3.270, 3.067, -0.4226, -1.1951, -3.3978, 1.5949, 34.1130, 89.5669
1740983422.120, 3.271, 3.071, -0.4162, -1.1947, -3.4030, 0.7284, 34.0194, 90.5481
1740983422.200, 3.271, 3.090, -0.4155, -1.1941, -3.4041, 0.6740, 34.1513, 90.7309
1740983422.279, 3.270, 3.096, -0.4157, -1.1943, -3.4037, 0.6100, 34.0820, 90.5716
1740983422.359, 3.269, 3.096, -0.4156, -1.1943, -3.4035, 0.5417, 34.1172, 90.6362
1740983422.438, 3.271, 3.103, -0.4154, -1.1940, -3.4040, 0.4903, 34.2863, 90.8633
1740983422.518, 3.271, 3.097, -0.4143, -1.1928, -3.4067, 0.6238, 34.4484, 91.7649
1740983422.598, 3.271, 3.105, -0.4104, -1.1915, -3.4173, 1.5695, 34.3977, 92.1142
1740983422.677, 3.271, 3.105, -0.4016, -1.1906, -3.4322, 1.6667, 35.0880, 92.1416
1740983422.757, 3.266, 3.105, -0.3913, -1.1916, -3.4537, 2.9055, 35.3253, 90.0279
1740983422.837, 3.266, 3.131, -0.3761, -1.1933, -3.4713, 1.7640, 36.3383, 89.0751
1740983422.916, 3.297, 3.152, -0.3666, -1.1923, -3.4823, 1.5712, 36.4690, 89.6899
1740983422.996, 3.297, 3.184, -0.3619, -1.1928, -3.4901, 1.5647, 36.5278, 89.8881
1740983423.076, 3.277, 3.184, -0.3575, -1.1928, -3.4964, 1.5556, 36.6165, 89.9181
1740983423.155, 3.279, 3.202, -0.3527, -1.1925, -3.5032, 1.5973, 36.7772, 89.9138
1740983423.235, 3.281, 3.216, -0.3471, -1.1926, -3.5116, 1.6398, 36.9449, 89.9382
1740983423.315, 3.281, 3.223, -0.3411, -1.1917, -3.5175, 1.1413, 36.3308, 89.6265
1740983423.394, 3.290, 3.237, -0.3393, -1.1905, -3.5210, 1.2343, 36.5089, 89.0849
1740983423.474, 3.289, 3.237, -0.3364, -1.1910, -3.5244, 1.2116, 36.4851, 88.7888
1740983423.554, 3.283, 3.250, -0.3324, -1.1904, -3.5301, 1.1056, 36.5819, 88.4821
1740983423.633, 3.288, 3.246, -0.3256, -1.1895, -3.5424, 1.7334, 37.0053, 87.5457
1740983423.713, 3.288, 3.257, -0.3150, -1.1892, -3.5578, 1.6264, 36.9122, 87.4560
1740983423.792, 3.290, 3.284, -0.3064, -1.1900, -3.5710, 1.9089, 36.6475, 88.1231
1740983423.872, 3.285, 3.284, -0.2986, -1.1913, -3.5802, 1.6230, 35.9036, 89.8873
1740983423.952, 3.292, 3.301, -0.2936, -1.1908, -3.5879, 1.5928, 36.0040, 89.9392
1740983424.031, 3.289, 3.309, -0.2904, -1.1907, -3.5929, 1.5913, 36.1207, 89.9863
1740983424.111, 3.289, 3.327, -0.2873, -1.1905, -3.5974, 1.5406, 36.3531, 90.0822
1740983424.191, 3.286, 3.329, -0.2834, -1.1903, -3.6039, 1.5593, 36.6809, 90.0872
1740983424.270, 3.292, 3.329, -0.2777, -1.1900, -3.6123, 1.5262, 37.0861, 90.0918
1740983424.350, 3.290, 3.345, -0.2712, -1.1898, -3.6218, 1.5355, 37.0585, 90.0500
1740983424.430, 3.293, 3.358, -0.2636, -1.1892, -3.6319, 1.5466, 36.9775, 89.9631
1740983424.509, 3.293, 3.370, -0.2573, -1.1901, -3.6414, 1.5602, 36.9012, 89.9150
1740983424.589, 3.292, 3.388, -0.2511, -1.1892, -3.6493, 1.4958, 36.8624, 89.9515
1740983424.668, 3.292, 3.388, -0.2453, -1.1889, -3.6570, 1.4104, 36.8019, 90.0221
1740983424.748, 3.294, 3.399, -0.2400, -1.1887, -3.6644, 1.3982, 36.7609, 90.0929
1740983424.828, 3.296, 3.411, -0.2345, -1.1885, -3.6721, 1.4069, 36.7002, 90.1246
1740983424.907, 3.296, 3.419, -0.2287, -1.1882, -3.6803, 1.4423, 36.7273, 90.1314
1740983424.987, 3.302, 3.435, -0.2225, -1.1889, -3.6891, 1.4169, 36.6016, 90.2018
1740983425.067, 3.299, 3.435, -0.2158, -1.1883, -3.6981, 1.5005, 36.0620, 90.1554
1740983425.147, 3.302, 3.447, -0.2092, -1.1882, -3.7063, 1.5141, 35.4376, 90.1538
1740983425.226, 3.295, 3.456, -0.2025, -1.1880, -3.7148, 1.4265, 34.8457, 90.1151
1740983425.306, 3.295, 3.469, -0.1960, -1.1874, -3.7229, 1.4013, 34.0643, 90.0940
1740983425.385, 3.301, 3.480, -0.1895, -1.1872, -3.7314, 1.3808, 33.2559, 90.1640
1740983425.465, 3.298, 3.480, -0.1836, -1.1871, -3.7407, 1.4153, 33.0229, 90.1757
1740983425.545, 3.292, 3.487, -0.1778, -1.1875, -3.7503, 1.3795, 33.0284, 90.2168
1740983425.624, 3.289, 3.504, -0.1723, -1.1881, -3.7592, 1.3967, 32.9946, 90.2461
1740983425.704, 3.289, 3.514, -0.1674, -1.1861, -3.7673, 1.4220, 32.9986, 90.2616
1740983425.784, 3.291, 3.527, -0.1619, -1.1858, -3.7756, 1.3585, 32.9951, 90.2869
1740983425.863, 3.293, 3.527, -0.1564, -1.1855, -3.7846, 1.3412, 32.9782, 90.2464
1740983425.943, 3.292, 3.540, -0.1504, -1.1859, -3.7939, 1.3280, 32.9472, 90.2281
1740983426.023, 3.290, 3.553, -0.1447, -1.1858, -3.8034, 1.3676, 32.8812, 90.1592
1740983426.102, 3.290, 3.566, -0.1391, -1.1849, -3.8126, 1.3524, 32.8937, 90.1141
1740983426.182, 3.293, 3.578, -0.1329, -1.1857, -3.8227, 1.3055, 32.8387, 90.1048
1740983426.261, 3.291, 3.578, -0.1271, -1.1854, -3.8321, 1.3434, 32.8043, 90.0637
1740983426.341, 3.296, 3.592, -0.1216, -1.1858, -3.8413, 1.2964, 32.8075, 90.1259
1740983426.421, 3.291, 3.608, -0.1171, -1.1843, -3.8485, 1.3882, 32.8784, 90.1502
1740983426.500, 3.291, 3.621, -0.1142, -1.1841, -3.8546, 1.6342, 33.0422, 90.1009
1740983426.580, 3.295, 3.636, -0.1128, -1.1836, -3.8606, 2.3072, 33.1436, 89.8891
1740983426.660, 3.293, 3.636, -0.1094, -1.1830, -3.8685, 2.6560, 33.1350, 89.7543
1740983426.739, 3.299, 3.641, -0.0984, -1.1836, -3.8792, 1.2423, 33.0937, 90.2276
1740983426.819, 3.285, 3.650, -0.0888, -1.1832, -3.8935, 1.1058, 33.1963, 90.0712
1740983426.899, 3.285, 3.669, -0.0810, -1.1829, -3.9044, 0.7569, 32.9478, 90.6299
1740983426.978, 3.299, 3.689, -0.0803, -1.1821, -3.9063, 0.9199, 32.9861, 91.3836
1740983427.058, 3.302, 3.689, -0.0800, -1.1818, -3.9067, 0.9610, 33.0128, 91.6506
1740983427.138, 3.301, 3.698, -0.0792, -1.1807, -3.9087, 1.0611, 32.9434, 92.1822
1740983427.217, 3.303, 3.698, -0.0738, -1.1804, -3.9180, 1.1611, 32.9767, 92.4104
1740983427.297, 3.303, 3.704, -0.0648, -1.1800, -3.9321, 1.1243, 32.9848, 92.5707
1740983427.376, 3.302, 3.721, -0.0538, -1.1810, -3.9517, 1.4944, 32.9546, 90.9901
1740983427.456, 3.296, 3.721, -0.0411, -1.1819, -3.9705, 1.1569, 33.2719, 89.7281
1740983427.536, 3.279, 3.742, -0.0336, -1.1806, -3.9827, 1.4668, 33.6357, 88.8902
1740983427.615, 3.303, 3.772, -0.0293, -1.1811, -3.9889, 1.3895, 33.4462, 88.9657
1740983427.695, 3.303, 3.793, -0.0261, -1.1810, -3.9933, 1.3046, 33.1638, 89.6979
1740983427.775, 3.301, 3.801, -0.0202, -1.1814, -4.0018, 1.0905, 33.1504, 89.9887
1740983427.854, 3.293, 3.801, -0.0143, -1.1816, -4.0113, 1.0770, 33.2474, 90.0593
1740983427.934, 3.298, 3.813, -0.0086, -1.1818, -4.0209, 1.0539, 33.0175, 89.8635
1740983428.014, 3.298, 3.825, -0.0038, -1.1801, -4.0277, 0.9140, 33.0997, 88.9800
1740983428.093, 3.298, 3.838, -0.0004, -1.1791, -4.0330, 0.9571, 33.2575, 88.4047
1740983428.173, 3.298, 3.838, 0.0040, -1.1786, -4.0418, 1.1149, 33.4810, 87.9526
1740983428.252, 3.305, 3.851, 0.0123, -1.1775, -4.0547, 1.1017, 33.7199, 88.0144
1740983428.332, 3.299, 3.860, 0.0214, -1.1779, -4.0691, 1.1062, 33.9953, 88.4530
1740983428.412, 3.306, 3.880, 0.0295, -1.1801, -4.0809, 0.9756, 33.2302, 90.3839
1740983428.492, 3.306, 3.898, 0.0373, -1.1802, -4.0934, 0.9006, 33.5169, 90.6910
1740983428.571, 3.304, 3.898, 0.0412, -1.1796, -4.1003, 0.9802, 33.6902, 90.7309
1740983428.651, 3.309, 3.912, 0.0447, -1.1793, -4.1054, 0.9495, 33.5689, 90.8164
1740983428.730, 3.305, 3.926, 0.0478, -1.1788, -4.1104, 0.9781, 33.6946, 90.7596
1740983428.810, 3.306, 3.934, 0.0518, -1.1788, -4.1170, 0.9503, 33.7374, 90.8982
1740983428.890, 3.306, 3.943, 0.0575, -1.1783, -4.1262, 0.9706, 33.9011, 90.8363
1740983428.969, 3.302, 3.943, 0.0640, -1.1776, -4.1361, 0.9469, 34.0068, 90.9031
1740983429.049, 3.306, 3.954, 0.0708, -1.1782, -4.1468, 0.9171, 34.0519, 90.8424
1740983429.129, 3.309, 3.970, 0.0779, -1.1783, -4.1578, 0.8374, 34.2368, 90.8457
1740983429.208, 3.309, 3.987, 0.0840, -1.1776, -4.1673, 0.8631, 34.2588, 90.7795
1740983429.288, 3.309, 4.004, 0.0892, -1.1762, -4.1755, 0.9186, 34.3115, 90.6851
1740983429.368, 3.312, 4.004, 0.0929, -1.1764, -4.1806, 0.8662, 34.2693, 90.6933
1740983429.447, 3.312, 4.013, 0.0930, -1.1770, -4.1812, 0.8977, 34.2702, 90.6615
1740983429.527, 3.313, 4.026, 0.0926, -1.1772, -4.1809, 0.9044, 34.2651, 90.6482
1740983429.606, 3.305, 4.026, 0.0926, -1.1771, -4.1806, 0.8948, 34.2665, 90.6505
1740983429.686, 3.305, 4.026, 0.0925, -1.1770, -4.1807, 0.9098, 34.2693, 90.6361
1740983429.766, 3.311, 4.026, 0.0926, -1.1770, -4.1807, 0.9136, 34.2676, 90.6317
1740983429.846, 3.304, 4.026, 0.0927, -1.1770, -4.1808, 0.9190, 34.2686, 90.6179
1740983429.925, 3.310, 4.027, 0.0925, -1.1770, -4.1807, 0.9199, 34.2647, 90.6128
1740983430.005, 3.310, 4.029, 0.0927, -1.1771, -4.1808, 0.9171, 34.2676, 90.6037
1740983430.084, 3.310, 4.027, 0.0926, -1.1771, -4.1808, 0.9276, 34.2677, 90.5988
1740983430.164, 3.313, 4.027, 0.0926, -1.1770, -4.1808, 0.9296, 34.2694, 90.5938
1740983430.244, 3.311, 4.026, 0.0926, -1.1771, -4.1808, 0.9280, 34.2655, 90.5879
1740983430.323, 3.308, 4.026, 0.0925, -1.1771, -4.1807, 0.9236, 34.2634, 90.5857
1740983430.403, 3.308, 4.027, 0.0926, -1.1770, -4.1808, 0.9287, 34.2608, 90.5738
1740983430.483, 3.305, 4.026, 0.0926, -1.1770, -4.1807, 0.9263, 34.2643, 90.5885
1740983430.562, 3.310, 4.026, 0.0926, -1.1770, -4.1807, 0.9324, 34.2681, 90.5667
1740983430.642, 3.308, 4.028, 0.0926, -1.1771, -4.1808, 0.9402, 34.2653, 90.5516
1740983430.722, 3.310, 4.026, 0.0926, -1.1771, -4.1809, 0.9396, 34.2701, 90.5577
1740983430.801, 3.310, 4.029, 0.0925, -1.1771, -4.1806, 0.9377, 34.2672, 90.5661
1740983430.881, 3.310, 4.026, 0.0927, -1.1772, -4.1809, 0.9340, 34.2678, 90.5540
1740983430.960, 3.310, 4.026, 0.0926, -1.1771, -4.1809, 0.9370, 34.2690, 90.5545
1740983431.040, 3.310, 4.026, 0.0925, -1.1770, -4.1809, 0.9420, 34.2700, 90.5551
1740983431.120, 3.310, 4.028, 0.0926, -1.1771, -4.1810, 0.9360, 34.2757, 90.5519
1740983431.199, 3.310, 4.026, 0.0926, -1.1771, -4.1808, 0.9300, 34.2716, 90.5672
1740983431.279, 3.307, 4.027, 0.0926, -1.1771, -4.1810, 0.9314, 34.2633, 90.5683
1740983431.359, 3.311, 4.027, 0.0926, -1.1771, -4.1809, 0.9280, 34.2666, 90.5727
1740983431.438, 3.310, 4.027, 0.0925, -1.1771, -4.1809, 0.9352, 34.2701, 90.5663
1740983431.518, 3.307, 4.027, 0.0927, -1.1771, -4.1809, 0.9348, 34.2672, 90.5589
1740983431.598, 3.307, 4.027, 0.0926, -1.1771, -4.1808, 0.9365, 34.2646, 90.5565
1740983431.677, 3.305, 4.028, 0.0928, -1.1771, -4.1811, 0.9393, 34.2747, 90.5407
1740983431.757, 3.305, 4.028, 0.0925, -1.1771, -4.1809, 0.9421, 34.2748, 90.5559
1740983431.837, 3.311, 4.026, 0.0927, -1.1771, -4.1810, 0.9342, 34.2712, 90.5523
1740983431.916, 3.307, 4.027, 0.0926, -1.1771, -4.1809, 0.9339, 34.2710, 90.5499
1740983431.996, 3.307, 4.027, 0.0926, -1.1771, -4.1809, 0.9288, 34.2733, 90.5577
1740983432.075, 3.308, 4.028, 0.0926, -1.1771, -4.1808, 0.9274, 34.2736, 90.5587
1740983444.221, 3.496, 4.044, 0.2653, -1.1721, -4.0986, 1.3848, 32.4337, 90.4108
1740983444.301, 3.492, 4.044, 0.2653, -1.1721, -4.0988, 1.3842, 32.4334, 90.4079
1740983444.380, 3.492, 4.045, 0.2654, -1.1721, -4.0987, 1.3776, 32.4356, 90.4177
1740983444.460, 3.494, 4.045, 0.2654, -1.1720, -4.0986, 1.3840, 32.4319, 90.4188
1740983444.540, 3.494, 4.045, 0.2653, -1.1721, -4.0986, 1.3819, 32.4313, 90.4158
1740983444.619, 3.490, 4.043, 0.2654, -1.1721, -4.0987, 1.3817, 32.4217, 90.4099
1740983444.699, 3.494, 4.044, 0.2653, -1.1721, -4.0985, 1.3844, 32.4191, 90.4163
1740983444.779, 3.494, 4.043, 0.2654, -1.1721, -4.0987, 1.3870, 32.4183, 90.4063
1740983444.858, 3.492, 4.045, 0.2653, -1.1721, -4.0987, 1.3861, 32.4176, 90.4168
1740983444.938, 3.496, 4.045, 0.2653, -1.1720, -4.0986, 1.3907, 32.4123, 90.4051
1740983445.018, 3.495, 4.044, 0.2653, -1.1721, -4.0986, 1.3901, 32.4095, 90.4041
1740983445.097, 3.495, 4.044, 0.2652, -1.1721, -4.0987, 1.3970, 32.4108, 90.3992
1740983445.177, 3.495, 4.044, 0.2654, -1.1722, -4.0988, 1.3980, 32.4067, 90.3930
1740983445.256, 3.491, 4.044, 0.2652, -1.1721, -4.0986, 1.3943, 32.4110, 90.4015
1740983445.336, 3.493, 4.044, 0.2653, -1.1721, -4.0986, 1.3889, 32.4126, 90.4069
1740983445.416, 3.492, 4.044, 0.2654, -1.1722, -4.0989, 1.3949, 32.4109, 90.3979
1740983445.495, 3.495, 4.043, 0.2653, -1.1721, -4.0987, 1.4003, 32.4118, 90.4005
1740983445.575, 3.495, 4.046, 0.2655, -1.1722, -4.0988, 1.3926, 32.4092, 90.3995
1740983445.655, 3.495, 4.045, 0.2653, -1.1721, -4.0987, 1.4006, 32.4142, 90.3904
1740983445.734, 3.498, 4.045, 0.2653, -1.1721, -4.0988, 1.4011, 32.4113, 90.3882
1740983445.814, 3.495, 4.044, 0.2653, -1.1721, -4.0987, 1.4036, 32.4093, 90.3907
1740983445.894, 3.492, 4.044, 0.2654, -1.1721, -4.0989, 1.3999, 32.4127, 90.3971
1740983445.973, 3.492, 4.043, 0.2653, -1.1721, -4.0988, 1.3969, 32.4168, 90.4136
1740983446.053, 3.493, 4.043, 0.2652, -1.1721, -4.0987, 1.3935, 32.4215, 90.4245
1740983446.133, 3.496, 4.044, 0.2654, -1.1721, -4.0988, 1.3958, 32.4278, 90.4243
1740983446.212, 3.494, 4.042, 0.2652, -1.1721, -4.0987, 1.4074, 32.4266, 90.4261
1740983446.292, 3.492, 4.044, 0.2652, -1.1720, -4.0987, 1.3999, 32.4317, 90.4208
1740983446.371, 3.492, 4.043, 0.2654, -1.1721, -4.0987, 1.3842, 32.4359, 90.4368
1740983446.451, 3.492, 4.043, 0.2652, -1.1721, -4.0987, 1.3878, 32.4429, 90.4460
1740983446.531, 3.496, 4.042, 0.2654, -1.1721, -4.0989, 1.3872, 32.4332, 90.4383
1740983446.610, 3.491, 4.044, 0.2653, -1.1722, -4.0987, 1.3829, 32.4377, 90.4460
1740983446.690, 3.496, 4.042, 0.2652, -1.1721, -4.0988, 1.3925, 32.4274, 90.4424
1740983446.770, 3.496, 4.043, 0.2654, -1.1722, -4.0989, 1.3919, 32.4201, 90.4326
1740983446.849, 3.491, 4.043, 0.2651, -1.1721, -4.0987, 1.4017, 32.4168, 90.4280
1740983446.929, 3.498, 4.043, 0.2653, -1.1721, -4.0987, 1.3958, 32.4138, 90.4259
1740983447.009, 3.494, 4.044, 0.2652, -1.1721, -4.0987, 1.4017, 32.4238, 90.4170
1740983447.088, 3.495, 4.045, 0.2655, -1.1722, -4.0988, 1.4041, 32.4238, 90.3979
1740983447.168, 3.495, 4.043, 0.2643, -1.1721, -4.0972, 1.3879, 32.4079, 90.4033
1740983447.248, 3.498, 4.043, 0.2610, -1.1721, -4.0920, 1.4517, 32.5054, 90.3982
1740983447.327, 3.499, 4.042, 0.2558, -1.1722, -4.0838, 1.4290, 32.6179, 90.4233
1740983447.407, 3.493, 4.039, 0.2499, -1.1727, -4.0743, 1.4006, 32.7302, 90.4500
1740983447.486, 3.493, 4.025, 0.2434, -1.1732, -4.0647, 1.5218, 32.7382, 90.4622
1740983447.566, 3.496, 4.010, 0.2386, -1.1735, -4.0570, 1.5112, 32.7694, 90.4658
1740983447.646, 3.496, 4.010, 0.2347, -1.1733, -4.0510, 1.5320, 32.7781, 90.4377
1740983447.725, 3.495, 3.998, 0.2316, -1.1734, -4.0460, 1.5533, 32.7884, 90.3976
1740983447.805, 3.488, 3.989, 0.2279, -1.1735, -4.0406, 1.6061, 32.8620, 90.3865
1740983447.885, 3.488, 3.980, 0.2247, -1.1737, -4.0355, 1.5935, 32.8481, 90.3016
1740983447.964, 3.482, 3.972, 0.2214, -1.1738, -4.0300, 1.5252, 32.8686, 90.2924
1740983448.044, 3.483, 3.972, 0.2174, -1.1740, -4.0238, 1.5494, 32.8946, 90.2306
1740983448.124, 3.483, 3.968, 0.2133, -1.1743, -4.0176, 1.5482, 32.9029, 90.1891
1740983448.203, 3.479, 3.956, 0.2094, -1.1743, -4.0113, 1.5101, 33.0646, 90.2065
1740983448.283, 3.481, 3.947, 0.2055, -1.1747, -4.0056, 1.5324, 33.0894, 90.1537
1740983448.363, 3.481, 3.937, 0.2019, -1.1746, -4.0000, 1.5137, 33.1972, 90.0975
1740983448.442, 3.478, 3.937, 0.1984, -1.1749, -3.9946, 1.5200, 33.2553, 90.0649
1740983448.522, 3.487, 3.929, 0.1946, -1.1748, -3.9885, 1.5258, 33.3029, 90.0761
1740983448.602, 3.480, 3.920, 0.1908, -1.1750, -3.9826, 1.5257, 33.3415, 90.0782
1740983448.681, 3.479, 3.913, 0.1868, -1.1750, -3.9766, 1.6060, 33.3079, 90.0828
1740983448.761, 3.479, 3.903, 0.1830, -1.1752, -3.9706, 1.5889, 33.2584, 90.0832
1740983448.840, 3.478, 3.903, 0.1791, -1.1754, -3.9646, 1.6450, 33.3102, 90.0701
1740983448.920, 3.480, 3.894, 0.1786, -1.1750, -3.9619, 1.3173, 32.9733, 89.9281
1740983449.000, 3.486, 3.883, 0.1788, -1.1749, -3.9618, 1.1742, 33.1045, 89.9420
1740983449.079, 3.489, 3.880, 0.1786, -1.1749, -3.9618, 1.2699, 33.2221, 89.6165
1740983449.159, 3.489, 3.882, 0.1777, -1.1744, -3.9601, 1.1994, 32.9996, 89.0301
1740983449.239, 3.488, 3.882, 0.1745, -1.1737, -3.9551, 1.2627, 33.0706, 88.3027
1740983449.318, 3.485, 3.880, 0.1687, -1.1738, -3.9466, 1.3831, 33.1470, 87.8058
1740983449.398, 3.489, 3.880, 0.1614, -1.1738, -3.9360, 1.4838, 33.2204, 87.6243
1740983449.478, 3.483, 3.871, 0.1550, -1.1740, -3.9255, 1.3541, 33.1338, 87.8067
1740983449.557, 3.483, 3.854, 0.1497, -1.1744, -3.9174, 1.3658, 33.1464, 87.8880
1740983449.637, 3.479, 3.854, 0.1462, -1.1744, -3.9124, 1.4395, 33.1501, 87.8262
1740983449.717, 3.475, 3.838, 0.1435, -1.1746, -3.9083, 1.4223, 33.1109, 87.9726
1740983449.796, 3.482, 3.830, 0.1398, -1.1751, -3.9024, 1.4267, 33.1264, 88.3744
1740983449.876, 3.484, 3.822, 0.1325, -1.1768, -3.8904, 1.4847, 32.6666, 90.0839
1740983449.956, 3.484, 3.811, 0.1267, -1.1771, -3.8819, 1.7783, 32.6190, 89.7907
1740983450.035, 3.488, 3.811, 0.1230, -1.1772, -3.8762, 1.7852, 32.5555, 89.7721
1740983450.115, 3.478, 3.788, 0.1207, -1.1773, -3.8726, 1.7988, 32.4174, 89.7098
1740983450.194, 3.485, 3.778, 0.1188, -1.1774, -3.8696, 1.8024, 32.3948, 89.6990
1740983450.274, 3.487, 3.774, 0.1163, -1.1774, -3.8654, 1.7856, 32.3339, 89.6806
1740983450.354, 3.487, 3.768, 0.1128, -1.1776, -3.8596, 1.8008, 32.2471, 89.6404
1740983450.433, 3.486, 3.768, 0.1089, -1.1775, -3.8526, 1.7693, 32.0738, 89.5976
1740983450.513, 3.490, 3.763, 0.1068, -1.1771, -3.8456, 0.9732, 32.4673, 90.4129
1740983450.593, 3.492, 3.751, 0.1063, -1.1766, -3.8425, 0.6472, 32.5674, 90.7627
1740983450.672, 3.492, 3.743, 0.1066, -1.1767, -3.8423, 0.5881, 32.6100, 90.7293
1740983450.752, 3.496, 3.743, 0.1062, -1.1767, -3.8409, 0.3453, 32.5194, 90.8910
1740983450.832, 3.489, 3.743, 0.1049, -1.1760, -3.8352, -0.3147, 32.5094, 91.2687
1740983450.911, 3.492, 3.741, 0.1005, -1.1756, -3.8247, -0.8933, 32.4837, 91.6295
1740983450.991, 3.499, 3.738, 0.0920, -1.1751, -3.8117, -0.6657, 32.4430, 92.0828
1740983451.071, 3.499, 3.723, 0.0832, -1.1761, -3.7996, -0.2665, 32.5913, 92.2523
1740983451.150, 3.501, 3.702, 0.0747, -1.1760, -3.7885, 0.2876, 32.7711, 92.3996
1740983451.230, 3.500, 3.702, 0.0695, -1.1760, -3.7794, 0.1674, 32.8416, 92.4156
1740983451.310, 3.495, 3.684, 0.0654, -1.1766, -3.7734, 0.3195, 32.8891, 92.0234
1740983451.389, 3.493, 3.671, 0.0615, -1.1778, -3.7691, 0.6610, 32.6325, 90.9435
1740983451.469, 3.493, 3.660, 0.0568, -1.1790, -3.7655, 1.4746, 32.0656, 90.0340
1740983451.548, 3.491, 3.660, 0.0546, -1.1796, -3.7622, 1.6071, 32.0944, 89.9624
1740983451.628, 3.483, 3.654, 0.0528, -1.1793, -3.7594, 1.6011, 32.0478, 89.9278
1740983451.708, 3.483, 3.647, 0.0503, -1.1792, -3.7553, 1.6071, 32.0543, 89.8914
1740983451.787, 3.485, 3.643, 0.0469, -1.1793, -3.7497, 1.6056, 31.9922, 89.9002
1740983451.867, 3.485, 3.638, 0.0431, -1.1793, -3.7431, 1.4940, 32.0728, 89.9657
1740983451.947, 3.485, 3.638, 0.0393, -1.1798, -3.7362, 1.3953, 32.0258, 90.0372
1740983452.026, 3.491, 3.627, 0.0353, -1.1797, -3.7292, 1.3142, 31.9539, 90.1407
1740983452.106, 3.487, 3.615, 0.0317, -1.1798, -3.7230, 1.3084, 31.8528, 90.2137
1740983452.186, 3.489, 3.607, 0.0287, -1.1799, -3.7178, 1.2832, 31.8685, 90.2739
1740983452.265, 3.489, 3.599, 0.0256, -1.1800, -3.7125, 1.3001, 31.7772, 90.2697
1740983452.345, 3.489, 3.599, 0.0220, -1.1800, -3.7067, 1.3558, 31.7011, 90.2563
1740983452.425, 3.493, 3.588, 0.0189, -1.1802, -3.7015, 1.4194, 31.6296, 90.2132
1740983452.504, 3.491, 3.581, 0.0151, -1.1804, -3.6957, 1.4689, 31.5841, 90.1647
1740983452.584, 3.490, 3.575, 0.0117, -1.1806, -3.6899, 1.5239, 31.5461, 90.1235
1740983452.664, 3.490, 3.564, 0.0081, -1.1806, -3.6841, 1.5492, 31.5796, 90.0754
1740983452.743, 3.487, 3.564, 0.0049, -1.1807, -3.6788, 1.5834, 31.5188, 90.0294
1740983452.823, 3.490, 3.555, 0.0014, -1.1806, -3.6730, 1.5873, 31.4884, 89.9808
1740983452.902, 3.492, 3.549, -0.0018, -1.1808, -3.6675, 1.5834, 31.4431, 89.9055
1740983452.982, 3.497, 3.543, -0.0051, -1.1810, -3.6618, 1.5717, 31.4147, 89.8469
1740983453.062, 3.497, 3.536, -0.0082, -1.1812, -3.6560, 1.5177, 31.3753, 89.8931
1740983453.141, 3.489, 3.536, -0.0116, -1.1812, -3.6503, 1.5233, 31.3213, 89.8745
1740983453.221, 3.497, 3.529, -0.0147, -1.1814, -3.6446, 1.4745, 31.2882, 89.9073
1740983453.301, 3.493, 3.521, -0.0180, -1.1815, -3.6389, 1.4355, 31.2036, 89.9189
1740983453.380, 3.499, 3.510, -0.0211, -1.1815, -3.6328, 1.3965, 31.1143, 89.9421
1740983453.460, 3.499, 3.500, -0.0247, -1.1817, -3.6268, 1.4137, 31.0276, 89.9304
1740983453.540, 3.491, 3.500, -0.0282, -1.1817, -3.6207, 1.4162, 30.9999, 89.9245
1740983453.619, 3.490, 3.492, -0.0316, -1.1817, -3.6150, 1.4883, 30.8562, 89.8693
1740983453.699, 3.493, 3.484, -0.0352, -1.1818, -3.6089, 1.5089, 30.8150, 89.8762
1740983453.778, 3.490, 3.478, -0.0384, -1.1818, -3.6030, 1.5315, 30.7157, 89.8497
1740983453.858, 3.490, 3.468, -0.0418, -1.1820, -3.5972, 1.5313, 30.6366, 89.8042
1740983453.938, 3.496, 3.468, -0.0453, -1.1819, -3.5910, 1.5106, 30.5907, 89.7442
1740983454.017, 3.491, 3.461, -0.0485, -1.1821, -3.5850, 1.5151, 30.5126, 89.7258
1740983454.097, 3.496, 3.454, -0.0521, -1.1823, -3.5791, 1.5641, 30.4191, 89.7308
1740983454.177, 3.491, 3.439, -0.0553, -1.1824, -3.5733, 1.5701, 30.3645, 89.7033
1740983454.256, 3.491, 3.433, -0.0585, -1.1825, -3.5675, 1.5697, 30.3023, 89.7112
1740983454.456, 3.494, 3.414, -0.0665, -1.1829, -3.5528, 1.4478, 30.1982, 89.8440
1740983454.535, 3.498, 3.414, -0.0697, -1.1828, -3.5467, 1.3999, 30.1448, 89.9036
1740983454.615, 3.495, 3.407, -0.0731, -1.1828, -3.5407, 1.4231, 30.0837, 89.9301
1740983454.694, 3.499, 3.397, -0.0760, -1.1830, -3.5354, 1.3202, 30.3189, 89.9879
1740983454.774, 3.495, 3.390, -0.0780, -1.1830, -3.5325, 1.3293, 30.5826, 89.9746
1740983454.856, 3.495, 3.383, -0.0794, -1.1831, -3.5311, 1.3599, 30.8408, 89.9537
1740983454.933, 3.495, 3.383, -0.0811, -1.1831, -3.5286, 1.3365, 31.2875, 89.9325
1740983455.013, 3.493, 3.381, -0.0846, -1.1831, -3.5245, 1.3108, 32.2073, 89.8989
1740983455.093, 3.497, 3.375, -0.0894, -1.1832, -3.5190, 1.2784, 33.2952, 89.9045
1740983455.172, 3.483, 3.370, -0.0930, -1.1829, -3.5147, 1.1788, 34.0206, 89.4565
1740983457.542, 3.489, 3.132, -0.2216, -1.1874, -3.2997, 1.5361, 31.1384, 89.7398
1740983457.621, 3.492, 3.119, -0.2238, -1.1880, -3.2956, 1.4882, 31.0589, 89.7540
1740983457.701, 3.495, 3.115, -0.2273, -1.1878, -3.2893, 1.4590, 30.8622, 89.7198
1740983457.781, 3.489, 3.108, -0.2323, -1.1875, -3.2801, 1.4482, 30.8567, 89.7106
1740983457.860, 3.489, 3.102, -0.2387, -1.1880, -3.2689, 1.4437, 30.7046, 89.7152
1740983457.940, 3.490, 3.102, -0.2448, -1.1882, -3.2581, 1.4871, 30.5112, 89.7033
1740983458.020, 3.491, 3.081, -0.2476, -1.1873, -3.2510, 1.2174, 30.1683, 89.2529
1740983458.099, 3.497, 3.070, -0.2485, -1.1868, -3.2498, 1.3163, 30.0713, 88.2459
1740983458.179, 3.499, 3.055, -0.2509, -1.1865, -3.2462, 1.2599, 30.2583, 87.7090
1740983458.258, 3.499, 3.056, -0.2560, -1.1865, -3.2375, 1.2579, 30.3638, 87.5969
1740983458.338, 3.494, 3.056, -0.2633, -1.1865, -3.2245, 1.3242, 30.1682, 87.5778
1740983458.418, 3.493, 3.058, -0.2722, -1.1872, -3.2118, 1.7764, 30.7088, 87.3926
1740983458.497, 3.494, 3.033, -0.2821, -1.1878, -3.1992, 2.4001, 31.3891, 87.7058
1740983458.577, 3.491, 3.015, -0.2867, -1.1874, -3.1897, 1.9433, 31.5803, 87.6776
1740983458.657, 3.491, 2.989, -0.2938, -1.1881, -3.1799, 2.2414, 32.2322, 88.3737
1740983458.736, 3.494, 2.989, -0.3000, -1.1890, -3.1662, 1.4167, 32.3489, 89.6582
1740983458.816, 3.493, 2.984, -0.3061, -1.1899, -3.1565, 1.3945, 32.0183, 89.7573
1740983458.896, 3.483, 2.959, -0.3108, -1.1903, -3.1481, 1.4179, 31.9360, 89.7638
1740983458.975, 3.490, 2.950, -0.3157, -1.1898, -3.1402, 1.3575, 32.0195, 89.7367
1740983459.055, 3.490, 2.936, -0.3191, -1.1894, -3.1312, 0.5412, 32.7961, 90.5795
1740983459.135, 3.486, 2.936, -0.3196, -1.1885, -3.1263, -0.2025, 32.9959, 91.1439
1740983459.214, 3.489, 2.920, -0.3206, -1.1880, -3.1218, -0.7848, 33.0336, 91.4761
1740983459.294, 3.494, 2.911, -0.3231, -1.1874, -3.1139, -1.5574, 33.2217, 91.7703
1740983459.374, 3.497, 2.913, -0.3347, -1.1874, -3.1013, -0.2931, 32.8319, 92.1096
1740983459.453, 3.497, 2.901, -0.3492, -1.1879, -3.0853, 1.3978, 32.0397, 92.2766
1740983459.533, 3.502, 2.901, -0.3625, -1.1878, -3.0802, 4.4479, 31.4134, 88.5961
1740983459.612, 3.491, 2.873, -0.3679, -1.1886, -3.0658, 3.2235, 31.3322, 89.7330
1740983459.692, 3.514, 2.859, -0.3727, -1.1899, -3.0544, 2.7741, 31.2176, 89.5594
1740983459.772, 3.502, 2.836, -0.3758, -1.1908, -3.0428, 1.6021, 31.7515, 89.7616
1740983459.851, 3.502, 2.821, -0.3805, -1.1912, -3.0341, 1.3510, 31.8480, 89.7572
1740983459.931, 3.493, 2.821, -0.3842, -1.1915, -3.0272, 1.2800, 31.9062, 89.8067
1740983460.011, 3.491, 2.807, -0.3888, -1.1917, -3.0199, 1.2624, 31.8771, 89.8813
1740983460.090, 3.490, 2.801, -0.3939, -1.1914, -3.0112, 1.2492, 31.8618, 89.9387
1740983460.170, 3.488, 2.786, -0.4003, -1.1917, -3.0008, 1.2931, 31.8499, 89.9378
1740983460.250, 3.488, 2.773, -0.4072, -1.1922, -2.9894, 1.3324, 31.8054, 89.9088
1740983460.329, 3.487, 2.773, -0.4142, -1.1919, -2.9777, 1.3365, 31.7200, 89.8480
1740983460.409, 3.489, 2.763, -0.4207, -1.1921, -2.9665, 1.2615, 31.7226, 89.8241
1740983460.489, 3.488, 2.740, -0.4272, -1.1921, -2.9558, 1.2500, 31.8721, 89.7563
1740983460.568, 3.489, 2.732, -0.4329, -1.1924, -2.9462, 1.1991, 32.0405, 89.7561
1740983460.648, 3.489, 2.711, -0.4387, -1.1928, -2.9362, 1.1346, 32.0573, 89.7519
1740983460.728, 3.489, 2.711, -0.4444, -1.1934, -2.9267, 1.1040, 31.9564, 89.8077
1740983460.807, 3.491, 2.696, -0.4506, -1.1928, -2.9166, 1.2509, 31.8388, 89.8343
1740983460.887, 3.491, 2.683, -0.4567, -1.1928, -2.9065, 1.3242, 31.6502, 89.8492
1740983460.966, 3.492, 2.672, -0.4623, -1.1930, -2.8970, 1.2538, 31.6324, 89.8144
1740983461.046, 3.492, 2.658, -0.4686, -1.1936, -2.8865, 1.3267, 31.6968, 89.8031
1740983461.126, 3.495, 2.658, -0.4752, -1.1936, -2.8760, 1.3500, 31.7144, 89.7907
1740983461.205, 3.490, 2.638, -0.4818, -1.1940, -2.8652, 1.3429, 31.7552, 89.7394
1740983461.285, 3.488, 2.627, -0.4881, -1.1938, -2.8542, 1.3189, 31.8451, 89.7640
1740983461.365, 3.489, 2.609, -0.4945, -1.1943, -2.8431, 1.2620, 31.8351, 89.8539
1740983461.444, 3.489, 2.600, -0.5012, -1.1945, -2.8321, 1.2360, 31.8476, 89.9754
1740983461.524, 3.493, 2.600, -0.5079, -1.1943, -2.8208, 1.2849, 31.8001, 89.9822
1740983461.604, 3.491, 2.583, -0.5146, -1.1947, -2.8096, 1.2618, 31.8093, 89.9794
1740983461.683, 3.492, 2.562, -0.5214, -1.1949, -2.7981, 1.2753, 31.7330, 89.9457
1740983461.763, 3.493, 2.546, -0.5280, -1.1952, -2.7868, 1.2497, 31.6451, 89.8603
1740983461.842, 3.493, 2.535, -0.5352, -1.1944, -2.7746, 1.2383, 31.6854, 89.8136
1740983461.922, 3.489, 2.535, -0.5430, -1.1947, -2.7619, 1.2118, 31.9409, 89.7590
1740983462.002, 3.495, 2.513, -0.5509, -1.1956, -2.7489, 1.1606, 31.9151, 89.7862
1740983462.081, 3.490, 2.501, -0.5587, -1.1961, -2.7355, 1.1515, 31.8648, 89.8837
1740983462.161, 3.490, 2.480, -0.5666, -1.1960, -2.7226, 1.2395, 31.6944, 89.8726
1740983462.241, 3.487, 2.458, -0.5737, -1.1961, -2.7104, 1.1568, 31.6743, 89.8764
1740983462.320, 3.495, 2.458, -0.5807, -1.1965, -2.6988, 1.2053, 31.7214, 89.8574
1740983462.400, 3.490, 2.446, -0.5874, -1.1955, -2.6869, 1.1678, 31.7595, 89.7769
1740983462.480, 3.495, 2.429, -0.5947, -1.1955, -2.6749, 1.1671, 31.8599, 89.7246
1740983462.559, 3.495, 2.412, -0.6021, -1.1960, -2.6629, 1.1413, 31.9338, 89.7554
1740983462.639, 3.490, 2.412, -0.6092, -1.1971, -2.6507, 1.1147, 31.9879, 89.8379
1740983462.719, 3.489, 2.390, -0.6170, -1.1979, -2.6386, 1.1528, 31.9888, 89.8500
1740983462.798, 3.493, 2.371, -0.6243, -1.1977, -2.6264, 1.2064, 31.9373, 89.7818
1740983462.878, 3.489, 2.358, -0.6319, -1.1965, -2.6135, 1.2280, 31.9284, 89.7027
1740983462.957, 3.489, 2.337, -0.6394, -1.1976, -2.6009, 1.2057, 31.8338, 89.6015
1740983463.037, 3.490, 2.337, -0.6474, -1.1983, -2.5876, 1.1323, 31.9517, 89.6425
1740983463.117, 3.489, 2.317, -0.6552, -1.1976, -2.5739, 1.0531, 32.1135, 89.6403
1740983463.196, 3.490, 2.301, -0.6631, -1.1981, -2.5607, 0.9946, 32.1385, 89.8271
1740983463.276, 3.492, 2.282, -0.6708, -1.1972, -2.5482, 1.1178, 32.0414, 89.8165
1740983463.356, 3.492, 2.261, -0.6778, -1.1976, -2.5372, 1.1638, 31.9647, 89.7632
1740983463.435, 3.489, 2.261, -0.6841, -1.1979, -2.5268, 1.1613, 31.9713, 89.6996
1740983463.515, 3.494, 2.245, -0.6905, -1.1981, -2.5161, 1.1245, 32.0341, 89.8281
1740983463.595, 3.490, 2.229, -0.6969, -1.1984, -2.5055, 1.1560, 32.1267, 89.8288
1740983463.674, 3.490, 2.216, -0.7036, -1.1983, -2.4943, 1.1080, 32.3263, 89.8415
1740983463.754, 3.490, 2.200, -0.7107, -1.1985, -2.4830, 1.0762, 32.5103, 89.9278
1740983463.834, 3.488, 2.200, -0.7177, -1.1990, -2.4716, 1.0228, 32.6603, 89.9975
1740983463.913, 3.489, 2.181, -0.7248, -1.1989, -2.4601, 1.0647, 32.6961, 90.0568
1740983463.993, 3.490, 2.165, -0.7321, -1.1994, -2.4489, 1.0693, 32.7856, 90.0247
1740983464.073, 3.489, 2.146, -0.7393, -1.1989, -2.4374, 1.2258, 32.7841, 90.0047
1740983464.152, 3.489, 2.131, -0.7473, -1.1998, -2.4253, 1.2533, 32.8218, 89.9957
1740983464.232, 3.488, 2.131, -0.7548, -1.1996, -2.4129, 1.2650, 32.9176, 90.0549
1740983464.312, 3.489, 2.112, -0.7629, -1.2000, -2.4001, 1.2103, 33.1222, 90.0326
1740983464.391, 3.486, 2.093, -0.7714, -1.2005, -2.3870, 1.2525, 33.2136, 90.0373
1740983464.471, 3.488, 2.075, -0.7804, -1.2014, -2.3736, 1.4013, 33.1947, 90.1637
1740983464.550, 3.488, 2.055, -0.7890, -1.2010, -2.3600, 1.5044, 33.0511, 90.2335
1740983464.630, 3.484, 2.055, -0.7971, -1.2012, -2.3464, 1.4410, 33.0145, 90.2792
1740983464.710, 3.479, 2.034, -0.8054, -1.2011, -2.3335, 1.4876, 33.1055, 90.2797
1740983464.789, 3.488, 2.016, -0.8135, -1.2018, -2.3211, 1.5496, 33.1583, 90.2117
1740983464.869, 3.483, 1.997, -0.8218, -1.2026, -2.3083, 1.4953, 33.3271, 90.2736
1740983464.949, 3.483, 1.979, -0.8296, -1.2022, -2.2951, 1.4258, 33.3760, 90.4043
1740983465.028, 3.479, 1.979, -0.8382, -1.2025, -2.2820, 1.4944, 33.3575, 90.4227
1740983465.108, 3.478, 1.959, -0.8466, -1.2031, -2.2690, 1.6052, 33.3249, 90.3172
1740983465.188, 3.475, 1.939, -0.8554, -1.2036, -2.2557, 1.7124, 33.2501, 90.1418
1740983465.269, 3.477, 1.920, -0.8637, -1.2035, -2.2423, 1.6427, 33.2837, 90.0662
1740983465.347, 3.477, 1.901, -0.8716, -1.2044, -2.2294, 1.5290, 33.3708, 90.1388
1740983465.426, 3.481, 1.901, -0.8795, -1.2043, -2.2167, 1.4871, 33.4453, 90.0720
1740983465.506, 3.487, 1.881, -0.8876, -1.2048, -2.2037, 1.4047, 33.4861, 90.1398
1740983465.586, 3.497, 1.861, -0.8962, -1.2053, -2.1905, 1.5906, 33.3539, 90.1442
1740983465.665, 3.504, 1.843, -0.9043, -1.2054, -2.1776, 1.6437, 33.2363, 90.1237
1740983465.745, 3.504, 1.824, -0.9122, -1.2054, -2.1646, 1.6182, 33.1472, 90.0783
1740983465.825, 3.508, 1.824, -0.9204, -1.2062, -2.1518, 1.6588, 33.1557, 89.9828
1740983465.904, 3.504, 1.802, -0.9284, -1.2058, -2.1385, 1.6430, 33.2029, 89.9695
1740983465.984, 3.507, 1.785, -0.9365, -1.2064, -2.1257, 1.6115, 33.3623, 89.9740
1740983466.064, 3.505, 1.765, -0.9446, -1.2067, -2.1127, 1.5914, 33.3651, 90.0390
1740983466.143, 3.505, 1.747, -0.9527, -1.2074, -2.0998, 1.5334, 33.3498, 90.1044
1740983466.223, 3.506, 1.747, -0.9612, -1.2072, -2.0862, 1.6074, 33.2910, 90.0551
1740983466.303, 3.502, 1.728, -0.9694, -1.2072, -2.0730, 1.5191, 33.2118, 90.0478
1740983466.382, 3.503, 1.707, -0.9777, -1.2074, -2.0598, 1.5227, 33.1644, 89.8925
1740983466.462, 3.505, 1.689, -0.9859, -1.2081, -2.0470, 1.5089, 33.3635, 89.8605
1740983466.541, 3.505, 1.670, -0.9944, -1.2083, -2.0339, 1.5423, 33.5308, 89.7014
1740983466.621, 3.503, 1.670, -1.0020, -1.2080, -2.0204, 1.5757, 32.9897, 89.7518
1740983466.701, 3.502, 1.651, -1.0093, -1.2088, -2.0068, 1.6407, 31.9693, 89.8073
1740983466.780, 3.504, 1.630, -1.0164, -1.2087, -1.9926, 1.6058, 30.9785, 89.8129
1740983466.860, 3.506, 1.610, -1.0234, -1.2083, -1.9784, 1.7065, 30.0635, 89.7905
1740983466.940, 3.506, 1.592, -1.0296, -1.2098, -1.9651, 1.6288, 29.1513, 89.6873
1740983467.019, 3.509, 1.592, -1.0356, -1.2097, -1.9516, 1.5610, 28.4419, 89.7250
1740983467.099, 3.510, 1.572, -1.0421, -1.2090, -1.9383, 1.5622, 28.3342, 89.7520
1740983467.179, 3.520, 1.556, -1.0489, -1.2096, -1.9254, 1.6057, 28.2387, 89.8157
1740983467.258, 3.523, 1.538, -1.0560, -1.2096, -1.9117, 1.7752, 27.9443, 89.7967
1740983467.338, 3.523, 1.518, -1.0627, -1.2099, -1.8986, 1.8170, 27.8332, 89.8221
1740983467.419, 3.522, 1.518, -1.0689, -1.2099, -1.8850, 1.7589, 27.6827, 89.8244
1740983467.497, 3.525, 1.501, -1.0749, -1.2097, -1.8721, 1.6462, 27.6068, 89.7625
1740983467.577, 3.525, 1.482, -1.0814, -1.2098, -1.8593, 1.6433, 27.6274, 89.7215
1740983467.776, 3.534, 1.445, -1.0975, -1.2101, -1.8260, 1.5514, 27.6601, 89.8805
1740983467.856, 3.534, 1.427, -1.1042, -1.2103, -1.8128, 1.6075, 27.3636, 89.9180
1740983467.935, 3.531, 1.409, -1.1106, -1.2110, -1.7992, 1.4768, 27.1651, 89.9750
1740983468.015, 3.537, 1.409, -1.1170, -1.2117, -1.7864, 1.4981, 27.1737, 89.9391
1740983468.214, 3.538, 1.374, -1.1368, -1.2115, -1.7566, 1.3750, 30.7433, 89.8288
1740983468.294, 3.529, 1.353, -1.1440, -1.2111, -1.7433, 1.3920, 30.6918, 89.9935
1740983468.373, 3.522, 1.332, -1.1514, -1.2108, -1.7300, 1.4556, 30.5373, 89.9793
1740983468.453, 3.522, 1.316, -1.1577, -1.2114, -1.7177, 1.5408, 30.1766, 89.7233
1740983468.533, 3.527, 1.316, -1.1597, -1.2104, -1.7101, 0.8835, 29.9488, 89.0480
1740983468.612, 3.524, 1.295, -1.1642, -1.2099, -1.7051, 1.4057, 29.9376, 87.7989
1740983468.692, 3.533, 1.284, -1.1701, -1.2100, -1.6927, 1.1854, 30.0625, 88.0549
1740983468.771, 3.531, 1.276, -1.1778, -1.2100, -1.6789, 1.2298, 30.1098, 87.6670
1740983468.851, 3.531, 1.257, -1.1865, -1.2103, -1.6624, 1.0575, 30.1188, 87.8857
1740983468.931, 3.528, 1.257, -1.1952, -1.2105, -1.6460, 1.0602, 29.7513, 88.0129
1740983469.010, 3.529, 1.237, -1.2032, -1.2107, -1.6322, 1.1852, 29.6389, 87.9879
1740983469.090, 3.536, 1.216, -1.2130, -1.2128, -1.6140, 1.1793, 29.6085, 89.8046
1740983469.170, 3.532, 1.194, -1.2214, -1.2129, -1.5992, 1.4244, 29.5287, 89.7799
1740983469.249, 3.532, 1.169, -1.2255, -1.2122, -1.5869, 0.5382, 30.8069, 91.0365
1740983469.329, 3.532, 1.169, -1.2252, -1.2111, -1.5806, -0.6544, 30.7540, 91.1732
1740983469.409, 3.534, 1.151, -1.2288, -1.2110, -1.5722, -0.9783, 30.7277, 91.3496
1740983469.488, 3.540, 1.140, -1.2363, -1.2104, -1.5583, -0.8599, 30.6766, 91.6354
1740983469.568, 3.545, 1.129, -1.2461, -1.2103, -1.5425, -0.4420, 30.1653, 91.6897
1740983469.648, 3.545, 1.108, -1.2492, -1.2097, -1.5328, -0.1430, 28.0001, 90.7803
1740983469.727, 3.543, 1.108, -1.2492, -1.2088, -1.5264, -1.4164, 28.1780, 89.6213
1740983469.807, 3.556, 1.092, -1.2551, -1.2088, -1.5152, -1.3353, 29.1124, 89.4258
1740983469.886, 3.563, 1.084, -1.2631, -1.2092, -1.5019, -1.2668, 29.5100, 89.1460
1740983469.966, 3.558, 1.084, -1.2813, -1.2115, -1.4892, 2.8570, 29.2617, 87.1120
1740983470.046, 3.558, 1.048, -1.2956, -1.2119, -1.4711, 3.3861, 30.2515, 88.5978
1740983470.127, 3.551, 1.048, -1.3036, -1.2136, -1.4534, 1.4312, 32.8927, 89.8464
1740983470.328, 3.537, 0.994, -1.3271, -1.2130, -1.4365, 3.7110, 37.2193, 88.6444
1740983472.216, 3.546, 0.665, -1.4827, -1.2174, -1.1286, 1.8248, 29.7726, 89.2402
1740983472.296, 3.546, 0.648, -1.4883, -1.2174, -1.1177, 1.6930, 29.7647, 89.3265
1740983472.375, 3.547, 0.627, -1.4948, -1.2178, -1.1070, 1.8106, 29.9057, 89.3506
1740983472.455, 3.551, 0.617, -1.5014, -1.2180, -1.0959, 1.7735, 30.3957, 89.4499
1740983472.535, 3.551, 0.600, -1.5091, -1.2184, -1.0852, 1.7694, 31.7178, 89.4274
1740983472.614, 3.545, 0.600, -1.5169, -1.2181, -1.0746, 1.8410, 32.7320, 89.4298
1740983472.694, 3.545, 0.585, -1.5239, -1.2186, -1.0637, 1.9335, 32.7968, 89.3143
1740983472.774, 3.539, 0.569, -1.5307, -1.2184, -1.0526, 1.8922, 32.7909, 89.3222
1740983472.853, 3.539, 0.553, -1.5373, -1.2186, -1.0419, 1.8929, 32.8339, 89.3028
1740983472.933, 3.539, 0.531, -1.5439, -1.2189, -1.0311, 1.8431, 32.8881, 89.3621
1740983473.012, 3.543, 0.531, -1.5506, -1.2188, -1.0203, 1.8509, 32.7409, 89.3843
1740983473.092, 3.541, 0.517, -1.5572, -1.2190, -1.0093, 1.9386, 32.5249, 89.3314
1740983473.172, 3.540, 0.509, -1.5639, -1.2193, -0.9986, 1.9708, 32.4828, 89.2822
1740983473.251, 3.542, 0.489, -1.5698, -1.2194, -0.9890, 1.9518, 32.4444, 89.3044
1740983473.331, 3.542, 0.478, -1.5724, -1.2196, -0.9845, 1.9207, 32.4305, 89.3190
1740983473.411, 1.575, 0.478, -1.5723, -1.2197, -0.9850, 1.9660, 32.3750, 89.2705
1740983473.490, 3.538, 0.468, -1.5720, -1.2198, -0.9856, 1.9591, 32.3685, 89.2674
1740983473.570, 3.540, 0.460, -1.5721, -1.2199, -0.9857, 2.0028, 32.3811, 89.2352
1740983473.650, 3.540, 0.468, -1.5722, -1.2198, -0.9858, 2.0051, 32.3833, 89.2332
1740983473.729, 3.540, 0.460, -1.5722, -1.2200, -0.9857, 2.0133, 32.3788, 89.2293
1740983473.809, 3.538, 0.460, -1.5723, -1.2200, -0.9858, 2.0209, 32.3730, 89.2205
1740983473.889, 3.540, 0.467, -1.5723, -1.2200, -0.9859, 2.0192, 32.3639, 89.2194
1740983473.968, 3.540, 0.467, -1.5724, -1.2201, -0.9859, 2.0314, 32.3676, 89.2132
1740983474.048, 3.540, 0.468, -1.5724, -1.2202, -0.9860, 2.0250, 32.3650, 89.2117
1740983474.128, 3.539, 0.467, -1.5725, -1.2202, -0.9860, 2.0332, 32.3659, 89.2059
1740983474.207, 3.538, 0.467, -1.5726, -1.2202, -0.9860, 2.0407, 32.3662, 89.1852
1740983474.287, 3.540, 0.460, -1.5726, -1.2203, -0.9862, 2.0272, 32.4144, 89.2118
1740983474.366, 3.536, 0.467, -1.5710, -1.2203, -0.9890, 2.0276, 32.4362, 89.2978
1740983474.446, 3.536, 0.467, -1.5661, -1.2204, -0.9976, 2.0107, 32.4876, 89.2996
1740983474.526, 3.538, 0.473, -1.5586, -1.2196, -1.0099, 2.0205, 32.5470, 89.3687
1740983474.605, 1.580, 0.473, -1.5497, -1.2201, -1.0248, 1.9578, 32.5962, 89.3247
1740983474.685, 3.542, 0.488, -1.5416, -1.2198, -1.0386, 1.9907, 32.6063, 89.3038
1740983474.765, 3.540, 0.503, -1.5343, -1.2198, -1.0505, 1.9340, 32.5872, 89.2858
1740983474.844, 3.540, 0.522, -1.5285, -1.2199, -1.0607, 1.9880, 32.5793, 89.3298
1740983474.924, 3.543, 0.540, -1.5233, -1.2202, -1.0694, 1.9931, 32.6624, 89.3559
1740983475.004, 3.537, 0.540, -1.5194, -1.2199, -1.0765, 1.9465, 32.6865, 89.4170
1740983475.083, 3.541, 0.548, -1.5153, -1.2198, -1.0830, 1.8969, 32.7849, 89.4826
1740983475.163, 3.538, 0.563, -1.5113, -1.2197, -1.0892, 1.8910, 32.8127, 89.4350
1740983475.243, 3.538, 0.574, -1.5075, -1.2196, -1.0954, 1.8550, 32.8686, 89.4567
1740983475.322, 3.540, 0.578, -1.5039, -1.2196, -1.1015, 1.9073, 32.9283, 89.4163
1740983475.402, 3.544, 0.578, -1.5002, -1.2195, -1.1074, 1.9140, 32.9628, 89.4353
1740983475.481, 3.546, 0.592, -1.4963, -1.2196, -1.1138, 1.9025, 32.9843, 89.3952
1740983475.561, 3.541, 0.596, -1.4921, -1.2195, -1.1205, 1.8544, 33.0277, 89.3620
1740983475.641, 3.541, 0.604, -1.4881, -1.2193, -1.1269, 1.8542, 33.0428, 89.3031
1740983475.720, 3.544, 0.614, -1.4844, -1.2195, -1.1333, 1.8767, 33.0209, 89.2902
1740983475.800, 3.543, 0.614, -1.4807, -1.2193, -1.1395, 1.9154, 32.9981, 89.2409
1740983475.880, 3.541, 0.628, -1.4771, -1.2193, -1.1457, 1.9357, 33.0306, 89.3148
1740983475.959, 3.540, 0.636, -1.4734, -1.2191, -1.1522, 1.9833, 33.1051, 89.3377
1740983476.039, 3.540, 0.642, -1.4696, -1.2193, -1.1586, 1.9954, 33.0972, 89.3357
1740983476.119, 3.541, 0.655, -1.4656, -1.2191, -1.1650, 1.9966, 33.1551, 89.4008
1740983476.198, 3.545, 0.655, -1.4618, -1.2192, -1.1715, 1.9770, 33.2020, 89.4538
1740983476.278, 3.540, 0.663, -1.4580, -1.2189, -1.1778, 1.9853, 33.2878, 89.4955
1740983476.357, 3.541, 0.672, -1.4544, -1.2188, -1.1839, 1.9545, 33.2992, 89.5132
1740983476.437, 3.541, 0.682, -1.4503, -1.2188, -1.1902, 1.9251, 33.3396, 89.5220
1740983476.517, 3.543, 0.690, -1.4466, -1.2187, -1.1966, 1.9083, 33.4131, 89.5174
1740983476.596, 3.541, 0.690, -1.4424, -1.2187, -1.2029, 1.8635, 33.4695, 89.5183
1740983476.676, 3.541, 0.695, -1.4382, -1.2186, -1.2097, 1.8687, 33.5078, 89.5321
1740983476.756, 3.543, 0.705, -1.4340, -1.2186, -1.2165, 1.8748, 33.5154, 89.4785
1740983476.835, 3.543, 0.716, -1.4297, -1.2184, -1.2231, 1.8757, 33.4512, 89.4312
1740983476.915, 3.544, 0.730, -1.4258, -1.2186, -1.2298, 1.8675, 33.4586, 89.4266
1740983476.995, 3.542, 0.730, -1.4219, -1.2188, -1.2360, 1.8603, 33.4858, 89.4920
1740983477.074, 3.547, 0.735, -1.4180, -1.2186, -1.2424, 1.8727, 33.4820, 89.5367
1740983477.154, 3.544, 0.748, -1.4142, -1.2186, -1.2486, 1.8552, 33.4909, 89.5763
1740983477.234, 3.544, 0.756, -1.4104, -1.2184, -1.2547, 1.8401, 33.5595, 89.6350
1740983477.313, 3.543, 0.762, -1.4064, -1.2183, -1.2608, 1.7971, 33.6068, 89.6893
1740983477.393, 3.549, 0.762, -1.4024, -1.2183, -1.2673, 1.7949, 33.6310, 89.6469
1740983477.472, 3.543, 0.770, -1.3982, -1.2182, -1.2739, 1.7606, 33.6941, 89.6552
1740983477.552, 3.548, 0.780, -1.3943, -1.2183, -1.2805, 1.7851, 33.7597, 89.6620
1740983477.632, 3.548, 0.793, -1.3902, -1.2180, -1.2869, 1.7703, 33.8246, 89.6937
1740983477.711, 3.544, 0.800, -1.3862, -1.2181, -1.2931, 1.7454, 33.8387, 89.6881
1740983477.791, 3.549, 0.800, -1.3820, -1.2178, -1.2990, 1.6906, 33.8087, 89.6291
1740983477.871, 3.548, 0.809, -1.3791, -1.2179, -1.3037, 1.6561, 33.8186, 89.6079
1740983477.950, 3.545, 0.819, -1.3784, -1.2178, -1.3048, 1.6468, 33.8151, 89.6127
1740983478.030, 3.545, 0.826, -1.3785, -1.2178, -1.3047, 1.6472, 33.8177, 89.6201
1740983478.110, 3.549, 0.826, -1.3786, -1.2178, -1.3046, 1.6514, 33.8249, 89.6163
1740983478.189, 3.546, 0.826, -1.3785, -1.2178, -1.3046, 1.6445, 33.8185, 89.6329
1740983478.269, 3.549, 0.823, -1.3785, -1.2178, -1.3046, 1.6459, 33.8233, 89.6205
1740983478.349, 3.551, 0.826, -1.3785, -1.2178, -1.3047, 1.6609, 33.8220, 89.5920
1740983478.428, 3.551, 0.824, -1.3785, -1.2179, -1.3047, 1.6538, 33.8178, 89.5927
1740983478.508, 3.548, 0.824, -1.3785, -1.2178, -1.3046, 1.6625, 33.8221, 89.5936
1740983478.588, 3.546, 0.824, -1.3785, -1.2178, -1.3046, 1.6652, 33.8283, 89.5880
1740983478.667, 3.547, 0.826, -1.3785, -1.2177, -1.3046, 1.6656, 33.8284, 89.5947
1740983478.747, 3.550, 0.823, -1.3785, -1.2178, -1.3046, 1.6731, 33.8315, 89.5980
1740983478.826, 3.550, 0.824, -1.3785, -1.2178, -1.3047, 1.6798, 33.8289, 89.5905
1740983478.906, 3.546, 0.823, -1.3785, -1.2178, -1.3047, 1.6625, 33.8205, 89.6214
1740983478.986, 3.545, 0.823, -1.3782, -1.2178, -1.3052, 1.6616, 33.8239, 89.6226
1740983479.065, 3.552, 0.826, -1.3757, -1.2176, -1.3089, 1.6678, 33.8153, 89.6489
1740983479.145, 3.552, 0.823, -1.3748, -1.2169, -1.3167, 2.7389, 34.0395, 89.3505
1740983479.225, 3.550, 0.832, -1.3726, -1.2152, -1.3262, 3.9583, 34.0421, 88.9171
1740983479.304, 3.547, 0.836, -1.3647, -1.2155, -1.3399, 4.1594, 34.2501, 88.8978
1740983479.384, 3.540, 0.836, -1.3545, -1.2151, -1.3576, 4.2979, 34.4060, 89.1067
1740983479.464, 3.540, 0.854, -1.3421, -1.2145, -1.3782, 4.5180, 34.6695, 88.7236
1740983479.543, 3.540, 0.878, -1.3294, -1.2146, -1.3982, 4.4770, 34.6386, 88.5298
1740983479.623, 3.544, 0.907, -1.3115, -1.2157, -1.4127, 1.7059, 35.0861, 89.7431
1740983479.703, 3.544, 0.936, -1.2999, -1.2160, -1.4278, 1.6226, 34.6475, 89.8081
1740983479.782, 3.554, 0.936, -1.2960, -1.2152, -1.4371, 2.2681, 35.3558, 88.7252
1740983479.862, 3.557, 0.961, -1.2979, -1.2154, -1.4341, 2.2001, 35.2646, 89.0415
1740983479.941, 3.557, 0.980, -1.3004, -1.2158, -1.4278, 1.6625, 35.0393, 89.7987
1740983480.021, 3.555, 0.977, -1.3017, -1.2159, -1.4255, 1.6677, 35.0115, 89.8119
1740983480.101, 3.551, 0.969, -1.3014, -1.2158, -1.4258, 1.7036, 35.0449, 89.7501
1740983480.180, 3.555, 0.969, -1.3013, -1.2158, -1.4260, 1.7203, 35.0457, 89.7450
1740983480.260, 3.552, 0.968, -1.3014, -1.2158, -1.4259, 1.7210, 35.0542, 89.7390
1740983480.340, 3.552, 0.968, -1.3003, -1.2156, -1.4275, 1.7329, 35.0563, 89.7758
1740983480.419, 3.555, 0.968, -1.2969, -1.2151, -1.4352, 2.3235, 35.5785, 88.9442
1740983480.499, 3.557, 0.971, -1.2939, -1.2144, -1.4438, 3.0774, 35.7263, 88.2841
1740983480.579, 3.553, 0.971, -1.2905, -1.2135, -1.4524, 3.8476, 35.2970, 88.0920
1740983480.658, 3.553, 0.983, -1.2889, -1.2116, -1.4575, 4.2952, 35.0483, 89.5355
1740983480.738, 3.553, 0.993, -1.2833, -1.2100, -1.4661, 4.4387, 35.0835, 90.0045
1740983480.818, 3.552, 1.004, -1.2716, -1.2099, -1.4818, 4.0762, 34.9976, 89.9763
1740983480.897, 3.548, 1.021, -1.2528, -1.2097, -1.5018, 2.3937, 34.8623, 89.9842
1740983480.977, 3.554, 1.021, -1.2316, -1.2117, -1.5220, 0.0443, 34.6191, 91.0278
1740983481.057, 3.560, 1.048, -1.2217, -1.2145, -1.5432, 1.7306, 35.4397, 89.6143
1740983481.136, 3.560, 1.082, -1.2138, -1.2131, -1.5567, 1.6348, 35.3941, 89.7886
1740983481.216, 3.568, 1.111, -1.2128, -1.2137, -1.5571, 1.6421, 35.4873, 89.7339
1740983481.296, 3.563, 1.124, -1.2156, -1.2136, -1.5535, 1.6704, 35.5535, 89.7810
1740983481.375, 3.560, 1.124, -1.2179, -1.2136, -1.5499, 1.6446, 35.5795, 89.8188
1740983481.455, 3.561, 1.119, -1.2192, -1.2136, -1.5477, 1.6448, 35.5229, 89.8202
1740983481.534, 3.561, 1.117, -1.2196, -1.2136, -1.5473, 1.6486, 35.5344, 89.8094
1740983481.614, 3.561, 1.114, -1.2193, -1.2135, -1.5473, 1.6507, 35.5449, 89.7900
1740983481.694, 3.560, 1.114, -1.2195, -1.2136, -1.5474, 1.6518, 35.5617, 89.7741
1740983481.773, 3.560, 1.112, -1.2178, -1.2134, -1.5494, 1.6155, 35.4774, 89.8305
1740983481.853, 3.560, 1.112, -1.2114, -1.2132, -1.5588, 1.6783, 35.6184, 89.7507
1740983481.933, 3.560, 1.115, -1.1999, -1.2124, -1.5739, 1.0304, 34.9986, 88.7648
1740983482.012, 3.563, 1.129, -1.1892, -1.2115, -1.5910, 1.3858, 35.7521, 87.8104
1740983482.092, 3.562, 1.129, -1.1770, -1.2107, -1.6098, 1.4693, 36.0291, 87.8179
1740983482.172, 3.565, 1.153, -1.1638, -1.2104, -1.6293, 1.5188, 36.5071, 87.9117
1740983482.251, 3.574, 1.180, -1.1518, -1.2109, -1.6457, 1.1436, 36.8587, 88.7552
1740983482.331, 3.574, 1.211, -1.1438, -1.2113, -1.6589, 1.7288, 37.2183, 89.6129
1740983482.411, 3.577, 1.237, -1.1383, -1.2117, -1.6663, 1.8113, 36.6663, 89.4921
1740983482.490, 3.575, 1.237, -1.1390, -1.2116, -1.6652, 1.8077, 36.7856, 89.5312
1740983482.570, 3.576, 1.254, -1.1409, -1.2116, -1.6625, 1.8312, 36.8374, 89.5146
1740983482.649, 3.579, 1.257, -1.1424, -1.2116, -1.6602, 1.8211, 36.8552, 89.5053
1740983482.729, 3.579, 1.253, -1.1433, -1.2116, -1.6589, 1.8389, 36.8938, 89.4555
1740983482.809, 3.579, 1.250, -1.1434, -1.2115, -1.6588, 1.8619, 36.9147, 89.4521
1740983482.889, 3.577, 1.250, -1.1434, -1.2116, -1.6588, 1.8588, 36.9212, 89.4634
1740983482.968, 3.579, 1.249, -1.1433, -1.2115, -1.6588, 1.8709, 36.8941, 89.4576
1740983483.048, 3.574, 1.249, -1.1434, -1.2116, -1.6587, 1.8870, 36.8749, 89.4629
1740983483.127, 3.574, 1.250, -1.1433, -1.2114, -1.6586, 1.8832, 36.8335, 89.4824
1740983483.207, 3.576, 1.249, -1.1434, -1.2115, -1.6585, 1.8961, 36.8267, 89.4878
1740983483.287, 3.577, 1.249, -1.1434, -1.2115, -1.6583, 1.9077, 36.7803, 89.4633
1740983483.366, 3.576, 1.249, -1.1433, -1.2114, -1.6584, 1.8989, 36.7682, 89.4763
1740983483.446, 3.571, 1.250, -1.1433, -1.2115, -1.6584, 1.9057, 36.7815, 89.4912
1740983483.526, 3.571, 1.249, -1.1432, -1.2114, -1.6583, 1.9118, 36.7903, 89.4906
1740983483.605, 3.575, 1.250, -1.1433, -1.2114, -1.6584, 1.9070, 36.7750, 89.4885
1740983483.685, 3.572, 1.250, -1.1433, -1.2114, -1.6583, 1.9106, 36.7732, 89.4974
1740983483.765, 3.575, 1.249, -1.1433, -1.2114, -1.6583, 1.9315, 36.7814, 89.4546
1740983483.844, 3.576, 1.249, -1.1432, -1.2114, -1.6582, 1.9189, 36.7639, 89.4492
1740983483.924, 3.576, 1.249, -1.1432, -1.2114, -1.6582, 1.8816, 36.8031, 89.4746
1740983484.004, 3.576, 1.249, -1.1431, -1.2113, -1.6582, 1.8836, 36.7715, 89.4840
1740983484.083, 3.577, 1.249, -1.1431, -1.2113, -1.6582, 1.8921, 36.7893, 89.4725
1740983484.163, 3.576, 1.249, -1.1431, -1.2113, -1.6581, 1.8838, 36.7830, 89.4724
1740983484.242, 3.578, 1.248, -1.1430, -1.2112, -1.6580, 1.8818, 36.7897, 89.4790
1740983484.322, 3.578, 1.249, -1.1431, -1.2113, -1.6581, 1.8675, 36.7772, 89.4931
1740983484.402, 3.575, 1.249, -1.1431, -1.2112, -1.6580, 1.8577, 36.7846, 89.5004
1740983484.481, 3.570, 1.249, -1.1431, -1.2112, -1.6580, 1.8547, 36.7969, 89.5084
1740983484.561, 3.573, 1.249, -1.1431, -1.2112, -1.6579, 1.8612, 36.8020, 89.5180
1740983484.641, 3.573, 1.249, -1.1430, -1.2112, -1.6579, 1.8625, 36.7964, 89.5152
1740983484.720, 3.573, 1.249, -1.1430, -1.2112, -1.6580, 1.8657, 36.8013, 89.4971
1740983484.800, 3.573, 1.249, -1.1429, -1.2112, -1.6579, 1.8624, 36.8100, 89.5157
1740983484.880, 3.572, 1.249, -1.1429, -1.2111, -1.6579, 1.8627, 36.8145, 89.5226
1740983484.959, 3.574, 1.249, -1.1428, -1.2111, -1.6580, 1.8668, 36.7933, 89.5185
1740983485.039, 3.574, 1.249, -1.1421, -1.2110, -1.6587, 1.8599, 36.7215, 89.5172
1740983485.119, 3.571, 1.249, -1.1389, -1.2109, -1.6626, 1.8888, 36.2646, 89.5113
1740983485.198, 3.575, 1.250, -1.1326, -1.2106, -1.6703, 1.9176, 35.4692, 89.5705
1740983485.278, 3.573, 1.250, -1.1248, -1.2107, -1.6803, 1.9626, 34.4589, 89.6697
1740983485.357, 3.575, 1.257, -1.1166, -1.2102, -1.6909, 1.9479, 33.4189, 89.8162
1740983485.437, 3.575, 1.271, -1.1096, -1.2099, -1.7002, 1.8244, 32.4088, 89.8883
1740983485.517, 3.569, 1.288, -1.1066, -1.2103, -1.7049, 1.7621, 32.2928, 89.9654
1740983485.596, 3.572, 1.299, -1.1068, -1.2101, -1.7046, 1.7613, 32.3111, 90.0010
1740983485.676, 3.576, 1.299, -1.1070, -1.2102, -1.7041, 1.7270, 32.2803, 90.0664
1740983485.756, 3.575, 1.305, -1.1071, -1.2099, -1.7042, 1.7050, 32.2784, 90.0649
1740983485.835, 3.575, 1.302, -1.1070, -1.2099, -1.7042, 1.6710, 32.2823, 90.0693
1740983485.915, 3.573, 1.303, -1.1070, -1.2098, -1.7042, 1.6678, 32.2742, 90.0911
1740983485.995, 3.575, 1.305, -1.1070, -1.2099, -1.7042, 1.6581, 32.2658, 90.1059
1740983486.074, 3.576, 1.305, -1.1070, -1.2098, -1.7042, 1.6377, 32.2740, 90.1054
1740983486.154, 3.578, 1.302, -1.1069, -1.2098, -1.7045, 1.6241, 32.2748, 90.1070
1740983486.233, 3.578, 1.302, -1.1056, -1.2098, -1.7064, 1.5923, 32.2384, 90.1506
1740983486.313, 3.575, 1.305, -1.1025, -1.2097, -1.7114, 1.5788, 32.2898, 90.1160
1740983486.393, 3.578, 1.308, -1.0981, -1.2097, -1.7188, 1.5894, 32.2445, 90.0400
1740983486.472, 3.576, 1.308, -1.0930, -1.2091, -1.7272, 1.6235, 32.2385, 89.8773
1740983486.552, 3.573, 1.316, -1.0883, -1.2097, -1.7360, 1.6826, 32.1838, 89.7426
1740983486.632, 3.573, 1.316, -1.0837, -1.2095, -1.7435, 1.6898, 32.2189, 89.6966
1740983486.711, 3.570, 1.342, -1.0800, -1.2092, -1.7501, 1.7082, 32.2135, 89.7347
1740983486.791, 3.577, 1.351, -1.0764, -1.2091, -1.7559, 1.7077, 32.2183, 89.7545
1740983486.871, 3.576, 1.351, -1.0732, -1.2087, -1.7614, 1.7233, 32.2357, 89.7602
1740983486.950, 3.570, 1.361, -1.0694, -1.2091, -1.7673, 1.7885, 32.2663, 89.7667
1740983487.030, 3.570, 1.368, -1.0658, -1.2089, -1.7737, 1.8119, 32.2641, 89.8070
1740983487.110, 3.576, 1.377, -1.0619, -1.2086, -1.7803, 1.8537, 32.2703, 89.8149
1740983487.189, 3.571, 1.377, -1.0580, -1.2086, -1.7872, 1.8886, 32.3180, 89.7577
1740983487.269, 3.577, 1.386, -1.0537, -1.2083, -1.7940, 1.8116, 32.3120, 89.7764
1740983487.348, 3.572, 1.396, -1.0493, -1.2083, -1.8007, 1.7462, 32.2982, 89.7440
1740983487.428, 3.572, 1.406, -1.0453, -1.2081, -1.8073, 1.7182, 32.3051, 89.6678
1740983487.508, 3.572, 1.416, -1.0414, -1.2083, -1.8138, 1.7108, 32.2779, 89.6358
1740983487.588, 3.572, 1.416, -1.0379, -1.2082, -1.8199, 1.7438, 32.2698, 89.5931
1740983487.667, 3.575, 1.424, -1.0342, -1.2080, -1.8264, 1.7690, 32.2602, 89.5450
1740983487.747, 3.577, 1.435, -1.0305, -1.2076, -1.8329, 1.8133, 32.2241, 89.5624
1740983487.826, 3.577, 1.442, -1.0265, -1.2077, -1.8395, 1.7953, 32.2050, 89.5977
1740983487.906, 3.576, 1.450, -1.0229, -1.2076, -1.8460, 1.8361, 32.2065, 89.6174
1740983487.986, 3.571, 1.450, -1.0194, -1.2077, -1.8524, 1.8642, 32.2238, 89.6925
1740983488.065, 3.576, 1.461, -1.0156, -1.2075, -1.8588, 1.9213, 32.2402, 89.6578
1740983488.145, 3.570, 1.473, -1.0120, -1.2072, -1.8647, 1.8996, 32.2348, 89.7369
1740983488.225, 3.570, 1.473, -1.0088, -1.2071, -1.8704, 1.9099, 32.2899, 89.7633
1740983488.304, 3.575, 1.490, -1.0050, -1.2070, -1.8769, 1.8474, 32.2792, 89.7927
1740983488.384, 3.576, 1.490, -1.0009, -1.2070, -1.8833, 1.8147, 32.2998, 89.8718
1740983488.464, 3.576, 1.499, -0.9967, -1.2072, -1.8907, 1.8096, 32.3154, 89.8673
1740983488.543, 3.576, 1.510, -0.9924, -1.2071, -1.8981, 1.7951, 32.3688, 89.8335
1740983488.623, 3.576, 1.519, -0.9878, -1.2069, -1.9058, 1.8159, 32.3948, 89.7346
1740983488.703, 3.575, 1.530, -0.9833, -1.2066, -1.9133, 1.8314, 32.3651, 89.6319
1740983488.782, 3.576, 1.530, -0.9790, -1.2067, -1.9207, 1.8562, 32.3738, 89.5879
1740983488.862, 3.567, 1.540, -0.9745, -1.2067, -1.9281, 1.8408, 32.3212, 89.6424
1740983488.941, 3.574, 1.551, -0.9703, -1.2065, -1.9356, 1.8704, 32.3114, 89.6768
1740983489.021, 3.574, 1.562, -0.9658, -1.2066, -1.9432, 1.9042, 32.3605, 89.6723
1740983489.101, 3.570, 1.573, -0.9612, -1.2064, -1.9510, 1.9184, 32.3829, 89.7027
1740983489.180, 3.576, 1.573, -0.9564, -1.2063, -1.9586, 1.8990, 32.4228, 89.7710
1740983489.260, 3.570, 1.585, -0.9521, -1.2061, -1.9663, 1.9764, 32.4698, 89.7361
1740983489.340, 3.568, 1.596, -0.9474, -1.2060, -1.9742, 1.9017, 32.5076, 89.7560
1740983489.419, 3.568, 1.610, -0.9427, -1.2059, -1.9819, 1.9044, 32.5095, 89.7285
1740983489.499, 3.575, 1.618, -0.9380, -1.2058, -1.9894, 1.8666, 32.5076, 89.7372
1740983489.579, 3.568, 1.618, -0.9335, -1.2057, -1.9971, 1.8947, 32.4951, 89.6701
1740983489.658, 3.572, 1.631, -0.9291, -1.2053, -2.0052, 2.0015, 32.5107, 89.6542
1740983489.738, 3.575, 1.644, -0.9242, -1.2052, -2.0137, 2.0966, 32.5031, 89.6090
1740983489.817, 3.575, 1.654, -0.9188, -1.2059, -2.0229, 2.1346, 32.4875, 89.5817
1740983489.897, 3.568, 1.668, -0.9136, -1.2060, -2.0320, 2.1414, 32.6012, 89.7523
1740983489.977, 3.575, 1.668, -0.9078, -1.2050, -2.0411, 2.0572, 32.5874, 89.8559
1740983490.056, 3.573, 1.679, -0.9016, -1.2044, -2.0509, 2.0179, 32.6440, 89.9363
1740983490.136, 3.576, 1.692, -0.8947, -1.2042, -2.0623, 1.9819, 32.7131, 90.0510
1740983490.216, 3.576, 1.706, -0.8869, -1.2041, -2.0752, 1.8997, 32.7839, 90.0508
1740983490.295, 3.572, 1.724, -0.8782, -1.2039, -2.0894, 1.9179, 32.8096, 89.9262
1740983490.375, 3.574, 1.724, -0.8702, -1.2038, -2.1035, 2.0178, 32.8740, 89.8300
1740983490.455, 3.567, 1.743, -0.8623, -1.2033, -2.1168, 2.1043, 32.8359, 89.8241
1740983490.534, 3.567, 1.764, -0.8545, -1.2029, -2.1296, 2.1269, 32.9074, 89.8803
1740983490.614, 3.575, 1.783, -0.8470, -1.2026, -2.1420, 2.1498, 32.9744, 89.9534
1740983490.694, 3.567, 1.802, -0.8393, -1.2031, -2.1537, 1.9844, 32.9783, 90.0626
1740983490.773, 3.569, 1.802, -0.8317, -1.2024, -2.1656, 1.8626, 32.9443, 90.0771
1740983490.853, 3.573, 1.821, -0.8242, -1.2023, -2.1779, 1.8418, 32.9455, 90.0367
1740983490.933, 3.573, 1.838, -0.8166, -1.2011, -2.1902, 1.9160, 32.8973, 89.9923
1740983491.012, 3.576, 1.857, -0.8093, -1.2012, -2.2024, 1.9216, 32.8438, 89.9416
1740983491.092, 3.575, 1.873, -0.8019, -1.2010, -2.2146, 1.9059, 32.8330, 90.0169
1740983491.172, 3.574, 1.873, -0.7942, -1.2015, -2.2271, 1.7993, 32.8363, 90.1778
1740983491.251, 3.555, 1.893, -0.7867, -1.2000, -2.2390, 1.7165, 32.8467, 90.2283
1740983491.331, 3.555, 1.910, -0.7789, -1.1998, -2.2516, 1.6521, 32.8387, 90.2270
1740983491.411, 3.549, 1.928, -0.7704, -1.1994, -2.2644, 1.5541, 32.7924, 90.1590
1740983491.490, 3.547, 1.948, -0.7628, -1.1993, -2.2771, 1.6299, 32.7919, 90.0402
1740983491.570, 3.544, 1.948, -0.7557, -1.1998, -2.2894, 1.6461, 32.7015, 90.0797
1740983491.649, 3.549, 1.966, -0.7479, -1.1989, -2.3017, 1.6093, 32.6898, 90.1489
1740983491.729, 3.549, 1.985, -0.7402, -1.1984, -2.3142, 1.6121, 32.6989, 90.2404
1740983491.809, 3.549, 2.003, -0.7324, -1.1984, -2.3272, 1.5899, 32.6738, 90.1553
1740983491.888, 3.548, 2.019, -0.7242, -1.1980, -2.3397, 1.3628, 32.6392, 90.1290
1740983491.968, 3.549, 2.019, -0.7165, -1.1980, -2.3519, 1.3131, 32.6365, 90.1057
1740983492.048, 3.546, 2.038, -0.7096, -1.1975, -2.3637, 1.3774, 32.5937, 90.0402
1740983492.127, 3.546, 2.056, -0.7029, -1.1979, -2.3752, 1.4077, 32.5827, 90.0072
1740983492.207, 3.547, 2.074, -0.6963, -1.1970, -2.3860, 1.4016, 32.5355, 89.9961
1740983492.286, 3.549, 2.091, -0.6897, -1.1974, -2.3966, 1.3046, 32.5425, 90.0239
1740983492.366, 3.546, 2.091, -0.6828, -1.1969, -2.4073, 1.1646, 32.5466, 90.0131
1740983492.446, 3.546, 2.108, -0.6763, -1.1966, -2.4177, 1.0734, 32.5519, 90.0133
1740983492.525, 3.546, 2.123, -0.6695, -1.1972, -2.4288, 1.0385, 32.5226, 90.0396
1740983492.605, 3.546, 2.140, -0.6626, -1.1969, -2.4402, 1.0155, 32.5032, 90.0360
1740983492.685, 3.552, 2.140, -0.6558, -1.1962, -2.4513, 1.0100, 32.4418, 89.9300
1740983492.764, 3.552, 2.157, -0.6493, -1.1963, -2.4624, 1.0331, 32.3872, 89.8302
1740983492.844, 3.552, 2.171, -0.6432, -1.1960, -2.4729, 1.1093, 32.3497, 89.8253
1740983493.043, 3.550, 2.204, -0.6275, -1.1956, -2.4997, 1.2102, 32.3612, 89.8057
1740983493.123, 3.550, 2.219, -0.6207, -1.1960, -2.5106, 1.1282, 32.4056, 89.8831
1740983493.202, 3.554, 2.237, -0.6137, -1.1957, -2.5215, 1.0594, 32.3657, 89.9077
1740983493.282, 3.551, 2.237, -0.6074, -1.1957, -2.5324, 1.0434, 32.4300, 89.8775
1740983493.362, 3.548, 2.252, -0.6010, -1.1956, -2.5434, 1.1559, 32.4654, 89.8284
1740983493.441, 3.548, 2.267, -0.5953, -1.1957, -2.5536, 1.2432, 32.4824, 89.7440
1740983493.521, 3.548, 2.281, -0.5891, -1.1951, -2.5641, 1.2388, 32.5540, 89.7484
1740983493.601, 3.550, 2.299, -0.5830, -1.1951, -2.5742, 1.2112, 32.5975, 89.8613
1740983493.680, 3.549, 2.299, -0.5765, -1.1948, -2.5848, 1.1614, 32.7241, 89.9422
1740983493.760, 3.546, 2.311, -0.5698, -1.1944, -2.5957, 1.1165, 32.8384, 89.9964
1740983493.840, 3.546, 2.329, -0.5631, -1.1944, -2.6069, 1.1345, 32.9014, 90.0603
1740983493.919, 3.546, 2.345, -0.5563, -1.1942, -2.6184, 1.1421, 32.9507, 90.0106
1740983493.999, 3.545, 2.358, -0.5487, -1.1942, -2.6308, 1.1965, 32.9922, 89.8775
1740983494.078, 3.547, 2.358, -0.5416, -1.1940, -2.6423, 1.2716, 33.0466, 89.7603
1740983494.158, 3.545, 2.374, -0.5349, -1.1942, -2.6542, 1.3340, 33.0886, 89.7864
1740983494.238, 3.545, 2.395, -0.5281, -1.1937, -2.6649, 1.3132, 33.0667, 89.8081
1740983494.317, 3.545, 2.410, -0.5211, -1.1940, -2.6765, 1.3471, 33.1030, 89.8821
1740983494.397, 3.546, 2.431, -0.5141, -1.1937, -2.6879, 1.3434, 33.1492, 89.8932
1740983494.477, 3.544, 2.431, -0.5068, -1.1936, -2.6994, 1.2626, 33.1424, 89.8854
1740983494.556, 3.549, 2.441, -0.4996, -1.1935, -2.7112, 1.2591, 33.1474, 89.8274
1740983494.636, 3.546, 2.460, -0.4923, -1.1929, -2.7230, 1.2836, 33.1665, 89.8423
1740983494.716, 3.546, 2.477, -0.4855, -1.1931, -2.7345, 1.3323, 33.1970, 89.8169
1740983494.795, 3.549, 2.489, -0.4786, -1.1922, -2.7458, 1.3622, 33.2115, 89.8158
1740983494.875, 3.542, 2.489, -0.4716, -1.1928, -2.7569, 1.3223, 33.2590, 89.9595
1740983494.955, 3.548, 2.507, -0.4650, -1.1927, -2.7674, 1.2723, 33.2701, 90.0205
1740983495.034, 3.549, 2.526, -0.4583, -1.1919, -2.7778, 1.1945, 33.3421, 90.1220
1740983495.114, 3.549, 2.526, -0.4513, -1.1917, -2.7889, 1.1530, 33.3578, 90.1703
1740983495.194, 3.545, 2.558, -0.4446, -1.1923, -2.8001, 1.1634, 33.3576, 90.1429
1740983495.273, 3.546, 2.558, -0.4382, -1.1918, -2.8099, 1.0898, 33.3251, 90.1583
1740983495.353, 3.551, 2.569, -0.4319, -1.1912, -2.8207, 1.2401, 33.3677, 89.9608
1740983495.432, 3.548, 2.587, -0.4253, -1.1914, -2.8318, 1.3091, 33.4474, 89.9035
1740983495.512, 3.548, 2.605, -0.4186, -1.1917, -2.8428, 1.3291, 33.4437, 89.8800
1740983495.592, 3.550, 2.617, -0.4118, -1.1914, -2.8535, 1.2959, 33.5570, 89.9955
1740983495.671, 3.546, 2.617, -0.4051, -1.1909, -2.8642, 1.3415, 33.5967, 90.0149
1740983495.751, 3.548, 2.630, -0.3977, -1.1907, -2.8753, 1.2164, 33.6563, 90.0273
1740983495.831, 3.549, 2.646, -0.3904, -1.1909, -2.8869, 1.2230, 33.6582, 89.9402
1740983495.910, 3.549, 2.665, -0.3837, -1.1910, -2.8981, 1.2768, 33.6820, 89.8575
1740983495.990, 3.551, 2.681, -0.3769, -1.1905, -2.9091, 1.3516, 33.7332, 89.8089
1740983496.070, 3.552, 2.681, -0.3703, -1.1901, -2.9200, 1.3946, 33.7556, 89.7442
1740983496.149, 3.554, 2.695, -0.3636, -1.1895, -2.9304, 1.4666, 33.8377, 89.7712
1740983496.229, 3.554, 2.719, -0.3572, -1.1897, -2.9407, 1.4429, 33.8954, 89.8775
1740983496.309, 3.549, 2.728, -0.3500, -1.1893, -2.9515, 1.3829, 33.9987, 89.9502
1740983496.388, 3.555, 2.748, -0.3428, -1.1891, -2.9624, 1.3175, 34.0241, 90.0206
1740983496.468, 3.557, 2.748, -0.3358, -1.1890, -2.9732, 1.2341, 34.0703, 90.0765
1740983496.547, 3.559, 2.759, -0.3340, -1.1888, -2.9843, 2.9370, 34.4704, 89.3399
1740983496.627, 3.559, 2.781, -0.3314, -1.1881, -2.9934, 3.5462, 34.4934, 89.0854
1740983496.707, 3.553, 2.787, -0.3262, -1.1872, -3.0030, 3.9516, 34.6716, 89.0460
1740983496.786, 3.577, 2.805, -0.3186, -1.1869, -3.0155, 4.0920, 34.7512, 88.9343
1740983496.866, 3.584, 2.805, -0.3103, -1.1866, -3.0293, 4.1750, 34.8227, 88.8483
1740983496.946, 3.580, 2.817, -0.2974, -1.1852, -3.0329, 1.1333, 35.0149, 91.9982
1740983497.025, 3.580, 2.842, -0.2873, -1.1846, -3.0405, -0.2161, 35.3816, 92.2762
1740983497.105, 3.561, 2.850, -0.2769, -1.1849, -3.0497, -1.6863, 35.3049, 92.2180
1740983497.185, 3.570, 2.873, -0.2697, -1.1857, -3.0606, -1.5165, 35.2601, 91.9925
1740983497.264, 3.575, 2.873, -0.2653, -1.1869, -3.0763, 0.5051, 35.3526, 90.7026
1740983497.344, 3.581, 2.883, -0.2588, -1.1876, -3.0912, 1.5999, 35.2883, 89.5591
1740983497.424, 3.581, 2.899, -0.2534, -1.1860, -3.1027, 2.2429, 35.9320, 88.4667
1740983497.503, 3.566, 2.927, -0.2499, -1.1851, -3.1089, 2.4639, 35.6701, 88.0423
1740983497.583, 3.567, 2.942, -0.2462, -1.1848, -3.1151, 2.6825, 35.4107, 87.9130
1740983497.662, 3.570, 2.942, -0.2385, -1.1846, -3.1240, 2.2081, 35.2484, 87.6556
1740983497.742, 3.579, 2.944, -0.2299, -1.1841, -3.1364, 2.2820, 35.0565, 87.6379
1740983497.822, 3.579, 2.964, -0.2183, -1.1842, -3.1509, 1.7297, 34.7350, 87.5792
1740983497.901, 3.569, 2.973, -0.2082, -1.1838, -3.1623, 0.8913, 34.2321, 88.2435
1740983497.981, 3.564, 2.995, -0.2017, -1.1837, -3.1751, 1.4256, 34.7020, 87.5212
1740983498.061, 3.573, 2.995, -0.1956, -1.1835, -3.1854, 1.5447, 34.6739, 87.6013
1740983498.140, 3.567, 3.024, -0.1909, -1.1842, -3.1935, 1.7085, 34.9093, 88.6208
1740983498.220, 3.567, 3.031, -0.1852, -1.1857, -3.2029, 1.6961, 35.4085, 89.8985
1740983498.300, 3.570, 3.047, -0.1775, -1.1852, -3.2130, 1.5195, 35.2787, 89.7699
1740983498.379, 3.575, 3.047, -0.1707, -1.1853, -3.2223, 1.4328, 35.0935, 89.8626
1740983498.459, 3.574, 3.062, -0.1650, -1.1848, -3.2314, 1.4913, 35.1778, 89.7904
1740983498.539, 3.579, 3.077, -0.1584, -1.1851, -3.2412, 1.4600, 35.1608, 89.8323
1740983498.618, 3.579, 3.089, -0.1516, -1.1850, -3.2517, 1.4941, 35.0991, 89.8076
1740983498.698, 3.579, 3.098, -0.1445, -1.1844, -3.2624, 1.5826, 35.0752, 89.8121
1740983498.778, 3.577, 3.098, -0.1368, -1.1842, -3.2737, 1.5528, 35.0333, 89.8533
1740983498.857, 3.577, 3.120, -0.1287, -1.1842, -3.2852, 1.4609, 34.9735, 89.8610
1740983498.937, 3.579, 3.132, -0.1210, -1.1837, -3.2963, 1.3861, 34.9299, 89.9261
1740983499.016, 3.579, 3.147, -0.1135, -1.1839, -3.3073, 1.3489, 34.8361, 89.9123
1740983499.096, 3.582, 3.168, -0.1062, -1.1834, -3.3178, 1.3198, 34.7006, 90.0079
1740983499.176, 3.579, 3.168, -0.0989, -1.1832, -3.3290, 1.3565, 34.6435, 89.9706
1740983499.255, 3.581, 3.184, -0.0916, -1.1829, -3.3401, 1.3796, 34.5875, 90.0283
1740983499.335, 3.580, 3.203, -0.0841, -1.1826, -3.3512, 1.3178, 34.5971, 90.0325
1740983499.415, 3.580, 3.213, -0.0771, -1.1826, -3.3619, 1.3503, 34.6023, 90.0311
1740983499.494, 3.582, 3.227, -0.0698, -1.1824, -3.3726, 1.3596, 34.6556, 89.9974
1740983499.574, 3.583, 3.227, -0.0622, -1.1824, -3.3835, 1.1896, 34.6045, 89.9849
1740983499.653, 3.584, 3.244, -0.0549, -1.1823, -3.3947, 1.1680, 34.5086, 90.0332
1740983499.733, 3.585, 3.262, -0.0467, -1.1819, -3.4063, 1.1172, 34.4364, 90.0352
1740983499.813, 3.585, 3.276, -0.0391, -1.1815, -3.4177, 1.1132, 34.3530, 90.1079
1740983499.892, 3.587, 3.297, -0.0316, -1.1811, -3.4297, 1.2451, 34.3066, 90.0021
1740983499.972, 3.590, 3.297, -0.0246, -1.1811, -3.4409, 1.3275, 34.3075, 90.0339
1740983500.052, 3.584, 3.312, -0.0173, -1.1807, -3.4519, 1.2765, 34.2657, 90.0428
1740983500.132, 3.590, 3.334, -0.0099, -1.1807, -3.4627, 1.2091, 34.2263, 90.0861
1740983500.211, 3.590, 3.349, -0.0029, -1.1802, -3.4735, 1.2788, 34.1168, 89.9941
1740983500.291, 3.587, 3.365, 0.0047, -1.1797, -3.4844, 1.2091, 34.0199, 90.0052
1740983500.370, 3.589, 3.365, 0.0119, -1.1799, -3.4960, 1.2459, 34.0150, 89.9908
1740983500.450, 3.595, 3.379, 0.0194, -1.1798, -3.5076, 1.2773, 34.0335, 89.9394
1740983500.530, 3.587, 3.397, 0.0266, -1.1797, -3.5188, 1.2839, 34.0497, 90.0023
1740983500.609, 3.587, 3.411, 0.0340, -1.1795, -3.5301, 1.2351, 34.0800, 90.0328
1740983500.689, 3.588, 3.428, 0.0409, -1.1789, -3.5413, 1.3401, 34.1144, 90.0519
1740983500.769, 3.590, 3.428, 0.0480, -1.1788, -3.5517, 1.2729, 34.1715, 90.0353
1740983500.848, 3.595, 3.447, 0.0553, -1.1785, -3.5624, 1.2129, 34.1445, 90.0300
1740983501.047, 3.593, 3.481, 0.0725, -1.1779, -3.5885, 1.2565, 34.0068, 90.0115
1740983501.127, 3.595, 3.493, 0.0792, -1.1780, -3.5997, 1.3727, 33.9652, 89.9693
1740983501.207, 3.595, 3.512, 0.0861, -1.1780, -3.6108, 1.4061, 33.9575, 90.0586
1740983501.286, 3.592, 3.525, 0.0936, -1.1777, -3.6218, 1.3627, 33.9518, 90.1311
1740983501.366, 3.592, 3.525, 0.1004, -1.1769, -3.6320, 1.3164, 33.8385, 90.1779
1740983501.446, 3.598, 3.545, 0.1080, -1.1766, -3.6421, 1.3105, 33.1930, 90.0783
1740983501.525, 3.596, 3.559, 0.1157, -1.1765, -3.6527, 1.2444, 32.4094, 90.1416
1740983501.605, 3.596, 3.572, 0.1229, -1.1769, -3.6634, 1.2512, 31.8069, 90.1540
1740983501.684, 3.586, 3.585, 0.1298, -1.1770, -3.6749, 1.2407, 31.7614, 90.1599
1740983501.764, 3.596, 3.585, 0.1366, -1.1765, -3.6867, 1.2352, 31.7679, 90.1543
1740983501.844, 3.596, 3.603, 0.1433, -1.1757, -3.6979, 1.1933, 31.8202, 90.2280
1740983501.923, 3.596, 3.624, 0.1500, -1.1759, -3.7094, 1.2292, 31.8621, 90.1631
1740983502.003, 3.594, 3.638, 0.1564, -1.1757, -3.7204, 1.2905, 31.9235, 90.1246
1740983502.083, 3.599, 3.653, 0.1629, -1.1754, -3.7314, 1.3227, 31.9921, 90.0434
1740983502.162, 3.583, 3.653, 0.1697, -1.1752, -3.7419, 1.1792, 32.0590, 90.0972
1740983502.242, 3.600, 3.669, 0.1762, -1.1750, -3.7531, 1.2225, 31.9981, 90.0425
1740983502.322, 3.600, 3.688, 0.1828, -1.1749, -3.7645, 1.2398, 31.9907, 90.0429
1740983502.401, 3.600, 3.703, 0.1895, -1.1746, -3.7760, 1.2703, 31.9960, 90.0492
1740983502.481, 3.599, 3.719, 0.1960, -1.1743, -3.7875, 1.3997, 32.0259, 90.0106
1740983502.561, 3.594, 3.719, 0.2027, -1.1742, -3.7990, 1.4433, 32.0585, 90.0064
1740983502.640, 3.594, 3.739, 0.2096, -1.1741, -3.8099, 1.3336, 32.1138, 90.0574
1740983502.720, 3.594, 3.755, 0.2160, -1.1740, -3.8210, 1.3515, 32.1305, 90.0259
1740983502.799, 3.599, 3.769, 0.2228, -1.1739, -3.8320, 1.3548, 32.0998, 90.0224
1740983502.879, 3.597, 3.787, 0.2298, -1.1735, -3.8431, 1.2717, 32.0809, 90.1011
1740983502.959, 3.599, 3.787, 0.2364, -1.1737, -3.8547, 1.3311, 32.1016, 90.0511
1740983503.038, 3.600, 3.804, 0.2431, -1.1731, -3.8662, 1.3990, 32.0548, 90.0181
1740983503.118, 3.600, 3.820, 0.2499, -1.1725, -3.8774, 1.3834, 32.1573, 90.0538
1740983503.198, 3.595, 3.838, 0.2565, -1.1726, -3.8886, 1.3868, 32.2069, 90.0574
1740983503.277, 3.597, 3.853, 0.2629, -1.1725, -3.8996, 1.4352, 32.2926, 90.0700
1740983503.357, 3.598, 3.853, 0.2696, -1.1723, -3.9100, 1.3429, 32.3407, 90.0919
1740983503.437, 3.591, 3.867, 0.2762, -1.1726, -3.9209, 1.2688, 32.3672, 90.1493
1740983503.516, 3.591, 3.882, 0.2831, -1.1719, -3.9315, 1.1355, 32.3198, 90.2081
1740983503.596, 3.592, 3.898, 0.2895, -1.1717, -3.9426, 1.2428, 32.3001, 90.1722
1740983503.676, 3.600, 3.898, 0.2965, -1.1716, -3.9539, 1.1954, 32.2459, 90.2576
1740983503.755, 3.597, 3.915, 0.3032, -1.1715, -3.9656, 1.2655, 32.2459, 90.2622
1740983503.835, 3.595, 3.932, 0.3101, -1.1711, -3.9769, 1.2801, 32.2276, 90.3284
1740983503.915, 3.595, 3.948, 0.3168, -1.1707, -3.9877, 1.2180, 32.2555, 90.4334
1740983503.994, 3.598, 3.965, 0.3238, -1.1706, -3.9990, 1.1456, 32.2240, 90.4598
1740983504.074, 3.592, 3.965, 0.3302, -1.1699, -4.0092, 1.1488, 32.1870, 90.4694
1740983504.154, 3.597, 3.981, 0.3373, -1.1699, -4.0202, 1.0217, 32.1076, 90.5224
1740983504.233, 3.600, 3.997, 0.3436, -1.1698, -4.0315, 1.0756, 32.0458, 90.4781
1740983504.313, 3.600, 4.012, 0.3504, -1.1694, -4.0421, 1.0707, 32.0768, 90.4976
1740983504.392, 3.598, 4.012, 0.3548, -1.1692, -4.0504, 1.0987, 32.0387, 90.5284
1740983504.472, 3.601, 4.012, 0.3559, -1.1691, -4.0521, 1.1388, 31.9677, 90.4839
1740983504.552, 3.599, 4.045, 0.3553, -1.1690, -4.0511, 1.1383, 32.0206, 90.4926
1740983504.631, 3.596, 4.053, 0.3548, -1.1689, -4.0503, 1.1440, 32.0216, 90.5251
1740983504.711, 3.596, 4.051, 0.3547, -1.1690, -4.0502, 1.1424, 32.0301, 90.5208
1740983504.791, 3.598, 4.050, 0.3547, -1.1689, -4.0502, 1.1391, 32.0326, 90.5159
1740983504.870, 3.600, 4.050, 0.3550, -1.1689, -4.0502, 1.1359, 32.0284, 90.5130
1740983504.950, 3.598, 4.050, 0.3547, -1.1689, -4.0502, 1.1448, 32.0150, 90.5087
1740983505.030, 3.600, 4.051, 0.3548, -1.1690, -4.0502, 1.1378, 32.0262, 90.5094
1740983505.109, 3.600, 4.052, 0.3548, -1.1689, -4.0502, 1.1323, 32.0298, 90.5134
1740983505.189, 3.601, 4.051, 0.3547, -1.1689, -4.0501, 1.1400, 32.0261, 90.5113
1740983505.269, 3.598, 4.051, 0.3546, -1.1688, -4.0500, 1.1359, 32.0215, 90.5056
1740983505.348, 3.597, 4.050, 0.3549, -1.1688, -4.0502, 1.1284, 32.0185, 90.4847
1740983505.428, 3.601, 4.050, 0.3548, -1.1689, -4.0501, 1.1332, 32.0095, 90.4861
1740983505.507, 3.601, 4.052, 0.3548, -1.1689, -4.0501, 1.1269, 32.0126, 90.4911
1740983505.587, 3.597, 4.050, 0.3548, -1.1690, -4.0502, 1.1318, 32.0107, 90.4825
1740983505.667, 3.602, 4.050, 0.3549, -1.1690, -4.0502, 1.1299, 32.0004, 90.4781
1740983505.746, 3.600, 4.051, 0.3549, -1.1689, -4.0501, 1.1273, 31.9995, 90.4833
1740983505.826, 3.598, 4.052, 0.3549, -1.1689, -4.0501, 1.1284, 32.0046, 90.4860
1740983505.906, 3.598, 4.051, 0.3548, -1.1689, -4.0502, 1.1314, 32.0105, 90.4929
1740983505.985, 3.598, 4.052, 0.3549, -1.1689, -4.0500, 1.1277, 32.0168, 90.5013
1740983506.065, 3.599, 4.052, 0.3549, -1.1689, -4.0500, 1.1272, 32.0163, 90.4986
1740983506.145, 3.597, 4.051, 0.3548, -1.1689, -4.0500, 1.1321, 32.0245, 90.4950
1740983506.224, 3.600, 4.051, 0.3547, -1.1689, -4.0501, 1.1242, 32.0232, 90.5015
1740983506.304, 3.600, 4.051, 0.3548, -1.1689, -4.0499, 1.1125, 32.0220, 90.5071
1740983506.384, 3.601, 4.050, 0.3549, -1.1690, -4.0501, 1.1150, 32.0196, 90.5049
1740983506.463, 3.596, 4.050, 0.3548, -1.1689, -4.0501, 1.1217, 32.0199, 90.5086
1740983506.543, 3.601, 4.050, 0.3547, -1.1689, -4.0501, 1.1213, 32.0291, 90.5063
1740983506.623, 3.599, 4.050, 0.3548, -1.1689, -4.0500, 1.1240, 32.0367, 90.5025
1740983506.702, 3.599, 4.051, 0.3548, -1.1689, -4.0499, 1.1269, 32.0375, 90.5053
1740983506.782, 3.601, 4.052, 0.3547, -1.1689, -4.0500, 1.1392, 32.0355, 90.4987
1740983506.861, 3.597, 4.052, 0.3548, -1.1689, -4.0500, 1.1364, 32.0273, 90.4960
1740983521.436, 3.826, 4.077, 0.5647, -1.1642, -3.9546, 0.5607, 31.5475, 90.8419
1740983521.516, 3.825, 4.078, 0.5645, -1.1642, -3.9544, 0.5569, 31.5456, 90.8435
1740983521.596, 3.825, 4.077, 0.5647, -1.1642, -3.9545, 0.5544, 31.5461, 90.8428
1740983521.675, 3.828, 4.079, 0.5645, -1.1642, -3.9543, 0.5531, 31.5417, 90.8529
1740983521.755, 3.825, 4.079, 0.5646, -1.1642, -3.9544, 0.5453, 31.5332, 90.8520
1740983521.835, 3.825, 4.079, 0.5645, -1.1641, -3.9544, 0.5581, 31.5389, 90.8567
1740983521.914, 3.828, 4.077, 0.5647, -1.1642, -3.9545, 0.5567, 31.5311, 90.8556
1740983521.994, 3.828, 4.079, 0.5646, -1.1643, -3.9545, 0.5578, 31.5318, 90.8532
1740983522.073, 3.828, 4.078, 0.5646, -1.1642, -3.9544, 0.5571, 31.5313, 90.8443
1740983522.153, 3.827, 4.078, 0.5645, -1.1641, -3.9544, 0.5561, 31.5334, 90.8441
1740983522.233, 3.824, 4.078, 0.5645, -1.1641, -3.9544, 0.5530, 31.5412, 90.8312
1740983522.312, 3.825, 4.078, 0.5646, -1.1642, -3.9546, 0.5522, 31.5449, 90.8221
1740983522.392, 3.825, 4.079, 0.5645, -1.1641, -3.9544, 0.5468, 31.5554, 90.8245
1740983522.472, 3.828, 4.077, 0.5646, -1.1644, -3.9545, 0.5317, 31.5502, 90.8464
1740983522.551, 3.827, 4.077, 0.5647, -1.1642, -3.9546, 0.5388, 31.5554, 90.8412
1740983522.631, 3.825, 4.079, 0.5646, -1.1641, -3.9545, 0.5447, 31.5546, 90.8424
1740983522.711, 3.827, 4.078, 0.5646, -1.1642, -3.9544, 0.5471, 31.5574, 90.8364
1740983522.790, 3.827, 4.079, 0.5646, -1.1642, -3.9545, 0.5480, 31.5563, 90.8379
1740983522.870, 3.827, 4.077, 0.5646, -1.1642, -3.9544, 0.5482, 31.5560, 90.8406
1740983522.950, 3.826, 4.077, 0.5645, -1.1642, -3.9544, 0.5496, 31.5517, 90.8342
1740983523.029, 3.828, 4.079, 0.5646, -1.1641, -3.9543, 0.5523, 31.5569, 90.8318
1740983523.109, 3.828, 4.076, 0.5646, -1.1643, -3.9545, 0.5519, 31.5510, 90.8292
1740983523.188, 3.828, 4.078, 0.5646, -1.1641, -3.9544, 0.5484, 31.5476, 90.8365
1740983523.268, 3.825, 4.079, 0.5646, -1.1642, -3.9544, 0.5442, 31.5432, 90.8366
1740983523.348, 3.829, 4.079, 0.5647, -1.1642, -3.9545, 0.5391, 31.5433, 90.8377
1740983523.428, 3.828, 4.078, 0.5645, -1.1642, -3.9545, 0.5479, 31.5502, 90.8373
1740983523.507, 3.827, 4.077, 0.5645, -1.1642, -3.9544, 0.5372, 31.5414, 90.8393
1740983523.587, 3.827, 4.078, 0.5647, -1.1643, -3.9545, 0.5299, 31.5349, 90.8371
1740983523.666, 3.825, 4.079, 0.5646, -1.1642, -3.9545, 0.5340, 31.5371, 90.8322
1740983523.746, 3.826, 4.079, 0.5646, -1.1642, -3.9546, 0.5367, 31.5296, 90.8304
1740983523.826, 3.830, 4.079, 0.5646, -1.1642, -3.9546, 0.5415, 31.5344, 90.8263
1740983523.905, 3.826, 4.079, 0.5646, -1.1643, -3.9546, 0.5442, 31.5409, 90.8244
1740983523.985, 3.826, 4.078, 0.5647, -1.1642, -3.9546, 0.5460, 31.5440, 90.8275
1740983524.065, 3.827, 4.079, 0.5646, -1.1643, -3.9545, 0.5495, 31.5523, 90.8382
1740983524.144, 3.827, 4.079, 0.5647, -1.1643, -3.9545, 0.5471, 31.5520, 90.8326
1740983524.224, 3.825, 4.078, 0.5644, -1.1643, -3.9545, 0.5478, 31.5502, 90.8396
1740983524.304, 3.825, 4.080, 0.5646, -1.1642, -3.9545, 0.5417, 31.5543, 90.8357
1740983524.383, 3.825, 4.078, 0.5646, -1.1643, -3.9546, 0.5359, 31.5446, 90.8372
1740983524.463, 3.827, 4.079, 0.5647, -1.1643, -3.9547, 0.5230, 31.5331, 90.8411
1740983524.543, 3.828, 4.079, 0.5646, -1.1643, -3.9545, 0.5237, 31.5317, 90.8511
1740983524.622, 3.826, 4.079, 0.5646, -1.1642, -3.9546, 0.5259, 31.5227, 90.8475
1740983524.702, 3.826, 4.078, 0.5646, -1.1642, -3.9546, 0.5276, 31.5220, 90.8438
1740983524.781, 3.826, 4.078, 0.5647, -1.1642, -3.9548, 0.5328, 31.5328, 90.8324
1740983524.861, 3.827, 4.077, 0.5647, -1.1643, -3.9548, 0.5447, 31.5479, 90.8414
1740983524.941, 3.827, 4.077, 0.5647, -1.1643, -3.9548, 0.5394, 31.5492, 90.8505
1740983525.020, 3.828, 4.078, 0.5647, -1.1642, -3.9546, 0.5319, 31.5467, 90.8544
1740983525.100, 3.825, 4.078, 0.5646, -1.1642, -3.9546, 0.5423, 31.5484, 90.8545
1740983525.180, 3.825, 4.080, 0.5645, -1.1642, -3.9545, 0.5359, 31.5432, 90.8622
1740983525.259, 3.828, 4.078, 0.5645, -1.1643, -3.9546, 0.5277, 31.5388, 90.8602
1740983525.339, 3.827, 4.078, 0.5646, -1.1642, -3.9546, 0.5317, 31.5359, 90.8470
1740983525.419, 3.827, 4.078, 0.5646, -1.1642, -3.9548, 0.5357, 31.5317, 90.8390
1740983525.498, 3.828, 4.079, 0.5646, -1.1643, -3.9548, 0.5402, 31.5298, 90.8375
1740983525.578, 3.828, 4.079, 0.5646, -1.1642, -3.9546, 0.5200, 31.5290, 90.8560
1740983525.657, 3.828, 4.078, 0.5645, -1.1642, -3.9547, 0.5318, 31.5370, 90.8409
1740983525.737, 3.826, 4.078, 0.5646, -1.1642, -3.9546, 0.5360, 31.5390, 90.8435
1740983525.817, 3.828, 4.078, 0.5647, -1.1642, -3.9547, 0.5504, 31.5418, 90.8297
1740983525.896, 3.828, 4.078, 0.5646, -1.1643, -3.9547, 0.5562, 31.5416, 90.8328
1740983525.976, 3.828, 4.078, 0.5646, -1.1642, -3.9547, 0.5556, 31.5491, 90.8273
1740983526.056, 3.828, 4.078, 0.5646, -1.1643, -3.9545, 0.5594, 31.5558, 90.8302
1740983526.135, 3.826, 4.078, 0.5646, -1.1643, -3.9547, 0.5579, 31.5561, 90.8303
1740983526.215, 3.826, 4.079, 0.5646, -1.1643, -3.9547, 0.5532, 31.5508, 90.8347
1740983526.295, 3.826, 4.079, 0.5645, -1.1642, -3.9546, 0.5458, 31.5305, 90.8155
1740983526.374, 3.827, 4.080, 0.5640, -1.1643, -3.9536, 0.5408, 31.5566, 90.8109
1740983526.454, 3.827, 4.080, 0.5616, -1.1644, -3.9497, 0.5605, 31.5327, 90.7819
1740983526.534, 3.826, 4.078, 0.5577, -1.1646, -3.9433, 0.5495, 31.5356, 90.7710
1740983526.613, 3.827, 4.072, 0.5534, -1.1645, -3.9355, 0.5314, 31.5774, 90.7917
1740983526.693, 3.827, 4.065, 0.5488, -1.1646, -3.9281, 0.5453, 31.6053, 90.8070
1740983526.773, 3.829, 4.054, 0.5457, -1.1648, -3.9227, 0.5695, 31.5848, 90.7632
1740983526.852, 3.825, 4.054, 0.5436, -1.1649, -3.9193, 0.5693, 31.5722, 90.7403
1740983526.932, 3.825, 4.044, 0.5420, -1.1651, -3.9167, 0.6178, 31.5764, 90.6883
1740983527.011, 3.829, 4.036, 0.5402, -1.1652, -3.9139, 0.6248, 31.5951, 90.6521
1740983527.091, 3.829, 4.032, 0.5376, -1.1653, -3.9094, 0.6329, 31.5622, 90.6640
1740983527.171, 3.828, 4.029, 0.5343, -1.1653, -3.9041, 0.6815, 31.5517, 90.6634
1740983527.251, 3.829, 4.029, 0.5309, -1.1658, -3.8983, 0.6831, 31.5245, 90.6744
1740983527.330, 3.826, 4.022, 0.5270, -1.1659, -3.8917, 0.6976, 31.4385, 90.7057
1740983527.410, 3.828, 4.012, 0.5234, -1.1662, -3.8857, 0.7230, 31.3691, 90.6894
1740983527.489, 3.828, 4.003, 0.5199, -1.1664, -3.8798, 0.7196, 31.3069, 90.6951
1740983527.569, 3.827, 3.995, 0.5168, -1.1662, -3.8739, 0.6805, 31.2548, 90.6901
1740983527.649, 3.830, 3.995, 0.5136, -1.1662, -3.8684, 0.6612, 31.1990, 90.6530
1740983527.728, 3.830, 3.988, 0.5106, -1.1665, -3.8631, 0.6428, 31.1365, 90.6252
1740983527.808, 3.829, 3.977, 0.5075, -1.1665, -3.8574, 0.5920, 31.0889, 90.6763
1740983527.888, 3.829, 3.970, 0.5042, -1.1668, -3.8518, 0.5867, 31.0438, 90.6366
1740983527.967, 3.830, 3.963, 0.5008, -1.1669, -3.8462, 0.5862, 31.0978, 90.6150
1740983528.047, 3.830, 3.963, 0.4977, -1.1670, -3.8407, 0.5458, 31.1062, 90.6004
1740983528.127, 3.831, 3.953, 0.4946, -1.1671, -3.8354, 0.5170, 31.0843, 90.5929
1740983528.206, 3.830, 3.946, 0.4919, -1.1671, -3.8304, 0.5378, 31.0451, 90.5700
1740983528.286, 3.830, 3.937, 0.4888, -1.1674, -3.8253, 0.5660, 31.0237, 90.5671
1740983528.366, 3.831, 3.932, 0.4856, -1.1672, -3.8202, 0.6113, 30.9978, 90.5418
1740983528.445, 3.831, 3.932, 0.4828, -1.1674, -3.8153, 0.6994, 30.9340, 90.4688
1740983528.525, 3.830, 3.923, 0.4796, -1.1675, -3.8100, 0.7095, 30.9349, 90.5155
1740983528.604, 3.832, 3.917, 0.4765, -1.1675, -3.8045, 0.7603, 30.8865, 90.5313
1740983528.684, 3.832, 3.907, 0.4732, -1.1677, -3.7990, 0.7670, 30.8162, 90.5105
1740983528.764, 3.832, 3.900, 0.4725, -1.1675, -3.7974, 0.5699, 31.0762, 90.4257
1740983528.843, 3.832, 3.900, 0.4727, -1.1676, -3.7974, 0.4883, 31.0943, 90.4714
1740983528.923, 3.831, 3.893, 0.4727, -1.1677, -3.7976, 0.5158, 31.1057, 90.4643
1740983529.003, 3.832, 3.892, 0.4728, -1.1677, -3.7976, 0.4876, 31.0795, 90.4721
1740983529.082, 3.832, 3.894, 0.4723, -1.1670, -3.7966, 0.4811, 31.0319, 89.6677
1740983529.162, 3.832, 3.893, 0.4694, -1.1656, -3.7912, 0.5932, 30.7931, 88.2890
1740983529.242, 3.832, 3.893, 0.4622, -1.1673, -3.7797, 0.7048, 30.5039, 87.9739
1740983529.321, 3.830, 3.893, 0.4541, -1.1670, -3.7645, 0.6438, 30.3961, 88.0360
1740983529.401, 3.830, 3.883, 0.4449, -1.1684, -3.7481, 0.6231, 30.2537, 89.3715
1740983529.480, 3.830, 3.863, 0.4372, -1.1691, -3.7341, 0.6082, 30.4013, 90.4855
1740983529.560, 3.834, 3.833, 0.4339, -1.1690, -3.7283, 0.6178, 30.3974, 90.4858
1740983529.640, 3.834, 3.833, 0.4328, -1.1692, -3.7266, 0.6551, 30.3630, 90.3970
1740983529.719, 3.834, 3.818, 0.4323, -1.1694, -3.7260, 0.6440, 30.3476, 90.3543
1740983529.799, 3.833, 3.816, 0.4306, -1.1693, -3.7229, 0.6549, 30.2945, 90.3992
1740983529.879, 3.833, 3.815, 0.4276, -1.1694, -3.7174, 0.6718, 30.2589, 90.3578
1740983529.958, 3.836, 3.807, 0.4234, -1.1693, -3.7100, 0.7077, 30.1562, 90.3238
1740983530.038, 3.833, 3.807, 0.4188, -1.1695, -3.7016, 0.7321, 29.9903, 90.3410
1740983530.118, 3.834, 3.799, 0.4147, -1.1698, -3.6939, 0.7119, 29.8804, 90.3154
1740983530.197, 3.839, 3.789, 0.4111, -1.1699, -3.6872, 0.6823, 29.7724, 90.2731
1740983530.277, 3.839, 3.777, 0.4080, -1.1699, -3.6812, 0.6398, 29.7117, 90.2849
1740983530.357, 3.838, 3.768, 0.4073, -1.1695, -3.6773, 0.0845, 30.2719, 90.8570
1740983530.436, 3.835, 3.768, 0.4075, -1.1695, -3.6772, 0.0367, 30.2595, 90.8592
1740983530.516, 3.839, 3.760, 0.4074, -1.1695, -3.6769, 0.0029, 30.2783, 90.9377
1740983530.595, 3.841, 3.759, 0.4069, -1.1694, -3.6760, -0.0347, 30.2651, 91.1093
1740983530.675, 3.841, 3.758, 0.4041, -1.1685, -3.6717, 0.1733, 30.2444, 91.6400
1740983530.755, 3.840, 3.758, 0.3974, -1.1673, -3.6612, 0.3349, 29.9157, 92.6614
1740983530.834, 3.840, 3.758, 0.3890, -1.1672, -3.6461, 0.4883, 29.7221, 92.6818
1740983530.914, 3.840, 3.745, 0.3788, -1.1678, -3.6296, 0.9053, 29.6856, 92.3360
1740983530.994, 3.842, 3.722, 0.3741, -1.1708, -3.6180, 0.6207, 29.5962, 90.3690
1740983531.073, 3.842, 3.700, 0.3690, -1.1714, -3.6089, 0.7609, 29.3862, 90.0802
1740983531.153, 3.840, 3.687, 0.3678, -1.1710, -3.6067, 0.7757, 29.3191, 90.0673
1740983531.233, 3.845, 3.687, 0.3677, -1.1712, -3.6068, 0.7924, 29.2625, 90.0752
1740983531.312, 3.843, 3.680, 0.3674, -1.1712, -3.6058, 0.7779, 29.2147, 90.1004
1740983531.392, 3.842, 3.679, 0.3658, -1.1712, -3.6025, 0.7533, 29.1353, 90.0932
1740983531.472, 3.842, 3.678, 0.3616, -1.1711, -3.5956, 0.7747, 29.4147, 90.1897
1740983531.551, 3.845, 3.678, 0.3568, -1.1717, -3.5875, 0.6978, 29.8893, 90.2055
1740983531.631, 3.842, 3.673, 0.3518, -1.1720, -3.5795, 0.6526, 30.3694, 90.2513
1740983531.711, 3.839, 3.658, 0.3470, -1.1718, -3.5723, 0.6332, 30.9484, 90.2969
1740983531.790, 3.840, 3.647, 0.3432, -1.1716, -3.5663, 0.6453, 31.1429, 90.3187
1740983531.870, 3.840, 3.636, 0.3403, -1.1719, -3.5611, 0.6495, 31.0967, 90.3590
1740983531.949, 3.838, 3.636, 0.3375, -1.1719, -3.5563, 0.6702, 31.0758, 90.3426
1740983532.029, 3.838, 3.627, 0.3342, -1.1720, -3.5509, 0.6892, 31.1003, 90.3288
1740983532.109, 3.835, 3.620, 0.3306, -1.1719, -3.5449, 0.7364, 31.1311, 90.3528
1740983532.189, 3.835, 3.607, 0.3267, -1.1719, -3.5383, 0.7203, 31.1046, 90.3717
1740983532.268, 3.835, 3.601, 0.3229, -1.1723, -3.5318, 0.7172, 31.0605, 90.4038
1740983532.348, 3.835, 3.601, 0.3190, -1.1724, -3.5253, 0.7710, 31.0047, 90.3876
1740983532.427, 3.839, 3.590, 0.3153, -1.1727, -3.5189, 0.7902, 30.9271, 90.3762
1740983532.507, 3.839, 3.582, 0.3117, -1.1726, -3.5127, 0.7793, 30.8911, 90.3858
1740983532.587, 3.839, 3.573, 0.3085, -1.1727, -3.5067, 0.7219, 30.9023, 90.3746
1740983532.666, 3.836, 3.562, 0.3052, -1.1731, -3.5010, 0.7043, 30.7899, 90.3525
1740983532.746, 3.840, 3.562, 0.3020, -1.1733, -3.4950, 0.6979, 30.7466, 90.3629
1740983532.826, 3.841, 3.557, 0.2989, -1.1732, -3.4891, 0.6546, 30.7608, 90.4210
1740983532.905, 3.839, 3.547, 0.2954, -1.1735, -3.4834, 0.6675, 30.7369, 90.3992
1740983532.985, 3.839, 3.538, 0.2920, -1.1737, -3.4772, 0.5803, 30.7501, 90.3936
1740983533.064, 3.841, 3.531, 0.2885, -1.1738, -3.4709, 0.5406, 30.7359, 90.4031
1740983533.144, 3.841, 3.531, 0.2849, -1.1737, -3.4649, 0.5334, 30.9468, 90.3880
1740983533.224, 3.839, 3.525, 0.2808, -1.1738, -3.4591, 0.6097, 31.2468, 90.3624
1740983533.303, 3.843, 3.514, 0.2768, -1.1738, -3.4531, 0.7224, 31.5190, 90.3450
1740983533.383, 3.843, 3.506, 0.2730, -1.1736, -3.4475, 0.7490, 31.8087, 90.3137
1740983533.463, 3.837, 3.495, 0.2693, -1.1739, -3.4416, 0.7603, 31.7760, 90.3397
1740983533.662, 3.837, 3.475, 0.2602, -1.1747, -3.4255, 0.6673, 31.5642, 90.4347
1740983533.742, 3.837, 3.475, 0.2568, -1.1746, -3.4193, 0.6601, 31.5158, 90.4546
1740983533.821, 3.835, 3.470, 0.2534, -1.1748, -3.4133, 0.6106, 31.4677, 90.4818
1740983533.901, 3.838, 3.461, 0.2497, -1.1749, -3.4072, 0.6149, 31.3964, 90.4673
1740983533.980, 3.838, 3.451, 0.2464, -1.1749, -3.4013, 0.6064, 31.3147, 90.4594
1740983534.060, 3.837, 3.441, 0.2430, -1.1751, -3.3953, 0.5440, 31.3277, 90.4790
1740983534.140, 3.838, 3.441, 0.2398, -1.1753, -3.3895, 0.5444, 31.3347, 90.4866
1740983534.219, 3.838, 3.431, 0.2363, -1.1754, -3.3837, 0.5349, 31.3687, 90.5022
1740983534.299, 3.840, 3.427, 0.2329, -1.1752, -3.3779, 0.5546, 31.3170, 90.5149
1740983534.379, 3.840, 3.417, 0.2295, -1.1753, -3.3720, 0.5364, 31.3377, 90.5268
1740983534.458, 3.841, 3.408, 0.2259, -1.1754, -3.3660, 0.5795, 31.3382, 90.4687
1740983534.538, 3.837, 3.408, 0.2220, -1.1759, -3.3598, 0.6314, 31.2947, 90.4518
1740983534.618, 3.838, 3.396, 0.2182, -1.1758, -3.3534, 0.6524, 31.2760, 90.4523
1740983534.697, 3.840, 3.392, 0.2144, -1.1759, -3.3468, 0.6583, 31.2085, 90.4988
1740983536.708, 3.838, 3.224, 0.1314, -1.1783, -3.2104, 1.2496, 31.3135, 90.7152
1740983536.788, 3.840, 3.221, 0.1285, -1.1780, -3.2089, 1.9696, 31.3767, 90.2193
1740983536.868, 3.840, 3.218, 0.1223, -1.1772, -3.2025, 2.6862, 31.2426, 90.0171
1740983536.947, 3.839, 3.207, 0.1179, -1.1772, -3.1856, 0.8463, 31.6373, 92.6282
1740983537.027, 3.840, 3.207, 0.1117, -1.1771, -3.1708, 0.1478, 31.8303, 93.2258
1740983537.107, 3.838, 3.193, 0.1053, -1.1772, -3.1582, -0.3545, 32.1424, 93.1797
1740983537.186, 3.838, 3.178, 0.1030, -1.1780, -3.1487, -1.3403, 32.3698, 92.9029
1740983537.266, 3.838, 3.160, 0.0990, -1.1796, -3.1432, -1.1225, 32.4255, 92.1905
1740983537.345, 3.846, 3.160, 0.0931, -1.1818, -3.1406, 0.2937, 31.8609, 90.4837
1740983537.425, 3.848, 3.147, 0.0910, -1.1821, -3.1374, 0.0914, 32.1074, 90.4976
1740983537.505, 3.841, 3.136, 0.0897, -1.1813, -3.1352, 0.1986, 32.0032, 90.5398
1740983537.584, 3.841, 3.135, 0.0886, -1.1812, -3.1328, 0.1545, 32.0262, 90.5477
1740983537.664, 3.842, 3.134, 0.0857, -1.1812, -3.1284, 0.1471, 31.9828, 90.5711
1740983537.744, 3.841, 3.134, 0.0818, -1.1815, -3.1218, 0.2054, 31.9816, 90.5187
1740983537.823, 3.839, 3.130, 0.0772, -1.1816, -3.1138, 0.1358, 31.9656, 90.5260
1740983537.903, 3.840, 3.114, 0.0726, -1.1817, -3.1061, 0.1058, 31.8321, 90.5574
1740983537.982, 3.840, 3.108, 0.0686, -1.1817, -3.0999, 0.2266, 31.7502, 90.4689
1740983538.062, 3.843, 3.091, 0.0652, -1.1817, -3.0942, 0.2335, 31.7955, 90.4954
1740983538.142, 3.845, 3.091, 0.0620, -1.1818, -3.0892, 0.3550, 31.7225, 90.4016
1740983538.221, 3.841, 3.088, 0.0586, -1.1820, -3.0836, 0.2715, 31.7664, 90.4311
1740983538.301, 3.843, 3.083, 0.0553, -1.1818, -3.0802, 0.5806, 32.2111, 90.0169
1740983538.381, 3.843, 3.074, 0.0529, -1.1814, -3.0779, 0.7512, 32.6414, 89.7964
1740983538.460, 3.842, 3.065, 0.0515, -1.1813, -3.0764, 0.9020, 32.6878, 89.5770
1740983538.540, 3.839, 3.065, 0.0498, -1.1814, -3.0745, 1.0270, 32.6349, 89.4212
1740983538.620, 3.836, 3.061, 0.0486, -1.1813, -3.0724, 1.0205, 32.6743, 89.2201
1740983538.699, 3.834, 3.055, 0.0468, -1.1809, -3.0683, 0.8807, 32.6042, 88.8525
1740983538.779, 3.834, 3.061, 0.0423, -1.1807, -3.0609, 0.9208, 32.5088, 88.7903
1740983538.859, 3.833, 3.050, 0.0370, -1.1813, -3.0517, 0.8740, 32.4963, 88.7622
1740983538.938, 3.835, 3.050, 0.0308, -1.1812, -3.0413, 0.9825, 32.3461, 88.8341
1740983539.018, 3.839, 3.039, 0.0245, -1.1811, -3.0313, 1.0627, 32.3515, 89.0053
1740983539.098, 3.838, 3.030, 0.0192, -1.1818, -3.0208, 0.6334, 32.7279, 89.3907
1740983539.177, 3.838, 3.010, 0.0114, -1.1834, -3.0068, 0.2765, 32.4873, 90.5384
1740983539.257, 3.838, 2.991, 0.0047, -1.1832, -2.9957, 0.1404, 32.6738, 90.4382
1740983539.337, 3.843, 2.991, -0.0017, -1.1833, -2.9854, 0.1452, 32.7607, 90.3909
1740983539.416, 3.837, 2.977, -0.0084, -1.1835, -2.9751, 0.1557, 32.7942, 90.3217
1740983539.496, 3.840, 2.961, -0.0145, -1.1839, -2.9647, 0.1555, 32.7197, 90.3661
1740983539.575, 3.840, 2.948, -0.0222, -1.1838, -2.9554, 0.7207, 32.1385, 90.2347
1740983539.655, 3.836, 2.931, -0.0275, -1.1837, -2.9491, 0.7713, 31.5910, 90.1360
1740983539.735, 3.835, 2.931, -0.0296, -1.1847, -2.9412, 0.1088, 31.2737, 90.2436
1740983539.814, 3.835, 2.913, -0.0360, -1.1865, -2.9317, 0.0019, 31.2980, 90.5847
1740983539.894, 3.839, 2.905, -0.0429, -1.1850, -2.9208, 0.2906, 31.2939, 90.3686
1740983539.975, 3.839, 2.893, -0.0507, -1.1846, -2.9069, 0.1687, 31.1802, 90.4223
1740983540.053, 3.841, 2.876, -0.0544, -1.1845, -2.8977, -0.2329, 30.7339, 89.7782
1740983540.133, 3.839, 2.876, -0.0568, -1.1833, -2.8927, -0.3464, 30.8098, 89.2574
1740983540.212, 3.845, 2.864, -0.0616, -1.1834, -2.8868, 0.0056, 30.8827, 88.6298
1740983540.292, 3.843, 2.851, -0.0676, -1.1831, -2.8772, 0.0425, 30.9950, 88.2313
1740983540.372, 3.843, 2.843, -0.0752, -1.1829, -2.8647, 0.0371, 31.1792, 88.1783
1740983540.451, 3.843, 2.829, -0.0826, -1.1833, -2.8505, -0.0214, 30.5694, 88.4530
1740983540.531, 3.841, 2.829, -0.0905, -1.1835, -2.8375, 0.1062, 30.5656, 88.4912
1740983540.611, 3.844, 2.810, -0.1009, -1.1860, -2.8201, 0.2199, 30.3164, 90.6715
1740983540.690, 3.844, 2.797, -0.1073, -1.1875, -2.8093, 0.1837, 30.3075, 90.4933
1740983540.770, 3.844, 2.771, -0.1131, -1.1864, -2.7989, 0.2880, 30.2341, 90.2862
1740983540.850, 3.843, 2.751, -0.1172, -1.1861, -2.7915, 0.5365, 29.8075, 89.9742
1740983540.929, 3.841, 2.751, -0.1184, -1.1863, -2.7895, 0.5913, 29.9973, 89.4026
1740983541.009, 3.846, 2.738, -0.1191, -1.1856, -2.7891, 0.5477, 30.3205, 89.1322
1740983541.089, 3.843, 2.735, -0.1186, -1.1850, -2.7883, 0.2764, 30.6256, 88.9454
1740983541.168, 3.843, 2.733, -0.1171, -1.1841, -2.7832, -1.0835, 30.5746, 89.0578
1740983541.248, 3.845, 2.730, -0.1204, -1.1829, -2.7695, -2.3399, 30.3497, 89.6167
1740983541.328, 3.847, 2.730, -0.1308, -1.1825, -2.7496, -2.4720, 30.7518, 90.0661
1740983541.407, 3.858, 2.731, -0.1443, -1.1832, -2.7271, -2.3276, 30.8836, 90.3947
1740983541.487, 3.861, 2.698, -0.1594, -1.1852, -2.7040, -1.7556, 31.0784, 91.3844
1740983541.566, 3.861, 2.663, -0.1737, -1.1881, -2.6872, -0.2805, 32.6550, 90.9334
1740983541.646, 3.858, 2.628, -0.1825, -1.1876, -2.6769, 0.1769, 32.2680, 90.5109
1740983541.726, 3.839, 2.628, -0.1855, -1.1872, -2.6742, 0.5057, 31.8368, 90.5401
1740983541.925, 3.842, 2.601, -0.1882, -1.1874, -2.6721, 0.9511, 31.4994, 90.4545
1740983542.005, 3.840, 2.602, -0.1960, -1.1863, -2.6666, 2.4080, 31.4474, 89.7523
1740983542.084, 3.838, 2.598, -0.2066, -1.1861, -2.6516, 2.8551, 31.3482, 89.5684
1740983542.164, 3.838, 2.586, -0.2178, -1.1866, -2.6315, 2.5886, 31.0317, 89.8525
1740983542.244, 3.848, 2.567, -0.2283, -1.1871, -2.6126, 2.4041, 30.7787, 89.7057
1740983542.323, 3.846, 2.567, -0.2344, -1.1881, -2.5966, 1.3021, 31.0833, 89.9244
1740983542.403, 3.845, 2.535, -0.2379, -1.1896, -2.5843, 0.1368, 31.2401, 90.2080
1740983542.482, 3.847, 2.513, -0.2418, -1.1895, -2.5769, 0.1512, 31.2143, 90.2883
1740983542.562, 3.847, 2.503, -0.2448, -1.1894, -2.5724, 0.2195, 31.1836, 90.2371
1740983542.642, 3.846, 2.503, -0.2482, -1.1896, -2.5668, 0.2800, 31.1838, 90.2530
1740983542.721, 3.847, 2.493, -0.2533, -1.1895, -2.5585, 0.3411, 31.1914, 90.2099
1740983542.801, 3.844, 2.487, -0.2595, -1.1898, -2.5479, 0.3187, 31.2761, 90.1422
1740983542.881, 3.847, 2.471, -0.2669, -1.1903, -2.5355, 0.3779, 31.3401, 90.1573
1740983542.960, 3.847, 2.455, -0.2740, -1.1900, -2.5230, 0.2671, 31.4515, 90.2389
1740983543.040, 3.846, 2.455, -0.2809, -1.1901, -2.5115, 0.2697, 31.4188, 90.2591
1740983543.120, 3.843, 2.439, -0.2867, -1.1902, -2.5015, 0.1934, 31.5740, 90.2356
1740983543.199, 3.845, 2.426, -0.2921, -1.1905, -2.4926, 0.2064, 31.5157, 90.2695
1740983543.279, 3.845, 2.411, -0.2973, -1.1897, -2.4834, 0.2266, 31.6047, 90.2483
1740983543.358, 3.848, 2.396, -0.3033, -1.1900, -2.4736, 0.2203, 31.5410, 90.3118
1740983543.438, 3.848, 2.396, -0.3095, -1.1905, -2.4634, 0.2225, 31.6287, 90.2320
1740983543.518, 3.845, 2.386, -0.3159, -1.1903, -2.4528, 0.2926, 31.6455, 90.0603
1740983543.597, 3.845, 2.367, -0.3222, -1.1906, -2.4424, 0.2169, 31.7944, 89.9942
1740983543.677, 3.845, 2.352, -0.3285, -1.1909, -2.4321, 0.2379, 31.9135, 89.9095
1740983543.757, 3.845, 2.336, -0.3346, -1.1909, -2.4215, 0.1623, 31.8915, 89.9154
1740983543.836, 3.844, 2.336, -0.3404, -1.1909, -2.4113, 0.1230, 31.8839, 89.9795
1740983543.916, 3.844, 2.322, -0.3467, -1.1910, -2.4009, 0.1646, 31.8451, 90.0591
1740983543.996, 3.846, 2.306, -0.3531, -1.1912, -2.3909, 0.3555, 31.7686, 90.0709
1740983544.075, 3.846, 2.292, -0.3590, -1.1913, -2.3809, 0.2059, 31.9061, 90.1799
1740983544.155, 3.843, 2.278, -0.3653, -1.1917, -2.3707, 0.2924, 31.9043, 90.1293
1740983544.235, 3.845, 2.278, -0.3720, -1.1921, -2.3601, 0.3628, 31.8625, 90.0911
1740983544.314, 3.842, 2.264, -0.3788, -1.1917, -2.3488, 0.3134, 31.9281, 90.1922
1740983544.394, 3.842, 2.248, -0.3851, -1.1919, -2.3380, 0.3227, 31.9083, 90.2010
1740983544.473, 3.842, 2.234, -0.3919, -1.1920, -2.3269, 0.2677, 31.9765, 90.4397
1740983544.553, 3.843, 2.216, -0.3984, -1.1920, -2.3160, 0.2760, 31.9608, 90.5976
1740983544.633, 3.845, 2.216, -0.4045, -1.1921, -2.3059, 0.2590, 32.1190, 90.7029
1740983544.712, 3.845, 2.200, -0.4106, -1.1925, -2.2956, 0.1972, 32.1622, 90.8096
1740983544.792, 3.846, 2.183, -0.4174, -1.1927, -2.2849, 0.2836, 32.1290, 90.7583
1740983544.872, 3.846, 2.168, -0.4242, -1.1933, -2.2739, 0.3593, 32.1252, 90.7001
1740983544.951, 3.845, 2.152, -0.4309, -1.1935, -2.2630, 0.3538, 32.1108, 90.5416
1740983545.031, 3.842, 2.152, -0.4371, -1.1938, -2.2524, 0.3101, 32.1359, 90.5345
1740983545.111, 3.845, 2.136, -0.4437, -1.1940, -2.2414, 0.2220, 32.1599, 90.6135
1740983545.190, 3.845, 2.121, -0.4500, -1.1943, -2.2309, 0.1274, 32.2995, 90.6825
1740983545.270, 3.845, 2.106, -0.4566, -1.1943, -2.2202, 0.1834, 32.1258, 90.7496
1740983545.350, 3.845, 2.088, -0.4629, -1.1945, -2.2101, 0.2689, 32.1410, 90.7089
1740983545.429, 3.844, 2.088, -0.4691, -1.1946, -2.2000, 0.3456, 32.1666, 90.6418
1740983545.509, 3.845, 2.073, -0.4751, -1.1947, -2.1894, 0.1977, 32.2641, 90.7717
1740983545.588, 3.842, 2.057, -0.4817, -1.1950, -2.1794, 0.4483, 32.2647, 90.4874
1740983545.668, 3.842, 2.042, -0.4883, -1.1952, -2.1684, 0.3184, 32.3727, 90.5383
1740983545.748, 3.845, 2.028, -0.4948, -1.1952, -2.1578, 0.3035, 32.3851, 90.4976
1740983545.827, 3.842, 2.028, -0.5014, -1.1959, -2.1471, 0.2731, 32.3950, 90.5542
1740983545.907, 3.844, 2.012, -0.5077, -1.1959, -2.1365, 0.2993, 32.4085, 90.6010
1740983545.987, 3.844, 1.997, -0.5139, -1.1960, -2.1263, 0.2521, 32.4778, 90.6331
1740983546.066, 3.844, 1.981, -0.5200, -1.1962, -2.1161, 0.2075, 32.5373, 90.6507
1740983546.146, 3.845, 1.966, -0.5265, -1.1962, -2.1057, 0.3103, 32.4737, 90.5647
1740983546.226, 3.846, 1.966, -0.5331, -1.1965, -2.0953, 0.3633, 32.4367, 90.4539
1740983546.305, 3.846, 1.951, -0.5395, -1.1972, -2.0849, 0.3533, 32.4138, 90.2689
1740983546.385, 3.853, 1.935, -0.5457, -1.1971, -2.0745, 0.2943, 32.4220, 90.1923
1740983546.465, 3.853, 1.918, -0.5519, -1.1970, -2.0640, 0.2538, 32.4691, 90.2533
1740983546.544, 3.860, 1.904, -0.5581, -1.1973, -2.0534, 0.1479, 32.5548, 90.3550
1740983546.624, 3.864, 1.904, -0.5645, -1.1976, -2.0428, 0.1423, 32.4412, 90.4203
1740983546.703, 3.866, 1.890, -0.5709, -1.1976, -2.0325, 0.2461, 32.3790, 90.4241
1740983546.783, 3.869, 1.875, -0.5772, -1.1977, -2.0225, 0.3079, 32.3453, 90.4187
1740983546.863, 3.869, 1.859, -0.5834, -1.1979, -2.0121, 0.2303, 32.4089, 90.4120
1740983546.943, 3.867, 1.844, -0.5897, -1.1979, -2.0023, 0.3563, 32.3650, 90.3056
1740983547.022, 3.868, 1.844, -0.5957, -1.1982, -1.9922, 0.3330, 32.4901, 90.3009
1740983547.102, 3.868, 1.831, -0.6019, -1.1983, -1.9819, 0.2912, 32.5885, 90.3384
1740983547.181, 3.867, 1.815, -0.6082, -1.1985, -1.9719, 0.2771, 32.6685, 90.3787
1740983547.261, 3.867, 1.799, -0.6143, -1.1986, -1.9616, 0.2329, 32.7041, 90.4632
1740983547.341, 3.865, 1.784, -0.6206, -1.1984, -1.9513, 0.2195, 32.7947, 90.4918
1740983547.420, 3.867, 1.784, -0.6269, -1.1987, -1.9416, 0.1848, 32.8264, 90.4771
1740983547.500, 3.865, 1.771, -0.6329, -1.1985, -1.9312, 0.1295, 32.8517, 90.5223
1740983547.580, 3.865, 1.754, -0.6396, -1.1992, -1.9208, 0.2509, 32.8273, 90.4290
1740983547.659, 3.865, 1.741, -0.6462, -1.1993, -1.9107, 0.2396, 32.8844, 90.3378
1740983547.739, 3.865, 1.724, -0.6522, -1.1992, -1.9007, 0.2622, 32.9636, 90.2622
1740983547.819, 3.865, 1.724, -0.6583, -1.1994, -1.8913, 0.3409, 32.9823, 90.1657
1740983547.898, 3.865, 1.710, -0.6640, -1.2000, -1.8822, 0.3338, 33.0113, 90.2273
1740983547.978, 3.863, 1.696, -0.6702, -1.2005, -1.8726, 0.2524, 33.0223, 90.2149
1740983548.057, 3.863, 1.683, -0.6762, -1.2002, -1.8626, 0.2864, 32.9515, 90.2713
1740983548.137, 3.865, 1.669, -0.6827, -1.2001, -1.8523, 0.4134, 32.9029, 90.3532
1740983548.217, 3.863, 1.669, -0.6889, -1.2000, -1.8423, 0.4345, 32.9464, 90.3490
1740983548.296, 3.865, 1.653, -0.6948, -1.2001, -1.8332, 0.3451, 32.9923, 90.3332
1740983548.376, 3.864, 1.637, -0.7000, -1.2006, -1.8250, 0.4199, 32.9638, 90.2689
1740983548.456, 3.864, 1.625, -0.7052, -1.2006, -1.8168, 0.3859, 33.0623, 90.2702
1740983548.535, 3.865, 1.625, -0.7100, -1.2008, -1.8089, 0.3483, 33.2020, 90.2531
1740983548.615, 3.864, 1.612, -0.7151, -1.2013, -1.8009, 0.3409, 33.2617, 90.2658
1740983548.695, 3.863, 1.600, -0.7203, -1.2011, -1.7927, 0.3743, 33.2795, 90.2858
1740983548.774, 3.861, 1.589, -0.7254, -1.2010, -1.7846, 0.3834, 33.3619, 90.3287
1740983548.854, 3.861, 1.576, -0.7304, -1.2011, -1.7767, 0.4189, 33.3449, 90.3650
1740983548.934, 3.864, 1.576, -0.7358, -1.2014, -1.7687, 0.3957, 33.3965, 90.4060
1740983549.013, 3.862, 1.565, -0.7407, -1.2016, -1.7602, 0.4747, 33.4265, 90.4294
1740983549.093, 3.863, 1.554, -0.7471, -1.2022, -1.7512, 0.6032, 33.3918, 90.4333
1740983549.172, 3.863, 1.540, -0.7529, -1.2016, -1.7420, 0.5859, 33.4112, 90.3620
1740983549.252, 3.860, 1.528, -0.7587, -1.2016, -1.7322, 0.5777, 33.4868, 90.3688
1740983549.332, 3.860, 1.528, -0.7647, -1.2019, -1.7231, 0.5352, 33.5820, 90.3166
1740983549.411, 3.860, 1.513, -0.7704, -1.2024, -1.7143, 0.6309, 33.6073, 90.3096
1740983549.491, 3.859, 1.498, -0.7759, -1.2020, -1.7055, 0.6241, 33.6396, 90.3570
1740983549.571, 3.859, 1.485, -0.7817, -1.2021, -1.6960, 0.5612, 33.7165, 90.4421
1740983549.650, 3.860, 1.473, -0.7875, -1.2018, -1.6869, 0.5862, 33.7137, 90.4953
1740983549.730, 3.861, 1.473, -0.7936, -1.2030, -1.6780, 0.7397, 33.5916, 90.4990
1740983549.810, 3.859, 1.458, -0.7996, -1.2030, -1.6688, 0.8069, 33.5577, 90.4785
1740983549.889, 3.855, 1.444, -0.8053, -1.2027, -1.6591, 0.7868, 33.6214, 90.5046
1740983549.969, 3.855, 1.430, -0.8118, -1.2027, -1.6500, 0.7938, 33.6656, 90.3960
1740983550.048, 3.860, 1.417, -0.8175, -1.2025, -1.6408, 0.8337, 33.7282, 90.2978
1740983550.128, 3.858, 1.417, -0.8238, -1.2032, -1.6313, 0.8141, 33.8930, 90.2422
1740983550.208, 3.854, 1.403, -0.8306, -1.2036, -1.6209, 0.6860, 33.9897, 90.2690
1740983550.287, 3.854, 1.390, -0.8375, -1.2038, -1.6094, 0.7427, 34.0764, 90.3071
1740983550.367, 3.854, 1.375, -0.8449, -1.2038, -1.5985, 0.7077, 34.1023, 90.3499
1740983550.447, 3.856, 1.358, -0.8509, -1.2035, -1.5889, 0.7137, 34.1661, 90.3669
1740983550.527, 3.853, 1.358, -0.8570, -1.2039, -1.5801, 0.7505, 34.2305, 90.3320
1740983550.606, 3.852, 1.342, -0.8624, -1.2034, -1.5711, 0.7279, 34.3077, 90.2946
1740983550.686, 3.853, 1.329, -0.8682, -1.2042, -1.5628, 0.7782, 34.2848, 90.2595
1740983550.765, 3.853, 1.329, -0.8737, -1.2042, -1.5542, 0.7685, 34.3332, 90.1779
1740983550.845, 3.854, 1.304, -0.8797, -1.2055, -1.5461, 0.8366, 34.3854, 90.0542
1740983550.925, 3.853, 1.304, -0.8857, -1.2056, -1.5372, 0.7907, 34.5344, 90.0130
1740983551.004, 3.851, 1.291, -0.8917, -1.2047, -1.5273, 0.7383, 34.5353, 90.1066
1740983551.084, 3.852, 1.278, -0.8977, -1.2051, -1.5176, 0.6729, 34.5583, 90.1680
1740983551.164, 3.852, 1.263, -0.9045, -1.2054, -1.5080, 0.7650, 34.4858, 90.2099
1740983551.243, 3.852, 1.250, -0.9110, -1.2051, -1.4980, 0.8566, 34.3326, 90.2091
1740983551.323, 3.850, 1.250, -0.9173, -1.2051, -1.4882, 0.8359, 34.3889, 90.2310
1740983551.403, 3.851, 1.235, -0.9242, -1.2055, -1.4779, 0.8674, 34.4151, 90.1526
1740983551.482, 3.849, 1.220, -0.9311, -1.2053, -1.4674, 0.9052, 34.4215, 90.1226
1740983551.562, 3.849, 1.203, -0.9373, -1.2057, -1.4567, 0.9745, 34.4301, 90.1734
1740983551.641, 3.849, 1.190, -0.9446, -1.2055, -1.4466, 0.9881, 34.5201, 90.1134
1740983551.721, 3.848, 1.190, -0.9515, -1.2059, -1.4357, 0.9722, 34.2531, 90.1798
1740983551.801, 3.847, 1.174, -0.9574, -1.2059, -1.4242, 1.0271, 33.4164, 90.2670
1740983551.880, 3.847, 1.157, -0.9637, -1.2057, -1.4131, 0.9705, 33.0780, 90.3939
1740983551.960, 3.847, 1.140, -0.9702, -1.2060, -1.4023, 0.9643, 32.9759, 90.4211
1740983552.040, 3.846, 1.123, -0.9765, -1.2063, -1.3916, 0.9694, 32.8430, 90.3374
1740983552.119, 3.848, 1.123, -0.9832, -1.2061, -1.3808, 1.0508, 32.7029, 90.2426
1740983552.199, 3.848, 1.108, -0.9894, -1.2062, -1.3701, 1.0247, 32.6409, 90.1921
1740983552.279, 3.846, 1.093, -0.9959, -1.2065, -1.3596, 0.9817, 32.6816, 90.1613
1740983552.358, 3.846, 1.080, -1.0022, -1.2056, -1.3544, 1.7989, 32.9882, 89.2287
1740983552.438, 3.845, 1.065, -1.0053, -1.2053, -1.3500, 1.9505, 32.9478, 88.7489
1740983552.517, 3.845, 1.065, -1.0074, -1.2051, -1.3435, 1.3028, 32.9125, 88.1513
1740983552.597, 3.844, 1.057, -1.0134, -1.2053, -1.3318, 1.4088, 32.6691, 88.2271
1740983552.677, 3.845, 1.049, -1.0229, -1.2052, -1.3180, 1.6852, 32.7535, 88.2659
1740983552.757, 3.845, 1.031, -1.0326, -1.2065, -1.3012, 1.4444, 32.7481, 89.1327
1740983552.836, 3.844, 1.012, -1.0343, -1.2046, -1.2905, 0.4579, 31.8896, 88.6784
1740983552.916, 3.846, 1.012, -1.0394, -1.2048, -1.2817, 0.4633, 31.7539, 88.6269
1740983552.995, 3.852, 0.990, -1.0448, -1.2050, -1.2737, 0.7761, 31.6090, 88.2340
1740983553.075, 3.850, 0.981, -1.0503, -1.2051, -1.2643, 0.7760, 31.3308, 88.2169
1740983553.155, 3.850, 0.970, -1.0566, -1.2059, -1.2515, 0.5010, 31.0985, 89.0419
1740983553.234, 3.850, 0.953, -1.0697, -1.2063, -1.2372, 2.1201, 30.3377, 90.2819
1740983553.314, 3.850, 0.953, -1.0781, -1.2060, -1.2272, 3.2110, 30.0201, 89.5943
1740983553.394, 3.847, 0.932, -1.0847, -1.2057, -1.2176, 3.5860, 29.5930, 89.4747
1740983553.473, 3.845, 0.915, -1.0904, -1.2054, -1.2068, 3.5736, 29.2610, 89.4197
1740983553.553, 3.845, 0.904, -1.0970, -1.2058, -1.1941, 3.5909, 28.9071, 89.3951
1740983553.633, 3.848, 0.886, -1.0980, -1.2060, -1.1765, 0.8399, 29.3659, 91.8299
1740983553.712, 3.848, 0.886, -1.0958, -1.2043, -1.1661, -1.6529, 30.3662, 91.8142
1740983553.792, 3.857, 0.869, -1.1011, -1.2053, -1.1561, -1.6225, 30.4617, 91.8314
1740983553.871, 3.866, 0.852, -1.1095, -1.2055, -1.1451, -0.9361, 30.6026, 92.1524
1740983553.951, 3.866, 0.840, -1.1152, -1.2056, -1.1338, -1.0656, 30.7050, 91.7741
1740983554.031, 3.859, 0.822, -1.1204, -1.2055, -1.1286, -0.1090, 30.5445, 89.7054
1740983554.111, 3.859, 0.822, -1.1308, -1.2062, -1.1228, 2.1563, 30.4332, 88.1397
1740983554.190, 3.859, 0.810, -1.1404, -1.2063, -1.1130, 3.2764, 30.1023, 88.1296
1740983554.270, 3.849, 0.803, -1.1410, -1.2059, -1.1027, 1.4324, 30.1606, 87.4626
1740983554.349, 3.849, 0.782, -1.1477, -1.2067, -1.0910, 1.9162, 30.6233, 87.7807
1740983554.429, 3.852, 0.774, -1.1516, -1.2066, -1.0783, 0.6195, 29.7203, 88.3823
1740983554.509, 3.852, 0.774, -1.1560, -1.2060, -1.0680, 0.8081, 29.2969, 88.0474
1740983554.588, 3.863, 0.754, -1.1617, -1.2059, -1.0580, 0.8812, 29.3251, 87.9045
1740983554.668, 3.863, 0.742, -1.1679, -1.2061, -1.0466, 0.9568, 29.0955, 87.9029
1740983554.748, 3.866, 0.729, -1.1743, -1.2070, -1.0351, 0.9371, 28.9394, 88.1589
1740983554.827, 3.864, 0.710, -1.1817, -1.2069, -1.0245, 1.6291, 29.3298, 87.5367
1740983554.907, 3.869, 0.710, -1.1891, -1.2058, -1.0166, 2.6834, 28.5046, 86.9994
1740983554.987, 3.862, 0.697, -1.1943, -1.2046, -1.0121, 3.5966, 28.4068, 86.3981
1740983555.066, 3.862, 0.685, -1.2001, -1.2046, -1.0030, 3.7970, 28.2590, 86.6185
1740983555.146, 3.866, 0.673, -1.2077, -1.2052, -0.9909, 4.2471, 28.1991, 86.2835
1740983555.226, 3.867, 0.657, -1.2188, -1.2066, -0.9685, 4.3134, 27.6042, 88.9356
1740983555.305, 3.865, 0.657, -1.2179, -1.2067, -0.9422, -0.7954, 29.1007, 92.7591
1740983555.385, 3.735, 0.635, -1.2201, -1.2056, -0.9289, -1.3760, 28.9979, 91.8365
1740983555.464, 3.735, 0.612, -1.2291, -1.2069, -0.9183, -0.4887, 29.4346, 92.1233
1740983555.544, 3.888, 0.589, -1.2368, -1.2073, -0.9079, 0.1201, 29.6048, 92.0304
1740983555.624, 3.888, 0.578, -1.2456, -1.2073, -0.8994, 1.4377, 29.0694, 92.1856
1740983555.703, 3.879, 0.578, -1.2512, -1.2074, -0.8923, 2.3481, 28.7404, 91.4707
1740983555.783, 3.808, 0.558, -1.2552, -1.2073, -0.8809, 1.3181, 29.1258, 92.6631
1740983555.863, 3.808, 0.551, -1.2609, -1.2070, -0.8689, 1.2488, 28.9961, 92.7094
1740983555.942, 3.766, 0.532, -1.2651, -1.2083, -0.8564, 0.4135, 29.5604, 92.6036
1740983556.022, 3.744, 0.522, -1.2697, -1.2093, -0.8474, 0.3863, 29.3428, 91.3900
1740983556.102, 3.759, 0.522, -1.2744, -1.2104, -0.8436, 1.5057, 29.1906, 90.0736
1740983556.181, 3.743, 0.510, -1.2751, -1.2112, -0.8441, 1.5986, 29.1694, 90.0031
1740983556.261, 3.743, 0.493, -1.2752, -1.2114, -0.8443, 1.5870, 29.1639, 90.0157
1740983556.340, 3.733, 0.494, -1.2752, -1.2114, -0.8443, 1.6252, 29.1481, 89.9895
1740983556.420, 3.727, 0.494, -1.2753, -1.2115, -0.8444, 1.6104, 29.1391, 89.9759
1740983556.500, 3.728, 0.494, -1.2753, -1.2115, -0.8444, 1.6236, 29.1349, 89.9638
1740983556.580, 3.732, 0.498, -1.2754, -1.2115, -0.8444, 1.6461, 29.1432, 89.9572
1740983556.659, 3.732, 0.498, -1.2754, -1.2116, -0.8444, 1.6504, 29.1254, 89.9540
1740983556.739, 3.732, 0.499, -1.2754, -1.2116, -0.8446, 1.6228, 29.1705, 89.9967
1740983556.818, 3.731, 0.493, -1.2735, -1.2113, -0.8454, 1.0393, 29.3385, 90.6689
1740983556.898, 3.729, 0.493, -1.2713, -1.2103, -0.8480, 0.7019, 29.2323, 91.4968
1740983556.978, 3.736, 0.494, -1.2694, -1.2094, -0.8528, 0.8623, 29.2863, 92.4549
1740983557.057, 3.736, 0.505, -1.2643, -1.2086, -0.8653, 1.3508, 29.2264, 92.7752
1740983557.137, 3.737, 0.507, -1.2569, -1.2089, -0.8820, 1.3486, 29.9765, 92.5907
1740983557.217, 3.742, 0.507, -1.2517, -1.2094, -0.9000, 2.9743, 30.1661, 90.6850
1740983557.296, 3.874, 0.523, -1.2448, -1.2100, -0.9070, 0.9784, 31.0984, 92.2634
1740983557.376, 3.869, 0.543, -1.2360, -1.2093, -0.9146, -0.0060, 31.1454, 92.0854
1740983557.456, 3.869, 0.558, -1.2287, -1.2094, -0.9214, -1.1368, 31.3237, 91.9288
1740983557.535, 3.875, 0.577, -1.2282, -1.2090, -0.9270, -0.1099, 31.3099, 92.2542
1740983557.615, 3.885, 0.577, -1.2274, -1.2091, -0.9343, 0.8368, 31.1687, 92.4116
1740983557.694, 3.879, 0.580, -1.2205, -1.2090, -0.9427, 0.0513, 31.0879, 92.2586
1740983557.774, 3.868, 0.588, -1.2120, -1.2090, -0.9513, -1.1150, 31.0010, 91.7025
1740983557.854, 3.868, 0.602, -1.2172, -1.2097, -0.9552, 1.1252, 30.4009, 91.8736
1740983557.933, 3.883, 0.617, -1.2182, -1.2109, -0.9615, 2.1839, 30.3157, 91.0697
1740983558.013, 3.866, 0.617, -1.2172, -1.2094, -0.9613, 2.0739, 30.1912, 91.1792
1740983558.093, 3.863, 0.616, -1.2173, -1.2096, -0.9611, 2.1096, 30.1609, 91.1066
1740983558.172, 3.866, 0.622, -1.2172, -1.2096, -0.9617, 2.1574, 30.1010, 91.0773
1740983558.252, 3.866, 0.618, -1.2172, -1.2096, -0.9619, 2.1576, 30.0380, 91.1028
1740983558.332, 3.867, 0.623, -1.2171, -1.2096, -0.9619, 2.1520, 29.9230, 91.0761
1740983558.411, 3.867, 0.623, -1.2172, -1.2097, -0.9621, 2.2268, 29.9301, 91.0617
1740983558.491, 3.867, 0.623, -1.2168, -1.2095, -0.9623, 2.1693, 29.7468, 91.1207
1740983558.571, 3.865, 0.622, -1.2173, -1.2100, -0.9631, 2.1866, 29.7872, 91.1179
1740983558.650, 3.865, 0.620, -1.2174, -1.2098, -0.9628, 2.2111, 29.7505, 91.0880
1740983558.730, 3.870, 0.619, -1.2170, -1.2097, -0.9629, 2.1419, 29.5732, 91.2121
1740983558.809, 3.868, 0.619, -1.2163, -1.2096, -0.9647, 2.1934, 28.7506, 91.1903
1740983558.889, 3.868, 0.623, -1.2164, -1.2093, -0.9661, 2.0659, 27.4967, 91.3852
1740983558.969, 3.873, 0.622, -1.2174, -1.2095, -0.9694, 2.3877, 25.4188, 91.1689
1740983559.048, 3.873, 0.629, -1.2184, -1.2098, -0.9728, 2.3137, 22.7549, 91.2657
1740983559.128, 3.734, 0.634, -1.2218, -1.2096, -0.9785, 3.3487, 20.3485, 90.2551
1740983559.208, 2.406, 0.634, -1.2227, -1.2088, -0.9853, 3.6278, 18.2383, 89.4143
1740983559.287, 2.426, 0.644, -1.2182, -1.2086, -0.9972, 3.0328, 17.5629, 88.2255
1740983559.367, 2.439, 0.649, -1.2086, -1.2097, -1.0176, 1.6373, 17.5541, 87.5731
1740983559.447, 2.439, 0.672, -1.2012, -1.2105, -1.0379, 1.2378, 17.3922, 88.0511
1740983559.526, 2.448, 0.698, -1.1941, -1.2103, -1.0528, 0.1751, 16.8610, 89.0812
1740983559.606, 2.447, 0.698, -1.1918, -1.2097, -1.0699, 1.2672, 17.0977, 87.5074
1740983559.686, 2.448, 0.724, -1.1871, -1.2095, -1.0762, 0.3499, 16.3432, 88.5654
1740983559.765, 2.442, 0.743, -1.1842, -1.2093, -1.0870, 1.2495, 14.1469, 87.7058
1740983559.845, 2.442, 0.760, -1.1801, -1.2093, -1.0971, 1.3388, 11.4654, 87.6613
1740983559.924, 2.442, 0.784, -1.1762, -1.2095, -1.1070, 1.5308, 8.6718, 87.8211
1740983560.004, 2.171, 0.784, -1.1728, -1.2100, -1.1163, 1.4894, 6.0220, 88.0626
1740983560.084, 1.903, 0.814, -1.1720, -1.2122, -1.1223, 1.2886, 6.0571, 90.0328
1740983560.163, 1.754, 0.851, -1.1710, -1.2120, -1.1323, 1.0447, 5.8765, 89.9514
1740983560.243, 1.754, 0.863, -1.1708, -1.2119, -1.1362, 1.1525, 5.6724, 89.9704
1740983560.323, 1.776, 0.878, -1.1709, -1.2121, -1.1352, 1.1046, 5.8438, 89.9680
1740983560.402, 1.781, 0.878, -1.1710, -1.2119, -1.1340, 1.1017, 5.7482, 90.0026
1740983560.482, 1.788, 0.883, -1.1710, -1.2123, -1.1339, 1.0283, 5.7585, 89.9834
1740983560.562, 1.788, 0.879, -1.1712, -1.2120, -1.1342, 1.0221, 5.6703, 89.9422
1740983560.641, 1.787, 0.881, -1.1711, -1.2119, -1.1341, 1.0168, 5.6770, 89.9559
1740983560.721, 1.781, 0.882, -1.1711, -1.2121, -1.1341, 0.9766, 5.6994, 89.9464
1740983560.801, 1.779, 0.882, -1.1711, -1.2121, -1.1341, 0.9609, 5.7065, 89.9443
1740983560.880, 1.779, 0.879, -1.1711, -1.2121, -1.1340, 0.9480, 5.7064, 89.9452
1740983560.960, 1.779, 0.882, -1.1712, -1.2121, -1.1342, 0.9337, 5.7203, 89.9333
1740983561.040, 1.779, 0.879, -1.1712, -1.2122, -1.1342, 0.9353, 5.7660, 89.9436
1740983561.119, 1.780, 0.879, -1.1720, -1.2121, -1.1370, 0.9270, 6.5692, 89.9393
1740983561.199, 1.783, 0.879, -1.1735, -1.2123, -1.1435, 0.9524, 8.5085, 89.9820
1740983561.278, 1.858, 0.876, -1.1754, -1.2124, -1.1536, 0.8683, 11.6019, 89.9435
1740983561.358, 1.858, 0.871, -1.1757, -1.2097, -1.1562, 0.1643, 13.3300, 91.3989
1740983561.438, 2.098, 0.854, -1.1773, -1.2097, -1.1603, 0.2221, 15.0968, 92.0446
1740983561.518, 2.423, 0.848, -1.1800, -1.2093, -1.1691, 0.5771, 18.0841, 92.3253
1740983561.597, 2.432, 0.848, -1.1813, -1.2095, -1.1827, 0.6437, 22.2352, 92.4648
1740983561.677, 2.375, 0.843, -1.1831, -1.2097, -1.2006, 1.5925, 27.1251, 91.5001
1740983561.756, 2.375, 0.836, -1.1843, -1.2098, -1.2209, 3.5118, 32.3677, 88.9042
1740983561.836, 3.679, 0.838, -1.1830, -1.2103, -1.2345, 3.9473, 36.1316, 88.5144
1740983561.916, 3.767, 0.856, -1.1783, -1.2103, -1.2417, 3.5599, 38.0465, 88.7757
1740983561.995, 3.759, 0.856, -1.1742, -1.2107, -1.2470, 3.5285, 38.1940, 88.7616
1740983562.075, 3.770, 0.872, -1.1709, -1.2107, -1.2505, 3.4083, 38.2200, 88.8737
1740983562.155, 3.770, 0.886, -1.1679, -1.2110, -1.2531, 3.1368, 38.1001, 89.0054
1740983562.234, 3.771, 0.890, -1.1657, -1.2111, -1.2547, 2.8994, 38.0767, 89.1218
1740983562.314, 3.773, 0.894, -1.1653, -1.2113, -1.2549, 2.8389, 38.0322, 89.1812
1740983562.393, 3.774, 0.894, -1.1652, -1.2112, -1.2549, 2.8613, 38.0304, 89.1714
1740983562.473, 3.772, 0.895, -1.1651, -1.2112, -1.2549, 2.9013, 38.0612, 89.1667
1740983562.553, 3.772, 0.895, -1.1632, -1.2114, -1.2561, 2.5241, 38.0801, 89.4139
1740983562.632, 3.772, 0.895, -1.1542, -1.2113, -1.2593, -0.1653, 37.6028, 90.2687
1740983562.712, 3.775, 0.899, -1.1498, -1.2117, -1.2643, 0.5365, 35.9924, 89.3235
1740983562.792, 3.784, 0.899, -1.1476, -1.2120, -1.2651, 1.0613, 33.9315, 89.6869
1740983562.871, 3.774, 0.907, -1.1451, -1.2117, -1.2672, 1.0103, 32.7506, 89.7161
1740983562.951, 3.774, 0.909, -1.1413, -1.2112, -1.2704, 0.6603, 32.0524, 89.5586
1740983563.031, 3.773, 0.912, -1.1386, -1.2104, -1.2747, 0.6361, 32.0321, 89.0701
1740983563.110, 3.774, 0.919, -1.1343, -1.2097, -1.2819, 0.5234, 32.1158, 88.6695
1740983563.190, 3.776, 0.919, -1.1260, -1.2092, -1.2964, 0.5592, 32.2681, 88.5510
1740983563.269, 3.773, 0.926, -1.1151, -1.2091, -1.3209, 1.7596, 32.6050, 87.2924
1740983563.349, 3.773, 0.941, -1.1028, -1.2096, -1.3404, 1.4134, 32.3606, 87.7863
1740983563.429, 3.776, 0.972, -1.0924, -1.2091, -1.3579, 1.5773, 31.8896, 88.0603
1740983563.508, 3.772, 1.002, -1.0860, -1.2105, -1.3684, 1.1572, 31.5156, 90.1359
1740983563.588, 3.771, 1.002, -1.0790, -1.2102, -1.3807, 1.3711, 31.5103, 89.8936
1740983563.668, 3.772, 1.021, -1.0731, -1.2104, -1.3921, 1.4358, 31.4459, 89.8540
1740983563.747, 3.772, 1.042, -1.0664, -1.2108, -1.4038, 1.3614, 31.4647, 89.9222
1740983563.827, 3.772, 1.056, -1.0589, -1.2114, -1.4170, 1.2870, 31.5699, 89.9629
1740983563.907, 3.772, 1.074, -1.0508, -1.2110, -1.4308, 1.2300, 31.5592, 90.1087
1740983563.986, 3.771, 1.074, -1.0428, -1.2109, -1.4453, 1.2169, 31.6216, 90.1732
1740983564.066, 3.770, 1.092, -1.0349, -1.2099, -1.4590, 1.2114, 31.7551, 90.1210
1740983564.146, 3.770, 1.112, -1.0268, -1.2099, -1.4733, 1.2408, 31.8208, 90.0678
1740983564.225, 3.770, 1.131, -1.0185, -1.2088, -1.4862, 1.1511, 31.8047, 90.0588
1740983564.305, 3.769, 1.150, -1.0108, -1.2088, -1.4997, 1.1071, 31.8534, 90.1404
1740983564.385, 3.768, 1.150, -1.0034, -1.2088, -1.5126, 1.1501, 31.8667, 90.2516
1740983564.464, 3.770, 1.172, -0.9956, -1.2084, -1.5265, 1.1801, 31.8210, 90.2325
1740983564.544, 3.770, 1.190, -0.9878, -1.2081, -1.5403, 1.2157, 31.8312, 90.2050
1740983564.624, 3.767, 1.209, -0.9801, -1.2083, -1.5541, 1.2623, 31.9266, 90.1502
1740983564.703, 3.768, 1.209, -0.9720, -1.2077, -1.5681, 1.3232, 31.9819, 90.0471
1740983564.783, 3.764, 1.229, -0.9638, -1.2076, -1.5817, 1.1940, 31.9762, 90.0843
1740983564.863, 3.767, 1.250, -0.9559, -1.2081, -1.5948, 1.0886, 32.0503, 90.0600
1740983564.942, 3.767, 1.268, -0.9480, -1.2078, -1.6079, 1.0526, 32.0851, 90.0968
1740983565.022, 3.768, 1.288, -0.9405, -1.2071, -1.6215, 1.1050, 32.1832, 90.1258
1740983565.101, 3.767, 1.288, -0.9325, -1.2073, -1.6350, 1.1092, 32.2676, 90.1249
1740983565.181, 3.764, 1.309, -0.9247, -1.2067, -1.6486, 1.1788, 32.3764, 90.0259
1740983565.261, 3.765, 1.329, -0.9165, -1.2065, -1.6621, 1.0983, 32.4754, 89.9614
1740983565.340, 3.765, 1.348, -0.9081, -1.2061, -1.6753, 0.9868, 32.4607, 90.0992
1740983565.420, 3.761, 1.366, -0.9005, -1.2060, -1.6880, 1.0069, 32.4793, 90.1906
1740983565.500, 3.766, 1.366, -0.8944, -1.2059, -1.6984, 0.9600, 32.4928, 90.2834
1740983565.579, 3.762, 1.384, -0.8894, -1.2060, -1.7069, 1.0184, 32.5497, 90.2540
1740983565.659, 3.762, 1.401, -0.8853, -1.2054, -1.7141, 1.1147, 32.5606, 90.2869
1740983565.739, 3.762, 1.414, -0.8810, -1.2054, -1.7214, 1.1620, 32.5799, 90.2746
1740983565.818, 3.762, 1.423, -0.8762, -1.2051, -1.7299, 1.1963, 32.6644, 90.2251
1740983565.898, 3.766, 1.423, -0.8705, -1.2053, -1.7396, 1.2538, 32.7071, 90.1412
1740983565.977, 3.766, 1.435, -0.8642, -1.2052, -1.7499, 1.1890, 32.8110, 90.0896
1740983566.057, 3.766, 1.447, -0.8575, -1.2049, -1.7608, 1.1564, 32.8634, 90.0882
1740983566.137, 3.765, 1.463, -0.8508, -1.2046, -1.7715, 1.0997, 32.8903, 90.1403
1740983566.216, 3.765, 1.479, -0.8436, -1.2046, -1.7831, 0.9717, 32.9450, 90.1838
1740983566.296, 3.762, 1.479, -0.8366, -1.2049, -1.7950, 0.9923, 33.0173, 90.2143
1740983566.376, 3.767, 1.496, -0.8290, -1.2049, -1.8069, 0.9678, 33.0901, 90.2907
1740983566.455, 3.767, 1.514, -0.8218, -1.2043, -1.8191, 0.9996, 33.1628, 90.2721
1740983566.535, 3.763, 1.533, -0.8147, -1.2038, -1.8308, 1.0607, 33.2098, 90.2169
1740983566.615, 3.763, 1.551, -0.8071, -1.2033, -1.8424, 0.9642, 33.2739, 90.1907
1740983566.694, 3.767, 1.551, -0.7998, -1.2025, -1.8537, 0.9282, 33.2609, 90.2268
1740983566.774, 3.764, 1.569, -0.7927, -1.2025, -1.8655, 0.9026, 33.2764, 90.2776
1740983566.853, 3.764, 1.585, -0.7852, -1.2029, -1.8772, 0.8506, 33.3002, 90.3629
1740983566.933, 3.765, 1.603, -0.7780, -1.2032, -1.8891, 0.8383, 33.3487, 90.3737
1740983567.013, 3.765, 1.621, -0.7709, -1.2027, -1.9005, 0.7835, 33.3806, 90.3503
1740983567.092, 3.767, 1.621, -0.7636, -1.2024, -1.9122, 0.7482, 33.3546, 90.3266
1740983567.172, 3.766, 1.637, -0.7564, -1.2022, -1.9239, 0.7767, 33.4459, 90.2624
1740983567.252, 3.766, 1.656, -0.7492, -1.2018, -1.9355, 0.7834, 33.4613, 90.1893
1740983567.331, 3.768, 1.672, -0.7419, -1.2018, -1.9469, 0.6936, 33.5043, 90.1982
1740983567.411, 3.767, 1.688, -0.7353, -1.2017, -1.9576, 0.6745, 33.5605, 90.1935
1740983567.491, 3.770, 1.688, -0.7282, -1.2013, -1.9686, 0.6734, 33.5749, 90.2465
1740983567.570, 3.770, 1.706, -0.7214, -1.2007, -1.9794, 0.6862, 33.6427, 90.3422
1740983567.650, 3.770, 1.722, -0.7146, -1.2009, -1.9909, 0.6841, 33.7293, 90.3493
1740983567.730, 3.769, 1.737, -0.7072, -1.2009, -2.0022, 0.6676, 33.7522, 90.3998
1740983567.809, 3.767, 1.753, -0.6998, -1.2007, -2.0134, 0.5383, 33.8461, 90.3593
1740983567.889, 3.767, 1.753, -0.6924, -1.2005, -2.0248, 0.4344, 33.9226, 90.3235
1740983567.969, 3.770, 1.771, -0.6851, -1.2002, -2.0360, 0.3354, 33.9482, 90.4366
1740983568.048, 3.770, 1.788, -0.6782, -1.2000, -2.0472, 0.3381, 34.0274, 90.4788
1740983568.128, 3.770, 1.804, -0.6710, -1.2000, -2.0582, 0.3341, 34.0669, 90.5497
1740983568.208, 3.770, 1.822, -0.6643, -1.1995, -2.0692, 0.3932, 34.1183, 90.5799
1740983568.287, 3.765, 1.822, -0.6573, -1.1995, -2.0804, 0.4604, 34.1992, 90.4964
1740983568.367, 3.753, 1.839, -0.6504, -1.1991, -2.0916, 0.4842, 34.2637, 90.4248
1740983568.446, 3.753, 1.856, -0.6433, -1.1989, -2.1028, 0.4981, 34.3868, 90.3384
1740983568.526, 3.747, 1.872, -0.6361, -1.1988, -2.1140, 0.4976, 34.4318, 90.2577
1740983568.606, 3.751, 1.890, -0.6289, -1.1984, -2.1247, 0.4151, 34.5058, 90.2889
1740983568.685, 3.751, 1.890, -0.6219, -1.1980, -2.1352, 0.3605, 34.5799, 90.3861
1740983568.765, 3.749, 1.905, -0.6151, -1.1979, -2.1459, 0.4056, 34.6758, 90.4181
1740983568.845, 3.749, 1.921, -0.6082, -1.1978, -2.1565, 0.3947, 34.8112, 90.5067
1740983568.924, 3.752, 1.936, -0.6013, -1.1978, -2.1673, 0.3987, 34.9253, 90.4943
1740983569.004, 3.752, 1.953, -0.5943, -1.1977, -2.1783, 0.4807, 35.0564, 90.4484
1740983569.084, 3.753, 1.953, -0.5867, -1.1976, -2.1900, 0.4786, 35.2048, 90.3816
1740983569.163, 3.752, 1.970, -0.5790, -1.1975, -2.2012, 0.3244, 35.2675, 90.4360
1740983569.243, 3.752, 1.989, -0.5713, -1.1974, -2.2125, 0.2901, 35.3566, 90.4532
1740983569.323, 3.755, 2.006, -0.5642, -1.1968, -2.2233, 0.2771, 35.4187, 90.5933
1740983569.402, 3.754, 2.022, -0.5573, -1.1969, -2.2341, 0.3049, 35.5023, 90.6125
1740983569.482, 3.757, 2.022, -0.5502, -1.1960, -2.2444, 0.3691, 35.5475, 90.6556
1740983569.561, 3.758, 2.037, -0.5434, -1.1959, -2.2549, 0.4339, 35.6665, 90.6125
1740983569.641, 3.758, 2.051, -0.5369, -1.1956, -2.2649, 0.5023, 35.8265, 90.5095
1740983569.721, 3.759, 2.069, -0.5296, -1.1957, -2.2761, 0.5598, 35.9342, 90.4294
1740983569.800, 3.761, 2.085, -0.5225, -1.1955, -2.2869, 0.5729, 36.0690, 90.3585
1740983569.880, 3.761, 2.085, -0.5149, -1.1951, -2.2976, 0.5692, 36.1810, 90.2958
1740983569.960, 3.761, 2.103, -0.5081, -1.1949, -2.3076, 0.5561, 36.3321, 90.3354
1740983570.039, 3.761, 2.121, -0.5015, -1.1945, -2.3168, 0.5231, 36.4234, 90.4306
1740983570.119, 3.762, 2.136, -0.4960, -1.1943, -2.3254, 0.6243, 36.5276, 90.4534
1740983570.199, 3.766, 2.136, -0.4901, -1.1940, -2.3341, 0.6498, 36.7085, 90.4678
1740983570.278, 3.765, 2.149, -0.4838, -1.1940, -2.3434, 0.7052, 36.8140, 90.4263
1740983570.358, 3.769, 2.164, -0.4763, -1.1942, -2.3528, 0.7594, 36.1816, 90.3281
1740983570.437, 3.769, 2.179, -0.4677, -1.1939, -2.3610, 0.7312, 34.0779, 90.2987
1740983570.517, 3.768, 2.190, -0.4596, -1.1935, -2.3705, 0.6237, 32.6821, 90.2217
1740983570.597, 3.762, 2.190, -0.4534, -1.1929, -2.3799, 0.5556, 32.5608, 90.1872
1740983570.676, 3.764, 2.202, -0.4484, -1.1924, -2.3884, 0.5477, 32.5598, 90.2223
1740983570.756, 3.768, 2.216, -0.4432, -1.1929, -2.3972, 0.4984, 32.6018, 90.2787
1740983570.836, 3.768, 2.229, -0.4381, -1.1926, -2.4057, 0.4509, 32.6398, 90.3587
1740983570.915, 3.764, 2.241, -0.4327, -1.1935, -2.4150, 0.4607, 32.6870, 90.3945
1740983570.995, 3.763, 2.241, -0.4276, -1.1940, -2.4245, 0.4957, 32.7212, 90.2942
1740983571.076, 3.768, 2.255, -0.4210, -1.1925, -2.4348, 0.5515, 32.7891, 90.1735
1740983571.154, 3.767, 2.267, -0.4150, -1.1920, -2.4449, 0.5661, 32.7695, 90.0912
1740983571.234, 3.767, 2.282, -0.4083, -1.1922, -2.4563, 0.6432, 32.8344, 89.9809
1740983571.314, 3.767, 2.296, -0.4013, -1.1920, -2.4672, 0.5782, 32.8405, 89.9586
1740983571.393, 3.766, 2.296, -0.3946, -1.1923, -2.4784, 0.5409, 32.8614, 89.9648
1740983571.473, 3.767, 2.311, -0.3878, -1.1919, -2.4890, 0.4424, 32.8437, 90.0955
1740983571.553, 3.767, 2.328, -0.3814, -1.1917, -2.4994, 0.4042, 32.9379, 90.2092
1740983571.632, 3.765, 2.343, -0.3746, -1.1919, -2.5104, 0.3207, 33.0366, 90.2780
1740983571.712, 3.768, 2.358, -0.3682, -1.1915, -2.5214, 0.3865, 33.1446, 90.2295
1740983571.791, 3.764, 2.358, -0.3606, -1.1913, -2.5333, 0.3239, 33.2593, 90.2263
1740983571.871, 3.763, 2.378, -0.3533, -1.1911, -2.5450, 0.2644, 33.3854, 90.1163
1740983571.951, 3.763, 2.395, -0.3458, -1.1909, -2.5564, 0.2518, 33.4235, 90.1133
1740983572.030, 3.767, 2.413, -0.3390, -1.1913, -2.5676, 0.3101, 33.4412, 90.1654
1740983572.110, 3.769, 2.429, -0.3326, -1.1912, -2.5785, 0.3326, 33.4740, 90.2381
1740983572.190, 3.769, 2.429, -0.3254, -1.1909, -2.5895, 0.3004, 33.5169, 90.3454
1740983572.269, 3.768, 2.440, -0.3186, -1.1905, -2.6006, 0.3015, 33.5587, 90.3958
1740983572.349, 3.768, 2.460, -0.3112, -1.1904, -2.6124, 0.3254, 33.6492, 90.3227
1740983572.429, 3.766, 2.471, -0.3038, -1.1904, -2.6245, 0.3343, 33.7335, 90.2696
1740983572.508, 3.770, 2.490, -0.2964, -1.1903, -2.6364, 0.3690, 33.8366, 90.2492
1740983572.588, 3.770, 2.490, -0.2889, -1.1903, -2.6477, 0.3002, 33.8749, 90.2448
1740983572.668, 3.771, 2.509, -0.2819, -1.1902, -2.6589, 0.2645, 33.9489, 90.2658
1740983572.747, 3.771, 2.527, -0.2753, -1.1900, -2.6693, 0.2311, 33.9728, 90.2854
1740983572.827, 3.772, 2.544, -0.2687, -1.1899, -2.6795, 0.2205, 34.0135, 90.3493
1740983572.906, 3.771, 2.561, -0.2619, -1.1898, -2.6899, 0.1906, 34.1279, 90.4274
1740983572.986, 3.772, 2.561, -0.2589, -1.1891, -2.7000, 1.1325, 34.4632, 90.2526
1740983573.066, 3.773, 2.570, -0.2572, -1.1877, -2.7089, 2.2766, 34.5077, 89.5272
1740983573.145, 3.773, 2.590, -0.2529, -1.1872, -2.7175, 2.6707, 34.7147, 89.3023
1740983573.225, 3.766, 2.602, -0.2464, -1.1868, -2.7272, 2.7046, 34.9848, 89.3846
1740983573.305, 3.772, 2.613, -0.2391, -1.1863, -2.7387, 2.7794, 35.1310, 89.4600
1740983573.384, 3.775, 2.613, -0.2308, -1.1864, -2.7497, 2.2793, 35.2336, 90.0648
1740983573.464, 3.777, 2.624, -0.2234, -1.1861, -2.7615, 2.3887, 35.4122, 89.9129
1740983573.544, 3.777, 2.644, -0.2114, -1.1877, -2.7713, 0.6880, 35.5588, 90.5766
1740983573.623, 3.774, 2.661, -0.2011, -1.1887, -2.7819, -0.1680, 35.9415, 90.4921
1740983573.703, 3.774, 2.683, -0.1956, -1.1878, -2.7882, -0.4734, 35.2573, 91.0137
1740983573.783, 3.783, 2.683, -0.1959, -1.1873, -2.7883, -0.4839, 35.4636, 91.2018
1740983573.982, 3.783, 2.700, -0.1956, -1.1875, -2.7883, -0.5961, 35.5018, 91.2395
1740983574.061, 3.780, 2.694, -0.1944, -1.1867, -2.7896, -0.7847, 35.7404, 91.8799
1740983574.141, 3.780, 2.694, -0.1912, -1.1857, -2.7952, -0.6552, 35.9790, 92.8432
1740983574.220, 3.784, 2.703, -0.1804, -1.1851, -2.8102, -0.8740, 36.3147, 92.8395
1740983574.300, 3.785, 2.715, -0.1707, -1.1847, -2.8272, -2.4708, 42.8362, 92.7146
1740983574.380, 3.789, 2.715, -0.1646, -1.1860, -2.8418, -2.3103, 48.2897, 92.3135
1740983574.459, 3.868, 2.757, -0.1570, -1.1861, -2.8568, 0.8212, 49.7183, 88.9016
1740983574.539, 3.868, 2.856, -0.1467, -1.1857, -2.8676, 1.3923, 49.4417, 88.0137
1740983574.619, 3.952, 2.907, -0.1331, -1.1850, -2.8757, 0.1845, 48.8210, 88.1996
1740983574.698, 3.950, 2.922, -0.1228, -1.1843, -2.8866, 0.9757, 48.6962, 88.1191
1740983574.778, 3.946, 2.922, -0.1097, -1.1849, -2.8942, -0.6198, 47.4512, 89.4325
1740983574.858, 3.945, 2.936, -0.1012, -1.1835, -2.9021, -0.3561, 47.2363, 88.6149
1740983574.937, 3.945, 2.934, -0.0950, -1.1833, -2.9083, -0.2334, 47.3325, 88.5556
1740983575.017, 3.922, 2.941, -0.0864, -1.1832, -2.9142, -0.3311, 45.5993, 88.6519
1740983575.097, 3.943, 2.944, -0.0756, -1.1827, -2.9217, -0.1256, 43.2817, 88.6297
1740983575.176, 3.911, 2.944, -0.0649, -1.1837, -2.9289, -0.7854, 41.8913, 90.1761
1740983575.256, 3.870, 2.927, -0.0580, -1.1849, -2.9414, 0.5780, 42.6306, 90.3896
1740983575.336, 3.870, 2.915, -0.0474, -1.1849, -2.9523, 0.2285, 43.0934, 90.4195
1740983575.415, 3.873, 2.939, -0.0401, -1.1846, -2.9617, 0.3257, 43.0160, 90.3414
1740983575.495, 3.879, 2.960, -0.0346, -1.1845, -2.9681, 0.2771, 43.1024, 90.3798
1740983575.575, 3.887, 2.960, -0.0296, -1.1844, -2.9732, 0.2328, 43.1045, 90.4477
1740983575.654, 3.887, 2.982, -0.0241, -1.1845, -2.9793, 0.1567, 43.1481, 90.5182
1740983575.734, 3.887, 2.986, -0.0164, -1.1845, -2.9863, 0.1808, 42.1631, 90.4471
1740983575.814, 3.891, 3.000, -0.0070, -1.1841, -2.9926, 0.2116, 39.2464, 90.5115
1740983575.893, 3.887, 3.000, 0.0033, -1.1838, -2.9998, 0.1002, 36.2069, 90.5185
1740983575.973, 3.854, 2.987, 0.0113, -1.1840, -3.0095, 0.1198, 34.9420, 90.4391
1740983576.052, 3.842, 2.975, 0.0181, -1.1839, -3.0201, 0.1651, 34.9865, 90.4498
1740983576.132, 3.842, 2.988, 0.0241, -1.1836, -3.0296, 0.2453, 35.0289, 90.4347
1740983576.212, 3.842, 3.006, 0.0298, -1.1828, -3.0380, 0.2340, 35.0686, 90.4343
1740983576.291, 3.840, 3.006, 0.0353, -1.1826, -3.0464, 0.2603, 35.1047, 90.4917
1740983576.371, 3.844, 3.012, 0.0409, -1.1828, -3.0547, 0.2236, 35.1007, 90.5333
1740983576.451, 3.843, 3.027, 0.0466, -1.1828, -3.0635, 0.1809, 35.2172, 90.5981
1740983576.530, 3.843, 3.040, 0.0530, -1.1822, -3.0724, 0.1336, 35.3354, 90.6775
1740983576.610, 3.846, 3.056, 0.0596, -1.1824, -3.0820, 0.0993, 35.1539, 90.6941
1740983576.690, 3.846, 3.056, 0.0673, -1.1825, -3.0906, 0.1316, 33.5363, 90.6973
1740983576.769, 3.844, 3.066, 0.0744, -1.1824, -3.0987, 0.1738, 31.9074, 90.6672
1740983576.849, 3.845, 3.077, 0.0803, -1.1820, -3.1079, 0.2258, 31.5745, 90.6176
1740983576.928, 3.845, 3.092, 0.0852, -1.1825, -3.1177, 0.3107, 31.6493, 90.5498
1740983577.008, 3.846, 3.102, 0.0907, -1.1815, -3.1265, 0.3429, 31.7554, 90.6098
1740983577.088, 3.848, 3.102, 0.0964, -1.1821, -3.1362, 0.2830, 31.8689, 90.6126
1740983577.167, 3.846, 3.113, 0.1027, -1.1804, -3.1403, -0.7255, 31.7642, 91.5438
1740983577.247, 3.846, 3.133, 0.1047, -1.1797, -3.1419, -1.2377, 31.7453, 92.0636
1740983577.327, 3.848, 3.143, 0.1044, -1.1796, -3.1423, -1.0182, 31.8439, 92.3182
1740983577.406, 3.857, 3.141, 0.1043, -1.1798, -3.1422, -0.9616, 31.9142, 92.4335
1740983577.486, 3.850, 3.141, 0.1050, -1.1793, -3.1445, -0.7211, 32.0123, 92.9370
1740983577.566, 3.854, 3.141, 0.1092, -1.1783, -3.1537, -0.5944, 32.1856, 93.3484
1740983577.645, 3.854, 3.140, 0.1160, -1.1773, -3.1679, -0.1055, 32.3551, 93.3718
1740983577.725, 3.851, 3.157, 0.1230, -1.1770, -3.1876, 1.3458, 32.5435, 91.8375
1740983577.804, 3.846, 3.179, 0.1292, -1.1780, -3.2076, 3.1906, 33.7720, 89.1414
1740983577.884, 3.842, 3.179, 0.1409, -1.1790, -3.2147, 0.5874, 33.2469, 91.1430
1740983577.964, 3.842, 3.198, 0.1481, -1.1797, -3.2236, 0.2410, 33.7782, 91.0863
1740983578.043, 3.842, 3.220, 0.1520, -1.1795, -3.2298, 0.2122, 33.8201, 91.0488
1740983578.123, 3.845, 3.235, 0.1550, -1.1790, -3.2347, 0.2103, 33.8594, 91.0703
1740983578.203, 3.846, 3.241, 0.1590, -1.1787, -3.2405, 0.1223, 33.9915, 91.1451
1740983578.282, 3.849, 3.241, 0.1646, -1.1785, -3.2490, 0.1236, 34.1962, 91.1462
1740983578.362, 3.847, 3.249, 0.1717, -1.1774, -3.2570, -0.2946, 33.6659, 90.7737
1740983578.442, 3.847, 3.259, 0.1734, -1.1775, -3.2617, 0.0472, 33.7235, 89.9494
1740983578.521, 3.849, 3.277, 0.1741, -1.1773, -3.2613, -0.2804, 33.5823, 90.2523
1740983578.601, 3.848, 3.282, 0.1741, -1.1771, -3.2615, -0.2469, 33.5029, 90.2180
1740983578.681, 3.849, 3.282, 0.1751, -1.1774, -3.2625, -0.4299, 33.4207, 90.2866
1740983578.760, 3.850, 3.282, 0.1795, -1.1767, -3.2667, -1.0268, 33.3894, 90.4899
1740983578.840, 3.850, 3.281, 0.1888, -1.1751, -3.2787, -1.7581, 33.7670, 90.9384
1740983578.919, 3.849, 3.284, 0.1990, -1.1736, -3.3025, 0.1359, 34.0529, 88.7860
1740983578.999, 3.855, 3.316, 0.2111, -1.1753, -3.3234, 0.7914, 33.4020, 88.5989
1740983579.079, 3.848, 3.316, 0.2210, -1.1763, -3.3373, 0.3425, 32.0543, 90.5172
1740983579.158, 3.846, 3.345, 0.2287, -1.1767, -3.3501, 0.5698, 31.7770, 90.6180
1740983579.238, 3.846, 3.363, 0.2339, -1.1767, -3.3593, 0.5835, 31.6879, 90.5940
1740983579.318, 3.848, 3.385, 0.2388, -1.1765, -3.3676, 0.5451, 31.5926, 90.5954
1740983579.397, 3.849, 3.396, 0.2450, -1.1756, -3.3778, 0.5599, 31.4255, 90.5990
1740983579.477, 3.849, 3.396, 0.2525, -1.1759, -3.3908, 0.6101, 31.1974, 90.5300
1740983579.557, 3.848, 3.411, 0.2611, -1.1752, -3.4056, 0.5840, 31.0240, 90.5208
1740983579.636, 3.848, 3.427, 0.2698, -1.1750, -3.4209, 0.5721, 30.8532, 90.5092
1740983579.716, 3.850, 3.451, 0.2784, -1.1760, -3.4363, 0.6342, 30.7445, 90.4602
1740983579.796, 3.851, 3.471, 0.2861, -1.1747, -3.4493, 0.6542, 30.6927, 90.4334
1740983579.875, 3.852, 3.471, 0.2930, -1.1739, -3.4613, 0.7323, 30.6430, 90.4737
1740983579.955, 3.852, 3.489, 0.3001, -1.1739, -3.4737, 0.6797, 30.4991, 90.4214
1740983580.035, 3.852, 3.510, 0.3076, -1.1738, -3.4864, 0.6110, 30.3115, 90.4297
1740983580.114, 3.850, 3.526, 0.3151, -1.1735, -3.4997, 0.6565, 30.2187, 90.4200
1740983580.194, 3.849, 3.544, 0.3226, -1.1735, -3.5135, 0.7066, 30.1288, 90.3426
1740983580.274, 3.849, 3.544, 0.3299, -1.1727, -3.5263, 0.6899, 30.0208, 90.4670
1740983580.353, 3.848, 3.563, 0.3367, -1.1717, -3.5389, 0.7680, 29.9290, 90.4125
1740983580.433, 3.848, 3.581, 0.3434, -1.1720, -3.5510, 0.7525, 29.8700, 90.3835
1740983580.512, 3.848, 3.603, 0.3497, -1.1724, -3.5621, 0.7268, 29.7533, 90.3212
1740983580.592, 3.848, 3.620, 0.3557, -1.1722, -3.5729, 0.7189, 29.6297, 90.3037
1740983580.672, 3.849, 3.620, 0.3618, -1.1724, -3.5837, 0.6802, 29.4894, 90.3279
1740983580.751, 3.850, 3.633, 0.3678, -1.1720, -3.5944, 0.6285, 29.4833, 90.4399
1740983580.831, 3.850, 3.650, 0.3728, -1.1716, -3.6050, 0.8736, 29.4605, 90.2982
1740983580.911, 3.849, 3.669, 0.3750, -1.1711, -3.6134, 1.6198, 29.6415, 90.1365
1740983580.990, 3.848, 3.682, 0.3785, -1.1706, -3.6218, 1.9433, 29.6129, 89.9720
1740983581.070, 3.844, 3.682, 0.3831, -1.1695, -3.6259, 1.0180, 29.7793, 92.0013
1740983581.150, 3.848, 3.692, 0.3881, -1.1682, -3.6327, 0.7449, 29.8716, 92.7154
1740983581.229, 3.848, 3.700, 0.3951, -1.1676, -3.6450, 0.6790, 29.7818, 92.6944
1740983581.309, 3.844, 3.709, 0.4037, -1.1681, -3.6594, 0.5082, 29.6776, 92.5831
1740983581.389, 3.847, 3.709, 0.4159, -1.1699, -3.6794, 0.1027, 29.4522, 90.3819
1740983581.468, 3.846, 3.731, 0.4223, -1.1714, -3.6962, 0.6520, 28.3940, 90.2809
1740983581.548, 3.845, 3.756, 0.4272, -1.1712, -3.7047, 0.6509, 28.5150, 90.3697
1740983581.627, 3.845, 3.782, 0.4308, -1.1703, -3.7098, 0.5930, 28.3107, 90.3444
1740983581.707, 3.849, 3.798, 0.4330, -1.1703, -3.7150, 0.6596, 28.3680, 90.4222
1740983581.787, 3.850, 3.798, 0.4367, -1.1700, -3.7223, 0.7093, 28.3385, 90.4403
1740983581.866, 3.849, 3.807, 0.4408, -1.1693, -3.7315, 0.9359, 28.5612, 90.0261
1740983581.948, 3.846, 3.814, 0.4445, -1.1689, -3.7405, 1.2972, 28.4458, 89.6656
1740983583.838, 3.833, 4.059, 0.5503, -1.1657, -3.9378, 0.7587, 29.2581, 90.6500
1740983583.917, 3.831, 4.057, 0.5502, -1.1657, -3.9377, 0.7523, 29.2581, 90.6618
1740983583.997, 3.831, 4.057, 0.5501, -1.1657, -3.9377, 0.7593, 29.2633, 90.6509
1740983584.077, 3.831, 4.057, 0.5502, -1.1657, -3.9378, 0.7576, 29.2630, 90.6412
1740983584.156, 3.829, 4.057, 0.5502, -1.1657, -3.9376, 0.7598, 29.2726, 90.6358
1740983584.236, 3.829, 4.058, 0.5500, -1.1657, -3.9375, 0.7599, 29.2715, 90.6416
1740983584.315, 3.832, 4.058, 0.5503, -1.1657, -3.9378, 0.7580, 29.2695, 90.6300
1740983584.395, 3.832, 4.058, 0.5503, -1.1656, -3.9377, 0.7596, 29.2635, 90.6268
1740983584.475, 3.830, 4.058, 0.5502, -1.1657, -3.9378, 0.7637, 29.2604, 90.6126
1740983584.554, 3.832, 4.057, 0.5501, -1.1656, -3.9377, 0.7695, 29.2587, 90.6111
1740983584.634, 3.832, 4.057, 0.5503, -1.1657, -3.9377, 0.7692, 29.2690, 90.6169
1740983584.714, 3.832, 4.057, 0.5503, -1.1657, -3.9380, 0.7672, 29.2699, 90.6167
1740983584.793, 3.832, 4.059, 0.5503, -1.1657, -3.9378, 0.7705, 29.2691, 90.6219
1740983584.873, 3.830, 4.059, 0.5503, -1.1657, -3.9379, 0.7778, 29.2733, 90.6209
1740983584.953, 3.831, 4.058, 0.5502, -1.1658, -3.9380, 0.7800, 29.2628, 90.6291
1740983585.032, 3.831, 4.060, 0.5502, -1.1658, -3.9379, 0.7683, 29.2627, 90.6346
1740983585.112, 3.831, 4.058, 0.5502, -1.1658, -3.9378, 0.7747, 29.2620, 90.6272
1740983585.192, 3.832, 4.059, 0.5502, -1.1657, -3.9379, 0.7745, 29.2646, 90.6273
1740983585.271, 3.831, 4.059, 0.5504, -1.1657, -3.9381, 0.7772, 29.2697, 90.6266
1740983585.351, 3.831, 4.057, 0.5503, -1.1657, -3.9379, 0.7786, 29.2720, 90.6292
1740983585.431, 3.831, 4.059, 0.5502, -1.1657, -3.9380, 0.7812, 29.2739, 90.6270
1740983585.510, 3.829, 4.057, 0.5503, -1.1657, -3.9379, 0.7859, 29.2762, 90.6217
1740983585.590, 3.832, 4.058, 0.5502, -1.1657, -3.9378, 0.7927, 29.2705, 90.6210
1740983585.670, 3.832, 4.058, 0.5503, -1.1658, -3.9380, 0.7850, 29.2692, 90.6139
1740983585.749, 3.832, 4.058, 0.5502, -1.1657, -3.9380, 0.7823, 29.2736, 90.6301
1740983585.829, 3.832, 4.058, 0.5502, -1.1658, -3.9378, 0.7660, 29.2744, 90.6435
1740983585.908, 3.829, 4.057, 0.5502, -1.1657, -3.9379, 0.7723, 29.2771, 90.6332
1740983585.988, 3.830, 4.059, 0.5502, -1.1657, -3.9380, 0.7773, 29.2680, 90.6205
1740983586.068, 3.831, 4.059, 0.5503, -1.1657, -3.9381, 0.7811, 29.2583, 90.6175
1740983586.147, 3.830, 4.058, 0.5503, -1.1658, -3.9381, 0.7731, 29.2560, 90.6207
1740983586.227, 3.830, 4.058, 0.5503, -1.1658, -3.9381, 0.7720, 29.2572, 90.6138
1740983586.307, 3.833, 4.058, 0.5504, -1.1657, -3.9381, 0.7773, 29.2564, 90.6057
1740983586.386, 3.829, 4.056, 0.5503, -1.1658, -3.9380, 0.7741, 29.2509, 90.6111
1740983586.466, 3.831, 4.056, 0.5503, -1.1658, -3.9379, 0.7730, 29.2506, 90.6161
1740983586.546, 3.829, 4.059, 0.5504, -1.1657, -3.9381, 0.7784, 29.2603, 90.6183
1740983586.625, 3.829, 4.058, 0.5503, -1.1657, -3.9380, 0.7800, 29.2607, 90.6170
1740983586.705, 3.829, 4.059, 0.5503, -1.1658, -3.9381, 0.7765, 29.2583, 90.6164
1740983586.785, 3.833, 4.059, 0.5504, -1.1658, -3.9382, 0.7743, 29.2629, 90.6311
1740983586.864, 3.829, 4.059, 0.5504, -1.1658, -3.9382, 0.7714, 29.2630, 90.6374
1740983586.944, 3.829, 4.057, 0.5502, -1.1658, -3.9381, 0.7793, 29.2641, 90.6388
1740983587.023, 3.829, 4.057, 0.5503, -1.1658, -3.9382, 0.7778, 29.2622, 90.6396
1740983587.103, 3.831, 4.058, 0.5503, -1.1658, -3.9381, 0.7720, 29.2705, 90.6443
1740983587.183, 3.830, 4.058, 0.5502, -1.1658, -3.9382, 0.7846, 29.2668, 90.6359
1740983587.262, 3.830, 4.057, 0.5502, -1.1657, -3.9381, 0.7842, 29.2723, 90.6353
1740983602.076, 4.034, 4.065, 0.7316, -1.1610, -3.8358, 0.5382, 33.0243, 90.7124
1740983602.156, 4.034, 4.065, 0.7314, -1.1610, -3.8358, 0.5507, 33.0289, 90.7113
1740983602.235, 4.033, 4.064, 0.7314, -1.1609, -3.8356, 0.5551, 33.0286, 90.7096
1740983602.315, 4.033, 4.065, 0.7315, -1.1610, -3.8358, 0.5550, 33.0218, 90.7027
1740983602.395, 4.032, 4.064, 0.7313, -1.1609, -3.8356, 0.5527, 33.0273, 90.7083
1740983602.474, 4.032, 4.064, 0.7315, -1.1610, -3.8356, 0.5535, 33.0303, 90.7013
1740983602.554, 4.033, 4.064, 0.7314, -1.1610, -3.8355, 0.5574, 33.0251, 90.7071
1740983602.634, 4.034, 4.063, 0.7314, -1.1609, -3.8356, 0.5596, 33.0245, 90.7008
1740983602.713, 4.034, 4.066, 0.7314, -1.1610, -3.8356, 0.5733, 33.0253, 90.6797
1740983602.793, 4.033, 4.064, 0.7315, -1.1610, -3.8356, 0.5739, 33.0303, 90.6714
1740983602.873, 4.033, 4.064, 0.7314, -1.1609, -3.8355, 0.5784, 33.0310, 90.6679
1740983602.952, 4.034, 4.064, 0.7315, -1.1610, -3.8355, 0.5716, 33.0412, 90.6670
1740983603.032, 4.031, 4.063, 0.7314, -1.1609, -3.8354, 0.5775, 33.0426, 90.6563
1740983603.112, 4.031, 4.064, 0.7315, -1.1609, -3.8355, 0.5703, 33.0397, 90.6534
1740983603.191, 4.033, 4.065, 0.7314, -1.1608, -3.8353, 0.5793, 33.0455, 90.6528
1740983603.271, 4.033, 4.065, 0.7314, -1.1609, -3.8354, 0.5663, 33.0477, 90.6670
1740983603.351, 4.033, 4.065, 0.7314, -1.1610, -3.8354, 0.5714, 33.0378, 90.6631
1740983603.430, 4.034, 4.065, 0.7315, -1.1609, -3.8355, 0.5690, 33.0360, 90.6620
1740983603.510, 4.034, 4.065, 0.7314, -1.1609, -3.8354, 0.5767, 33.0378, 90.6615
1740983603.590, 4.034, 4.065, 0.7315, -1.1609, -3.8354, 0.5739, 33.0311, 90.6674
1740983603.669, 4.033, 4.065, 0.7314, -1.1609, -3.8352, 0.5637, 33.0214, 90.6816
1740983603.749, 4.034, 4.065, 0.7314, -1.1610, -3.8355, 0.5680, 33.0206, 90.6762
1740983603.828, 4.033, 4.064, 0.7314, -1.1608, -3.8354, 0.5694, 33.0263, 90.6760
1740983603.908, 4.033, 4.065, 0.7314, -1.1609, -3.8353, 0.5571, 33.0237, 90.6900
1740983603.988, 4.033, 4.066, 0.7313, -1.1609, -3.8351, 0.5496, 33.0123, 90.6989
1740983604.067, 4.032, 4.066, 0.7313, -1.1608, -3.8352, 0.5531, 33.0158, 90.6889
1740983604.147, 4.034, 4.065, 0.7313, -1.1609, -3.8352, 0.5524, 33.0187, 90.6863
1740983604.227, 4.033, 4.067, 0.7314, -1.1609, -3.8352, 0.5502, 33.0217, 90.6851
1740983604.306, 4.033, 4.065, 0.7315, -1.1608, -3.8352, 0.5526, 33.0292, 90.6778
1740983604.386, 4.033, 4.065, 0.7313, -1.1608, -3.8351, 0.5618, 33.0335, 90.6755
1740983604.466, 4.033, 4.065, 0.7313, -1.1609, -3.8352, 0.5683, 33.0344, 90.6609
1740983604.545, 4.032, 4.065, 0.7314, -1.1608, -3.8352, 0.5752, 33.0303, 90.6549
1740983604.625, 4.033, 4.064, 0.7313, -1.1608, -3.8351, 0.5706, 33.0268, 90.6590
1740983604.704, 4.033, 4.063, 0.7313, -1.1608, -3.8352, 0.5712, 33.0286, 90.6536
1740983604.784, 4.032, 4.064, 0.7313, -1.1608, -3.8351, 0.5631, 33.0258, 90.6579
1740983604.864, 4.033, 4.064, 0.7313, -1.1608, -3.8350, 0.5614, 33.0366, 90.6699
1740983604.943, 4.032, 4.065, 0.7313, -1.1608, -3.8351, 0.5535, 33.0316, 90.6628
1740983605.023, 4.029, 4.065, 0.7313, -1.1609, -3.8352, 0.5650, 33.0349, 90.6588
1740983605.103, 4.029, 4.066, 0.7314, -1.1608, -3.8351, 0.5671, 33.0348, 90.6574
1740983605.182, 4.033, 4.064, 0.7314, -1.1608, -3.8350, 0.5639, 33.0300, 90.6705
1740983605.262, 4.033, 4.064, 0.7314, -1.1608, -3.8350, 0.5679, 33.0289, 90.6676
1740983605.342, 4.032, 4.065, 0.7313, -1.1608, -3.8351, 0.5718, 33.0322, 90.6592
1740983605.421, 4.033, 4.066, 0.7314, -1.1608, -3.8351, 0.5635, 33.0312, 90.6618
1740983605.501, 4.033, 4.065, 0.7314, -1.1608, -3.8352, 0.5674, 33.0249, 90.6587
1740983605.581, 4.032, 4.065, 0.7313, -1.1608, -3.8349, 0.5634, 33.0190, 90.6706
1740983605.660, 4.033, 4.065, 0.7313, -1.1608, -3.8351, 0.5673, 33.0215, 90.6601
1740983605.740, 4.034, 4.065, 0.7314, -1.1608, -3.8350, 0.5602, 33.0259, 90.6703
1740983605.820, 4.034, 4.064, 0.7314, -1.1608, -3.8350, 0.5635, 33.0214, 90.6665
1740983605.899, 4.034, 4.065, 0.7314, -1.1608, -3.8349, 0.5708, 33.0282, 90.6694
1740983605.979, 4.033, 4.065, 0.7314, -1.1608, -3.8351, 0.5664, 33.0292, 90.6621
1740983606.058, 4.033, 4.065, 0.7313, -1.1607, -3.8348, 0.5738, 33.0313, 90.6610
1740983606.138, 4.032, 4.064, 0.7312, -1.1608, -3.8349, 0.5787, 33.0304, 90.6616
1740983606.218, 4.032, 4.063, 0.7314, -1.1608, -3.8350, 0.5659, 33.0259, 90.6668
1740983606.297, 4.032, 4.065, 0.7313, -1.1607, -3.8348, 0.5650, 33.0297, 90.6888
1740983606.377, 4.031, 4.064, 0.7313, -1.1607, -3.8350, 0.5597, 33.0188, 90.6809
1740983606.457, 4.032, 4.064, 0.7313, -1.1607, -3.8348, 0.5544, 33.0251, 90.6879
1740983606.536, 4.034, 4.063, 0.7312, -1.1608, -3.8348, 0.5536, 33.0255, 90.6874
1740983606.616, 4.034, 4.064, 0.7312, -1.1607, -3.8347, 0.5564, 33.0217, 90.6877
1740983606.696, 4.034, 4.064, 0.7314, -1.1607, -3.8348, 0.5477, 33.0243, 90.6799
1740983606.775, 4.034, 4.064, 0.7313, -1.1607, -3.8348, 0.5528, 33.0227, 90.6769
1740983606.855, 4.031, 4.064, 0.7313, -1.1608, -3.8348, 0.5506, 33.0204, 90.6783
1740983606.934, 4.032, 4.064, 0.7312, -1.1607, -3.8346, 0.5584, 33.0295, 90.6823
1740983607.014, 4.032, 4.065, 0.7313, -1.1608, -3.8349, 0.5589, 33.0264, 90.6751
1740983607.094, 4.035, 4.065, 0.7313, -1.1606, -3.8347, 0.5616, 33.0197, 90.6840
1740983607.173, 4.033, 4.065, 0.7314, -1.1607, -3.8347, 0.5559, 33.0345, 90.6644
1740983607.253, 4.035, 4.065, 0.7314, -1.1607, -3.8349, 0.5697, 33.0426, 90.6584
1740983607.333, 4.033, 4.065, 0.7314, -1.1607, -3.8349, 0.5699, 33.0436, 90.6679
1740983607.412, 4.033, 4.063, 0.7314, -1.1607, -3.8348, 0.5682, 33.0378, 90.6723
1740983607.492, 4.034, 4.066, 0.7312, -1.1607, -3.8347, 0.5663, 33.0306, 90.6748
1740983607.571, 4.032, 4.065, 0.7314, -1.1607, -3.8348, 0.5551, 33.0266, 90.6739
1740983607.651, 4.034, 4.065, 0.7314, -1.1608, -3.8349, 0.5766, 33.0238, 90.6547
1740983607.731, 4.035, 4.065, 0.7313, -1.1607, -3.8348, 0.5621, 33.0268, 90.6772
1740983607.810, 4.035, 4.066, 0.7314, -1.1606, -3.8348, 0.5580, 33.0257, 90.6699
1740983607.890, 4.034, 4.066, 0.7313, -1.1606, -3.8347, 0.5636, 33.0304, 90.6711
1740983607.970, 4.033, 4.064, 0.7313, -1.1607, -3.8346, 0.5620, 33.0396, 90.6735
1740983608.050, 4.032, 4.064, 0.7313, -1.1607, -3.8347, 0.5528, 33.0334, 90.6798
1740983608.129, 4.033, 4.066, 0.7314, -1.1607, -3.8348, 0.5517, 33.0319, 90.6780
1740983608.209, 4.033, 4.065, 0.7313, -1.1607, -3.8348, 0.5632, 33.0370, 90.6681
1740983608.288, 4.032, 4.064, 0.7313, -1.1606, -3.8346, 0.5559, 33.0387, 90.6761
1740983608.368, 4.032, 4.066, 0.7313, -1.1607, -3.8347, 0.5568, 33.0399, 90.6722
1740983608.448, 4.035, 4.066, 0.7313, -1.1607, -3.8347, 0.5485, 33.0319, 90.6730
1740983608.527, 4.032, 4.064, 0.7313, -1.1607, -3.8347, 0.5501, 33.0272, 90.6718
1740983608.607, 4.032, 4.065, 0.7314, -1.1606, -3.8347, 0.5464, 33.0262, 90.6701
1740983608.687, 4.032, 4.064, 0.7314, -1.1606, -3.8347, 0.5544, 33.0226, 90.6639
1740983608.766, 4.034, 4.065, 0.7313, -1.1607, -3.8346, 0.5583, 33.0219, 90.6667
1740983608.846, 4.031, 4.065, 0.7313, -1.1607, -3.8346, 0.5607, 33.0222, 90.6705
1740983608.926, 4.032, 4.065, 0.7313, -1.1607, -3.8347, 0.5633, 33.0264, 90.6632
1740983609.005, 4.032, 4.066, 0.7315, -1.1606, -3.8347, 0.5623, 33.0337, 90.6581
1740983609.085, 4.033, 4.065, 0.7312, -1.1606, -3.8345, 0.5700, 33.0333, 90.6656
1740983609.165, 4.034, 4.065, 0.7314, -1.1606, -3.8346, 0.5675, 33.0415, 90.6591
1740983609.244, 4.032, 4.066, 0.7314, -1.1606, -3.8346, 0.5676, 33.0427, 90.6604
1740983609.324, 4.032, 4.066, 0.7312, -1.1606, -3.8345, 0.5721, 33.0409, 90.6589
1740983609.403, 4.032, 4.064, 0.7314, -1.1606, -3.8346, 0.5757, 33.0451, 90.6504
1740983609.483, 4.033, 4.065, 0.7313, -1.1607, -3.8347, 0.5741, 33.0415, 90.6545
1740983609.563, 4.033, 4.065, 0.7312, -1.1606, -3.8346, 0.5741, 33.0423, 90.6602
1740983609.642, 4.034, 4.065, 0.7314, -1.1607, -3.8346, 0.5592, 33.0503, 90.6658
1740983609.722, 4.034, 4.064, 0.7313, -1.1607, -3.8346, 0.5608, 33.0381, 90.6600
1740983609.802, 4.034, 4.063, 0.7312, -1.1605, -3.8344, 0.5548, 33.0307, 90.6737
1740983609.881, 4.034, 4.065, 0.7312, -1.1606, -3.8345, 0.5596, 33.0271, 90.6576
1740983609.961, 4.032, 4.065, 0.7313, -1.1606, -3.8345, 0.5542, 33.0191, 90.6618
1740983610.041, 4.032, 4.064, 0.7313, -1.1606, -3.8346, 0.5557, 33.0148, 90.6606
1740983610.120, 4.033, 4.065, 0.7312, -1.1606, -3.8343, 0.5510, 33.0210, 90.6690
1740983610.200, 4.033, 4.064, 0.7314, -1.1606, -3.8346, 0.5547, 33.0291, 90.6542
1740983610.279, 4.032, 4.063, 0.7315, -1.1607, -3.8347, 0.5563, 33.0367, 90.6523
1740983610.359, 4.034, 4.063, 0.7304, -1.1607, -3.8333, 0.5695, 32.9995, 90.6797
1740983610.439, 4.034, 4.065, 0.7283, -1.1606, -3.8297, 0.5523, 32.9876, 90.6749
1740983610.518, 4.033, 4.064, 0.7243, -1.1608, -3.8233, 0.5635, 32.9462, 90.6931
1740983610.598, 4.033, 4.060, 0.7182, -1.1609, -3.8136, 0.5840, 32.8904, 90.6918
1740983610.678, 4.035, 4.049, 0.7111, -1.1614, -3.8025, 0.7160, 32.7670, 90.6132
1740983610.757, 4.033, 4.049, 0.7046, -1.1616, -3.7921, 0.6903, 32.8211, 90.6580
1740983610.837, 4.032, 4.031, 0.7002, -1.1618, -3.7850, 0.7057, 32.6838, 90.6018
1740983610.917, 4.032, 4.014, 0.6976, -1.1619, -3.7802, 0.6819, 32.6657, 90.6137
1740983610.996, 4.032, 4.004, 0.6955, -1.1621, -3.7773, 0.7145, 32.6549, 90.5461
1740983611.076, 4.033, 3.996, 0.6936, -1.1621, -3.7741, 0.7213, 32.6424, 90.5131
1740983611.156, 4.032, 3.996, 0.6920, -1.1624, -3.7713, 0.6866, 32.6504, 90.4945
1740983611.235, 4.032, 3.993, 0.6895, -1.1626, -3.7675, 0.6901, 32.6725, 90.5049
1740983611.315, 4.032, 3.989, 0.6865, -1.1629, -3.7628, 0.6939, 32.6898, 90.4772
1740983611.394, 4.034, 3.985, 0.6832, -1.1628, -3.7573, 0.7298, 32.7201, 90.4533
1740983611.474, 4.033, 3.975, 0.6797, -1.1630, -3.7517, 0.7308, 32.7171, 90.4557
1740983611.554, 4.033, 3.975, 0.6762, -1.1629, -3.7458, 0.6606, 32.7611, 90.5163
1740983611.633, 4.032, 3.970, 0.6723, -1.1633, -3.7396, 0.6382, 32.7518, 90.5521
1740983611.713, 4.032, 3.959, 0.6682, -1.1633, -3.7328, 0.6583, 32.6749, 90.5647
1740983611.793, 4.032, 3.949, 0.6639, -1.1634, -3.7262, 0.7175, 32.5570, 90.5795
1740983611.872, 4.032, 3.937, 0.6599, -1.1635, -3.7197, 0.7319, 32.5258, 90.6346
1740983611.952, 4.033, 3.937, 0.6558, -1.1637, -3.7132, 0.7624, 32.4810, 90.6110
1740983612.032, 4.031, 3.929, 0.6522, -1.1639, -3.7070, 0.7124, 32.4214, 90.5597
1740983612.111, 4.031, 3.917, 0.6486, -1.1638, -3.7011, 0.6993, 32.3725, 90.5615
1740983612.191, 4.032, 3.910, 0.6453, -1.1643, -3.6956, 0.7564, 32.2608, 90.4981
1740983612.270, 4.034, 3.901, 0.6431, -1.1640, -3.6928, 0.9612, 32.3463, 89.9867
1740983612.350, 4.035, 3.901, 0.6427, -1.1638, -3.6920, 0.8790, 32.2493, 90.0772
1740983612.430, 4.029, 3.892, 0.6427, -1.1638, -3.6921, 0.8820, 32.2330, 90.0046
1740983612.509, 4.029, 3.893, 0.6428, -1.1637, -3.6922, 0.8634, 32.1894, 89.9486
1740983612.589, 4.031, 3.893, 0.6415, -1.1629, -3.6901, 0.8466, 32.1886, 88.8069
1740983612.669, 4.034, 3.893, 0.6368, -1.1622, -3.6817, 0.8491, 32.2062, 87.8562
1740983612.748, 4.034, 3.893, 0.6283, -1.1623, -3.6671, 0.7047, 32.1752, 87.9382
1740983612.828, 4.034, 3.892, 0.6184, -1.1635, -3.6513, 0.7877, 32.0687, 88.4852
1740983612.908, 4.034, 3.872, 0.6081, -1.1653, -3.6336, 0.6429, 31.8194, 90.3055
1740983612.987, 4.035, 3.846, 0.6019, -1.1663, -3.6245, 0.7804, 32.1375, 90.5069
1740983613.067, 4.033, 3.820, 0.6013, -1.1657, -3.6236, 0.8137, 32.1341, 90.4355
1740983613.147, 4.035, 3.820, 0.6015, -1.1657, -3.6238, 0.7857, 32.0804, 90.4187
1740983613.226, 4.034, 3.813, 0.6011, -1.1656, -3.6228, 0.7546, 32.1373, 90.3420
1740983613.306, 4.034, 3.816, 0.5989, -1.1658, -3.6200, 0.7717, 32.3126, 90.2049
1740983613.386, 4.033, 3.815, 0.5955, -1.1654, -3.6145, 0.6491, 32.4297, 89.9098
1740983613.465, 4.036, 3.805, 0.5894, -1.1664, -3.6049, 0.6725, 32.4618, 90.1555
1740983613.545, 4.034, 3.805, 0.5816, -1.1671, -3.5928, 0.7204, 32.5010, 90.3949
1740983613.625, 4.033, 3.798, 0.5750, -1.1666, -3.5813, 0.6609, 32.5410, 90.4160
1740983613.704, 4.033, 3.777, 0.5704, -1.1664, -3.5754, 0.7475, 32.4550, 90.6356
1740983613.784, 4.034, 3.762, 0.5709, -1.1663, -3.5757, 0.7635, 32.5013, 90.5432
1740983613.863, 4.029, 3.757, 0.5713, -1.1664, -3.5758, 0.6771, 32.4836, 90.5922
1740983613.943, 4.032, 3.757, 0.5712, -1.1665, -3.5759, 0.7178, 32.5014, 90.5969
1740983614.023, 4.031, 3.757, 0.5712, -1.1665, -3.5757, 0.7209, 32.5150, 90.6450
1740983614.102, 4.031, 3.756, 0.5698, -1.1661, -3.5735, 0.7686, 32.5617, 90.9307
1740983614.182, 4.031, 3.756, 0.5648, -1.1648, -3.5655, 0.6556, 32.6004, 92.1453
1740983614.262, 4.031, 3.752, 0.5555, -1.1649, -3.5504, 0.5962, 32.5293, 92.7991
1740983614.341, 4.031, 3.752, 0.5438, -1.1647, -3.5307, 0.6980, 32.3104, 92.9018
1740983614.421, 4.033, 3.736, 0.5338, -1.1658, -3.5140, 0.9627, 32.0183, 90.6256
1740983614.501, 4.033, 3.707, 0.5290, -1.1667, -3.5012, -0.0943, 32.1285, 91.0894
1740983614.580, 4.033, 3.682, 0.5259, -1.1675, -3.4976, 0.0193, 32.3460, 91.1745
1740983614.660, 4.034, 3.682, 0.5263, -1.1678, -3.4988, 0.0770, 32.2118, 91.0259
1740983614.740, 4.034, 3.664, 0.5261, -1.1680, -3.4979, 0.0072, 32.2977, 91.0912
1740983614.819, 4.035, 3.664, 0.5247, -1.1680, -3.4952, -0.1515, 32.3750, 91.2325
1740983614.899, 4.035, 3.664, 0.5209, -1.1681, -3.4886, -0.2605, 32.3514, 91.2648
1740983614.978, 4.037, 3.660, 0.5129, -1.1688, -3.4795, 0.7179, 31.8919, 90.3213
1740983615.058, 4.037, 3.660, 0.5060, -1.1688, -3.4676, 0.4788, 31.9398, 90.5832
1740983615.138, 4.032, 3.648, 0.5001, -1.1689, -3.4575, 0.4879, 31.8375, 90.6219
1740983615.217, 4.033, 3.634, 0.4960, -1.1690, -3.4510, 0.5290, 31.7574, 90.5957
1740983615.297, 4.033, 3.621, 0.4931, -1.1693, -3.4462, 0.5703, 31.7138, 90.5857
1740983615.377, 4.034, 3.607, 0.4907, -1.1697, -3.4425, 0.5689, 31.6802, 90.5793
1740983615.456, 4.032, 3.607, 0.4879, -1.1698, -3.4376, 0.6032, 31.6336, 90.5681
1740983615.536, 4.035, 3.601, 0.4841, -1.1700, -3.4316, 0.6194, 31.5755, 90.5489
1740983615.616, 4.035, 3.595, 0.4798, -1.1702, -3.4242, 0.6140, 31.5025, 90.5272
1740983615.695, 4.035, 3.584, 0.4753, -1.1701, -3.4164, 0.5418, 31.5070, 90.5147
1740983615.775, 4.031, 3.571, 0.4711, -1.1705, -3.4091, 0.4918, 31.4878, 90.5180
1740983615.855, 4.032, 3.571, 0.4672, -1.1705, -3.4023, 0.4754, 31.4995, 90.5088
1740983615.934, 4.035, 3.564, 0.4638, -1.1705, -3.3961, 0.4382, 31.5233, 90.4971
1740983616.014, 4.033, 3.550, 0.4602, -1.1708, -3.3901, 0.4159, 31.5701, 90.5004
1740983616.094, 4.033, 3.546, 0.4566, -1.1710, -3.3841, 0.3837, 31.5692, 90.5073
1740983616.173, 4.034, 3.535, 0.4531, -1.1710, -3.3775, 0.3431, 31.6153, 90.5710
1740983616.253, 4.032, 3.535, 0.4490, -1.1711, -3.3706, 0.3737, 31.5391, 90.6304
1740983616.332, 4.034, 3.528, 0.4447, -1.1713, -3.3636, 0.4435, 31.4056, 90.6309
1740983616.412, 4.035, 3.520, 0.4406, -1.1715, -3.3566, 0.4761, 31.3287, 90.6654
1740983616.492, 4.035, 3.507, 0.4366, -1.1715, -3.3497, 0.4553, 31.2590, 90.6577
1740983616.572, 4.036, 3.497, 0.4329, -1.1717, -3.3430, 0.3866, 31.2318, 90.6909
1740983616.651, 4.036, 3.497, 0.4292, -1.1718, -3.3365, 0.4205, 31.1486, 90.6926
1740983616.731, 4.036, 3.488, 0.4254, -1.1722, -3.3304, 0.4592, 31.1186, 90.6690
1740983616.810, 4.036, 3.475, 0.4218, -1.1723, -3.3241, 0.4423, 31.1180, 90.6649
1740983616.890, 4.036, 3.471, 0.4181, -1.1724, -3.3179, 0.4292, 31.1496, 90.6469
1740983616.970, 4.036, 3.463, 0.4144, -1.1726, -3.3115, 0.4136, 31.1671, 90.6628
1740983617.049, 4.037, 3.463, 0.4109, -1.1729, -3.3053, 0.3849, 31.1880, 90.6466
1740983617.129, 4.036, 3.451, 0.4072, -1.1728, -3.2991, 0.3925, 31.1768, 90.6098
1740983617.209, 4.036, 3.438, 0.4037, -1.1728, -3.2929, 0.3811, 31.1899, 90.6729
1740983617.288, 4.036, 3.433, 0.3998, -1.1728, -3.2862, 0.4060, 31.1175, 90.6989
1740983617.368, 4.037, 3.424, 0.3958, -1.1731, -3.2795, 0.3837, 31.0987, 90.7198
1740983617.447, 4.036, 3.424, 0.3921, -1.1731, -3.2727, 0.3870, 31.0623, 90.7316
1740983617.527, 4.039, 3.415, 0.3882, -1.1731, -3.2666, 0.4859, 31.0245, 90.6040
1740983617.607, 4.039, 3.401, 0.3855, -1.1729, -3.2646, 0.8377, 31.3397, 90.0091
1740983617.686, 4.037, 3.395, 0.3839, -1.1729, -3.2635, 1.1317, 31.3788, 89.7159
1740983617.766, 4.036, 3.392, 0.3826, -1.1725, -3.2615, 1.1458, 31.3613, 89.1670
1740983617.846, 4.031, 3.392, 0.3799, -1.1721, -3.2564, 1.1333, 31.2502, 88.5714
1740983617.925, 4.031, 3.387, 0.3750, -1.1718, -3.2464, 0.9154, 31.2070, 88.4914
1740983618.005, 4.031, 3.388, 0.3704, -1.1717, -3.2367, 0.6413, 30.8131, 88.0936
1740983618.085, 4.033, 3.375, 0.3657, -1.1722, -3.2265, 0.3935, 30.6755, 88.2853
1740983618.164, 4.038, 3.362, 0.3616, -1.1728, -3.2164, 0.1129, 30.0366, 88.7286
1740983618.244, 4.040, 3.362, 0.3577, -1.1732, -3.2097, 0.1650, 29.8503, 88.7664
1740983618.324, 4.044, 3.349, 0.3536, -1.1740, -3.2013, 0.1346, 29.2173, 89.5275
1740983618.403, 4.044, 3.337, 0.3459, -1.1754, -3.1896, 0.6499, 29.3033, 90.8117
1740983618.483, 4.045, 3.322, 0.3418, -1.1758, -3.1820, 0.4842, 29.4602, 90.9220
1740983618.563, 4.050, 3.303, 0.3390, -1.1757, -3.1767, 0.5730, 29.2245, 90.9035
1740983618.642, 4.045, 3.303, 0.3372, -1.1759, -3.1731, 0.5159, 29.1864, 90.9360
1740983618.722, 4.046, 3.295, 0.3350, -1.1760, -3.1687, 0.5167, 29.0593, 90.9106
1740983618.802, 4.046, 3.289, 0.3320, -1.1761, -3.1628, 0.4861, 28.8592, 90.9139
1740983618.881, 4.047, 3.288, 0.3281, -1.1767, -3.1551, 0.4659, 28.7381, 90.9624
1740983618.961, 4.049, 3.278, 0.3240, -1.1764, -3.1468, 0.4920, 28.5921, 90.9372
1740983619.040, 4.052, 3.278, 0.3192, -1.1759, -3.1401, 1.2015, 27.5954, 90.9150
1740983619.120, 4.053, 3.263, 0.3161, -1.1755, -3.1380, 1.7382, 27.5442, 90.7623
1740983619.200, 4.053, 3.260, 0.3137, -1.1753, -3.1360, 2.1403, 27.4661, 90.5746
1740983619.279, 4.058, 3.255, 0.3099, -1.1750, -3.1317, 2.6706, 27.3075, 90.4697
1740983619.359, 4.056, 3.255, 0.3080, -1.1748, -3.1183, 1.0658, 27.6050, 92.6502
1740983619.440, 4.067, 3.255, 0.3036, -1.1742, -3.1037, 0.4352, 27.8554, 93.2786
1740983619.518, 4.064, 3.239, 0.2972, -1.1747, -3.0910, 0.3843, 27.6218, 93.1610
1740983619.598, 4.064, 3.222, 0.2950, -1.1750, -3.0793, -0.7297, 27.7153, 92.7930
1740983619.678, 4.062, 3.208, 0.2909, -1.1773, -3.0725, -0.4379, 27.5065, 91.3509
1740983619.757, 4.067, 3.196, 0.2850, -1.1785, -3.0666, 0.4846, 27.1227, 90.5763
1740983619.837, 4.071, 3.196, 0.2827, -1.1789, -3.0630, 0.6688, 27.1170, 90.6118
1740983619.916, 4.070, 3.183, 0.2819, -1.1785, -3.0604, 0.6013, 27.0052, 90.5576
1740983619.996, 4.070, 3.181, 0.2807, -1.1783, -3.0590, 0.7364, 26.9873, 90.3044
1740983620.076, 4.072, 3.174, 0.2792, -1.1781, -3.0578, 1.0001, 27.2884, 89.9563
1740983620.155, 4.069, 3.174, 0.2775, -1.1778, -3.0563, 1.3469, 27.2305, 89.5124
1740983620.235, 4.065, 3.170, 0.2781, -1.1775, -3.0554, 0.9974, 27.3067, 88.9555
1740983620.315, 4.065, 3.173, 0.2758, -1.1769, -3.0503, 1.0503, 27.0533, 88.3893
1740983620.394, 4.065, 3.168, 0.2727, -1.1765, -3.0420, 0.8279, 26.8739, 87.9503
1740983620.474, 4.069, 3.164, 0.2683, -1.1764, -3.0315, 0.5310, 26.4512, 87.9869
1740983620.554, 4.073, 3.164, 0.2637, -1.1763, -3.0211, 0.5389, 26.3584, 87.9906
1740983620.633, 4.078, 3.157, 0.2597, -1.1770, -3.0106, 0.3765, 25.7455, 88.3708
1740983620.713, 4.081, 3.148, 0.2557, -1.1780, -3.0001, 0.3007, 25.0459, 89.2014
1740983620.792, 4.081, 3.131, 0.2486, -1.1792, -2.9882, 0.9648, 25.1050, 90.2290
1740983620.872, 4.094, 3.120, 0.2453, -1.1798, -2.9794, 0.6605, 25.0334, 90.3150
1740983620.952, 4.098, 3.120, 0.2435, -1.1797, -2.9746, 0.6457, 24.8283, 90.2885
1740983621.031, 4.100, 3.103, 0.2420, -1.1799, -2.9710, 0.6336, 24.8246, 90.2943
1740983621.111, 4.101, 3.100, 0.2405, -1.1800, -2.9675, 0.6219, 24.7148, 90.2885
1740983621.191, 4.101, 3.088, 0.2383, -1.1801, -2.9620, 0.6041, 24.5681, 90.2315
1740983621.270, 4.102, 3.085, 0.2354, -1.1802, -2.9547, 0.5405, 24.4047, 90.2972
1740983621.350, 4.104, 3.085, 0.2321, -1.1800, -2.9464, 0.4835, 24.2788, 90.3263
1740983621.430, 4.111, 3.083, 0.2288, -1.1802, -2.9382, 0.4512, 24.1521, 90.3400
1740983621.509, 4.113, 3.070, 0.2255, -1.1803, -2.9319, 0.8185, 23.4715, 90.2552
1740983621.589, 4.113, 3.058, 0.2235, -1.1799, -2.9297, 1.1092, 23.3019, 90.3348
1740983621.669, 4.119, 3.061, 0.2231, -1.1799, -2.9292, 1.1556, 23.2994, 90.3746
1740983621.748, 4.123, 3.061, 0.2221, -1.1797, -2.9284, 1.3130, 23.3381, 90.3831
1740983621.828, 4.122, 3.062, 0.2181, -1.1790, -2.9257, 2.0567, 23.8323, 90.2333
1740983621.908, 4.121, 3.060, 0.2145, -1.1781, -2.9150, 1.2460, 25.0570, 91.9219
1740983621.987, 4.121, 3.052, 0.2072, -1.1776, -2.9011, 0.5500, 27.9262, 92.7675
1740983622.067, 4.109, 3.022, 0.1972, -1.1779, -2.8878, 0.1747, 30.7945, 92.8178
1740983622.147, 4.087, 3.022, 0.1936, -1.1790, -2.8746, -2.5881, 34.0367, 92.7146
1740983622.226, 4.069, 2.989, 0.1878, -1.1798, -2.8661, -2.0533, 33.6711, 91.7210
1740983622.306, 4.080, 2.967, 0.1830, -1.1802, -2.8632, -1.2326, 33.4958, 90.5179
1740983622.385, 4.080, 2.948, 0.1809, -1.1801, -2.8632, -0.5695, 33.4872, 89.6353
1740983622.465, 4.076, 2.949, 0.1795, -1.1800, -2.8634, -0.0978, 33.4807, 88.9805
1740983622.545, 4.067, 2.949, 0.1780, -1.1802, -2.8606, -0.2049, 33.4185, 88.9604
1740983622.624, 4.065, 2.945, 0.1749, -1.1800, -2.8560, -0.0778, 33.5390, 88.6751
1740983622.704, 4.065, 2.948, 0.1701, -1.1800, -2.8496, 0.0125, 33.6053, 88.4710
1740983622.784, 4.062, 2.944, 0.1652, -1.1802, -2.8414, 0.0007, 33.4024, 88.5371
1740983622.863, 4.064, 2.932, 0.1602, -1.1803, -2.8333, 0.0682, 33.1810, 88.5196
1740983622.943, 4.061, 2.932, 0.1558, -1.1804, -2.8263, 0.0881, 33.0003, 88.5398
1740983623.023, 4.060, 2.914, 0.1519, -1.1803, -2.8198, 0.1540, 32.8374, 88.5326
1740983623.102, 4.060, 2.905, 0.1473, -1.1809, -2.8125, 0.1372, 32.7325, 88.9000
1740983623.182, 4.062, 2.900, 0.1397, -1.1826, -2.8000, 0.2214, 32.1748, 90.4806
1740983623.262, 4.061, 2.889, 0.1335, -1.1833, -2.7907, 0.4613, 32.0938, 90.5736
1740983623.341, 4.062, 2.889, 0.1300, -1.1835, -2.7845, 0.4470, 32.0977, 90.5235
1740983623.421, 4.061, 2.868, 0.1276, -1.1833, -2.7801, 0.4218, 32.0157, 90.4822
1740983623.501, 4.061, 2.857, 0.1253, -1.1836, -2.7761, 0.3856, 31.9109, 90.4870
1740983623.580, 4.061, 2.853, 0.1223, -1.1835, -2.7712, 0.3852, 31.8689, 90.3841
1740983623.660, 4.061, 2.845, 0.1205, -1.1826, -2.7691, 0.7512, 31.4677, 89.7778
1740983623.739, 4.060, 2.845, 0.1199, -1.1825, -2.7684, 0.7942, 31.5179, 89.4095
1740983623.819, 4.061, 2.839, 0.1194, -1.1819, -2.7669, 0.5728, 32.0704, 88.9709
1740983623.899, 4.061, 2.833, 0.1197, -1.1813, -2.7650, 0.1583, 32.5028, 88.8328
1740983623.978, 4.062, 2.831, 0.1196, -1.1802, -2.7603, -0.7890, 32.5226, 89.0968
1740983624.058, 4.061, 2.830, 0.1174, -1.1793, -2.7500, -2.0864, 32.4618, 89.6472
1740983624.138, 4.066, 2.830, 0.1089, -1.1793, -2.7355, -2.0386, 32.6199, 89.9865
1740983624.217, 4.078, 2.823, 0.0997, -1.1801, -2.7197, -1.9345, 32.6166, 90.2222
1740983624.297, 4.078, 2.803, 0.0880, -1.1801, -2.7037, -1.4515, 32.8587, 90.7848
1740983624.377, 4.080, 2.780, 0.0734, -1.1818, -2.6868, -0.7339, 34.1263, 92.4144
1740983624.456, 4.074, 2.758, 0.0677, -1.1835, -2.6793, -0.5363, 34.2004, 91.6679
1740983624.536, 4.067, 2.758, 0.0639, -1.1849, -2.6766, 0.3426, 33.9340, 90.1651
1740983624.615, 4.068, 2.739, 0.0614, -1.1851, -2.6741, 0.4847, 34.0411, 90.0616
1740983624.695, 4.068, 2.735, 0.0600, -1.1851, -2.6719, 0.4339, 33.9638, 90.0343
1740983624.775, 4.060, 2.724, 0.0577, -1.1853, -2.6683, 0.4325, 34.0128, 90.0242
1740983624.854, 4.059, 2.726, 0.0537, -1.1853, -2.6619, 0.3638, 34.0579, 90.0939
1740983624.934, 4.061, 2.726, 0.0472, -1.1844, -2.6560, 1.4211, 33.3283, 89.9762
1740983625.014, 4.060, 2.717, 0.0429, -1.1834, -2.6536, 2.3200, 33.2943, 89.5187
1740983625.093, 4.060, 2.702, 0.0376, -1.1830, -2.6504, 3.2061, 33.2358, 88.9634
1740983625.173, 4.048, 2.700, 0.0305, -1.1831, -2.6410, 3.6404, 32.8983, 88.6948
1740983625.253, 4.043, 2.687, 0.0217, -1.1835, -2.6268, 3.6080, 32.1809, 88.8050
1740983625.332, 4.046, 2.687, 0.0138, -1.1837, -2.6105, 3.0754, 31.6963, 89.3572
1740983625.412, 4.055, 2.669, 0.0117, -1.1824, -2.5977, 1.8129, 31.4682, 89.5894
1740983625.491, 4.055, 2.650, 0.0091, -1.1821, -2.5978, 2.4178, 31.5018, 87.5120
1740983625.571, 4.059, 2.634, 0.0077, -1.1830, -2.5905, 1.3810, 31.6589, 87.6201
1740983625.651, 4.057, 2.636, 0.0065, -1.1839, -2.5736, -1.5538, 31.9623, 90.3611
1740983625.730, 4.056, 2.636, -0.0000, -1.1841, -2.5666, -0.4398, 31.7279, 88.9936
1740983625.810, 4.075, 2.624, -0.0061, -1.1840, -2.5598, -0.0836, 31.6941, 88.5173
1740983625.890, 4.075, 2.611, -0.0106, -1.1839, -2.5524, 0.0877, 31.6583, 88.2737
1740983625.969, 4.059, 2.597, -0.0153, -1.1843, -2.5444, 0.0410, 31.4330, 88.3039
1740983626.049, 4.063, 2.597, -0.0200, -1.1845, -2.5368, 0.1591, 31.4538, 88.0919
1740983626.129, 4.060, 2.585, -0.0260, -1.1847, -2.5271, 0.2512, 31.3726, 88.3474
1740983626.208, 4.060, 2.581, -0.0352, -1.1863, -2.5111, 0.1817, 31.0374, 90.4548
1740983626.288, 4.060, 2.562, -0.0416, -1.1864, -2.5001, 0.2553, 30.9132, 90.1691
1740983626.368, 4.062, 2.537, -0.0476, -1.1871, -2.4903, 0.3317, 30.8856, 90.1388
1740983626.447, 4.062, 2.537, -0.0503, -1.1870, -2.4830, -0.2552, 31.4271, 90.5912
1740983626.527, 4.061, 2.523, -0.0517, -1.1866, -2.4789, -0.5299, 31.8015, 91.0331
1740983626.607, 4.066, 2.514, -0.0521, -1.1862, -2.4754, -1.1665, 31.8378, 91.2665
1740983626.686, 4.066, 2.510, -0.0534, -1.1855, -2.4691, -1.9215, 31.7303, 91.5920
1740983626.766, 4.069, 2.506, -0.0597, -1.1860, -2.4573, -2.0645, 31.7086, 91.7440
1740983626.847, 4.075, 2.506, -0.0686, -1.1855, -2.4408, -2.3264, 31.7329, 92.2944
1740983626.925, 4.077, 2.490, -0.0775, -1.1857, -2.4253, -2.3154, 31.8092, 92.3554
1740983627.005, 4.081, 2.469, -0.0866, -1.1850, -2.4098, -2.1312, 31.8504, 92.3196
1740983627.084, 4.081, 2.447, -0.0958, -1.1855, -2.3965, -1.7454, 31.6534, 92.0190
1740983627.164, 4.077, 2.431, -0.1066, -1.1877, -2.3885, 0.2934, 31.1305, 89.9340
1740983627.244, 4.077, 2.431, -0.1118, -1.1881, -2.3792, 0.0490, 31.3772, 90.1781
1740983627.323, 4.063, 2.411, -0.1167, -1.1880, -2.3707, 0.1282, 31.3080, 90.1673
1740983627.403, 4.063, 2.392, -0.1216, -1.1882, -2.3625, 0.1445, 31.2138, 90.1390
1740983627.483, 4.063, 2.381, -0.1277, -1.1882, -2.3527, 0.3213, 31.0477, 89.9728
1740983627.562, 4.062, 2.371, -0.1350, -1.1877, -2.3398, 0.1913, 31.0425, 90.1026
1740983627.642, 4.064, 2.371, -0.1428, -1.1880, -2.3258, 0.1836, 30.9197, 90.0273
1740983627.722, 4.064, 2.357, -0.1512, -1.1887, -2.3114, 0.1049, 30.8114, 89.9831
1740983627.801, 4.064, 2.333, -0.1588, -1.1891, -2.2979, 0.0885, 30.8176, 89.9623
1740983627.881, 4.064, 2.316, -0.1661, -1.1892, -2.2857, 0.1524, 30.8573, 89.9779
1740983627.961, 4.065, 2.297, -0.1727, -1.1892, -2.2739, 0.1298, 30.7263, 90.1501
1740983628.040, 4.065, 2.297, -0.1789, -1.1893, -2.2633, 0.3520, 30.3481, 90.0344
1740983628.120, 4.068, 2.279, -0.1848, -1.1897, -2.2520, 0.2322, 30.1277, 90.1876
1740983628.199, 4.068, 2.266, -0.1904, -1.1895, -2.2409, 0.1730, 29.8017, 90.3857
1740983628.279, 4.070, 2.247, -0.1969, -1.1895, -2.2289, 0.3988, 29.4658, 90.4225
1740983628.359, 4.072, 2.232, -0.2028, -1.1894, -2.2169, 0.2080, 29.2698, 90.5004
1740983628.438, 4.075, 2.232, -0.2092, -1.1896, -2.2045, 0.2260, 29.1429, 90.5878
1740983628.518, 4.078, 2.217, -0.2160, -1.1899, -2.1920, 0.2138, 28.9663, 90.6429
1740983628.598, 4.078, 2.200, -0.2226, -1.1901, -2.1799, 0.2518, 28.9108, 90.7073
1740983628.677, 4.087, 2.182, -0.2289, -1.1902, -2.1671, 0.1345, 28.8095, 90.7695
1740983628.757, 4.096, 2.165, -0.2356, -1.1906, -2.1547, 0.2627, 28.5993, 90.6941
1740983628.837, 4.107, 2.165, -0.2421, -1.1911, -2.1428, 0.3379, 28.4666, 90.6057
1740983628.916, 4.111, 2.146, -0.2479, -1.1914, -2.1310, 0.2384, 28.3245, 90.6638
1740983628.996, 4.111, 2.128, -0.2538, -1.1915, -2.1193, 0.2558, 28.1767, 90.6452
1740983629.076, 4.111, 2.113, -0.2596, -1.1917, -2.1079, 0.2290, 28.0846, 90.6079
1740983629.155, 4.114, 2.098, -0.2651, -1.1921, -2.0968, 0.1473, 28.0426, 90.5719
1740983629.235, 4.115, 2.098, -0.2711, -1.1922, -2.0856, 0.2713, 27.9150, 90.4458
1740983629.314, 4.118, 2.083, -0.2769, -1.1922, -2.0739, 0.2533, 27.7809, 90.4559
1740983629.394, 4.118, 2.066, -0.2827, -1.1926, -2.0620, 0.1496, 27.6979, 90.4808
1740983629.474, 4.118, 2.048, -0.2883, -1.1925, -2.0495, 0.0666, 27.4852, 90.6635
1740983629.554, 4.120, 2.032, -0.2945, -1.1932, -2.0383, 0.2626, 27.2283, 90.5166
1740983629.633, 4.124, 2.032, -0.2994, -1.1932, -2.0272, 0.0711, 27.2876, 90.5646
1740983629.713, 4.124, 2.017, -0.3049, -1.1934, -2.0159, 0.0658, 27.2203, 90.5202
1740983629.792, 4.124, 2.003, -0.3106, -1.1935, -2.0051, 0.0948, 27.2238, 90.4699
1740983629.872, 4.128, 1.989, -0.3167, -1.1937, -1.9933, 0.1533, 27.1743, 90.5250
1740983629.952, 4.131, 1.972, -0.3228, -1.1940, -1.9811, 0.2117, 27.1720, 90.5227
1740983630.031, 4.131, 1.972, -0.3280, -1.1942, -1.9711, 0.2056, 27.3319, 90.4675
1740983630.111, 4.132, 1.954, -0.3329, -1.1947, -1.9623, 0.4034, 27.3397, 90.2823
1740983630.191, 4.132, 1.938, -0.3378, -1.1940, -1.9531, 0.3672, 27.3929, 90.2121
1740983630.270, 4.132, 1.929, -0.3426, -1.1949, -1.9426, 0.4365, 27.3237, 90.1556
1740983630.352, 4.132, 1.913, -0.3490, -1.1952, -1.9298, 0.2323, 27.4479, 90.4192
1740983630.430, 4.135, 1.913, -0.3547, -1.1951, -1.9188, 0.3193, 27.4702, 90.2978
1740983630.509, 4.134, 1.899, -0.3600, -1.1957, -1.9078, 0.2860, 27.4312, 90.1476
1740983630.589, 4.134, 1.881, -0.3665, -1.1959, -1.8971, 0.5301, 27.5423, 90.3077
1740983630.668, 4.136, 1.863, -0.3705, -1.1956, -1.8880, 0.4814, 27.4321, 89.9997
1740983630.748, 4.135, 1.850, -0.3763, -1.1959, -1.8770, 0.6387, 27.5246, 89.9499
1740983630.828, 4.138, 1.850, -0.3811, -1.1962, -1.8670, 0.5067, 27.4693, 90.1430
1740983630.907, 4.137, 1.836, -0.3868, -1.1963, -1.8564, 0.6240, 27.5804, 89.9922
1740983630.987, 4.137, 1.823, -0.3907, -1.1962, -1.8459, 0.2121, 27.5647, 90.4522
1740983631.067, 4.141, 1.806, -0.3965, -1.1962, -1.8364, 0.7505, 27.5786, 89.7554
1740983631.148, 4.141, 1.791, -0.4010, -1.1970, -1.8257, 0.4290, 27.3599, 89.9464
1740983631.226, 4.139, 1.791, -0.4056, -1.1971, -1.8152, 0.4450, 27.3122, 89.9366
1740983631.306, 4.141, 1.778, -0.4112, -1.1967, -1.8056, 0.8960, 27.1716, 89.4228
1740983631.385, 4.141, 1.765, -0.4164, -1.1979, -1.7940, 0.2728, 27.2156, 90.3678
1740983631.465, 4.144, 1.750, -0.4209, -1.1972, -1.7815, 0.1689, 27.0220, 90.4137
1740983631.544, 4.150, 1.750, -0.4283, -1.1974, -1.7675, 0.4309, 27.2649, 90.1043
1740983631.624, 4.151, 1.735, -0.4335, -1.1976, -1.7575, 0.4052, 27.2238, 89.8717
1740983631.704, 4.152, 1.718, -0.4383, -1.1984, -1.7475, 0.5618, 27.0944, 89.7367
1740983631.783, 4.152, 1.701, -0.4445, -1.1979, -1.7376, 0.8651, 27.4246, 89.6125
1740983631.863, 4.153, 1.687, -0.4503, -1.1978, -1.7261, 0.3684, 27.6614, 90.1699
1740983631.943, 4.153, 1.687, -0.4561, -1.1983, -1.7119, 0.1331, 27.7903, 90.4728
1740983632.022, 4.153, 1.671, -0.4630, -1.1977, -1.6997, 0.8837, 26.8680, 89.6749
1740983632.102, 4.153, 1.654, -0.4637, -1.1977, -1.6936, 0.6016, 25.5237, 89.7055
1740983632.182, 4.153, 1.636, -0.4666, -1.1986, -1.6889, 0.7443, 26.0188, 89.7855
1740983632.261, 4.165, 1.632, -0.4683, -1.1983, -1.6857, 0.7787, 25.8379, 89.5511
1740983632.341, 4.173, 1.632, -0.4708, -1.1985, -1.6808, 0.8182, 26.1103, 89.7203
1740983632.421, 4.172, 1.625, -0.4753, -1.1981, -1.6720, 0.8150, 26.2084, 89.7690
1740983632.500, 4.170, 1.619, -0.4799, -1.1989, -1.6616, 0.6684, 26.3770, 89.9458
1740983632.580, 4.170, 1.608, -0.4842, -1.1998, -1.6497, 0.3841, 26.2038, 90.2481
1740983632.659, 4.169, 1.594, -0.4897, -1.1991, -1.6397, 0.4716, 27.0437, 89.9245
1740983632.739, 4.172, 1.594, -0.4926, -1.1996, -1.6278, -0.2649, 26.2234, 91.0841
1740983632.819, 4.168, 1.577, -0.4969, -1.1996, -1.6198, 0.2383, 26.6577, 90.7408
1740983632.898, 4.173, 1.563, -0.5008, -1.1988, -1.6133, 0.5421, 26.6218, 90.0897
1740983632.978, 4.173, 1.551, -0.5047, -1.1990, -1.6054, 0.3930, 26.6910, 90.3193
1740983633.058, 4.173, 1.538, -0.5092, -1.1994, -1.5976, 0.7279, 26.9854, 89.7356
1740983633.137, 4.175, 1.538, -0.5125, -1.1991, -1.5891, 0.6109, 26.5960, 90.2872
1740983633.217, 4.173, 1.526, -0.5162, -1.1995, -1.5822, 0.6766, 27.1246, 89.9052
1740983633.297, 4.176, 1.515, -0.5202, -1.1995, -1.5736, 0.7180, 27.1383, 89.8428
1740983633.376, 4.176, 1.504, -0.5243, -1.2001, -1.5653, 0.7986, 27.4492, 89.8643
1740983633.456, 4.175, 1.495, -0.5283, -1.2001, -1.5570, 0.6452, 27.5654, 90.0954
1740983633.536, 4.173, 1.495, -0.5321, -1.2005, -1.5492, 0.6551, 27.5337, 89.9785
1740983633.615, 4.172, 1.482, -0.5361, -1.2003, -1.5413, 0.6503, 27.8786, 90.0050
1740983633.695, 4.177, 1.469, -0.5397, -1.2004, -1.5325, 0.3980, 28.2346, 90.1943
1740983633.775, 4.177, 1.456, -0.5442, -1.2006, -1.5243, 0.4493, 28.6271, 90.1441
1740983633.856, 4.173, 1.443, -0.5502, -1.2008, -1.5157, 0.7864, 29.3043, 89.8087
1740983633.934, 4.172, 1.443, -0.5552, -1.2010, -1.5066, 0.5768, 29.4930, 90.1609
1740983634.013, 4.164, 1.430, -0.5605, -1.2003, -1.4979, 0.5786, 30.0869, 90.0823
1740983634.093, 4.164, 1.417, -0.5657, -1.2008, -1.4882, 0.6550, 30.3453, 89.8895
1740983634.173, 4.166, 1.405, -0.5708, -1.2008, -1.4799, 0.4958, 30.9983, 90.3275
1740983634.252, 4.158, 1.394, -0.5779, -1.2017, -1.4687, 0.1428, 32.7585, 90.6054
1740983634.332, 4.159, 1.394, -0.5888, -1.2013, -1.4533, 0.0396, 33.4512, 90.7153
1740983634.412, 4.157, 1.380, -0.5990, -1.2016, -1.4379, 0.2894, 33.4432, 90.5981
1740983634.491, 4.157, 1.361, -0.6060, -1.2018, -1.4248, 0.4262, 33.3554, 90.5111
1740983634.571, 4.157, 1.336, -0.6121, -1.2018, -1.4151, 0.4084, 33.5083, 90.5292
1740983634.651, 4.156, 1.317, -0.6171, -1.2020, -1.4071, 0.2664, 33.5057, 90.4558
1740983634.730, 4.155, 1.317, -0.6221, -1.2023, -1.3981, 0.2634, 33.4104, 90.4441
1740983634.810, 4.158, 1.305, -0.6287, -1.2023, -1.3870, 0.2319, 33.4121, 90.4205
1740983634.890, 4.158, 1.290, -0.6366, -1.2025, -1.3742, 0.2613, 33.3270, 90.5263
1740983634.969, 4.157, 1.274, -0.6450, -1.2025, -1.3612, 0.4113, 33.1634, 90.4659
1740983635.049, 4.155, 1.256, -0.6529, -1.2026, -1.3487, 0.4419, 33.1587, 90.4249
1740983635.128, 4.154, 1.256, -0.6597, -1.2027, -1.3376, 0.4263, 33.1559, 90.4650
1740983635.208, 4.155, 1.238, -0.6650, -1.2022, -1.3307, 0.1869, 34.2845, 90.4178
1740983635.288, 4.155, 1.220, -0.6674, -1.2017, -1.3268, -0.1249, 34.8847, 90.1217
1740983635.367, 4.155, 1.211, -0.6703, -1.2013, -1.3228, 0.0015, 34.6915, 89.0402
1740983635.447, 4.156, 1.205, -0.6761, -1.2011, -1.3132, 0.0103, 34.3246, 88.6877
1740983635.529, 4.155, 1.205, -0.6866, -1.2012, -1.2977, 0.2771, 33.7397, 88.4551
1740983635.606, 4.155, 1.197, -0.6967, -1.2012, -1.2810, 0.2371, 33.2982, 88.5269
1740983635.686, 4.155, 1.175, -0.7064, -1.2017, -1.2626, -0.0536, 32.5659, 89.4925
1740983635.766, 4.153, 1.149, -0.7157, -1.2025, -1.2457, -0.3466, 32.2138, 90.6653
1740983635.845, 4.154, 1.122, -0.7257, -1.2039, -1.2325, 0.4800, 32.3919, 90.6676
1740983635.925, 4.156, 1.122, -0.7323, -1.2041, -1.2219, 0.3374, 32.4109, 90.4973
1740983636.005, 4.153, 1.102, -0.7350, -1.2026, -1.2139, -0.6298, 32.6355, 91.6518
1740983636.084, 4.153, 1.088, -0.7349, -1.2024, -1.2125, -0.7962, 32.7192, 91.7866
1740983636.164, 4.155, 1.077, -0.7338, -1.2025, -1.2120, -1.1448, 32.6501, 91.7545
1740983636.243, 4.157, 1.078, -0.7357, -1.2019, -1.2056, -1.7552, 32.5936, 92.1107
1740983636.323, 4.159, 1.078, -0.7415, -1.2015, -1.1917, -2.3463, 32.3271, 92.0709
1740983636.403, 4.167, 1.075, -0.7531, -1.2016, -1.1721, -2.1161, 32.2117, 92.1170
1740983636.482, 4.167, 1.059, -0.7677, -1.2023, -1.1506, -1.4211, 32.3420, 91.9152
1740983636.562, 4.170, 1.029, -0.7816, -1.2032, -1.1309, -0.7325, 32.3818, 91.1657
1740983636.761, 4.159, 0.975, -0.7984, -1.2025, -1.1162, 2.0422, 32.3985, 88.0997
1740983636.841, 4.147, 0.963, -0.7992, -1.2028, -1.1113, 1.4746, 32.1095, 87.7757
1740983636.921, 4.146, 0.963, -0.8041, -1.2023, -1.1022, 1.3899, 32.2011, 87.5885
1740983637.120, 4.150, 0.946, -0.8236, -1.2036, -1.0623, -0.2088, 32.2599, 89.4933
1740983637.199, 4.152, 0.929, -0.8294, -1.2022, -1.0542, 0.4105, 31.2783, 87.8515
1740983637.281, 4.152, 0.902, -0.8348, -1.2025, -1.0437, 0.4486, 31.0913, 87.7775
1740983637.358, 4.159, 0.892, -0.8407, -1.2028, -1.0338, 0.5944, 30.6651, 87.6044
1740983637.438, 4.157, 0.876, -0.8477, -1.2038, -1.0202, 0.6856, 29.8534, 88.2378
1740983637.518, 4.157, 0.876, -0.8605, -1.2038, -1.0056, 2.3830, 28.5037, 89.4771
1740983637.597, 4.161, 0.857, -0.8680, -1.2030, -0.9965, 3.5573, 28.3909, 88.6839
1740983637.677, 4.161, 0.837, -0.8739, -1.2025, -0.9871, 3.7680, 28.1081, 88.6713
1740983637.757, 4.158, 0.826, -0.8797, -1.2022, -0.9763, 3.9900, 27.9386, 88.3976
1740983637.836, 4.157, 0.811, -0.8859, -1.2019, -0.9623, 3.8348, 27.4836, 88.6222
1740983637.916, 4.162, 0.811, -0.8867, -1.2024, -0.9439, 0.9611, 28.2083, 90.8643
1740983637.996, 4.169, 0.797, -0.8859, -1.2012, -0.9309, -1.5943, 29.0396, 91.2071
1740983638.075, 4.169, 0.778, -0.8955, -1.2013, -0.9244, 0.6519, 28.7220, 91.1126
1740983638.155, 4.180, 0.763, -0.8991, -1.2006, -0.9232, 1.4110, 28.6807, 91.0427
1740983638.235, 4.176, 0.749, -0.8922, -1.2005, -0.9239, -0.7593, 28.7829, 90.0467
1740983638.314, 4.171, 0.749, -0.8910, -1.2007, -0.9198, -1.7661, 28.1261, 89.1030
1740983638.394, 4.187, 0.750, -0.8979, -1.1992, -0.9071, -1.6292, 28.5084, 88.8520
1740983638.473, 4.187, 0.750, -0.9115, -1.2018, -0.8930, 0.5846, 27.9819, 87.4341
1740983638.553, 4.191, 0.736, -0.9203, -1.2038, -0.8686, 0.3479, 25.9745, 89.0130
1740983638.633, 4.185, 0.708, -0.9321, -1.2055, -0.8495, 0.8579, 25.5679, 89.5974
1740983638.712, 4.049, 0.708, -0.9375, -1.2043, -0.8386, 0.9193, 26.2803, 89.6519
1740983638.792, 3.056, 0.683, -0.9413, -1.2053, -0.8316, 1.0293, 26.6627, 89.5888
1740983638.872, 3.056, 0.664, -0.9445, -1.2050, -0.8256, 1.0116, 26.9816, 89.6046
1740983638.951, 4.045, 0.650, -0.9481, -1.2051, -0.8187, 1.0261, 27.3698, 89.6322
1740983639.031, 4.044, 0.639, -0.9537, -1.2053, -0.8102, 1.0613, 28.4335, 89.5779
1740983639.111, 4.043, 0.639, -0.9635, -1.2041, -0.8037, 2.7812, 29.2474, 89.4007
1740983639.190, 4.148, 0.633, -0.9711, -1.2027, -0.7983, 3.5568, 30.8374, 88.9973
1740983639.270, 4.148, 0.622, -0.9765, -1.2028, -0.7840, 1.1682, 33.3612, 91.8310
1740983639.350, 4.166, 0.607, -0.9864, -1.2029, -0.7718, 1.0377, 36.7359, 92.1412
1740983639.429, 4.166, 0.592, -0.9910, -1.2034, -0.7580, -1.0461, 37.6692, 92.1537
1740983639.509, 4.173, 0.592, -0.9985, -1.2041, -0.7460, -1.3088, 37.8278, 91.7655
1740983639.589, 4.173, 0.576, -1.0112, -1.2059, -0.7385, 1.4457, 37.5841, 89.3738
1740983639.668, 4.173, 0.556, -1.0185, -1.2067, -0.7281, 1.1860, 37.4759, 89.6448
1740983639.748, 4.179, 0.539, -1.0241, -1.2068, -0.7208, 1.2216, 37.4095, 89.7014
1740983639.827, 4.172, 0.525, -1.0283, -1.2069, -0.7151, 1.2926, 37.3501, 89.7006
1740983639.907, 4.172, 0.525, -1.0334, -1.2072, -0.7079, 1.2968, 37.2396, 89.6922
1740983639.987, 4.172, 0.513, -1.0382, -1.2071, -0.6974, 1.3735, 35.1837, 89.6540
1740983640.066, 4.172, 0.501, -1.0418, -1.2069, -0.6844, 1.6158, 31.0995, 89.5769
1740983640.146, 4.162, 0.489, -1.0455, -1.2067, -0.6697, 1.6880, 27.5613, 89.6667
1740983640.226, 4.159, 0.477, -1.0522, -1.2074, -0.6566, 1.8059, 26.9928, 89.6435
1740983640.305, 2.677, 0.477, -1.0584, -1.2077, -0.6429, 1.6512, 27.0407, 89.6780
1740983640.385, 2.677, 0.454, -1.0645, -1.2081, -0.6308, 1.7179, 27.1055, 89.6032
1740983640.465, 2.683, 0.440, -1.0695, -1.2078, -0.6197, 1.6101, 27.1764, 89.6776
1740983640.544, 2.685, 0.423, -1.0746, -1.2084, -0.6100, 1.5816, 27.2463, 89.6558
1740983640.624, 2.680, 0.405, -1.0806, -1.2084, -0.6014, 1.5670, 28.5475, 89.6473
1740983640.704, 2.690, 0.405, -1.0866, -1.2088, -0.5930, 1.5030, 30.0863, 89.6698
1740983640.785, 2.690, 0.390, -1.0923, -1.2089, -0.5840, 1.6166, 30.1851, 89.5891
1740983640.865, 2.678, 0.380, -1.0978, -1.2084, -0.5775, 2.0873, 30.5877, 88.8802
1740983640.942, 2.674, 0.366, -1.1004, -1.2078, -0.5750, 2.5612, 30.2753, 88.3133
1740983643.431, 4.175, 0.726, -0.8894, -1.2051, -0.9302, -0.9715, 33.0688, 89.7826
1740983643.511, 4.178, 0.726, -0.8821, -1.2089, -0.9503, 0.0441, 33.2071, 90.6592
1740983643.591, 4.176, 0.746, -0.8816, -1.2052, -0.9718, 4.4300, 34.0472, 87.6035
1740983643.670, 4.176, 0.772, -0.8727, -1.2066, -0.9840, 3.5747, 33.5834, 88.9080
1740983643.750, 4.154, 0.797, -0.8662, -1.2072, -0.9980, 4.2132, 34.0138, 88.1032
1740983643.831, 4.156, 0.815, -0.8556, -1.2069, -1.0100, 3.6361, 32.7896, 87.8207
1740983643.909, 4.155, 0.815, -0.8461, -1.2075, -1.0165, 2.2101, 30.1856, 88.0630
1740983643.989, 4.156, 0.835, -0.8360, -1.2080, -1.0230, 0.1360, 29.6292, 89.1752
1740983644.069, 4.156, 0.848, -0.8311, -1.2072, -1.0373, 0.7820, 30.0075, 87.6050
1740983644.148, 4.174, 0.861, -0.8218, -1.2069, -1.0535, 0.2958, 30.0451, 88.2409
1740983644.228, 4.171, 0.880, -0.8135, -1.2080, -1.0729, 0.9545, 30.4769, 88.7279
1740983644.307, 4.172, 0.880, -0.8082, -1.2071, -1.0907, 1.8215, 31.1609, 87.7640
1740983644.387, 4.158, 0.908, -0.7973, -1.2069, -1.1049, 1.3173, 30.7918, 87.6763
1740983644.467, 4.158, 0.929, -0.7890, -1.2073, -1.1197, 1.1956, 30.7909, 87.7571
1740983644.546, 4.161, 0.950, -0.7833, -1.2079, -1.1315, 1.5789, 30.7356, 88.9962
1740983644.626, 4.161, 0.972, -0.7715, -1.2079, -1.1402, -0.9482, 30.1415, 91.0841
1740983644.706, 4.159, 0.972, -0.7632, -1.2070, -1.1503, -1.5211, 30.6409, 91.6033
1740983644.785, 4.176, 0.989, -0.7563, -1.2066, -1.1623, -1.6104, 30.5278, 92.0390
1740983644.865, 4.176, 1.004, -0.7494, -1.2061, -1.1758, -1.2827, 30.4096, 92.1837
1740983644.945, 4.176, 1.025, -0.7428, -1.2055, -1.1912, -0.6405, 30.4029, 92.4144
1740983645.024, 4.174, 1.040, -0.7357, -1.2053, -1.2078, 0.0474, 30.4492, 92.5619
1740983645.104, 4.170, 1.040, -0.7240, -1.2071, -1.2316, 0.5040, 30.1746, 90.0435
1740983645.184, 4.170, 1.065, -0.7147, -1.2079, -1.2503, 0.8113, 29.9821, 90.2993
1740983645.383, 4.163, 1.116, -0.6969, -1.2051, -1.2784, 0.2479, 29.4892, 89.1903
1740983645.464, 4.169, 1.135, -0.6907, -1.2046, -1.2914, 0.4668, 29.8018, 88.5249
1740983645.542, 4.166, 1.148, -0.6822, -1.2047, -1.3075, 0.3181, 30.1501, 88.5973
1740983645.623, 4.161, 1.166, -0.6712, -1.2043, -1.3274, 0.3317, 30.5124, 88.6365
1740983647.752, 4.168, 1.568, -0.4745, -1.2015, -1.6329, 0.4623, 34.7744, 90.5480
1740983647.832, 4.166, 1.565, -0.4747, -1.2016, -1.6328, 0.4304, 34.7771, 90.5506
1740983647.911, 4.168, 1.565, -0.4748, -1.2016, -1.6329, 0.4066, 34.7760, 90.5391
1740983647.991, 4.166, 1.565, -0.4747, -1.2015, -1.6328, 0.3764, 34.7877, 90.5477
1740983648.071, 4.166, 1.565, -0.4747, -1.2015, -1.6329, 0.3535, 34.7772, 90.5589
1740983648.150, 4.167, 1.567, -0.4747, -1.2016, -1.6327, 0.3209, 34.7851, 90.5638
1740983648.230, 4.167, 1.566, -0.4746, -1.2015, -1.6329, 0.3235, 34.7835, 90.5370
1740983648.310, 4.166, 1.566, -0.4747, -1.2016, -1.6328, 0.2940, 34.7784, 90.5503
1740983648.389, 4.164, 1.566, -0.4745, -1.2015, -1.6329, 0.2802, 34.8893, 90.5552
1740983648.469, 4.164, 1.565, -0.4747, -1.2015, -1.6330, 0.2996, 34.9643, 90.5469
1740983648.549, 4.166, 1.566, -0.4749, -1.2015, -1.6329, 0.2763, 34.9623, 90.5454
1740983648.628, 4.165, 1.568, -0.4748, -1.2014, -1.6329, 0.2669, 34.9948, 90.5333
1740983648.708, 4.164, 1.568, -0.4749, -1.2014, -1.6328, 0.2720, 34.9841, 90.5440
1740983648.787, 4.167, 1.567, -0.4747, -1.2014, -1.6329, 0.3037, 34.9581, 90.5570
1740983648.867, 4.167, 1.566, -0.4749, -1.2015, -1.6328, 0.2867, 34.9491, 90.5557
1740983648.947, 4.165, 1.565, -0.4747, -1.2015, -1.6329, 0.2734, 34.9486, 90.5577
1740983649.026, 4.168, 1.567, -0.4747, -1.2014, -1.6328, 0.3068, 34.9510, 90.5712
1740983649.106, 4.168, 1.567, -0.4748, -1.2014, -1.6328, 0.3478, 34.9479, 90.5702
1740983649.186, 4.167, 1.568, -0.4748, -1.2014, -1.6327, 0.3440, 34.9520, 90.5674
1740983649.265, 4.167, 1.567, -0.4748, -1.2013, -1.6328, 0.3678, 34.9582, 90.5633
1740983649.345, 4.165, 1.568, -0.4747, -1.2013, -1.6327, 0.3853, 34.9548, 90.5725
1740983649.425, 4.164, 1.566, -0.4748, -1.2013, -1.6327, 0.4150, 34.9609, 90.5655
1740983649.504, 4.167, 1.566, -0.4747, -1.2014, -1.6327, 0.3950, 34.9669, 90.5589
1740983649.584, 4.168, 1.567, -0.4746, -1.2014, -1.6327, 0.3568, 34.9726, 90.5653
1740983649.664, 4.168, 1.568, -0.4747, -1.2013, -1.6327, 0.3806, 34.9822, 90.5688
1740983649.743, 4.169, 1.568, -0.4747, -1.2012, -1.6326, 0.3597, 34.9926, 90.5480
1740983649.823, 4.166, 1.565, -0.4748, -1.2013, -1.6326, 0.3539, 34.9895, 90.5524
1740983649.902, 4.166, 1.565, -0.4748, -1.2014, -1.6326, 0.3505, 34.9559, 90.5412
1740983649.982, 4.165, 1.567, -0.4741, -1.2014, -1.6334, 0.3197, 34.7979, 90.6002
1740983650.064, 4.165, 1.567, -0.4703, -1.2010, -1.6372, 0.3029, 33.9708, 90.5891
1740983650.141, 4.164, 1.568, -0.4638, -1.2009, -1.6442, 0.3512, 32.4168, 90.5981
1740983650.221, 4.164, 1.573, -0.4549, -1.2004, -1.6544, 0.4104, 30.2001, 90.6588
1740983650.301, 4.169, 1.573, -0.4454, -1.2004, -1.6671, 0.5216, 27.6623, 90.6058
1740983650.380, 4.179, 1.588, -0.4376, -1.2004, -1.6786, 0.5962, 25.5060, 90.4993
1740983650.460, 4.179, 1.610, -0.4348, -1.2011, -1.6835, 0.6166, 24.6310, 90.4474
1740983650.540, 4.201, 1.633, -0.4350, -1.2003, -1.6831, 0.5939, 24.6836, 90.5213
1740983650.619, 4.220, 1.643, -0.4352, -1.2003, -1.6828, 0.5652, 24.6290, 90.5423
1740983650.699, 4.221, 1.643, -0.4352, -1.2003, -1.6829, 0.5428, 24.6291, 90.5678
1740983650.778, 4.221, 1.642, -0.4352, -1.2003, -1.6829, 0.5330, 24.6225, 90.5843
1740983650.858, 4.218, 1.643, -0.4352, -1.2002, -1.6829, 0.5197, 24.6110, 90.5891
1740983650.938, 4.221, 1.643, -0.4353, -1.2003, -1.6830, 0.5139, 24.6417, 90.5958
1740983651.018, 4.218, 1.642, -0.4351, -1.2003, -1.6830, 0.5082, 24.6017, 90.5953
1740983651.097, 4.219, 1.642, -0.4353, -1.2003, -1.6829, 0.4631, 24.5992, 90.5714
1740983651.177, 4.219, 1.644, -0.4353, -1.2002, -1.6829, 0.4673, 24.5967, 90.5637
1740983651.256, 4.220, 1.642, -0.4353, -1.2004, -1.6831, 0.4454, 24.6089, 90.5660
1740983651.336, 4.218, 1.642, -0.4354, -1.2006, -1.6829, 0.4022, 24.6292, 90.5775
1740983651.416, 4.221, 1.642, -0.4354, -1.2006, -1.6830, 0.3814, 24.6365, 90.5764
1740983651.495, 4.219, 1.642, -0.4353, -1.2004, -1.6830, 0.3649, 24.6381, 90.5932
1740983651.575, 4.219, 1.644, -0.4352, -1.2005, -1.6830, 0.3521, 24.6018, 90.5988
1740983651.655, 4.218, 1.642, -0.4354, -1.2004, -1.6833, 0.3749, 24.6135, 90.6004
1740983651.734, 4.220, 1.642, -0.4351, -1.2005, -1.6842, 0.3335, 24.7795, 90.6086
1740983651.814, 4.219, 1.643, -0.4340, -1.2004, -1.6879, 0.3938, 25.0853, 90.6619
1740983651.894, 4.220, 1.643, -0.4314, -1.2002, -1.6957, 0.3481, 25.9753, 90.5922
1740983651.973, 4.220, 1.644, -0.4279, -1.2003, -1.7059, 0.2198, 27.2157, 90.5984
1740983652.053, 4.211, 1.651, -0.4230, -1.1998, -1.7176, 0.0066, 28.5971, 90.6341
1740983652.133, 4.194, 1.658, -0.4182, -1.1998, -1.7294, -0.0180, 29.9360, 90.5598
1740983652.212, 4.176, 1.658, -0.4145, -1.2002, -1.7385, -0.0440, 30.8164, 90.5964
1740983652.292, 4.166, 1.671, -0.4123, -1.1999, -1.7424, -0.0613, 30.9299, 90.5723
1740983652.371, 4.166, 1.684, -0.4123, -1.1998, -1.7422, 0.0042, 30.9550, 90.5967
1740983652.451, 4.164, 1.690, -0.4126, -1.1998, -1.7421, 0.0298, 30.9631, 90.5820
1740983652.531, 4.163, 1.690, -0.4124, -1.1998, -1.7420, 0.0516, 30.9685, 90.5897
1740983652.611, 4.165, 1.690, -0.4126, -1.1998, -1.7422, 0.0525, 30.9822, 90.5511
1740983652.690, 4.164, 1.690, -0.4122, -1.1998, -1.7427, 0.0609, 31.0456, 90.5984
1740983652.770, 4.164, 1.691, -0.4097, -1.1997, -1.7472, 0.0559, 30.9567, 90.5470
1740983652.849, 4.166, 1.691, -0.4040, -1.1997, -1.7574, 0.0891, 30.9716, 90.5598
1740983652.929, 4.164, 1.697, -0.3963, -1.1987, -1.7709, 0.2491, 30.8555, 90.4762
1740983653.009, 4.162, 1.697, -0.3885, -1.1993, -1.7859, 0.4511, 30.7461, 90.4660
1740983653.092, 4.161, 1.713, -0.3804, -1.1992, -1.7998, 0.3926, 30.7286, 90.4783
1740983654.980, 4.156, 2.008, -0.2428, -1.1936, -2.0413, 0.1585, 30.3273, 90.7419
1740983655.059, 4.156, 2.020, -0.2375, -1.1943, -2.0508, 0.1601, 30.3218, 90.6981
1740983655.139, 4.157, 2.031, -0.2325, -1.1953, -2.0608, 0.3161, 30.3100, 90.6592
1740983655.219, 4.155, 2.046, -0.2271, -1.1932, -2.0701, 0.3332, 30.3098, 90.6869
1740983655.298, 4.154, 2.046, -0.2210, -1.1938, -2.0805, 0.2599, 30.3275, 90.7074
1740983655.378, 4.150, 2.060, -0.2152, -1.1939, -2.0908, 0.2071, 30.3750, 90.7630
1740983655.460, 4.150, 2.075, -0.2094, -1.1940, -2.1009, 0.2400, 30.3959, 90.7608
1740983655.537, 4.141, 2.090, -0.2044, -1.1931, -2.1099, 0.1915, 30.3945, 90.7941
1740983655.617, 4.135, 2.106, -0.1992, -1.1936, -2.1192, 0.1179, 30.3699, 90.8535
1740983655.697, 4.128, 2.106, -0.1939, -1.1933, -2.1284, 0.1660, 30.4677, 90.8451
1740983655.776, 4.129, 2.119, -0.1890, -1.1912, -2.1375, 0.2506, 30.3979, 90.7660
1740983655.856, 4.129, 2.131, -0.1836, -1.1920, -2.1477, 0.3812, 30.4026, 90.6392
1740983655.936, 4.128, 2.144, -0.1778, -1.1924, -2.1582, 0.3922, 30.3647, 90.6097
1740983656.015, 4.126, 2.161, -0.1717, -1.1919, -2.1682, 0.3085, 30.2882, 90.6132
1740983656.095, 4.126, 2.161, -0.1659, -1.1918, -2.1783, 0.2914, 30.3153, 90.5856
1740983656.174, 4.125, 2.174, -0.1597, -1.1919, -2.1890, 0.2330, 30.4100, 90.5139
1740983656.254, 4.125, 2.189, -0.1537, -1.1915, -2.1997, 0.2379, 30.4736, 90.4251
1740983656.334, 4.126, 2.204, -0.1480, -1.1914, -2.2100, 0.2931, 30.4871, 90.3188
1740983656.413, 4.124, 2.219, -0.1424, -1.1915, -2.2201, 0.3161, 30.4953, 90.2807
1740983656.493, 4.123, 2.219, -0.1370, -1.1909, -2.2304, 0.4312, 30.4766, 90.1422
1740983656.573, 4.123, 2.237, -0.1311, -1.1913, -2.2412, 0.4627, 30.4862, 90.0197
1740983656.652, 4.121, 2.251, -0.1244, -1.1909, -2.2506, -0.0470, 29.9623, 90.6169
1740983656.732, 4.121, 2.265, -0.1197, -1.1904, -2.2603, 0.1388, 28.9718, 90.1520
1740983656.812, 4.126, 2.281, -0.1156, -1.1899, -2.2717, 0.5194, 28.1244, 89.9037
1740983656.891, 4.129, 2.281, -0.1101, -1.1898, -2.2850, 0.2562, 26.7861, 90.1956
1740983656.971, 4.129, 2.296, -0.1043, -1.1902, -2.3005, 0.1251, 25.4057, 90.3683
1740983657.054, 4.143, 2.315, -0.0981, -1.1895, -2.3181, 0.2272, 23.9481, 90.3029
1740983657.130, 4.170, 2.342, -0.0939, -1.1888, -2.3346, 0.3547, 22.3092, 90.1350
1740983657.210, 4.185, 2.374, -0.0905, -1.1893, -2.3496, 0.0105, 20.6734, 90.5694
1740983657.293, 4.201, 2.374, -0.0867, -1.1913, -2.3661, 0.4705, 19.3303, 90.2768
1740983659.181, 4.198, 2.450, -0.1034, -1.1899, -2.3550, 0.2190, 23.3895, 90.1501
1740983659.261, 4.198, 2.422, -0.1069, -1.1899, -2.3497, 0.2529, 24.4101, 90.0547
1740983659.340, 4.173, 2.401, -0.1106, -1.1900, -2.3441, 0.2731, 25.4019, 90.0368
1740983659.420, 4.155, 2.383, -0.1147, -1.1902, -2.3380, 0.2394, 26.4817, 90.0858
1740983659.502, 4.144, 2.383, -0.1190, -1.1901, -2.3313, 0.1473, 27.7882, 90.1456
1740983659.579, 4.116, 2.371, -0.1235, -1.1902, -2.3250, 0.0464, 28.9089, 90.2026
1740983659.661, 4.116, 2.352, -0.1277, -1.1903, -2.3192, -0.0611, 30.0645, 90.2290
1740983659.741, 4.098, 2.339, -0.1311, -1.1903, -2.3147, -0.1650, 31.0855, 90.2370
1740983659.818, 4.090, 2.331, -0.1340, -1.1906, -2.3115, -0.2181, 31.7782, 90.2765
1740983659.898, 4.083, 2.331, -0.1350, -1.1904, -2.3103, -0.1966, 32.2332, 90.2761
1740983659.978, 4.081, 2.324, -0.1352, -1.1905, -2.3102, -0.1515, 32.2609, 90.2871
1740983660.057, 4.081, 2.318, -0.1352, -1.1906, -2.3103, -0.0896, 32.2572, 90.2682
1740983660.137, 4.082, 2.317, -0.1352, -1.1905, -2.3103, -0.0628, 32.2600, 90.2608
1740983660.216, 4.081, 2.319, -0.1353, -1.1905, -2.3102, -0.0398, 32.2663, 90.2497
1740983660.296, 4.080, 2.319, -0.1353, -1.1905, -2.3102, -0.0382, 32.2610, 90.2477
1740983660.376, 4.080, 2.319, -0.1352, -1.1906, -2.3103, -0.0316, 32.2661, 90.2412
1740983660.455, 4.080, 2.316, -0.1344, -1.1906, -2.3115, -0.0346, 32.2953, 90.2906
1740983660.537, 4.082, 2.319, -0.1300, -1.1904, -2.3190, 0.0551, 32.2716, 90.2476
1740983660.617, 4.081, 2.319, -0.1216, -1.1902, -2.3334, 0.2443, 32.1741, 90.2203
1740983660.694, 4.081, 2.319, -0.1101, -1.1901, -2.3530, 0.3396, 32.2936, 90.0438
1740983660.774, 4.081, 2.338, -0.0974, -1.1883, -2.3659, -0.9045, 31.9942, 92.0723
1740983660.854, 4.081, 2.360, -0.0886, -1.1868, -2.3813, -0.8042, 31.6431, 92.5100
1740983660.933, 4.086, 2.387, -0.0752, -1.1874, -2.3991, -1.7634, 31.6383, 92.4378
1740983661.013, 4.087, 2.413, -0.0619, -1.1874, -2.4167, -2.4879, 31.3134, 92.1521
1740983661.093, 4.096, 2.413, -0.0528, -1.1874, -2.4332, -1.9803, 31.2036, 91.7512
1740983661.172, 4.097, 2.437, -0.0453, -1.1876, -2.4495, -1.4757, 31.0283, 91.4104
1740983661.252, 4.097, 2.458, -0.0387, -1.1888, -2.4671, -0.2221, 31.2245, 90.5079
1740983661.331, 4.098, 2.479, -0.0352, -1.1890, -2.4753, 0.2741, 31.0944, 89.9134
1740983661.411, 4.080, 2.503, -0.0363, -1.1892, -2.4742, 0.2604, 31.0899, 90.0590
1740983661.491, 4.082, 2.503, -0.0383, -1.1889, -2.4709, 0.2450, 31.1035, 90.0962
1740983661.570, 4.082, 2.511, -0.0396, -1.1890, -2.4683, 0.2210, 31.0538, 90.1158
1740983661.650, 4.082, 2.507, -0.0397, -1.1890, -2.4681, 0.2092, 31.0894, 90.1197
1740983661.730, 4.083, 2.498, -0.0389, -1.1889, -2.4697, 0.2166, 30.9945, 90.1862
1740983661.809, 4.081, 2.504, -0.0341, -1.1883, -2.4776, 0.0485, 31.1244, 90.1098
1740983661.889, 4.082, 2.504, -0.0263, -1.1872, -2.4893, -0.2643, 30.9051, 89.0456
1740983661.969, 4.086, 2.509, -0.0189, -1.1867, -2.5051, 0.1539, 31.3382, 88.1213
1740983662.050, 4.086, 2.528, -0.0079, -1.1863, -2.5250, 0.1583, 31.4467, 88.1613
1740983662.128, 4.083, 2.549, 0.0046, -1.1859, -2.5458, 0.1348, 31.7708, 88.1433
1740983662.207, 4.081, 2.572, 0.0156, -1.1863, -2.5653, 0.1239, 32.1532, 88.4186
1740983662.287, 4.079, 2.572, 0.0178, -1.1850, -2.5824, 2.8928, 32.7488, 87.0322
1740983662.367, 4.079, 2.603, 0.0227, -1.1860, -2.5883, 2.2014, 32.1653, 90.2004
1740983662.446, 4.075, 2.625, 0.0311, -1.1854, -2.5954, 0.7735, 32.2937, 92.1734
1740983662.526, 4.064, 2.628, 0.0383, -1.1849, -2.6125, 1.9931, 32.2262, 90.8369
1740983662.606, 4.074, 2.644, 0.0481, -1.1849, -2.6324, 2.8075, 32.3417, 89.2684
1740983662.686, 4.073, 2.644, 0.0647, -1.1875, -2.6480, 0.4326, 32.2422, 90.3465
1740983662.765, 4.073, 2.677, 0.0779, -1.1857, -2.6603, -1.0100, 30.9685, 91.7691
1740983662.845, 4.076, 2.698, 0.0855, -1.1844, -2.6666, -2.0277, 31.6144, 92.5799
1740983662.924, 4.080, 2.719, 0.0904, -1.1838, -2.6738, -2.2057, 32.3961, 92.4010
1740983663.004, 4.093, 2.719, 0.0887, -1.1839, -2.6790, -1.6150, 34.5331, 92.8000
1740983663.084, 4.094, 2.735, 0.0857, -1.1838, -2.6818, -0.3779, 35.2825, 92.7441
1740983663.163, 4.094, 2.741, 0.0879, -1.1838, -2.6847, -0.8869, 37.0192, 92.9686
1740983663.243, 4.084, 2.743, 0.0905, -1.1838, -2.6890, -0.8489, 39.5471, 93.0161
1740983663.323, 4.090, 2.761, 0.0975, -1.1841, -2.6941, -1.3134, 44.0958, 92.9411
1740983663.402, 4.109, 2.761, 0.1097, -1.1844, -2.7037, 0.1383, 49.8456, 89.8107
1740983663.482, 4.193, 2.793, 0.1248, -1.1830, -2.7202, 1.3945, 50.7279, 88.1240
1740983663.562, 4.193, 2.880, 0.1470, -1.1826, -2.7354, 0.5149, 50.4323, 88.0430
1740983663.641, 4.302, 2.949, 0.1663, -1.1826, -2.7465, -1.1816, 49.7860, 89.4307
1740983663.723, 4.315, 2.974, 0.1741, -1.1821, -2.7552, -0.3013, 50.8400, 88.4215
1740983663.800, 4.321, 2.974, 0.1719, -1.1822, -2.7523, -0.8385, 50.4522, 89.2505
1740983663.880, 4.343, 2.990, 0.1684, -1.1824, -2.7498, -0.5805, 50.6160, 89.0383
1740983663.960, 4.343, 3.010, 0.1655, -1.1826, -2.7471, -0.6038, 50.4816, 89.2885
1740983664.039, 4.337, 3.003, 0.1625, -1.1828, -2.7450, -0.3564, 50.3903, 89.3188
1740983664.119, 4.328, 2.991, 0.1620, -1.1829, -2.7448, -0.2916, 50.5397, 89.1947
1740983664.199, 4.328, 2.991, 0.1603, -1.1832, -2.7443, -0.1952, 51.0378, 89.6275
1740983664.278, 4.327, 2.996, 0.1573, -1.1843, -2.7446, -0.1085, 52.6865, 90.4470
1740983664.358, 4.327, 2.998, 0.1568, -1.1846, -2.7445, -0.0041, 52.7198, 90.4880
1740983664.438, 4.360, 3.028, 0.1571, -1.1844, -2.7443, 0.0032, 52.7124, 90.4897
1740983664.517, 4.382, 3.028, 0.1569, -1.1844, -2.7444, 0.0252, 52.7197, 90.4922
1740983664.597, 4.377, 3.028, 0.1570, -1.1845, -2.7443, 0.0221, 52.7215, 90.5035
1740983664.676, 4.379, 3.033, 0.1562, -1.1845, -2.7437, 0.1537, 52.5444, 90.4156
1740983664.756, 4.379, 3.029, 0.1553, -1.1845, -2.7427, 0.2654, 52.0451, 90.2666
1740983664.836, 4.372, 3.026, 0.1543, -1.1837, -2.7414, 0.6296, 51.2558, 89.6240
1740983664.915, 4.361, 3.012, 0.1529, -1.1829, -2.7382, 0.6769, 49.7700, 88.8124
1740983664.995, 4.335, 3.012, 0.1493, -1.1827, -2.7319, 0.8601, 47.1654, 88.1131
1740983665.075, 4.289, 2.983, 0.1435, -1.1834, -2.7229, 1.1579, 44.1456, 87.9726
1740983665.154, 4.289, 2.939, 0.1377, -1.1832, -2.7129, 1.4022, 41.2893, 87.9560
1740983665.234, 4.219, 2.879, 0.1338, -1.1829, -2.7050, 1.4949, 39.1080, 88.0058
1740983665.314, 4.162, 2.827, 0.1321, -1.1831, -2.7020, 1.5616, 38.4413, 88.0342
1740983665.393, 4.135, 2.827, 0.1328, -1.1830, -2.7020, 1.3197, 38.4723, 88.0668
1740983665.473, 4.129, 2.801, 0.1329, -1.1832, -2.7024, 1.3040, 38.4472, 88.0721
1740983665.553, 4.129, 2.801, 0.1328, -1.1831, -2.7023, 1.2774, 38.4485, 88.0835
1740983665.632, 4.130, 2.800, 0.1329, -1.1832, -2.7023, 1.2257, 38.4463, 88.0899
1740983665.712, 4.128, 2.800, 0.1330, -1.1831, -2.7023, 1.2201, 38.4406, 88.0945
1740983665.791, 4.129, 2.800, 0.1329, -1.1832, -2.7024, 1.2128, 38.4336, 88.1021
1740983665.871, 4.127, 2.807, 0.1329, -1.1831, -2.7023, 1.1970, 38.4293, 88.1106
1740983665.951, 4.127, 2.799, 0.1328, -1.1832, -2.7025, 1.2515, 38.3538, 88.0770
1740983666.030, 4.127, 2.806, 0.1332, -1.1831, -2.7025, 1.2130, 38.1774, 88.0404
1740983666.110, 4.128, 2.800, 0.1333, -1.1830, -2.7026, 1.2251, 38.1733, 88.0484
1740983666.190, 4.128, 2.800, 0.1332, -1.1831, -2.7025, 1.2266, 38.1713, 88.0607
1740983666.269, 4.127, 2.800, 0.1331, -1.1832, -2.7025, 1.2323, 38.1732, 88.0680
1740983666.349, 4.127, 2.805, 0.1331, -1.1831, -2.7025, 1.2154, 38.1821, 88.0842
1740983666.429, 4.124, 2.805, 0.1332, -1.1831, -2.7027, 1.2083, 38.1818, 88.0735
1740983666.508, 4.125, 2.799, 0.1333, -1.1830, -2.7026, 1.1985, 38.1863, 88.0774
1740983666.588, 4.127, 2.799, 0.1333, -1.1831, -2.7026, 1.2083, 38.1793, 88.0810
1740983666.667, 4.126, 2.801, 0.1333, -1.1831, -2.7026, 1.2057, 38.1743, 88.0780
1740983666.747, 4.126, 2.799, 0.1332, -1.1831, -2.7026, 1.2087, 38.1760, 88.0771
1740983666.827, 4.126, 2.800, 0.1332, -1.1832, -2.7026, 1.2019, 38.1722, 88.0762
1740983666.907, 4.125, 2.799, 0.1332, -1.1831, -2.7027, 1.2037, 38.1723, 88.0759
1740983666.986, 4.126, 2.799, 0.1332, -1.1832, -2.7026, 1.1850, 38.1644, 88.0902
1740983667.066, 4.126, 2.806, 0.1332, -1.1830, -2.7025, 1.1954, 38.1626, 88.0875
1740983667.146, 4.126, 2.807, 0.1332, -1.1831, -2.7025, 1.1997, 38.1655, 88.0800
1740983667.225, 4.127, 2.800, 0.1332, -1.1831, -2.7025, 1.1865, 38.1540, 88.0815
1740983667.305, 4.126, 2.805, 0.1332, -1.1832, -2.7026, 1.2003, 38.1375, 88.0739
1740983667.384, 4.127, 2.805, 0.1333, -1.1830, -2.7019, 1.1203, 37.9000, 87.9919
1740983667.464, 4.127, 2.801, 0.1315, -1.1831, -2.6986, 1.1625, 37.2729, 88.0705
1740983667.544, 4.127, 2.800, 0.1306, -1.1830, -2.6938, 0.7017, 36.7352, 88.3282
1740983667.623, 4.124, 2.791, 0.1310, -1.1825, -2.6930, 0.4827, 36.6375, 88.3374
1740983667.703, 4.120, 2.784, 0.1312, -1.1826, -2.6933, 0.4423, 36.6407, 88.3351
1740983667.783, 4.120, 2.784, 0.1312, -1.1827, -2.6934, 0.4384, 36.6459, 88.3213
1740983667.864, 4.120, 2.785, 0.1313, -1.1827, -2.6932, 0.4064, 36.7818, 88.3750
1740983667.942, 4.120, 2.791, 0.1310, -1.1827, -2.6930, 0.3530, 36.8307, 88.4209
1740983668.022, 4.122, 2.784, 0.1310, -1.1828, -2.6930, 0.3687, 36.8527, 88.4063
1740983668.101, 4.121, 2.790, 0.1310, -1.1828, -2.6931, 0.3662, 36.8666, 88.4069
1740983668.181, 4.123, 2.790, 0.1309, -1.1828, -2.6929, 0.3959, 36.9244, 88.3964
1740983668.260, 4.123, 2.783, 0.1313, -1.1819, -2.6884, -0.6469, 36.4888, 88.8853
1740983668.340, 4.121, 2.783, 0.1295, -1.1807, -2.6762, -1.8374, 34.2454, 89.5681
1740983668.420, 4.122, 2.779, 0.1228, -1.1802, -2.6585, -1.6763, 30.4691, 89.8474
1740983668.499, 4.125, 2.761, 0.1143, -1.1809, -2.6393, -1.4860, 28.9478, 90.4486
1740983668.579, 4.135, 2.761, 0.0963, -1.1827, -2.6242, 0.1215, 30.7838, 93.2261
1740983668.659, 4.135, 2.737, 0.0992, -1.1823, -2.6169, -1.7179, 31.1167, 92.6788
1740983668.740, 4.140, 2.699, 0.1047, -1.1832, -2.6217, -2.1894, 30.8782, 92.3942
1740983668.818, 4.123, 2.695, 0.1048, -1.1836, -2.6246, -1.6923, 30.8831, 92.5392
1740983668.898, 4.136, 2.695, 0.1064, -1.1837, -2.6263, -1.9397, 30.7959, 92.4702
1740983668.977, 4.131, 2.704, 0.1064, -1.1836, -2.6262, -1.9050, 30.8146, 92.4867
1740983669.057, 4.131, 2.709, 0.1061, -1.1836, -2.6262, -1.8179, 30.8086, 92.5157
1740983669.137, 4.135, 2.708, 0.1064, -1.1836, -2.6264, -1.8911, 30.6589, 92.4739
1740983669.216, 4.135, 2.707, 0.1067, -1.1835, -2.6263, -1.9312, 30.6528, 92.4774
1740983669.296, 4.132, 2.707, 0.1066, -1.1836, -2.6264, -1.9309, 30.6579, 92.5000
1740983669.375, 4.132, 2.708, 0.1065, -1.1837, -2.6265, -1.9004, 30.7487, 92.5107
1740983669.457, 4.132, 2.708, 0.1060, -1.1839, -2.6267, -1.7089, 30.7230, 92.5610
1740983669.535, 4.134, 2.704, 0.1063, -1.1838, -2.6283, -1.5203, 30.7103, 92.6318
1740983669.614, 4.132, 2.705, 0.1061, -1.1835, -2.6319, -0.9617, 31.5452, 92.7088
1740983669.694, 4.131, 2.705, 0.1063, -1.1832, -2.6338, -0.8828, 32.2627, 92.7622
1740983669.774, 4.123, 2.711, 0.1063, -1.1833, -2.6362, -0.6521, 33.4691, 92.7852
1740983669.853, 4.123, 2.707, 0.1097, -1.1835, -2.6398, -0.8632, 36.4673, 92.8676
1740983669.933, 4.121, 2.719, 0.1174, -1.1838, -2.6450, -1.4611, 41.5599, 92.7168
1740983670.014, 4.124, 2.735, 0.1274, -1.1846, -2.6580, 1.1470, 46.1547, 89.0791
1740983672.143, 4.310, 2.986, 0.2369, -1.1830, -2.7577, 0.2685, 47.1390, 90.5478
1740983672.223, 4.308, 2.987, 0.2364, -1.1830, -2.7568, 0.2960, 46.8125, 90.4990
1740983672.302, 4.308, 2.989, 0.2346, -1.1829, -2.7539, 0.3737, 45.9628, 90.4701
1740983672.382, 4.302, 2.989, 0.2319, -1.1831, -2.7485, 0.4862, 44.0850, 90.3739
1740983672.462, 4.283, 2.980, 0.2288, -1.1830, -2.7417, 0.5117, 42.0302, 90.3608
1740983672.541, 4.283, 2.942, 0.2263, -1.1828, -2.7358, 0.5858, 40.1571, 90.2924
1740983672.621, 4.243, 2.914, 0.2262, -1.1830, -2.7325, 0.6983, 38.2040, 90.0177
1740983672.701, 4.212, 2.882, 0.2252, -1.1832, -2.7308, 0.6368, 37.9686, 90.1934
1740983672.780, 4.194, 2.882, 0.2248, -1.1833, -2.7298, 0.5998, 37.8839, 90.1916
1740983672.860, 4.193, 2.870, 0.2246, -1.1831, -2.7293, 0.5103, 37.8774, 90.2240
1740983672.940, 4.193, 2.867, 0.2246, -1.1831, -2.7295, 0.4997, 37.8961, 90.2235
1740983673.019, 4.190, 2.867, 0.2247, -1.1831, -2.7294, 0.4739, 37.8988, 90.2294
1740983673.099, 4.193, 2.868, 0.2246, -1.1832, -2.7295, 0.4597, 37.9000, 90.2284
1740983673.178, 4.191, 2.868, 0.2246, -1.1832, -2.7294, 0.4445, 37.9057, 90.2367
1740983673.258, 4.194, 2.868, 0.2246, -1.1832, -2.7295, 0.4454, 37.9026, 90.2293
1740983673.338, 4.194, 2.866, 0.2246, -1.1832, -2.7295, 0.4323, 37.8979, 90.2368
1740983673.417, 4.191, 2.873, 0.2247, -1.1831, -2.7295, 0.4027, 37.9421, 90.2384
1740983673.497, 4.190, 2.872, 0.2251, -1.1832, -2.7300, 0.2998, 38.1009, 90.1911
1740983673.577, 4.190, 2.872, 0.2253, -1.1830, -2.7301, 0.1842, 38.1629, 90.1953
1740983673.656, 4.190, 2.869, 0.2247, -1.1830, -2.7293, 0.3311, 38.0057, 90.2464
1740983673.736, 4.196, 2.874, 0.2238, -1.1829, -2.7272, 0.2750, 37.4996, 90.0743
1740983673.816, 4.197, 2.873, 0.2233, -1.1827, -2.7252, 0.0136, 37.3297, 89.9585
1740983673.897, 4.188, 2.868, 0.2231, -1.1825, -2.7242, -0.0612, 37.2726, 89.9601
1740983673.975, 4.193, 2.868, 0.2229, -1.1823, -2.7243, -0.0342, 37.2879, 89.9006
1740983674.055, 4.193, 2.859, 0.2231, -1.1824, -2.7243, -0.0418, 37.2838, 89.8987
1740983674.134, 4.190, 2.859, 0.2230, -1.1825, -2.7243, -0.0328, 37.2800, 89.8951
1740983674.214, 4.191, 2.860, 0.2229, -1.1824, -2.7240, -0.0725, 37.2341, 89.8669
1740983674.294, 4.191, 2.860, 0.2213, -1.1820, -2.7225, -0.0794, 37.4579, 89.2383
1740983674.373, 4.187, 2.864, 0.2163, -1.1814, -2.7146, -0.0625, 36.9220, 89.0033
1740983674.453, 4.187, 2.865, 0.2093, -1.1808, -2.7045, 0.1117, 36.1961, 88.6227
1740983674.533, 4.193, 2.855, 0.2036, -1.1812, -2.6955, 0.0024, 35.8017, 88.7268
1740983674.612, 4.184, 2.829, 0.2013, -1.1817, -2.6914, -0.1163, 35.6725, 88.8652
1740983674.692, 4.176, 2.829, 0.2014, -1.1817, -2.6925, 0.0956, 35.7965, 88.5438
1740983674.771, 4.177, 2.821, 0.2017, -1.1816, -2.6930, 0.1250, 35.8038, 88.5168
1740983674.851, 4.177, 2.815, 0.2019, -1.1817, -2.6930, 0.1017, 35.7749, 88.5442
1740983674.931, 4.178, 2.817, 0.2019, -1.1817, -2.6929, 0.1197, 35.7826, 88.5426
1740983675.010, 4.177, 2.821, 0.2017, -1.1817, -2.6928, 0.1455, 35.7084, 88.5409
1740983675.090, 4.177, 2.821, 0.2017, -1.1818, -2.6931, 0.1377, 35.7398, 88.5271
1740983675.169, 4.177, 2.822, 0.2018, -1.1817, -2.6929, 0.1405, 35.7408, 88.5307
1740983675.251, 4.177, 2.816, 0.2017, -1.1817, -2.6927, 0.1393, 35.7353, 88.5271
1740983675.329, 4.177, 2.820, 0.2016, -1.1817, -2.6929, 0.1221, 35.8830, 88.4900
1740983675.409, 4.177, 2.815, 0.2018, -1.1818, -2.6931, 0.1039, 35.8238, 88.5058
1740983675.488, 4.177, 2.815, 0.2019, -1.1817, -2.6929, 0.1142, 35.8353, 88.5134
1740983675.568, 4.176, 2.816, 0.2018, -1.1817, -2.6931, 0.1313, 35.8430, 88.5074
1740983675.647, 4.176, 2.821, 0.2018, -1.1817, -2.6930, 0.1280, 35.8412, 88.5236
1740983675.727, 4.178, 2.816, 0.2017, -1.1817, -2.6930, 0.1678, 35.8607, 88.4798
1740983675.807, 4.176, 2.821, 0.2016, -1.1818, -2.6924, 0.0583, 35.7883, 88.6278
1740983675.886, 4.176, 2.821, 0.2017, -1.1817, -2.6925, 0.0755, 35.8049, 88.6196
1740983675.966, 4.177, 2.819, 0.2017, -1.1817, -2.6925, 0.0908, 35.8139, 88.6064
1740983676.046, 4.177, 2.820, 0.2016, -1.1816, -2.6924, 0.1137, 35.8254, 88.5990
1740983676.125, 4.176, 2.815, 0.2017, -1.1816, -2.6925, 0.1041, 35.8278, 88.5926
1740983676.205, 4.178, 2.815, 0.2017, -1.1817, -2.6927, 0.1478, 35.8620, 88.5720
1740983676.285, 4.177, 2.815, 0.2055, -1.1815, -2.6969, -0.0816, 35.8076, 88.8524
1740983676.364, 4.179, 2.817, 0.2117, -1.1814, -2.7074, 0.1441, 35.9516, 88.7508
1740983676.444, 4.179, 2.817, 0.2231, -1.1822, -2.7211, -0.4257, 36.2678, 90.2108
1740983676.524, 4.178, 2.834, 0.2332, -1.1828, -2.7399, 0.6668, 36.3992, 90.4092
1740983676.603, 4.181, 2.861, 0.2465, -1.1826, -2.7580, 0.5257, 36.0121, 90.4954
1740983676.683, 4.181, 2.861, 0.2579, -1.1824, -2.7731, 0.4540, 35.8152, 90.4720
1740983676.763, 4.183, 2.881, 0.2669, -1.1826, -2.7859, 0.3706, 35.7239, 90.4986
1740983676.842, 4.183, 2.912, 0.2750, -1.1823, -2.7976, 0.4365, 35.5066, 90.5027
1740983676.925, 4.186, 2.930, 0.2838, -1.1815, -2.8104, 0.5216, 35.3109, 90.4600
1740983677.001, 4.184, 2.948, 0.2926, -1.1810, -2.8228, 0.4601, 35.0726, 90.5639
1740983677.081, 4.188, 2.948, 0.3047, -1.1793, -2.8301, -1.6666, 34.3948, 92.2108
1740983677.161, 4.187, 2.965, 0.3127, -1.1783, -2.8396, -1.9447, 34.2910, 92.9141
1740983677.240, 4.187, 2.977, 0.3147, -1.1777, -2.8542, 0.4975, 33.8536, 92.8189
1740983677.440, 4.185, 3.009, 0.3416, -1.1787, -2.9025, 1.5058, 33.8605, 89.8450
1740983677.519, 4.178, 3.040, 0.3559, -1.1800, -2.9165, 0.2224, 34.0540, 90.7966
1740983677.599, 4.179, 3.068, 0.3663, -1.1802, -2.9344, 0.6213, 33.8746, 90.3370
1740983677.678, 4.190, 3.068, 0.3760, -1.1780, -2.9458, -0.0602, 32.8267, 89.8652
1740983677.758, 4.187, 3.092, 0.3816, -1.1769, -2.9561, 0.2623, 33.0706, 88.5315
1740983677.838, 4.187, 3.108, 0.3876, -1.1767, -2.9655, 0.1084, 33.2605, 88.5413
1740983677.917, 4.191, 3.125, 0.3955, -1.1757, -2.9808, 0.5855, 33.8223, 87.9848
1740983677.997, 4.192, 3.146, 0.4050, -1.1761, -2.9994, 1.2484, 33.7029, 88.2148
1740983678.077, 4.190, 3.146, 0.4171, -1.1768, -3.0156, 0.6080, 33.4369, 89.4980
1740983678.156, 4.188, 3.167, 0.4290, -1.1778, -3.0259, -1.0786, 32.6238, 92.9330
1740983678.236, 4.188, 3.191, 0.4388, -1.1763, -3.0330, -2.4418, 32.5291, 92.7993
1740983678.316, 4.192, 3.207, 0.4410, -1.1746, -3.0399, -1.6803, 32.4583, 93.1779
1740983678.395, 4.210, 3.221, 0.4427, -1.1737, -3.0507, -0.0781, 32.4185, 93.4711
1740983678.475, 4.203, 3.221, 0.4485, -1.1739, -3.0663, 0.9021, 31.8649, 93.1288
1740983678.554, 4.193, 3.233, 0.4544, -1.1736, -3.0885, 3.2315, 31.7290, 90.3436
1740983678.634, 4.193, 3.250, 0.4653, -1.1736, -3.1067, 2.8785, 31.9891, 90.2532
1740983678.714, 4.189, 3.268, 0.4757, -1.1734, -3.1238, 2.9558, 32.1008, 90.0028
1740983678.793, 4.189, 3.300, 0.4853, -1.1731, -3.1384, 2.8102, 32.2670, 90.1684
1740983678.873, 4.189, 3.300, 0.4946, -1.1722, -3.1495, 2.4130, 30.8068, 89.5372
1740983678.953, 4.193, 3.324, 0.4977, -1.1703, -3.1557, 2.6335, 31.0468, 88.5552
1740983679.032, 4.193, 3.340, 0.5010, -1.1696, -3.1614, 2.4376, 31.2469, 88.4127
1740983679.112, 4.196, 3.354, 0.5076, -1.1698, -3.1754, 2.8189, 31.6281, 87.9102
1740983679.192, 4.189, 3.366, 0.5183, -1.1694, -3.1953, 3.0167, 32.2146, 87.8672
1740983679.271, 4.188, 3.366, 0.5266, -1.1688, -3.2129, 3.3099, 32.3272, 89.4422
1740983679.351, 4.188, 3.390, 0.5388, -1.1696, -3.2311, 3.2247, 31.3962, 89.1473
1740983679.430, 4.188, 3.411, 0.5487, -1.1707, -3.2479, 3.0689, 31.6212, 89.2920
1740983679.512, 4.200, 3.438, 0.5565, -1.1703, -3.2611, 3.0959, 31.4842, 89.2794
1740983679.590, 4.198, 3.464, 0.5636, -1.1702, -3.2731, 3.0417, 31.3322, 89.3200
1740983679.669, 4.200, 3.464, 0.5715, -1.1693, -3.2862, 3.0224, 31.1876, 89.3715
1740983679.749, 4.200, 3.482, 0.5803, -1.1697, -3.3017, 3.0295, 31.0625, 89.3993
1740983679.829, 4.203, 3.497, 0.5893, -1.1688, -3.3176, 3.0831, 30.8575, 89.3794
1740983679.908, 4.209, 3.521, 0.5986, -1.1681, -3.3340, 3.1085, 30.7136, 89.4707
1740983679.988, 4.208, 3.521, 0.6076, -1.1678, -3.3500, 3.0592, 30.6861, 89.5310
1740983680.068, 4.209, 3.544, 0.6160, -1.1674, -3.3647, 3.0383, 30.7066, 89.4848
1740983680.147, 4.209, 3.565, 0.6236, -1.1677, -3.3782, 2.9958, 30.6703, 89.4928
1740983680.227, 4.210, 3.588, 0.6312, -1.1665, -3.3887, 2.4086, 30.3017, 90.0691
1740983680.308, 4.212, 3.608, 0.6373, -1.1661, -3.3968, 2.0580, 30.4365, 90.4016
1740983680.386, 4.199, 3.608, 0.6423, -1.1664, -3.4095, 2.8055, 30.0266, 89.8240
1740983680.466, 4.188, 3.623, 0.6508, -1.1662, -3.4268, 3.0827, 30.2601, 89.4848
1740983680.545, 4.188, 3.636, 0.6596, -1.1659, -3.4445, 3.4004, 30.6562, 89.3766
1740983680.625, 4.208, 3.662, 0.6685, -1.1641, -3.4554, 2.1558, 31.8209, 90.3354
1740983680.705, 4.197, 3.684, 0.6735, -1.1644, -3.4577, 0.3297, 33.6987, 92.7626
1740983680.785, 4.179, 3.684, 0.6779, -1.1646, -3.4651, 0.3493, 34.2075, 93.1446
1740983680.864, 4.178, 3.698, 0.6875, -1.1646, -3.4787, -0.1301, 34.6290, 93.1603
1740983680.944, 4.178, 3.709, 0.6986, -1.1668, -3.5005, -0.0021, 37.7931, 90.9379
1740983681.025, 4.180, 3.728, 0.7088, -1.1669, -3.5189, 0.3582, 39.1891, 90.2286
1740983681.103, 4.201, 3.781, 0.7230, -1.1667, -3.5367, 0.3032, 39.4481, 90.4074
1740983681.183, 4.211, 3.781, 0.7354, -1.1648, -3.5574, 1.5822, 40.3333, 88.6976
1740983681.262, 4.220, 3.818, 0.7506, -1.1631, -3.5728, 0.7464, 39.1583, 87.9862
1740983681.342, 4.220, 3.857, 0.7622, -1.1625, -3.5864, 0.5021, 39.4456, 87.9566
1740983681.423, 4.221, 3.878, 0.7738, -1.1626, -3.6012, 0.4415, 39.7627, 88.1009
1740983681.501, 4.222, 3.906, 0.7830, -1.1641, -3.6122, 0.2514, 39.9154, 90.6607
1740983681.583, 4.231, 3.906, 0.7932, -1.1650, -3.6250, 0.3572, 39.9386, 90.7413
1740983681.662, 4.231, 3.927, 0.8033, -1.1638, -3.6388, 0.5262, 39.9961, 90.7116
1740983683.791, 4.224, 4.030, 0.8747, -1.1609, -3.7134, 0.8576, 34.1632, 90.5260
1740983683.871, 4.225, 4.030, 0.8749, -1.1610, -3.7137, 0.8336, 34.1630, 90.5159
1740983683.950, 4.225, 4.027, 0.8750, -1.1610, -3.7137, 0.8391, 34.1712, 90.5046
1740983684.030, 4.225, 4.029, 0.8749, -1.1611, -3.7136, 0.8327, 34.1785, 90.5228
1740983684.110, 4.218, 4.028, 0.8749, -1.1609, -3.7135, 0.8238, 34.1759, 90.5366
1740983684.189, 4.224, 4.029, 0.8750, -1.1609, -3.7135, 0.8253, 34.1818, 90.5320
1740983684.269, 4.222, 4.029, 0.8735, -1.1608, -3.7111, 0.8039, 34.1850, 90.5289
1740983684.349, 4.224, 4.028, 0.8696, -1.1610, -3.7049, 0.7609, 34.0604, 90.5761
1740983684.428, 4.224, 4.027, 0.8639, -1.1618, -3.6960, 0.7338, 34.0568, 90.6527
1740983684.508, 4.224, 4.016, 0.8572, -1.1618, -3.6854, 0.7079, 33.8911, 90.6331
1740983684.587, 4.225, 4.005, 0.8504, -1.1618, -3.6748, 0.6688, 33.9443, 90.7067
1740983684.667, 4.224, 4.005, 0.8439, -1.1617, -3.6647, 0.7140, 33.9227, 90.7388
1740983684.747, 4.224, 3.987, 0.8387, -1.1622, -3.6567, 0.7007, 33.8600, 90.7412
1740983684.826, 4.218, 3.972, 0.8339, -1.1626, -3.6496, 0.7098, 33.8352, 90.7050
1740983684.906, 4.219, 3.958, 0.8291, -1.1624, -3.6421, 0.7468, 33.8163, 90.6714
1740983684.986, 4.218, 3.950, 0.8243, -1.1623, -3.6345, 0.7552, 33.8026, 90.6632
1740983685.065, 4.218, 3.950, 0.8209, -1.1624, -3.6295, 0.7903, 33.7943, 90.6794
1740983685.145, 4.218, 3.936, 0.8207, -1.1627, -3.6291, 0.7698, 33.8073, 90.6449
1740983685.225, 4.216, 3.929, 0.8209, -1.1628, -3.6296, 0.8047, 33.8134, 90.6137
1740983685.304, 4.220, 3.926, 0.8215, -1.1627, -3.6305, 0.8486, 33.7585, 90.6145
1740983685.384, 4.219, 3.926, 0.8255, -1.1626, -3.6365, 0.7265, 33.8728, 90.7527
1740983685.464, 4.220, 3.930, 0.8349, -1.1621, -3.6511, 0.6870, 33.9367, 90.7452
1740983685.543, 4.220, 3.933, 0.8475, -1.1621, -3.6706, 0.7187, 33.9009, 90.6788
1740983685.623, 4.218, 3.952, 0.8610, -1.1616, -3.6915, 0.7132, 33.9242, 90.6548
1740983685.702, 4.222, 3.981, 0.8736, -1.1609, -3.7114, 0.8659, 33.9649, 90.5689
1740983685.782, 4.224, 3.981, 0.8823, -1.1609, -3.7248, 0.8765, 33.9210, 90.5660
1740983685.862, 4.226, 4.010, 0.8837, -1.1611, -3.7269, 0.8984, 33.9612, 90.5957
1740983685.941, 4.226, 4.037, 0.8815, -1.1608, -3.7235, 0.8548, 33.9559, 90.6427
1740983686.021, 4.220, 4.045, 0.8786, -1.1606, -3.7191, 0.8379, 33.9973, 90.6730
1740983686.101, 4.221, 4.038, 0.8764, -1.1606, -3.7157, 0.8153, 33.9756, 90.6236
1740983686.180, 4.224, 4.038, 0.8711, -1.1611, -3.7072, 0.7538, 33.9596, 90.7084
1740983686.260, 4.221, 4.032, 0.8622, -1.1619, -3.6937, 0.7877, 33.8106, 90.6504
1740983686.340, 4.221, 4.027, 0.8508, -1.1620, -3.6750, 0.6175, 33.6624, 90.7685
1740983686.419, 4.221, 4.005, 0.8400, -1.1621, -3.6584, 0.6746, 33.6140, 90.8581
1740983686.499, 4.224, 3.977, 0.8364, -1.1614, -3.6525, 0.6619, 33.5983, 90.8617
1740983686.579, 4.222, 3.977, 0.8374, -1.1613, -3.6542, 0.6613, 33.6173, 90.8032
1740983686.658, 4.219, 3.956, 0.8398, -1.1619, -3.6578, 0.6587, 33.6397, 90.7336
1740983686.738, 4.219, 3.956, 0.8415, -1.1620, -3.6607, 0.6955, 33.6416, 90.7021
1740983686.817, 4.217, 3.962, 0.8426, -1.1621, -3.6622, 0.6956, 33.6334, 90.6990
1740983686.897, 4.220, 3.966, 0.8426, -1.1621, -3.6622, 0.6929, 33.6420, 90.7267
1740983686.977, 4.222, 3.966, 0.8424, -1.1620, -3.6622, 0.6934, 33.6501, 90.7380
1740983687.056, 4.219, 3.969, 0.8425, -1.1621, -3.6622, 0.6845, 33.6554, 90.7588
1740983687.136, 4.219, 3.968, 0.8423, -1.1620, -3.6621, 0.6891, 33.6475, 90.7519
1740983687.216, 4.222, 3.968, 0.8425, -1.1621, -3.6623, 0.6834, 33.6468, 90.7563
1740983687.295, 4.223, 3.969, 0.8425, -1.1620, -3.6622, 0.6917, 33.6516, 90.7635
1740983687.375, 4.223, 3.969, 0.8426, -1.1621, -3.6624, 0.6895, 33.6540, 90.7689
1740983687.455, 4.222, 3.969, 0.8426, -1.1621, -3.6623, 0.6825, 33.6577, 90.7856
1740983687.534, 4.222, 3.968, 0.8425, -1.1621, -3.6623, 0.6885, 33.6627, 90.7874
1740983687.614, 4.223, 3.967, 0.8425, -1.1621, -3.6623, 0.6878, 33.6581, 90.7848
1740983687.694, 4.224, 3.968, 0.8424, -1.1621, -3.6624, 0.6921, 33.6534, 90.7859
1740983687.773, 4.222, 3.968, 0.8425, -1.1622, -3.6623, 0.6915, 33.6555, 90.7920
1740983687.853, 4.222, 3.970, 0.8425, -1.1621, -3.6625, 0.6962, 33.6637, 90.7844
1740983687.933, 4.222, 3.969, 0.8425, -1.1621, -3.6625, 0.6991, 33.6727, 90.7811
1740983688.012, 4.220, 3.968, 0.8427, -1.1622, -3.6627, 0.6983, 33.6633, 90.7863
1740983688.092, 4.221, 3.968, 0.8425, -1.1622, -3.6626, 0.7002, 33.6614, 90.7919
1740983688.171, 4.223, 3.968, 0.8425, -1.1621, -3.6624, 0.6948, 33.6671, 90.8048
1740983688.251, 4.220, 3.968, 0.8426, -1.1622, -3.6626, 0.6921, 33.6655, 90.7987
1740983688.331, 4.220, 3.969, 0.8426, -1.1621, -3.6628, 0.6913, 33.6700, 90.7956
1740983688.411, 4.219, 3.969, 0.8426, -1.1621, -3.6625, 0.6850, 33.6669, 90.8013
1740983688.490, 4.218, 3.969, 0.8426, -1.1622, -3.6627, 0.6802, 33.6665, 90.7971
1740983688.570, 4.223, 3.969, 0.8426, -1.1622, -3.6628, 0.6903, 33.6691, 90.7863
1740983688.649, 4.217, 3.968, 0.8426, -1.1622, -3.6626, 0.6819, 33.6660, 90.7981
1740983688.729, 4.217, 3.968, 0.8424, -1.1621, -3.6627, 0.6939, 33.6669, 90.7905
1740983688.809, 4.222, 3.969, 0.8425, -1.1624, -3.6627, 0.6749, 33.6540, 90.8035
1740983688.888, 4.221, 3.969, 0.8426, -1.1622, -3.6629, 0.6725, 33.6474, 90.8021
1740983688.968, 4.224, 3.969, 0.8426, -1.1622, -3.6627, 0.6699, 33.6520, 90.8106
1740983689.048, 4.225, 3.969, 0.8426, -1.1623, -3.6628, 0.6652, 33.6508, 90.8131
1740983689.127, 4.225, 3.970, 0.8426, -1.1623, -3.6628, 0.6663, 33.6511, 90.8181
1740983689.207, 4.220, 3.968, 0.8426, -1.1623, -3.6628, 0.6544, 33.6478, 90.8188
1740983710.970, 4.492, 4.028, 1.1143, -1.1566, -3.5729, 0.7395, 32.9230, 90.9128
1740983711.049, 4.492, 4.028, 1.1143, -1.1566, -3.5729, 0.7307, 32.9208, 90.9202
1740983711.129, 4.493, 4.027, 1.1145, -1.1565, -3.5729, 0.7437, 32.9227, 90.9123
1740983711.208, 4.493, 4.028, 1.1145, -1.1567, -3.5730, 0.7580, 32.9231, 90.8998
1740983711.288, 4.500, 4.029, 1.1144, -1.1566, -3.5729, 0.7672, 32.9287, 90.8983
1740983711.368, 4.490, 4.028, 1.1144, -1.1566, -3.5729, 0.7632, 32.9226, 90.8967
1740983711.447, 4.500, 4.028, 1.1144, -1.1566, -3.5728, 0.7551, 32.9139, 90.9046
1740983711.527, 4.498, 4.029, 1.1143, -1.1567, -3.5730, 0.7609, 32.9200, 90.8966
1740983711.607, 4.498, 4.029, 1.1143, -1.1566, -3.5728, 0.7557, 32.9245, 90.9046
1740983711.686, 4.491, 4.027, 1.1143, -1.1566, -3.5728, 0.7490, 32.9220, 90.9079
1740983711.766, 4.500, 4.029, 1.1143, -1.1566, -3.5730, 0.7481, 32.9228, 90.9016
1740983711.846, 4.492, 4.029, 1.1143, -1.1565, -3.5726, 0.7441, 32.9218, 90.9110
1740983711.925, 4.489, 4.029, 1.1143, -1.1566, -3.5728, 0.7459, 32.9280, 90.9023
1740983712.005, 4.489, 4.029, 1.1144, -1.1566, -3.5728, 0.7529, 32.9244, 90.8920
1740983712.084, 4.492, 4.028, 1.1144, -1.1566, -3.5729, 0.7485, 32.9242, 90.8957
1740983712.164, 4.498, 4.030, 1.1143, -1.1565, -3.5727, 0.7395, 32.9227, 90.9071
1740983712.244, 4.493, 4.030, 1.1143, -1.1566, -3.5728, 0.7532, 32.9281, 90.9006
1740983712.324, 4.491, 4.029, 1.1143, -1.1566, -3.5727, 0.7362, 32.9229, 90.9155
1740983712.403, 4.491, 4.027, 1.1143, -1.1565, -3.5727, 0.7473, 32.9266, 90.8972
1740983712.483, 4.490, 4.028, 1.1143, -1.1565, -3.5727, 0.7510, 32.9297, 90.8966
1740983712.562, 4.498, 4.028, 1.1142, -1.1567, -3.5728, 0.7501, 32.9381, 90.8941
1740983712.642, 4.491, 4.028, 1.1143, -1.1565, -3.5728, 0.7412, 32.9304, 90.8931
1740983712.722, 4.498, 4.028, 1.1143, -1.1565, -3.5726, 0.7348, 32.9265, 90.9068
1740983712.801, 4.498, 4.028, 1.1143, -1.1565, -3.5726, 0.7363, 32.9281, 90.9058
1740983712.881, 4.500, 4.029, 1.1143, -1.1566, -3.5727, 0.7366, 32.9278, 90.9036
1740983712.961, 4.500, 4.028, 1.1143, -1.1566, -3.5728, 0.7331, 32.9274, 90.9091
1740983713.040, 4.491, 4.028, 1.1142, -1.1565, -3.5727, 0.7400, 32.9266, 90.9117
1740983713.120, 4.491, 4.027, 1.1144, -1.1565, -3.5726, 0.7354, 32.9303, 90.9107
1740983713.200, 4.492, 4.027, 1.1143, -1.1565, -3.5726, 0.7387, 32.9317, 90.9118
1740983713.279, 4.491, 4.027, 1.1143, -1.1565, -3.5726, 0.7435, 32.9315, 90.9040
1740983713.359, 4.501, 4.027, 1.1143, -1.1565, -3.5724, 0.7349, 32.9311, 90.9166
1740983713.439, 4.497, 4.028, 1.1142, -1.1565, -3.5725, 0.7506, 32.9365, 90.9043
1740983713.518, 4.497, 4.028, 1.1142, -1.1565, -3.5725, 0.7490, 32.9316, 90.9037
1740983713.598, 4.500, 4.026, 1.1143, -1.1564, -3.5725, 0.7515, 32.9302, 90.9023
1740983713.677, 4.489, 4.028, 1.1143, -1.1565, -3.5727, 0.7652, 32.9298, 90.8905
1740983713.757, 4.489, 4.028, 1.1142, -1.1565, -3.5725, 0.7605, 32.9296, 90.8933
1740983713.837, 4.494, 4.028, 1.1143, -1.1565, -3.5726, 0.7652, 32.9309, 90.8862
1740983713.917, 4.494, 4.029, 1.1144, -1.1565, -3.5726, 0.7671, 32.9321, 90.8853
1740983713.996, 4.498, 4.028, 1.1143, -1.1565, -3.5726, 0.7759, 32.9318, 90.8808
1740983714.076, 4.498, 4.028, 1.1142, -1.1565, -3.5725, 0.7796, 32.9357, 90.8789
1740983714.156, 4.498, 4.028, 1.1144, -1.1567, -3.5728, 0.7831, 32.9365, 90.8711
1740983714.235, 4.498, 4.028, 1.1143, -1.1566, -3.5727, 0.7722, 32.9393, 90.8828
1740983714.315, 4.498, 4.028, 1.1143, -1.1566, -3.5727, 0.7676, 32.9358, 90.8907
1740983714.394, 4.494, 4.027, 1.1143, -1.1566, -3.5727, 0.7665, 32.9427, 90.8878
1740983714.474, 4.498, 4.028, 1.1142, -1.1565, -3.5726, 0.7634, 32.9405, 90.9010
1740983714.554, 4.498, 4.028, 1.1141, -1.1566, -3.5725, 0.7729, 32.9385, 90.8953
1740983714.633, 4.492, 4.029, 1.1143, -1.1565, -3.5726, 0.7625, 32.9350, 90.8902
1740983714.713, 4.492, 4.027, 1.1143, -1.1566, -3.5725, 0.7632, 32.9296, 90.8954
1740983714.792, 4.493, 4.028, 1.1142, -1.1565, -3.5726, 0.7624, 32.9274, 90.8974
1740983714.872, 4.491, 4.027, 1.1143, -1.1565, -3.5727, 0.7695, 32.9316, 90.8849
1740983714.952, 4.498, 4.027, 1.1143, -1.1565, -3.5724, 0.7675, 32.9314, 90.8941
1740983715.032, 4.500, 4.027, 1.1142, -1.1565, -3.5725, 0.7712, 32.9338, 90.8923
1740983715.111, 4.500, 4.029, 1.1142, -1.1565, -3.5727, 0.7798, 32.9328, 90.8807
1740983715.191, 4.497, 4.028, 1.1143, -1.1566, -3.5725, 0.7793, 32.9246, 90.8685
1740983715.272, 4.498, 4.027, 1.1126, -1.1565, -3.5698, 0.7577, 32.9068, 90.8914
1740983715.350, 4.493, 4.027, 1.1092, -1.1565, -3.5640, 0.7759, 32.8760, 90.8500
1740983715.432, 4.497, 4.027, 1.1033, -1.1567, -3.5546, 0.7952, 32.7431, 90.8602
1740983717.560, 4.489, 3.872, 1.0235, -1.1587, -3.4242, 1.3695, 31.9777, 88.6625
1740983717.640, 4.498, 3.872, 1.0186, -1.1580, -3.4144, 1.2492, 31.9321, 88.6544
1740983717.719, 4.498, 3.864, 1.0140, -1.1576, -3.4068, 1.2628, 31.9439, 88.7397
1740983717.799, 4.498, 3.849, 1.0106, -1.1585, -3.4009, 1.1952, 32.0393, 89.0178
1740983717.879, 4.499, 3.839, 1.0057, -1.1596, -3.3933, 1.1394, 32.4092, 89.9200
1740983717.960, 4.500, 3.830, 1.0010, -1.1609, -3.3842, 0.8576, 32.2603, 90.7848
1740983718.038, 4.500, 3.830, 0.9987, -1.1611, -3.3796, 0.7335, 32.3777, 90.9607
1740983718.237, 4.502, 3.803, 0.9963, -1.1607, -3.3759, 0.7859, 32.3678, 90.8618
1740983718.317, 4.496, 3.801, 0.9943, -1.1608, -3.3730, 0.7805, 32.4132, 90.8408
1740983718.397, 4.496, 3.800, 0.9918, -1.1608, -3.3685, 0.8140, 32.3969, 90.7976
1740983718.476, 4.495, 3.797, 0.9882, -1.1610, -3.3629, 0.8307, 32.3785, 90.7583
1740983718.556, 4.501, 3.791, 0.9843, -1.1614, -3.3569, 0.8471, 32.4132, 90.7552
1740983718.635, 4.494, 3.791, 0.9810, -1.1615, -3.3516, 0.8724, 32.4067, 90.6999
1740983718.715, 4.494, 3.781, 0.9779, -1.1613, -3.3467, 0.8483, 32.4192, 90.6956
1740983718.795, 4.501, 3.773, 0.9755, -1.1616, -3.3428, 0.8333, 32.4800, 90.6612
1740983718.874, 4.493, 3.764, 0.9735, -1.1619, -3.3394, 0.8198, 32.5043, 90.6524
1740983718.956, 4.495, 3.764, 0.9709, -1.1619, -3.3354, 0.8128, 32.4991, 90.6933
1740983719.034, 4.492, 3.759, 0.9683, -1.1620, -3.3317, 1.0123, 32.3045, 90.6741
1740983719.113, 4.492, 3.756, 0.9666, -1.1618, -3.3300, 1.2398, 32.0502, 90.6268
1740983719.193, 4.494, 3.747, 0.9661, -1.1618, -3.3293, 1.2404, 31.8968, 90.6849
1740983719.272, 4.490, 3.745, 0.9640, -1.1617, -3.3281, 1.6349, 31.8068, 90.5634
1740983719.352, 4.498, 3.745, 0.9585, -1.1609, -3.3243, 2.6087, 31.7201, 90.0923
1740983719.432, 4.488, 3.743, 0.9496, -1.1606, -3.3139, 3.3818, 31.6024, 89.9458
1740983719.511, 4.488, 3.741, 0.9393, -1.1612, -3.2991, 3.6400, 31.4889, 89.7757
1740983719.591, 4.489, 3.723, 0.9284, -1.1605, -3.2869, 4.6114, 32.2799, 88.2268
1740983719.671, 4.508, 3.701, 0.9232, -1.1604, -3.2756, 3.9293, 32.4573, 87.7118
1740983719.750, 4.517, 3.701, 0.9214, -1.1604, -3.2653, 2.6816, 32.1950, 87.5146
1740983719.830, 4.451, 3.683, 0.9180, -1.1620, -3.2524, 1.3448, 32.3571, 88.2823
1740983719.910, 4.451, 3.675, 0.9086, -1.1648, -3.2345, 0.8006, 32.7442, 90.9315
1740983719.989, 4.484, 3.661, 0.9008, -1.1653, -3.2230, 0.8920, 32.8970, 90.7924
1740983720.069, 4.496, 3.631, 0.8949, -1.1648, -3.2134, 0.8723, 32.9465, 90.8068
1740983720.149, 4.489, 3.631, 0.8898, -1.1653, -3.2054, 0.8526, 32.9459, 90.7706
1740983720.228, 4.487, 3.617, 0.8846, -1.1653, -3.1971, 0.8687, 32.8736, 90.6770
1740983720.308, 4.487, 3.602, 0.8790, -1.1652, -3.1878, 0.8782, 32.8453, 90.6323
1740983720.388, 4.495, 3.587, 0.8724, -1.1653, -3.1782, 1.1431, 32.6003, 90.4772
1740983720.467, 4.496, 3.575, 0.8653, -1.1650, -3.1742, 1.9140, 30.5364, 90.3144
1740983720.547, 4.486, 3.575, 0.8610, -1.1651, -3.1718, 1.9749, 28.7521, 90.2401
1740983720.626, 4.494, 3.562, 0.8573, -1.1659, -3.1669, 1.8851, 27.8320, 90.2070
1740983720.706, 4.494, 3.558, 0.8517, -1.1663, -3.1595, 2.1140, 26.5398, 90.2412
1740983720.786, 4.500, 3.558, 0.8447, -1.1654, -3.1495, 2.1466, 25.2365, 90.1620
1740983720.865, 4.510, 3.551, 0.8396, -1.1660, -3.1337, 1.2529, 25.4044, 90.1517
1740983720.945, 4.522, 3.551, 0.8314, -1.1670, -3.1143, 0.9409, 25.7409, 90.4958
1740983721.027, 4.525, 3.547, 0.8240, -1.1672, -3.0981, 0.9455, 25.7307, 90.5851
1740983721.104, 4.525, 3.516, 0.8191, -1.1668, -3.0877, 1.0208, 25.9325, 90.5622
1740983721.184, 4.528, 3.495, 0.8161, -1.1674, -3.0813, 1.0234, 25.9709, 90.5333
1740983721.264, 4.526, 3.477, 0.8139, -1.1677, -3.0769, 1.0108, 26.0342, 90.4700
1740983721.343, 4.523, 3.477, 0.8113, -1.1677, -3.0718, 0.9555, 26.4868, 90.4681
1740983721.423, 4.528, 3.474, 0.8057, -1.1680, -3.0652, 0.8988, 28.4743, 90.4202
1740983721.503, 4.528, 3.466, 0.7981, -1.1681, -3.0573, 0.8046, 31.3750, 90.4079
1740983721.582, 4.515, 3.446, 0.7890, -1.1682, -3.0487, 0.8254, 34.2162, 90.4843
1740983721.662, 4.490, 3.418, 0.7811, -1.1684, -3.0389, 0.7158, 35.5658, 90.5364
1740983721.741, 4.493, 3.418, 0.7743, -1.1682, -3.0289, 0.7831, 35.4572, 90.5045
1740983721.821, 4.490, 3.411, 0.7681, -1.1685, -3.0193, 0.7328, 35.3025, 90.5211
1740983721.903, 4.490, 3.395, 0.7616, -1.1690, -3.0099, 0.7774, 35.2606, 90.3860
1740983721.980, 4.494, 3.381, 0.7558, -1.1694, -3.0009, 0.7597, 35.0868, 90.3359
1740983722.060, 4.486, 3.371, 0.7492, -1.1699, -2.9913, 0.7662, 34.9400, 90.3167
1740983722.140, 4.492, 3.371, 0.7429, -1.1700, -2.9814, 0.7810, 34.8698, 90.2398
1740983722.219, 4.488, 3.355, 0.7377, -1.1700, -2.9728, 0.8211, 34.3232, 90.2203
1740983722.299, 4.488, 3.340, 0.7337, -1.1700, -2.9656, 0.8406, 33.8415, 90.1716
1740983722.381, 4.481, 3.326, 0.7294, -1.1701, -2.9580, 1.1014, 33.1803, 90.0742
1740983722.458, 4.480, 3.317, 0.7258, -1.1698, -2.9487, 0.5446, 32.5482, 90.6635
1740983722.538, 4.482, 3.317, 0.7190, -1.1699, -2.9392, 1.6019, 31.6300, 89.9171
1740983722.617, 4.483, 3.297, 0.7149, -1.1706, -2.9267, 0.7754, 30.5921, 90.6688
1740983722.697, 4.483, 3.282, 0.7083, -1.1702, -2.9154, 1.2376, 29.6702, 90.4375
1740983722.779, 4.487, 3.272, 0.7052, -1.1699, -2.9045, 0.6028, 28.7832, 90.5901
1740983722.857, 4.488, 3.255, 0.6987, -1.1707, -2.8921, 1.1923, 27.8526, 90.2677
1740983722.936, 4.506, 3.255, 0.6952, -1.1704, -2.8839, 1.4028, 26.4315, 89.9746
1740983723.016, 4.506, 3.245, 0.6939, -1.1707, -2.8770, 1.3491, 25.3898, 89.9357
1740983723.095, 4.506, 3.237, 0.6926, -1.1700, -2.8752, 1.3755, 25.9553, 89.1523
1740983723.175, 4.533, 3.239, 0.6884, -1.1696, -2.8708, 1.3169, 27.8887, 88.4210
1740983723.255, 4.528, 3.229, 0.6784, -1.1699, -2.8613, 1.3461, 32.1371, 88.3997
1740983723.334, 4.510, 3.229, 0.6656, -1.1709, -2.8486, 1.0742, 36.6093, 88.4696
1740983723.414, 4.486, 3.205, 0.6482, -1.1713, -2.8355, 1.3902, 41.6502, 89.4811
1740983723.494, 4.486, 3.198, 0.6344, -1.1710, -2.8271, 2.7256, 43.4502, 89.6369
1740983723.573, 4.514, 3.213, 0.6241, -1.1711, -2.8194, 3.3959, 43.4925, 89.1559
1740983723.653, 4.563, 3.206, 0.6152, -1.1712, -2.8099, 3.8260, 42.7129, 88.7605
1740983723.733, 4.573, 3.206, 0.6074, -1.1706, -2.7965, 4.0758, 39.3014, 88.7646
1740983723.812, 4.546, 3.188, 0.5995, -1.1708, -2.7782, 3.7221, 35.1526, 89.4666
1740983723.892, 4.546, 3.145, 0.5894, -1.1715, -2.7607, 3.5191, 33.9680, 89.6688
1740983723.972, 4.502, 3.090, 0.5786, -1.1726, -2.7428, 3.2485, 33.6710, 89.6691
1740983724.051, 4.480, 3.059, 0.5673, -1.1728, -2.7259, 3.3407, 33.5218, 89.6044
1740983724.131, 4.464, 3.059, 0.5576, -1.1729, -2.7102, 3.2366, 33.3843, 89.6593
1740983724.211, 4.463, 3.036, 0.5484, -1.1729, -2.6956, 3.1114, 33.3243, 89.7444
1740983724.290, 4.463, 3.008, 0.5404, -1.1739, -2.6806, 2.7064, 33.1852, 89.9099
1740983724.370, 4.455, 2.992, 0.5354, -1.1755, -2.6625, 0.3239, 33.6583, 90.6908
1740983724.450, 4.455, 2.992, 0.5261, -1.1764, -2.6473, 0.5627, 33.4357, 90.5696
1740983724.531, 4.464, 2.965, 0.5160, -1.1764, -2.6322, 0.6048, 33.5704, 90.4526
1740983726.779, 4.459, 2.475, 0.2468, -1.1822, -2.2176, 0.5410, 34.6392, 89.9738
1740983726.859, 4.458, 2.458, 0.2372, -1.1824, -2.2016, 0.5568, 33.9821, 90.0682
1740983726.938, 4.458, 2.458, 0.2286, -1.1807, -2.1923, 1.5057, 34.2836, 88.6564
1740983727.018, 4.446, 2.430, 0.2225, -1.1803, -2.1826, 1.2332, 34.2911, 88.1738
1740983727.099, 4.446, 2.415, 0.2151, -1.1800, -2.1696, 1.0384, 34.0138, 87.8503
1740983727.177, 4.450, 2.401, 0.2050, -1.1803, -2.1546, 0.9640, 34.4184, 87.7356
1740983727.259, 4.453, 2.379, 0.1939, -1.1810, -2.1370, 0.8939, 34.3060, 87.7346
1740983727.337, 4.452, 2.379, 0.1815, -1.1821, -2.1150, 0.2107, 34.0748, 89.7055
1740983727.416, 4.446, 2.356, 0.1686, -1.1827, -2.0971, 0.6456, 33.6572, 89.6060
1740983727.496, 4.446, 2.322, 0.1564, -1.1823, -2.0829, 1.5441, 32.7507, 89.6258
1740983727.575, 4.451, 2.297, 0.1468, -1.1816, -2.0746, 3.0487, 32.6648, 88.7543
1740983727.655, 4.440, 2.276, 0.1392, -1.1820, -2.0634, 3.1481, 32.3997, 88.9431
1740983727.735, 4.433, 2.276, 0.1299, -1.1817, -2.0481, 3.3176, 31.4326, 89.1196
1740983727.814, 4.433, 2.261, 0.1204, -1.1817, -2.0285, 3.0646, 30.3083, 89.7733
1740983727.894, 4.433, 2.241, 0.1109, -1.1825, -2.0144, 3.4470, 31.5665, 89.5235
1740983727.974, 4.456, 2.214, 0.1093, -1.1834, -1.9971, -0.3054, 33.1355, 91.1473
1740983728.053, 4.451, 2.195, 0.1010, -1.1854, -1.9857, 0.0655, 34.6997, 90.9150
1740983728.133, 4.450, 2.195, 0.0920, -1.1851, -1.9754, 0.2156, 35.7154, 90.5661
1740983728.213, 4.450, 2.177, 0.0822, -1.1841, -1.9628, 0.0444, 37.1313, 90.4830
1740983728.292, 4.450, 2.159, 0.0706, -1.1847, -1.9499, 0.2210, 38.2706, 90.5265
1740983728.372, 4.456, 2.146, 0.0569, -1.1854, -1.9363, 0.6101, 39.4863, 90.4612
1740983728.452, 4.461, 2.129, 0.0449, -1.1860, -1.9237, 0.3927, 41.2738, 90.7057
1740983728.531, 4.468, 2.129, 0.0354, -1.1861, -1.9181, 0.5697, 44.1163, 90.1171
1740983728.611, 4.499, 2.116, 0.0272, -1.1870, -1.9110, 0.4581, 44.6553, 90.3825
1740983728.690, 4.499, 2.125, 0.0213, -1.1869, -1.9048, 0.4600, 44.7304, 90.4665
1740983728.770, 4.522, 2.120, 0.0150, -1.1870, -1.8968, 0.5458, 43.8194, 90.4117
1740983728.850, 4.525, 2.108, 0.0059, -1.1872, -1.8832, 0.2547, 42.3559, 90.6534
1740983728.929, 4.510, 2.108, -0.0097, -1.1874, -1.8671, 0.4015, 43.1519, 90.7152
1740983729.009, 4.480, 2.079, -0.0274, -1.1879, -1.8503, 0.4098, 44.3134, 90.6631
1740983729.089, 4.480, 2.047, -0.0416, -1.1887, -1.8361, 0.0408, 45.5875, 90.4654
1740983729.168, 4.490, 2.029, -0.0526, -1.1892, -1.8237, 0.0906, 44.7090, 90.8427
1740983729.248, 4.514, 2.017, -0.0589, -1.1902, -1.8154, 0.1366, 43.3666, 90.7455
1740983729.329, 4.498, 2.017, -0.0648, -1.1902, -1.8078, 0.2850, 41.9564, 90.8556
1740983729.409, 4.469, 1.989, -0.0703, -1.1902, -1.7977, 0.2847, 40.1072, 90.5305
1740983729.487, 4.469, 1.963, -0.0799, -1.1905, -1.7822, 0.6837, 36.9479, 90.6695
1740983729.567, 4.444, 1.933, -0.0827, -1.1890, -1.7655, -0.8532, 32.0874, 91.5247
1740983729.646, 4.411, 1.896, -0.0819, -1.1881, -1.7469, -2.0751, 26.2426, 92.0405
1740983729.726, 4.432, 1.896, -0.0834, -1.1882, -1.7234, -1.5029, 18.8708, 91.2284
1740983729.807, 4.504, 1.876, -0.0817, -1.1878, -1.6967, -1.2968, 11.0826, 90.9027
1740983729.885, 4.504, 1.890, -0.0834, -1.1882, -1.6715, -0.9717, 8.3803, 91.0767
1740983729.965, 4.714, 1.959, -0.0912, -1.1890, -1.6479, 0.1968, 9.4492, 92.0838
1740983730.045, 3.676, 1.959, -0.0990, -1.1868, -1.6384, 2.1629, 8.9352, 91.7761
1740983730.124, 3.668, 1.949, -0.0979, -1.1860, -1.6371, 1.6577, 8.9340, 90.9566
1740983730.204, 3.668, 1.933, -0.0880, -1.1865, -1.6417, -1.2418, 8.7972, 88.8147
1740983730.283, 3.659, 1.920, -0.0928, -1.1884, -1.6365, -0.3824, 10.0376, 89.7500
1740983730.363, 3.647, 1.932, -0.0946, -1.1875, -1.6276, -1.2403, 12.9466, 89.1732
1740983730.443, 4.059, 1.932, -0.0980, -1.1878, -1.6128, -1.2518, 13.2801, 89.3807
1740983730.522, 4.614, 1.887, -0.1022, -1.1892, -1.5898, -1.6500, 13.7514, 91.1056
1740983730.602, 4.614, 1.850, -0.1157, -1.1900, -1.5644, 1.0885, 14.3282, 92.8391
1740983730.682, 4.608, 1.819, -0.1167, -1.1914, -1.5436, -0.7578, 14.6629, 91.9153
1740983730.761, 4.597, 1.775, -0.1255, -1.1936, -1.5304, 1.5228, 14.1071, 90.1123
1740983730.841, 4.601, 1.775, -0.1320, -1.1929, -1.5180, 1.9619, 13.8608, 91.4276
1740983730.921, 4.586, 1.750, -0.1385, -1.1908, -1.5147, 3.5864, 15.4168, 90.1904
1740983731.000, 4.586, 1.738, -0.1439, -1.1914, -1.5051, 3.3688, 17.7855, 90.2634
1740983731.080, 4.589, 1.714, -0.1533, -1.1921, -1.4889, 2.8398, 21.8132, 90.2458
1740983731.161, 4.694, 1.673, -0.1627, -1.1939, -1.4682, 0.8576, 27.5661, 90.6283
1740983731.241, 4.602, 1.673, -0.1746, -1.1941, -1.4563, 1.6245, 31.1706, 88.6419
1740983731.321, 4.531, 1.615, -0.1780, -1.1923, -1.4470, 0.9009, 30.4769, 87.7452
1740983733.449, 4.567, 1.139, -0.3778, -1.1994, -1.0385, 0.9782, 28.3109, 89.6844
1740983733.529, 4.571, 1.139, -0.3871, -1.1992, -1.0240, 1.0996, 29.3898, 89.6292
1740983733.609, 4.562, 1.118, -0.3978, -1.1997, -1.0113, 1.0977, 32.2655, 89.5401
1740983733.688, 4.562, 1.096, -0.4099, -1.1997, -0.9995, 0.8093, 36.6537, 89.6751
1740983733.768, 4.557, 1.072, -0.4228, -1.1999, -0.9873, 0.7413, 39.5785, 89.7745
1740983733.847, 4.553, 1.058, -0.4339, -1.2001, -0.9738, 0.9074, 39.7041, 89.8060
1740983733.927, 4.571, 1.058, -0.4448, -1.2001, -0.9599, 1.0263, 39.5291, 89.7643
1740983734.007, 4.569, 1.040, -0.4552, -1.1997, -0.9465, 1.2354, 39.2542, 89.6759
1740983734.086, 4.569, 1.018, -0.4653, -1.1998, -0.9335, 1.3501, 39.1038, 89.5017
1740983734.166, 4.563, 0.995, -0.4745, -1.2002, -0.9181, 1.4253, 37.1004, 89.5721
1740983734.246, 4.556, 0.972, -0.4797, -1.1999, -0.9013, 1.3752, 32.8180, 89.7401
1740983734.325, 4.542, 0.972, -0.4864, -1.2004, -0.8839, 1.3342, 30.4068, 89.7598
1740983734.405, 4.539, 0.945, -0.4956, -1.2004, -0.8673, 1.3107, 30.4229, 89.7357
1740983734.485, 4.539, 0.925, -0.5054, -1.2004, -0.8510, 1.3962, 30.6327, 89.5822
1740983734.564, 4.542, 0.900, -0.5144, -1.2008, -0.8360, 1.4413, 30.7843, 89.5037
1740983734.644, 4.540, 0.879, -0.5227, -1.2007, -0.8220, 1.3008, 31.3904, 89.6733
1740983734.723, 4.542, 0.879, -0.5320, -1.2005, -0.8107, 1.2692, 33.7832, 89.5944
1740983734.803, 4.539, 0.854, -0.5415, -1.1998, -0.8065, 1.8471, 37.4832, 88.6972
1740983734.883, 4.539, 0.836, -0.5473, -1.1997, -0.8012, 2.3462, 37.4531, 88.0276
1740983734.962, 4.539, 0.828, -0.5519, -1.1994, -0.7919, 2.0064, 36.6741, 87.3399
1740983735.042, 4.542, 0.819, -0.5614, -1.1987, -0.7769, 1.8198, 36.7824, 87.1371
1740983735.124, 4.539, 0.819, -0.5720, -1.1988, -0.7579, 1.1158, 35.6509, 87.7238
1740983735.201, 4.537, 0.803, -0.5829, -1.1999, -0.7396, 1.6924, 33.9477, 87.9104
1740983735.281, 4.537, 0.778, -0.5920, -1.2016, -0.7168, 1.5619, 30.0991, 89.8619
1740983735.363, 4.534, 0.750, -0.5980, -1.2016, -0.6989, 1.3500, 27.8776, 89.6506
1740983735.440, 4.535, 0.724, -0.6054, -1.2018, -0.6847, 1.4818, 27.8427, 89.6401
1740983735.520, 4.553, 0.724, -0.6151, -1.1998, -0.6736, 2.9339, 27.0714, 89.5969
1740983735.600, 4.421, 0.703, -0.6204, -1.1992, -0.6647, 2.9270, 27.6825, 90.2242
1740983735.679, 4.421, 0.686, -0.6239, -1.1989, -0.6505, 1.6054, 28.1248, 91.8830
1740983735.759, 4.404, 0.673, -0.6344, -1.1987, -0.6359, 1.3932, 31.2771, 92.0322
1740983735.839, 4.419, 0.650, -0.6415, -1.1991, -0.6195, -1.3952, 35.6439, 91.8732
1740983735.918, 4.539, 0.650, -0.6573, -1.2019, -0.6082, 1.9628, 35.2701, 88.7960
1740983735.998, 4.539, 0.627, -0.6680, -1.2020, -0.5907, 1.4329, 34.9443, 89.4842
1740983736.077, 4.553, 0.608, -0.6767, -1.2020, -0.5789, 1.7081, 34.6540, 89.3351
1740983736.164, 4.535, 0.585, -0.6833, -1.2021, -0.5674, 1.5897, 34.4761, 89.4654
1740983737.453, 4.529, 0.576, -0.6566, -1.2031, -0.6103, 1.7710, 34.8354, 89.5670
1740983737.531, 4.536, 0.592, -0.6474, -1.2017, -0.6150, -0.2718, 34.3586, 91.0083
1740983737.611, 4.539, 0.592, -0.6414, -1.2007, -0.6199, -0.9078, 34.6148, 91.9594
1740983737.690, 4.539, 0.607, -0.6367, -1.1998, -0.6296, -0.2716, 34.6868, 92.1091
1740983737.770, 4.546, 0.617, -0.6346, -1.1993, -0.6436, 1.7747, 34.5939, 92.1800
1740983737.849, 4.551, 0.636, -0.6256, -1.2005, -0.6661, 3.3705, 34.1740, 90.0795
1740983737.929, 4.535, 0.652, -0.6131, -1.2009, -0.6874, 3.5226, 34.8540, 88.5355
1740983738.009, 4.526, 0.652, -0.5958, -1.2023, -0.7027, 1.1690, 35.0854, 89.5610
1740983738.088, 4.526, 0.685, -0.5854, -1.2020, -0.7198, 1.5591, 35.4160, 89.5305
1740983738.168, 4.543, 0.715, -0.5761, -1.2017, -0.7314, 1.0589, 34.4322, 88.9350
1740983738.248, 4.539, 0.734, -0.5719, -1.2005, -0.7390, 1.3271, 34.7060, 87.8349
1740983738.327, 4.541, 0.734, -0.5669, -1.1997, -0.7466, 1.2225, 34.8600, 87.6376
1740983738.407, 4.544, 0.751, -0.5577, -1.1989, -0.7605, 1.2461, 35.1891, 87.6719
1740983738.487, 4.544, 0.758, -0.5469, -1.2001, -0.7806, 2.1550, 35.6101, 87.1405
1740983738.566, 4.542, 0.776, -0.5345, -1.2004, -0.7995, 1.6683, 35.6807, 87.7045
1740983738.646, 4.541, 0.806, -0.5250, -1.2003, -0.8128, 1.5838, 34.9141, 89.4890
1740983738.726, 4.543, 0.828, -0.5134, -1.2014, -0.8295, 1.5574, 35.1793, 89.2354
1740983738.805, 4.543, 0.828, -0.5061, -1.2016, -0.8418, 1.6942, 35.2917, 89.1071
1740983738.887, 4.543, 0.854, -0.4976, -1.2016, -0.8532, 1.4313, 35.3033, 89.2408
1740983738.964, 4.546, 0.874, -0.4895, -1.2015, -0.8655, 1.3897, 35.2905, 89.3526
1740983739.044, 4.550, 0.893, -0.4804, -1.2016, -0.8795, 1.4114, 35.3985, 89.4239
1740983739.124, 4.552, 0.909, -0.4708, -1.2018, -0.8949, 1.4807, 35.5024, 89.5401
1740983739.203, 4.545, 0.909, -0.4608, -1.2016, -0.9106, 1.6504, 35.6568, 89.4374
1740983739.283, 4.545, 0.933, -0.4503, -1.2011, -0.9258, 1.5605, 35.7777, 89.4666
1740983739.363, 4.554, 0.954, -0.4399, -1.2013, -0.9410, 1.4619, 35.8575, 89.5792
1740983739.442, 4.549, 0.978, -0.4294, -1.2013, -0.9561, 1.3649, 35.9264, 89.6214
1740983739.641, 4.560, 1.024, -0.4036, -1.2012, -0.9946, 1.4805, 36.2395, 89.3037
1740983739.721, 4.556, 1.024, -0.3940, -1.2013, -1.0092, 1.5756, 36.3489, 89.2702
1740983739.801, 4.563, 1.046, -0.3838, -1.2006, -1.0237, 1.5067, 36.4059, 89.3369
1740983739.881, 4.563, 1.069, -0.3734, -1.2013, -1.0378, 1.3505, 36.4569, 89.5248
1740983739.960, 4.562, 1.092, -0.3640, -1.2004, -1.0513, 1.4116, 36.4436, 89.6479
1740983740.040, 4.565, 1.113, -0.3548, -1.2009, -1.0653, 1.4145, 36.6423, 89.7579
1740983740.119, 4.563, 1.113, -0.3450, -1.2002, -1.0798, 1.5190, 36.7285, 89.8003
1740983740.199, 4.569, 1.135, -0.3351, -1.1998, -1.0939, 1.4989, 36.9150, 89.8611
1740983740.279, 4.569, 1.155, -0.3250, -1.1998, -1.1076, 1.3317, 36.9123, 90.0677
1740983740.360, 4.571, 1.177, -0.3147, -1.2000, -1.1219, 1.2395, 37.0062, 90.1576
1740983740.438, 4.569, 1.198, -0.3039, -1.1998, -1.1367, 1.2187, 36.9974, 90.2179
1740983740.518, 4.572, 1.198, -0.2938, -1.1994, -1.1520, 1.3797, 37.1258, 90.0548
1740983740.597, 4.574, 1.220, -0.2834, -1.1996, -1.1669, 1.3996, 37.2675, 90.0202
1740983740.677, 4.574, 1.246, -0.2731, -1.1992, -1.1817, 1.5131, 37.3597, 89.9873
1740983740.756, 4.577, 1.266, -0.2625, -1.1991, -1.1960, 1.3836, 37.4198, 90.0227
1740983740.836, 4.578, 1.290, -0.2520, -1.1987, -1.2100, 1.2700, 37.4616, 90.1837
1740983740.916, 4.583, 1.290, -0.2421, -1.1989, -1.2241, 1.2483, 37.6120, 90.2279
1740983740.995, 4.588, 1.312, -0.2325, -1.1987, -1.2379, 1.3005, 37.7448, 90.3050
1740983741.075, 4.588, 1.335, -0.2229, -1.1985, -1.2518, 1.3973, 38.0061, 90.2419
1740983741.155, 4.591, 1.355, -0.2119, -1.1968, -1.2605, 0.0064, 37.9021, 92.0397
1740983741.234, 4.593, 1.378, -0.2093, -1.1953, -1.2686, 1.2384, 37.7803, 92.5097
1740983741.314, 4.598, 1.378, -0.2004, -1.1940, -1.2812, 1.3046, 37.7823, 92.5926
1740983741.394, 4.596, 1.390, -0.1881, -1.1945, -1.2987, 1.5939, 37.8121, 92.2410
1740983741.473, 4.596, 1.408, -0.1699, -1.1959, -1.3210, 1.0530, 38.7221, 90.9169
1740983741.553, 4.594, 1.432, -0.1551, -1.1967, -1.3436, 1.5771, 38.8234, 89.8775
1740983741.632, 4.592, 1.470, -0.1424, -1.1963, -1.3597, 1.4463, 39.0370, 89.9550
1740983741.712, 4.586, 1.470, -0.1313, -1.1952, -1.3718, 0.9737, 38.5201, 89.5730
1740983741.794, 4.586, 1.500, -0.1234, -1.1934, -1.3817, 1.0181, 38.9123, 88.4503
1740983741.871, 4.587, 1.523, -0.1165, -1.1936, -1.3932, 1.4636, 39.4144, 87.7432
1740983741.951, 4.591, 1.541, -0.1057, -1.1927, -1.4074, 1.3846, 39.3776, 87.7774
1740983742.031, 4.596, 1.560, -0.0962, -1.1940, -1.4224, 1.9873, 39.4576, 89.3677
1740983742.110, 4.598, 1.560, -0.0817, -1.1947, -1.4386, 1.3487, 39.1705, 90.1827
1740983742.190, 4.598, 1.588, -0.0724, -1.1925, -1.4464, 0.2258, 38.8847, 92.4883
1740983742.270, 4.599, 1.608, -0.0697, -1.1906, -1.4529, 1.3320, 38.3980, 92.6499
1740983742.349, 4.611, 1.625, -0.0610, -1.1908, -1.4654, 1.3374, 38.5243, 92.6535
1740983742.429, 4.598, 1.635, -0.0501, -1.1911, -1.4827, 2.0512, 38.3959, 91.6951
1740983742.509, 4.603, 1.635, -0.0329, -1.1932, -1.5039, 1.4281, 39.3434, 90.6538
1740983742.588, 4.603, 1.659, -0.0185, -1.1934, -1.5221, 1.3391, 39.3709, 90.5150
1740983742.668, 4.601, 1.689, -0.0059, -1.1917, -1.5365, 1.1213, 39.3628, 90.4233
1740983742.750, 4.614, 1.720, 0.0052, -1.1915, -1.5493, 0.9338, 38.7878, 89.8523
1740983742.827, 4.618, 1.743, 0.0120, -1.1902, -1.5582, 0.7671, 38.8768, 88.9212
1740983742.907, 4.620, 1.743, 0.0187, -1.1888, -1.5683, 1.0237, 39.2488, 88.1017
1740983742.987, 4.620, 1.758, 0.0290, -1.1889, -1.5829, 1.1550, 39.5174, 87.9763
1740983743.068, 4.620, 1.776, 0.0410, -1.1886, -1.5998, 1.8539, 39.1846, 88.4534
1740983743.146, 4.623, 1.800, 0.0566, -1.1897, -1.6152, 1.5240, 36.2383, 89.9639
1740983743.225, 4.623, 1.821, 0.0706, -1.1896, -1.6314, 1.0843, 35.0782, 90.2748
1740983743.305, 4.608, 1.821, 0.0809, -1.1893, -1.6452, 1.2602, 33.8811, 90.2614
1740983743.385, 4.608, 1.839, 0.0894, -1.1882, -1.6568, 1.3281, 32.8495, 90.2247
1740983743.464, 4.609, 1.859, 0.0975, -1.1888, -1.6688, 1.3611, 32.0849, 90.2268
1740983743.544, 4.624, 1.877, 0.1057, -1.1883, -1.6822, 1.3073, 32.0431, 90.1359
1740983743.624, 4.631, 1.896, 0.1150, -1.1881, -1.6969, 1.1764, 32.0099, 90.1893
1740983743.703, 4.634, 1.896, 0.1246, -1.1876, -1.7128, 1.1274, 31.9087, 90.2223
1740983743.783, 4.634, 1.915, 0.1340, -1.1874, -1.7287, 1.0826, 31.8903, 90.3684
1740983743.863, 4.635, 1.938, 0.1432, -1.1873, -1.7443, 1.1902, 32.0001, 90.3669
1740983744.062, 4.618, 1.986, 0.1655, -1.1855, -1.7811, 1.0435, 31.9572, 90.3953
1740983746.551, 4.643, 2.539, 0.4557, -1.1776, -2.2309, 3.2609, 37.6167, 89.4009
1740983746.630, 4.657, 2.556, 0.4649, -1.1768, -2.2438, 3.2027, 37.6905, 89.4985
1740983746.710, 4.660, 2.556, 0.4784, -1.1776, -2.2622, 3.3393, 38.0616, 88.6073
1740983746.790, 4.663, 2.570, 0.4958, -1.1794, -2.2774, 1.2083, 38.7442, 89.6382
1740983746.869, 4.663, 2.599, 0.5101, -1.1792, -2.2920, 0.6809, 38.5344, 90.2442
1740983746.949, 4.659, 2.624, 0.5210, -1.1792, -2.3060, 0.6380, 38.5484, 90.2842
1740983747.028, 4.667, 2.647, 0.5300, -1.1779, -2.3202, 0.9632, 39.1186, 89.8118
1740983747.108, 4.669, 2.647, 0.5361, -1.1762, -2.3310, 1.7780, 38.7335, 88.3644
1740983747.188, 4.669, 2.676, 0.5436, -1.1761, -2.3399, 1.6668, 38.5647, 87.9674
1740983747.267, 4.669, 2.697, 0.5537, -1.1763, -2.3522, 1.7053, 38.2462, 87.9776
1740983747.347, 4.666, 2.708, 0.5662, -1.1749, -2.3642, 0.3761, 36.5715, 89.3042
1740983747.427, 4.665, 2.723, 0.5738, -1.1764, -2.3760, 0.0676, 33.2172, 90.8215
1740983747.506, 4.661, 2.723, 0.5794, -1.1766, -2.3895, 0.9063, 32.6525, 90.5668
1740983747.586, 4.661, 2.725, 0.5863, -1.1768, -2.4014, 0.4926, 31.3463, 91.0002
1740983747.666, 4.639, 2.742, 0.5908, -1.1760, -2.4127, 0.8978, 30.0106, 90.6533
1740983747.745, 4.654, 2.763, 0.5955, -1.1770, -2.4238, 0.9277, 29.0244, 90.7601
1740983747.825, 4.655, 2.779, 0.6004, -1.1767, -2.4376, 1.1372, 27.7664, 90.5002
1740983747.905, 4.656, 2.779, 0.6082, -1.1771, -2.4525, 1.2843, 26.5899, 90.0869
1740983747.984, 4.656, 2.800, 0.6146, -1.1763, -2.4706, 1.1505, 25.6321, 90.3082
1740983748.064, 4.666, 2.818, 0.6218, -1.1759, -2.4878, 1.2416, 24.5391, 90.3451
1740983748.144, 4.675, 2.855, 0.6296, -1.1753, -2.5033, 1.2375, 22.2885, 90.2896
1740983748.223, 4.679, 2.887, 0.6391, -1.1735, -2.5206, 1.1388, 19.1800, 88.8739
1740983748.303, 4.725, 2.887, 0.6473, -1.1729, -2.5384, 1.1300, 16.6254, 88.0791
1740983748.383, 4.725, 2.942, 0.6540, -1.1729, -2.5548, 1.0638, 14.3749, 88.3366
1740983748.462, 4.807, 3.010, 0.6579, -1.1726, -2.5747, 1.1343, 15.4152, 88.3407
1740983748.544, 4.905, 3.075, 0.6596, -1.1742, -2.5926, 1.5415, 16.8266, 90.0014
1740983748.621, 4.873, 3.078, 0.6645, -1.1750, -2.6099, 1.3933, 16.9524, 90.2241
1740983748.701, 4.821, 3.078, 0.6682, -1.1739, -2.6275, 1.2653, 18.4544, 90.4707
1740983748.781, 4.821, 3.077, 0.6698, -1.1736, -2.6432, 1.0404, 22.2390, 90.5955
1740983748.860, 4.814, 3.081, 0.6711, -1.1736, -2.6587, 0.8205, 26.7817, 90.6580
1740983748.940, 4.700, 3.053, 0.6749, -1.1735, -2.6739, 0.7829, 28.1700, 90.6812
1740983749.020, 4.616, 3.031, 0.6800, -1.1734, -2.6860, 0.8450, 27.3056, 90.7117
1740983749.099, 4.596, 3.031, 0.6849, -1.1735, -2.6985, 0.7010, 26.2494, 90.9006
1740983749.179, 4.596, 3.051, 0.6899, -1.1727, -2.7119, 0.8986, 25.3421, 90.7360
1740983749.259, 4.608, 3.075, 0.6965, -1.1734, -2.7283, 0.9238, 24.4423, 90.5936
1740983749.338, 4.612, 3.094, 0.7030, -1.1729, -2.7453, 0.9945, 23.7132, 90.4650
1740983749.418, 4.623, 3.125, 0.7096, -1.1729, -2.7627, 0.9953, 23.0660, 90.5455
1740983749.497, 4.634, 3.125, 0.7170, -1.1721, -2.7815, 1.0761, 22.6020, 90.4403
1740983749.577, 4.634, 3.155, 0.7230, -1.1719, -2.7994, 1.1959, 22.6213, 90.4165
1740983749.657, 4.641, 3.185, 0.7283, -1.1716, -2.8173, 1.1200, 24.2017, 90.4820
1740983749.736, 4.635, 3.215, 0.7328, -1.1713, -2.8343, 1.0716, 25.9736, 90.5256
1740983749.816, 4.611, 3.219, 0.7381, -1.1710, -2.8503, 0.8652, 27.7965, 90.5449
1740983749.896, 4.575, 3.219, 0.7427, -1.1715, -2.8659, 0.7074, 29.4505, 90.6226
1740983749.975, 4.575, 3.225, 0.7477, -1.1711, -2.8811, 0.7807, 31.0835, 90.4802
1740983750.055, 4.562, 3.237, 0.7521, -1.1704, -2.8948, 0.8518, 32.5636, 90.4971
1740983750.135, 4.543, 3.246, 0.7569, -1.1698, -2.9078, 1.2828, 33.0847, 90.0237
1740983750.214, 4.530, 3.262, 0.7654, -1.1696, -2.9209, 1.2594, 32.4301, 90.1625
1740983750.294, 4.529, 3.262, 0.7758, -1.1699, -2.9384, 0.8434, 32.2329, 90.4377
1740983750.374, 4.529, 3.284, 0.7866, -1.1695, -2.9572, 1.0362, 32.2536, 90.2891
1740983750.453, 4.531, 3.311, 0.7969, -1.1697, -2.9753, 0.9644, 32.3777, 90.4109
1740983750.533, 4.535, 3.337, 0.8070, -1.1692, -2.9920, 0.9897, 32.4507, 90.4577
1740983750.613, 4.526, 3.337, 0.8164, -1.1685, -3.0073, 0.9649, 32.6593, 90.5658
1740983750.694, 4.533, 3.363, 0.8250, -1.1683, -3.0216, 0.9951, 32.7764, 90.5178
1740983750.772, 4.533, 3.385, 0.8328, -1.1680, -3.0358, 0.9855, 33.2938, 90.4782
1740983750.851, 4.532, 3.401, 0.8404, -1.1675, -3.0503, 1.0287, 33.9635, 90.3690
1740983750.931, 4.528, 3.429, 0.8482, -1.1675, -3.0650, 1.0595, 34.4943, 90.4044
1740983751.011, 4.533, 3.429, 0.8568, -1.1673, -3.0788, 1.0482, 34.2841, 90.3580
1740983751.091, 4.534, 3.450, 0.8647, -1.1667, -3.0924, 1.2213, 34.1640, 90.5090
1740983751.170, 4.534, 3.469, 0.8660, -1.1640, -3.1024, 2.7591, 34.5888, 90.9971
1740983751.250, 4.530, 3.489, 0.8694, -1.1628, -3.1137, 3.8197, 34.6744, 90.8209
1740983751.329, 4.535, 3.504, 0.8769, -1.1615, -3.1258, 3.8209, 34.7826, 91.3426
1740983751.409, 4.548, 3.504, 0.8936, -1.1623, -3.1389, 1.2769, 35.2685, 92.6134
1740983751.489, 4.528, 3.516, 0.9163, -1.1634, -3.1564, -1.8227, 35.1442, 92.3609
1740983751.568, 4.528, 3.539, 0.9281, -1.1622, -3.1733, -1.4353, 34.9961, 93.0277
1740983751.648, 4.557, 3.576, 0.9305, -1.1618, -3.1876, 0.9785, 34.3806, 93.0220
1740983751.728, 4.554, 3.592, 0.9411, -1.1615, -3.1997, -0.0645, 34.6493, 92.8707
1740983751.807, 4.541, 3.592, 0.9510, -1.1611, -3.2073, -2.0525, 36.1763, 92.7589
1740983751.887, 4.556, 3.611, 0.9499, -1.1614, -3.2102, -1.1876, 37.3153, 93.0248
1740983751.967, 4.556, 3.640, 0.9443, -1.1616, -3.2100, 0.4328, 37.3445, 93.1543
1740983752.048, 4.568, 3.647, 0.9461, -1.1614, -3.2102, -0.2627, 37.7652, 93.1790
1740983754.300, 4.789, 4.044, 1.2976, -1.1522, -3.4272, 1.0608, 43.3443, 90.5424
1740983754.376, 4.789, 4.052, 1.3100, -1.1522, -3.4408, 0.9700, 43.4904, 90.5164
1740983754.455, 4.799, 4.052, 1.3230, -1.1519, -3.4543, 0.7325, 43.6088, 90.7009
1740983754.535, 4.814, 4.108, 1.3354, -1.1511, -3.4680, 0.6994, 43.7960, 90.7497
1740983754.615, 4.823, 4.135, 1.3474, -1.1511, -3.4815, 0.7875, 43.8012, 90.6441
1740983754.694, 4.828, 4.135, 1.3598, -1.1506, -3.4894, -0.4501, 42.9316, 91.9793
1740983754.776, 4.828, 4.159, 1.3631, -1.1501, -3.4909, -1.0828, 42.8603, 92.2583
1740983754.854, 4.828, 4.166, 1.3586, -1.1502, -3.4891, -0.1364, 43.1647, 91.6396
1740983754.933, 4.830, 4.167, 1.3550, -1.1508, -3.4880, 0.5981, 42.7657, 90.8608
1740983755.013, 4.826, 4.164, 1.3543, -1.1509, -3.4876, 0.6915, 42.8121, 90.7269
1740983755.093, 4.820, 4.164, 1.3544, -1.1507, -3.4875, 0.7269, 42.7812, 90.7184
1740983755.172, 4.820, 4.161, 1.3544, -1.1508, -3.4876, 0.7038, 42.7699, 90.7285
1740983755.252, 4.816, 4.160, 1.3542, -1.1507, -3.4873, 0.7240, 42.7482, 90.7209
1740983755.331, 4.819, 4.160, 1.3541, -1.1505, -3.4872, 0.7414, 42.7062, 90.6973
1740983755.411, 4.819, 4.160, 1.3544, -1.1507, -3.4875, 0.7234, 42.6920, 90.6941
1740983755.491, 4.814, 4.160, 1.3544, -1.1508, -3.4875, 0.7373, 42.6918, 90.6983
1740983755.571, 4.814, 4.160, 1.3544, -1.1507, -3.4875, 0.7368, 42.6875, 90.7048
1740983755.650, 4.816, 4.160, 1.3544, -1.1508, -3.4877, 0.7375, 42.6824, 90.7029
1740983755.730, 4.815, 4.159, 1.3544, -1.1507, -3.4876, 0.7372, 42.6852, 90.7080
1740983755.809, 4.814, 4.160, 1.3544, -1.1506, -3.4874, 0.7299, 42.6816, 90.7107
1740983755.889, 4.819, 4.160, 1.3544, -1.1506, -3.4875, 0.7265, 42.6866, 90.7069
1740983755.969, 4.819, 4.159, 1.3542, -1.1506, -3.4873, 0.7308, 42.6685, 90.7123
1740983756.048, 4.814, 4.160, 1.3538, -1.1507, -3.4867, 0.7639, 42.5340, 90.6603
1740983756.130, 4.816, 4.160, 1.3526, -1.1508, -3.4847, 0.7579, 42.1293, 90.6720
1740983756.208, 4.812, 4.160, 1.3502, -1.1509, -3.4806, 0.7697, 41.4452, 90.6902
1740983756.287, 4.806, 4.156, 1.3467, -1.1507, -3.4751, 0.8040, 40.4600, 90.7091
1740983756.367, 4.806, 4.142, 1.3432, -1.1510, -3.4689, 0.8305, 39.3461, 90.7348
1740983756.447, 4.792, 4.119, 1.3399, -1.1513, -3.4632, 0.8968, 38.2243, 90.6988
1740983756.526, 4.772, 4.091, 1.3375, -1.1513, -3.4586, 0.7568, 37.7947, 90.8466
1740983756.608, 4.765, 4.091, 1.3348, -1.1514, -3.4553, 0.8202, 37.7463, 90.7678
1740983756.685, 4.756, 4.073, 1.3328, -1.1515, -3.4527, 0.8243, 37.7365, 90.7515
1740983756.765, 4.756, 4.068, 1.3309, -1.1515, -3.4505, 0.8426, 37.7294, 90.7402
1740983756.845, 4.757, 4.064, 1.3300, -1.1516, -3.4491, 0.8291, 37.7228, 90.7370
1740983756.924, 4.761, 4.062, 1.3293, -1.1516, -3.4482, 0.8352, 37.6908, 90.7302
1740983757.004, 4.758, 4.062, 1.3279, -1.1519, -3.4464, 0.8385, 37.7082, 90.7027
1740983757.084, 4.759, 4.058, 1.3260, -1.1518, -3.4439, 0.8662, 37.7182, 90.6563
1740983757.163, 4.759, 4.055, 1.3234, -1.1519, -3.4401, 0.8414, 37.6227, 90.6945
1740983757.243, 4.754, 4.049, 1.3205, -1.1521, -3.4354, 0.9741, 36.9174, 90.6677
1740983757.326, 4.759, 4.044, 1.3180, -1.1521, -3.4305, 1.0329, 36.0327, 90.6328
1740983759.095, 4.748, 4.083, 1.3530, -1.1511, -3.4806, 0.9161, 35.0734, 90.7198
1740983759.176, 4.748, 4.086, 1.3466, -1.1510, -3.4707, 0.9170, 35.0253, 90.7612
1740983759.254, 4.749, 4.085, 1.3374, -1.1515, -3.4567, 0.7852, 34.9719, 90.8520
1740983759.333, 4.749, 4.070, 1.3269, -1.1517, -3.4418, 0.9912, 34.8170, 90.7853
1740983759.413, 4.748, 4.047, 1.3220, -1.1512, -3.4345, 1.0089, 34.7898, 90.7177
1740983759.493, 4.745, 4.047, 1.3222, -1.1516, -3.4350, 0.9923, 34.8313, 90.6754
1740983759.573, 4.745, 4.027, 1.3238, -1.1518, -3.4374, 0.9614, 34.8568, 90.6145
1740983759.652, 4.745, 4.023, 1.3250, -1.1518, -3.4390, 0.9453, 34.8290, 90.6357
1740983759.732, 4.746, 4.026, 1.3253, -1.1519, -3.4394, 0.9635, 34.8338, 90.6419
1740983759.812, 4.746, 4.029, 1.3251, -1.1518, -3.4391, 0.9563, 34.8374, 90.6625
1740983759.891, 4.746, 4.029, 1.3251, -1.1518, -3.4392, 0.9717, 34.8401, 90.6581
1740983760.090, 4.742, 4.028, 1.3250, -1.1518, -3.4392, 0.9629, 34.8465, 90.6562
1740983760.170, 4.742, 4.028, 1.3252, -1.1517, -3.4392, 0.9624, 34.8397, 90.6592
1740983760.249, 4.747, 4.028, 1.3250, -1.1518, -3.4391, 0.9706, 34.8435, 90.6721
1740983760.329, 4.745, 4.030, 1.3252, -1.1518, -3.4393, 0.9734, 34.8482, 90.6648
1740983760.409, 4.743, 4.028, 1.3251, -1.1517, -3.4391, 0.9749, 34.8446, 90.6787
1740983760.488, 4.746, 4.028, 1.3250, -1.1517, -3.4390, 0.9841, 34.8448, 90.6809
1740983760.568, 4.746, 4.029, 1.3250, -1.1517, -3.4390, 0.9852, 34.8450, 90.6738
1740983760.648, 4.743, 4.030, 1.3250, -1.1517, -3.4390, 0.9932, 34.8512, 90.6741
1740983760.727, 4.743, 4.029, 1.3250, -1.1517, -3.4390, 1.0005, 34.8600, 90.6685
1740983760.807, 4.744, 4.030, 1.3250, -1.1517, -3.4389, 1.0015, 34.8583, 90.6812
1740983760.887, 4.742, 4.030, 1.3251, -1.1517, -3.4389, 1.0103, 34.8566, 90.6758
1740983760.966, 4.742, 4.028, 1.3251, -1.1517, -3.4390, 1.0128, 34.8590, 90.6765
1740983761.046, 4.742, 4.028, 1.3250, -1.1517, -3.4389, 1.0048, 34.8636, 90.6807
1740983761.126, 4.747, 4.030, 1.3250, -1.1517, -3.4389, 0.9895, 34.8585, 90.6879
1740983761.205, 4.746, 4.029, 1.3250, -1.1516, -3.4388, 0.9974, 34.8574, 90.6801
1740983761.285, 4.746, 4.029, 1.3250, -1.1516, -3.4388, 0.9962, 34.8604, 90.6834
1740983761.364, 4.746, 4.029, 1.3250, -1.1516, -3.4389, 1.0002, 34.8630, 90.6837
1740983761.444, 4.741, 4.030, 1.3250, -1.1516, -3.4388, 0.9976, 34.8674, 90.6845
1740983761.524, 4.747, 4.029, 1.3249, -1.1516, -3.4387, 1.0102, 34.8748, 90.6795
1740983761.604, 4.746, 4.029, 1.3249, -1.1516, -3.4388, 1.0160, 34.8649, 90.6683
1740983761.683, 4.744, 4.029, 1.3251, -1.1516, -3.4388, 1.0103, 34.8591, 90.6700
1740983761.763, 4.744, 4.031, 1.3249, -1.1517, -3.4388, 1.0119, 34.8545, 90.6707
1740983761.842, 4.745, 4.030, 1.3252, -1.1517, -3.4389, 1.0139, 34.8589, 90.6668
1740983761.922, 4.743, 4.030, 1.3249, -1.1517, -3.4387, 1.0197, 34.8586, 90.6722
1740983762.002, 4.744, 4.030, 1.3249, -1.1516, -3.4387, 1.0183, 34.8663, 90.6738
1740983762.081, 4.747, 4.029, 1.3250, -1.1516, -3.4388, 1.0042, 34.8561, 90.6770
1740983762.161, 4.747, 4.029, 1.3249, -1.1516, -3.4387, 1.0149, 34.8585, 90.6719
1740983762.241, 4.746, 4.029, 1.3249, -1.1516, -3.4386, 1.0219, 34.8625, 90.6732
1740983762.320, 4.743, 4.030, 1.3249, -1.1516, -3.4387, 1.0238, 34.8558, 90.6632
1740983762.400, 4.744, 4.030, 1.3251, -1.1516, -3.4387, 1.0215, 34.8587, 90.6675
1740983762.480, 4.745, 4.028, 1.3249, -1.1516, -3.4386, 1.0282, 34.8602, 90.6681
1740983762.559, 4.745, 4.030, 1.3248, -1.1516, -3.4386, 1.0364, 34.8674, 90.6631
1740983762.639, 4.741, 4.030, 1.3249, -1.1515, -3.4385, 1.0358, 34.8646, 90.6595
1740983762.719, 4.741, 4.030, 1.3249, -1.1515, -3.4384, 1.0423, 34.8683, 90.6557
1740983762.798, 4.746, 4.030, 1.3248, -1.1515, -3.4385, 1.0456, 34.8699, 90.6489
1740983762.878, 4.744, 4.029, 1.3248, -1.1515, -3.4384, 1.0564, 34.8687, 90.6312
1740983762.958, 4.744, 4.029, 1.3249, -1.1515, -3.4385, 1.0561, 34.8726, 90.6302
1740983763.037, 4.742, 4.031, 1.3249, -1.1515, -3.4385, 1.0480, 34.8743, 90.6399
1740983763.117, 4.742, 4.030, 1.3249, -1.1515, -3.4385, 1.0440, 34.8668, 90.6428
1740983763.196, 4.742, 4.030, 1.3247, -1.1515, -3.4384, 1.0461, 34.8717, 90.6490
1740983763.276, 4.743, 4.030, 1.3247, -1.1514, -3.4382, 1.0350, 34.8677, 90.6541
1740983763.356, 4.743, 4.030, 1.3249, -1.1514, -3.4383, 1.0282, 34.8650, 90.6507
1740983763.435, 4.745, 4.030, 1.3248, -1.1515, -3.4383, 1.0339, 34.8700, 90.6537
1740983763.515, 4.746, 4.028, 1.3250, -1.1515, -3.4384, 1.0330, 34.8654, 90.6524
1740983763.595, 4.744, 4.028, 1.3249, -1.1515, -3.4384, 1.0262, 34.8665, 90.6639
1740983763.674, 4.746, 4.029, 1.3248, -1.1515, -3.4382, 1.0267, 34.8661, 90.6648
1740983777.532, 5.224, 3.858, 1.6375, -1.1461, -3.0452, 1.4171, 28.3977, 90.5613
1740983777.612, 5.218, 3.857, 1.6376, -1.1460, -3.0453, 1.4151, 28.4003, 90.5622
1740983777.691, 5.223, 3.858, 1.6376, -1.1460, -3.0453, 1.4220, 28.3995, 90.5624
1740983777.771, 5.223, 3.858, 1.6377, -1.1461, -3.0454, 1.4230, 28.3978, 90.5638
1740983777.851, 5.220, 3.858, 1.6375, -1.1460, -3.0451, 1.4134, 28.3958, 90.5704
1740983777.930, 5.220, 3.858, 1.6374, -1.1460, -3.0451, 1.4171, 28.3924, 90.5652
1740983778.010, 5.222, 3.858, 1.6374, -1.1460, -3.0451, 1.4175, 28.3942, 90.5579
1740983778.090, 5.219, 3.859, 1.6376, -1.1460, -3.0452, 1.4163, 28.3982, 90.5497
1740983778.169, 5.224, 3.859, 1.6377, -1.1460, -3.0451, 1.4109, 28.3955, 90.5498
1740983778.249, 5.223, 3.858, 1.6377, -1.1461, -3.0453, 1.4181, 28.3957, 90.5477
1740983778.329, 5.223, 3.860, 1.6374, -1.1460, -3.0450, 1.4171, 28.4027, 90.5504
1740983778.408, 5.223, 3.857, 1.6375, -1.1458, -3.0450, 1.4123, 28.3976, 90.5526
1740983778.488, 5.222, 3.857, 1.6376, -1.1459, -3.0451, 1.4144, 28.3963, 90.5541
1740983778.568, 5.218, 3.859, 1.6374, -1.1460, -3.0451, 1.4125, 28.3914, 90.5552
1740983778.647, 5.222, 3.856, 1.6375, -1.1459, -3.0451, 1.4011, 28.3854, 90.5643
1740983778.727, 5.222, 3.859, 1.6375, -1.1459, -3.0451, 1.4011, 28.3881, 90.5687
1740983778.807, 5.222, 3.858, 1.6374, -1.1459, -3.0450, 1.4016, 28.3826, 90.5701
1740983778.886, 5.225, 3.858, 1.6375, -1.1459, -3.0449, 1.3938, 28.3842, 90.5680
1740983778.966, 5.220, 3.856, 1.6364, -1.1460, -3.0432, 1.4219, 28.3625, 90.5458
1740983779.046, 5.221, 3.859, 1.6322, -1.1460, -3.0353, 1.4769, 28.3701, 90.4748
1740983779.125, 5.221, 3.855, 1.6247, -1.1450, -3.0212, 1.5460, 28.3083, 90.4861
1740983779.209, 5.222, 3.848, 1.6157, -1.1464, -3.0037, 1.5378, 28.1962, 90.5579
1740983779.284, 5.225, 3.848, 1.6081, -1.1472, -2.9884, 1.4872, 28.0800, 90.5397
1740983779.364, 5.227, 3.823, 1.6012, -1.1469, -2.9746, 1.4289, 28.0711, 90.5447
1740983779.444, 5.228, 3.803, 1.5958, -1.1472, -2.9639, 1.3427, 28.2756, 90.5610
1740983779.523, 5.228, 3.780, 1.5913, -1.1474, -2.9556, 1.4260, 28.2437, 90.4417
1740983779.603, 5.230, 3.766, 1.5869, -1.1481, -2.9472, 1.4267, 28.3463, 90.4287
1740983779.683, 5.229, 3.766, 1.5814, -1.1484, -2.9359, 1.3834, 28.3625, 90.3706
1740983779.762, 5.230, 3.756, 1.5739, -1.1490, -2.9221, 1.4232, 28.2919, 90.4610
1740983779.842, 5.233, 3.741, 1.5667, -1.1492, -2.9078, 1.4117, 28.2554, 90.5389
1740983779.923, 5.233, 3.720, 1.5598, -1.1491, -2.8941, 1.3583, 28.3210, 90.5935
1740983780.001, 5.233, 3.699, 1.5536, -1.1492, -2.8826, 1.4148, 28.2501, 90.5684
1740983780.081, 5.234, 3.699, 1.5487, -1.1490, -2.8733, 1.4514, 28.2756, 90.5141
1740983780.160, 5.234, 3.684, 1.5448, -1.1492, -2.8659, 1.5017, 28.2592, 90.4847
1740983780.242, 5.234, 3.671, 1.5410, -1.1497, -2.8592, 1.5979, 28.3101, 90.4081
1740983780.320, 5.234, 3.656, 1.5361, -1.1503, -2.8501, 1.6138, 28.2382, 90.3696
1740983780.519, 5.237, 3.631, 1.5164, -1.1512, -2.8120, 1.6936, 28.1410, 90.5971
1740983780.718, 5.239, 3.585, 1.4952, -1.1519, -2.7697, 1.6144, 28.0733, 90.4232
1740983780.917, 5.245, 3.539, 1.4754, -1.1534, -2.7313, 1.6673, 28.1101, 90.5029
1740983781.116, 5.246, 3.499, 1.4556, -1.1532, -2.6928, 1.6348, 27.9870, 90.3800
1740983781.196, 5.249, 3.477, 1.4474, -1.1544, -2.6772, 1.7178, 28.0012, 90.1672
1740983781.275, 5.251, 3.477, 1.4390, -1.1546, -2.6615, 1.8332, 27.9147, 90.0160
1740983781.357, 5.250, 3.457, 1.4305, -1.1546, -2.6450, 1.8621, 27.8846, 90.0140
1740983781.435, 5.250, 3.433, 1.4228, -1.1547, -2.6297, 1.8975, 27.7151, 89.9959
1740983781.514, 5.254, 3.409, 1.4160, -1.1551, -2.6159, 1.8293, 27.5511, 90.0392
1740983781.594, 5.256, 3.387, 1.4106, -1.1554, -2.6043, 1.7494, 27.4541, 90.0410
1740983781.674, 5.259, 3.387, 1.4056, -1.1559, -2.5945, 1.7397, 27.4914, 90.0124
1740983781.753, 5.265, 3.372, 1.4006, -1.1559, -2.5836, 1.6655, 27.4453, 90.0003
1740983781.835, 5.265, 3.353, 1.3933, -1.1561, -2.5695, 1.7728, 27.4927, 89.9440
1740983781.915, 5.265, 3.345, 1.3850, -1.1566, -2.5531, 1.7965, 27.5145, 90.0368
1740983781.992, 5.266, 3.320, 1.3763, -1.1565, -2.5351, 1.7370, 27.2122, 90.1811
1740983782.072, 5.268, 3.320, 1.3675, -1.1568, -2.5168, 1.6017, 27.2657, 90.2511
1740983784.441, 5.253, 2.777, 1.0993, -1.1643, -2.0615, 1.8264, 28.9421, 89.7472
1740983784.521, 5.253, 2.763, 1.0908, -1.1642, -2.0449, 1.7414, 28.9661, 89.6748
1740983784.602, 5.267, 2.736, 1.0817, -1.1644, -2.0280, 1.7601, 28.9013, 89.6691
1740983784.680, 5.266, 2.736, 1.0731, -1.1647, -2.0125, 1.8476, 28.8673, 89.6456
1740983784.760, 5.270, 2.712, 1.0651, -1.1645, -1.9966, 1.8122, 28.5812, 89.7073
1740983784.840, 5.273, 2.691, 1.0573, -1.1648, -1.9810, 1.6378, 28.6271, 89.8180
1740983784.919, 5.273, 2.669, 1.0493, -1.1645, -1.9651, 1.4958, 28.5601, 89.9459
1740983785.001, 5.274, 2.647, 1.0407, -1.1653, -1.9490, 1.4957, 28.5961, 89.9747
1740983785.079, 5.275, 2.647, 1.0322, -1.1656, -1.9338, 1.5833, 28.5587, 89.9104
1740983785.158, 5.277, 2.625, 1.0238, -1.1659, -1.9181, 1.6658, 28.4861, 89.9027
1740983785.238, 5.277, 2.611, 1.0155, -1.1660, -1.9015, 1.6084, 28.3875, 90.0240
1740983785.318, 5.277, 2.584, 1.0075, -1.1664, -1.8856, 1.4481, 28.2665, 90.1854
1740983785.397, 5.278, 2.561, 0.9994, -1.1665, -1.8693, 1.3045, 28.2769, 90.2307
1740983785.477, 5.284, 2.561, 0.9911, -1.1662, -1.8528, 1.2177, 28.1782, 90.1912
1740983785.556, 5.284, 2.545, 0.9828, -1.1669, -1.8374, 1.2900, 28.3429, 90.0441
1740983785.636, 5.284, 2.522, 0.9740, -1.1672, -1.8219, 1.3063, 28.8571, 90.0959
1740983785.718, 5.288, 2.493, 0.9657, -1.1673, -1.8060, 1.2498, 28.7660, 90.2028
1740983785.795, 5.287, 2.470, 0.9580, -1.1676, -1.7911, 1.1407, 28.7044, 90.2040
1740983785.875, 5.287, 2.470, 0.9498, -1.1675, -1.7752, 1.1520, 28.6530, 90.1676
1740983785.955, 5.288, 2.455, 0.9414, -1.1675, -1.7598, 1.1967, 28.5988, 89.9324
1740983786.034, 5.288, 2.431, 0.9331, -1.1677, -1.7445, 1.3695, 28.5079, 89.7541
1740983786.114, 5.289, 2.413, 0.9249, -1.1680, -1.7289, 1.3668, 28.4343, 89.7286
1740983786.194, 5.292, 2.387, 0.9169, -1.1684, -1.7132, 1.3001, 28.3589, 89.7577
1740983786.273, 5.295, 2.387, 0.9091, -1.1682, -1.6970, 1.1351, 28.2228, 89.7489
1740983786.353, 5.304, 2.364, 0.9010, -1.1684, -1.6810, 1.0378, 28.2924, 89.6463
1740983786.432, 5.304, 2.347, 0.8930, -1.1683, -1.6650, 1.0471, 28.2875, 89.6005
1740983786.512, 5.315, 2.322, 0.8849, -1.1680, -1.6495, 1.0494, 28.3905, 89.5473
1740983786.592, 5.319, 2.300, 0.8763, -1.1684, -1.6337, 1.1389, 28.3370, 89.6537
1740983786.671, 5.323, 2.300, 0.8682, -1.1688, -1.6184, 1.0890, 28.6359, 89.7414
1740983786.751, 5.327, 2.277, 0.8588, -1.1691, -1.6037, 1.0574, 30.0922, 89.7368
1740983786.831, 5.327, 2.257, 0.8499, -1.1690, -1.5878, 0.9977, 30.0908, 89.9099
1740983786.910, 5.311, 2.230, 0.8404, -1.1689, -1.5715, 1.0931, 30.0391, 89.8360
1740983786.990, 5.292, 2.208, 0.8313, -1.1692, -1.5560, 1.2810, 30.0041, 89.8093
1740983787.070, 5.298, 2.208, 0.8224, -1.1695, -1.5398, 1.3201, 29.8812, 89.9519
1740983787.149, 5.306, 2.185, 0.8134, -1.1694, -1.5235, 1.2859, 29.6645, 90.1159
1740983787.229, 5.306, 2.163, 0.8051, -1.1694, -1.5072, 1.1985, 29.4925, 90.2487
1740983787.309, 5.318, 2.140, 0.7960, -1.1698, -1.4906, 1.0719, 29.4486, 90.4236
1740983787.388, 5.323, 2.115, 0.7870, -1.1700, -1.4748, 0.9558, 30.0510, 90.5207
1740983787.468, 5.326, 2.115, 0.7771, -1.1704, -1.4599, 1.2230, 30.8122, 90.5184
1740983787.547, 5.322, 2.091, 0.7684, -1.1706, -1.4444, 1.2070, 30.6980, 90.5564
1740983787.627, 5.322, 2.066, 0.7594, -1.1706, -1.4286, 1.1675, 30.5973, 90.6148
1740983787.707, 5.319, 2.046, 0.7509, -1.1708, -1.4133, 1.1164, 30.5615, 90.5488
1740983787.787, 5.320, 2.024, 0.7421, -1.1713, -1.3979, 1.0650, 30.6259, 90.5126
1740983787.866, 5.325, 2.024, 0.7329, -1.1718, -1.3828, 1.3150, 30.5617, 90.2982
1740983787.947, 5.322, 2.002, 0.7239, -1.1717, -1.3672, 1.3965, 30.5949, 90.2023
1740983789.957, 5.346, 1.553, 0.5071, -1.1780, -0.9701, 2.1616, 28.8470, 89.9927
1740983790.036, 5.350, 1.531, 0.4989, -1.1785, -0.9539, 1.9615, 28.9580, 90.0480
1740983790.116, 5.350, 1.507, 0.4896, -1.1791, -0.9384, 1.9083, 29.6511, 90.0074
1740983790.196, 5.351, 1.484, 0.4798, -1.1794, -0.9231, 1.9522, 30.8524, 89.8346
1740983790.275, 5.348, 1.484, 0.4689, -1.1797, -0.9098, 2.1557, 32.8134, 89.6949
1740983790.355, 5.341, 1.457, 0.4596, -1.1801, -0.8951, 2.1434, 33.0317, 89.7821
1740983790.436, 5.333, 1.436, 0.4502, -1.1801, -0.8796, 2.0603, 32.8763, 89.8732
1740983790.514, 5.333, 1.415, 0.4414, -1.1803, -0.8649, 2.0174, 32.8880, 89.8124
1740983790.594, 5.334, 1.395, 0.4322, -1.1805, -0.8497, 2.0253, 32.7576, 89.8016
1740983790.674, 5.336, 1.395, 0.4224, -1.1811, -0.8349, 2.2718, 32.6417, 89.5462
1740983790.753, 5.333, 1.373, 0.4130, -1.1811, -0.8197, 2.3558, 32.6219, 89.4916
1740983790.835, 5.332, 1.349, 0.4035, -1.1813, -0.8038, 2.3871, 32.4216, 89.4985
1740983790.912, 5.332, 1.328, 0.3948, -1.1817, -0.7887, 2.2122, 32.2406, 89.5542
1740983790.992, 5.334, 1.306, 0.3858, -1.1820, -0.7731, 2.1727, 32.0878, 89.5065
1740983791.072, 5.332, 1.306, 0.3768, -1.1821, -0.7578, 2.1749, 31.9808, 89.3819
1740983791.151, 5.333, 1.282, 0.3675, -1.1822, -0.7426, 2.3015, 31.8055, 89.2993
1740983791.231, 5.336, 1.261, 0.3581, -1.1824, -0.7276, 2.4700, 31.6901, 89.2671
1740983791.311, 5.336, 1.238, 0.3497, -1.1826, -0.7122, 2.3418, 31.5482, 89.3513
1740983791.390, 5.334, 1.217, 0.3409, -1.1826, -0.6969, 2.3148, 31.4725, 89.3699
1740983791.470, 5.339, 1.217, 0.3321, -1.1830, -0.6815, 2.2766, 31.3417, 89.3821
1740983791.550, 5.339, 1.194, 0.3229, -1.1833, -0.6667, 2.4438, 31.3431, 89.1590
1740983791.629, 5.339, 1.171, 0.3139, -1.1833, -0.6516, 2.5673, 31.2724, 89.0478
1740983791.709, 5.337, 1.150, 0.3051, -1.1832, -0.6368, 2.6657, 31.1623, 88.8924
1740983791.788, 5.340, 1.127, 0.2962, -1.1835, -0.6210, 2.6559, 30.9787, 88.9857
1740983791.868, 5.337, 1.127, 0.2876, -1.1839, -0.6050, 2.5331, 30.9018, 88.9879
1740983791.948, 5.340, 1.106, 0.2786, -1.1840, -0.5889, 2.4540, 30.7870, 88.9831
1740983792.028, 5.340, 1.086, 0.2699, -1.1841, -0.5731, 2.4168, 30.6555, 88.9957
1740983792.109, 5.343, 1.061, 0.2601, -1.1839, -0.5572, 2.6968, 30.5399, 88.8900
1740983792.187, 5.346, 1.038, 0.2517, -1.1842, -0.5425, 2.8085, 30.4239, 88.9490
1740983792.267, 5.345, 1.038, 0.2435, -1.1840, -0.5267, 2.6627, 30.3296, 89.1033
1740983792.346, 5.343, 1.017, 0.2353, -1.1846, -0.5112, 2.5415, 30.1925, 89.1951
1740983792.426, 5.343, 0.996, 0.2266, -1.1848, -0.4955, 2.5068, 30.1192, 89.1634
1740983792.505, 5.346, 0.973, 0.2174, -1.1849, -0.4798, 2.6150, 30.0026, 89.1060
1740983792.585, 5.347, 0.951, 0.2087, -1.1848, -0.4644, 2.7295, 29.8078, 88.9862
1740983792.665, 5.348, 0.951, 0.2007, -1.1850, -0.4505, 2.8846, 29.7482, 88.8582
1740983792.744, 5.350, 0.929, 0.1980, -1.1845, -0.4452, 2.8503, 29.6471, 88.9789
1740983792.824, 5.350, 0.908, 0.1989, -1.1846, -0.4470, 2.8948, 29.6704, 88.8982
1740983792.904, 5.351, 0.898, 0.2002, -1.1848, -0.4495, 2.9088, 29.7460, 88.8755
1740983792.985, 5.349, 0.904, 0.2023, -1.1849, -0.4530, 2.8610, 29.7136, 88.9736
1740983793.063, 5.350, 0.904, 0.2070, -1.1847, -0.4620, 2.8029, 29.9144, 89.0568
1740983793.142, 5.351, 0.906, 0.2162, -1.1849, -0.4777, 2.6757, 30.1108, 89.1360
1740983793.224, 5.351, 0.914, 0.2276, -1.1843, -0.4976, 2.5905, 30.1126, 89.1773
1740983795.353, 5.330, 1.386, 0.4624, -1.1811, -0.9155, 2.4148, 31.5327, 89.5655
1740983795.432, 5.328, 1.407, 0.4716, -1.1813, -0.9305, 2.2059, 31.5175, 89.7060
1740983795.514, 5.328, 1.427, 0.4808, -1.1808, -0.9460, 2.1778, 31.5287, 89.7226
1740983795.592, 5.328, 1.450, 0.4891, -1.1804, -0.9609, 2.2243, 31.5669, 89.7766
1740983795.673, 5.329, 1.473, 0.4982, -1.1801, -0.9772, 2.3263, 31.6142, 89.8260
1740983795.751, 5.329, 1.473, 0.5066, -1.1798, -0.9924, 2.4183, 31.7258, 89.7568
1740983795.830, 5.328, 1.496, 0.5156, -1.1797, -1.0075, 2.4184, 31.7717, 89.7613
1740983795.910, 5.328, 1.519, 0.5251, -1.1795, -1.0227, 2.3078, 31.7262, 89.8492
1740983795.990, 5.326, 1.540, 0.5340, -1.1788, -1.0376, 2.1750, 31.7354, 89.9987
1740983796.069, 5.327, 1.540, 0.5430, -1.1789, -1.0528, 2.1367, 31.7456, 89.9166
1740983796.149, 5.327, 1.562, 0.5521, -1.1784, -1.0688, 2.2516, 31.7416, 89.8007
1740983796.230, 5.327, 1.589, 0.5612, -1.1781, -1.0846, 2.2936, 31.8439, 89.7333
1740983796.308, 5.327, 1.609, 0.5699, -1.1778, -1.0997, 2.3097, 31.8562, 89.7173
1740983796.392, 5.328, 1.632, 0.5801, -1.1777, -1.1156, 2.1155, 31.7965, 89.7058
1740983796.468, 5.325, 1.632, 0.5890, -1.1774, -1.1301, 2.0913, 31.7475, 89.7502
1740983796.547, 5.326, 1.654, 0.5976, -1.1772, -1.1456, 2.1171, 31.7966, 89.8120
1740983796.627, 5.326, 1.678, 0.6063, -1.1765, -1.1613, 2.2535, 31.8267, 89.8208
1740983796.707, 5.326, 1.698, 0.6152, -1.1763, -1.1769, 2.3345, 31.8789, 89.7728
1740983796.786, 5.325, 1.720, 0.6241, -1.1759, -1.1916, 2.2280, 31.8584, 89.8232
1740983796.866, 5.324, 1.720, 0.6333, -1.1762, -1.2065, 2.0729, 31.8621, 89.9549
1740983796.946, 5.323, 1.743, 0.6424, -1.1761, -1.2217, 1.9789, 31.9253, 89.9858
1740983797.025, 5.323, 1.764, 0.6516, -1.1754, -1.2371, 1.9060, 31.8592, 89.9977
1740983797.105, 5.324, 1.784, 0.6605, -1.1748, -1.2529, 1.9699, 31.9109, 89.9271
1740983797.184, 5.323, 1.811, 0.6694, -1.1749, -1.2685, 1.9925, 31.9916, 89.9224
1740983797.264, 5.323, 1.811, 0.6785, -1.1748, -1.2835, 1.8756, 31.9644, 89.9431
1740983797.344, 5.322, 1.834, 0.6881, -1.1746, -1.2983, 1.6631, 31.8680, 89.8914
1740983797.423, 5.322, 1.855, 0.6974, -1.1744, -1.3135, 1.5520, 31.8701, 90.0850
1740983797.503, 5.323, 1.876, 0.7062, -1.1740, -1.3289, 1.5994, 31.9110, 90.0889
1740983797.585, 5.325, 1.900, 0.7153, -1.1740, -1.3450, 1.6745, 31.9435, 90.1622
1740983797.662, 5.322, 1.900, 0.7242, -1.1733, -1.3601, 1.6963, 31.9591, 90.1201
1740983797.742, 5.322, 1.921, 0.7335, -1.1730, -1.3751, 1.6225, 31.9658, 90.1179
1740983797.822, 5.322, 1.943, 0.7424, -1.1721, -1.3895, 1.5410, 31.9317, 90.2725
1740983797.901, 5.323, 1.965, 0.7516, -1.1725, -1.4045, 1.4030, 31.8658, 90.4229
1740983797.981, 5.315, 1.989, 0.7603, -1.1725, -1.4197, 1.4842, 31.8365, 90.3936
1740983798.061, 5.313, 1.989, 0.7694, -1.1719, -1.4355, 1.5212, 31.9243, 90.4000
1740983798.144, 5.306, 2.009, 0.7787, -1.1715, -1.4516, 1.6240, 32.0143, 90.3440
1740983798.220, 5.306, 2.030, 0.7873, -1.1715, -1.4659, 1.5302, 32.0243, 90.2935
1740983798.299, 5.293, 2.052, 0.7970, -1.1712, -1.4812, 1.3985, 32.0212, 90.2879
1740983798.379, 5.294, 2.074, 0.8061, -1.1710, -1.4966, 1.3784, 32.0906, 90.2210
1740983798.461, 5.295, 2.074, 0.8159, -1.1708, -1.5134, 1.4907, 32.1433, 90.0453
1740983798.538, 5.295, 2.100, 0.8247, -1.1704, -1.5284, 1.5553, 32.2142, 89.9445
1740983798.618, 5.295, 2.120, 0.8345, -1.1701, -1.5444, 1.5490, 32.2892, 89.7820
1740983798.698, 5.293, 2.144, 0.8438, -1.1697, -1.5594, 1.4781, 32.2700, 89.6783
1740983798.777, 5.291, 2.167, 0.8535, -1.1692, -1.5745, 1.3023, 32.2862, 89.7505
1740983798.857, 5.294, 2.167, 0.8628, -1.1695, -1.5898, 1.2406, 32.3121, 89.6221
1740983798.937, 5.292, 2.192, 0.8715, -1.1692, -1.6053, 1.3654, 32.3369, 89.6369
1740983799.016, 5.292, 2.216, 0.8811, -1.1691, -1.6213, 1.3776, 32.3657, 89.5251
1740983801.386, 5.294, 2.737, 1.1549, -1.1636, -2.0658, 1.9838, 33.9747, 89.7680
1740983801.467, 5.294, 2.737, 1.1622, -1.1628, -2.0772, 2.0490, 34.0260, 89.7377
1740983801.545, 5.297, 2.759, 1.1685, -1.1627, -2.0870, 1.9707, 34.0610, 89.7077
1740983801.625, 5.297, 2.778, 1.1739, -1.1626, -2.0956, 1.9907, 34.2589, 89.6841
1740983801.704, 5.297, 2.791, 1.1791, -1.1624, -2.1042, 1.9590, 34.7330, 89.7159
1740983801.784, 5.296, 2.811, 1.1846, -1.1619, -2.1129, 1.9076, 35.1752, 89.7115
1740983801.863, 5.301, 2.811, 1.1911, -1.1625, -2.1232, 1.7716, 35.7195, 89.7642
1740983801.945, 5.306, 2.824, 1.1979, -1.1623, -2.1345, 1.8257, 36.2693, 89.7627
1740983802.023, 5.308, 2.838, 1.2047, -1.1622, -2.1455, 1.8956, 36.8914, 89.7515
1740983802.102, 5.308, 2.856, 1.2118, -1.1623, -2.1565, 1.9163, 37.4568, 89.7148
1740983802.182, 5.310, 2.871, 1.2192, -1.1619, -2.1665, 1.9194, 37.5522, 89.7416
1740983802.262, 5.314, 2.871, 1.2261, -1.1611, -2.1763, 2.0418, 37.6048, 89.6389
1740983802.341, 5.317, 2.894, 1.2340, -1.1613, -2.1862, 1.8567, 37.6488, 89.6433
1740983802.421, 5.322, 2.910, 1.2418, -1.1610, -2.1964, 1.8104, 37.6651, 89.6170
1740983802.501, 5.322, 2.928, 1.2493, -1.1610, -2.2062, 1.7482, 37.6085, 89.7549
1740983802.582, 5.324, 2.941, 1.2568, -1.1607, -2.2167, 1.8134, 37.5936, 89.7542
1740983802.660, 5.324, 2.941, 1.2646, -1.1608, -2.2272, 1.8846, 37.5121, 89.7623
1740983802.740, 5.329, 2.950, 1.2726, -1.1603, -2.2375, 1.9769, 36.7203, 89.7899
1740983802.819, 5.329, 2.971, 1.2809, -1.1604, -2.2472, 2.0026, 35.7401, 89.8422
1740983802.899, 5.325, 2.979, 1.2888, -1.1601, -2.2569, 1.9926, 34.7311, 89.8045
1740983802.980, 5.318, 2.993, 1.2968, -1.1598, -2.2667, 1.9787, 33.6807, 89.8156
1740983803.058, 5.315, 2.993, 1.3039, -1.1594, -2.2760, 1.9312, 32.6395, 89.9105
1740983803.138, 5.312, 3.004, 1.3113, -1.1594, -2.2862, 1.8514, 31.8798, 89.9581
1740983803.217, 5.312, 3.022, 1.3180, -1.1588, -2.2973, 1.8023, 31.8700, 89.9977
1740983803.297, 5.316, 3.036, 1.3245, -1.1589, -2.3092, 1.9139, 31.9092, 89.9497
1740983803.377, 5.316, 3.050, 1.3311, -1.1588, -2.3206, 1.9191, 31.9315, 89.9091
1740983803.456, 5.317, 3.050, 1.3374, -1.1584, -2.3315, 1.9753, 32.0192, 89.8634
1740983803.536, 5.315, 3.067, 1.3437, -1.1581, -2.3422, 1.9721, 32.0550, 89.8409
1740983803.616, 5.315, 3.083, 1.3506, -1.1579, -2.3530, 1.8878, 32.0886, 89.7619
1740983803.695, 5.314, 3.092, 1.3581, -1.1577, -2.3651, 1.8000, 32.0508, 89.8227
1740983803.777, 5.315, 3.110, 1.3663, -1.1572, -2.3790, 1.7693, 31.9586, 89.9139
1740983805.905, 5.315, 3.564, 1.6068, -1.1486, -2.7760, 1.7921, 32.7029, 90.4552
1740983805.985, 5.316, 3.586, 1.6154, -1.1479, -2.7896, 1.7351, 32.7752, 90.4220
1740983806.065, 5.315, 3.607, 1.6201, -1.1481, -2.7976, 1.6959, 32.6907, 90.3585
1740983806.144, 5.315, 3.607, 1.6200, -1.1486, -2.7973, 1.7125, 32.7272, 90.4124
1740983806.224, 5.319, 3.628, 1.6188, -1.1485, -2.7950, 1.7043, 32.7207, 90.4795
1740983806.304, 5.319, 3.628, 1.6179, -1.1484, -2.7936, 1.6977, 32.6674, 90.4702
1740983806.383, 5.317, 3.626, 1.6174, -1.1485, -2.7931, 1.7167, 32.7253, 90.4716
1740983806.463, 5.315, 3.625, 1.6173, -1.1485, -2.7930, 1.7105, 32.6953, 90.4709
1740983806.543, 5.317, 3.625, 1.6174, -1.1486, -2.7931, 1.7127, 32.6996, 90.4585
1740983806.622, 5.318, 3.624, 1.6173, -1.1485, -2.7931, 1.7027, 32.6880, 90.4592
1740983806.702, 5.318, 3.625, 1.6175, -1.1485, -2.7932, 1.6961, 32.6807, 90.4599
1740983806.782, 5.316, 3.626, 1.6175, -1.1485, -2.7931, 1.6948, 32.6797, 90.4604
1740983806.861, 5.318, 3.626, 1.6174, -1.1485, -2.7931, 1.6914, 32.6778, 90.4754
1740983806.941, 5.315, 3.623, 1.6175, -1.1485, -2.7932, 1.6855, 32.6726, 90.4792
1740983807.020, 5.316, 3.623, 1.6175, -1.1486, -2.7932, 1.6831, 32.6684, 90.4908
1740983807.100, 5.316, 3.624, 1.6174, -1.1485, -2.7931, 1.6801, 32.6699, 90.5011
1740983807.182, 5.318, 3.624, 1.6174, -1.1486, -2.7931, 1.6785, 32.6700, 90.5077
1740983807.260, 5.316, 3.624, 1.6174, -1.1484, -2.7929, 1.6714, 32.6679, 90.5204
1740983807.339, 5.316, 3.627, 1.6174, -1.1485, -2.7931, 1.6735, 32.6733, 90.5149
1740983807.419, 5.316, 3.626, 1.6176, -1.1486, -2.7932, 1.6642, 32.6624, 90.5132
1740983807.498, 5.316, 3.625, 1.6174, -1.1486, -2.7931, 1.6752, 32.6646, 90.5126
1740983807.578, 5.317, 3.624, 1.6174, -1.1486, -2.7931, 1.6678, 32.6708, 90.5150
1740983807.658, 5.317, 3.624, 1.6174, -1.1486, -2.7929, 1.6710, 32.6719, 90.5139
1740983807.737, 5.316, 3.624, 1.6173, -1.1486, -2.7930, 1.6727, 32.6771, 90.5108
1740983807.817, 5.317, 3.624, 1.6175, -1.1485, -2.7931, 1.6691, 32.6822, 90.5129
1740983807.897, 5.317, 3.622, 1.6175, -1.1486, -2.7931, 1.6780, 32.6818, 90.5212
1740983807.976, 5.317, 3.624, 1.6174, -1.1484, -2.7931, 1.6819, 32.6799, 90.5142
1740983808.056, 5.316, 3.624, 1.6174, -1.1486, -2.7931, 1.6879, 32.6777, 90.5073
1740983808.136, 5.318, 3.623, 1.6175, -1.1486, -2.7932, 1.6836, 32.6707, 90.5106
1740983808.215, 5.318, 3.625, 1.6174, -1.1485, -2.7932, 1.6811, 32.6787, 90.5143
1740983808.295, 5.315, 3.626, 1.6175, -1.1485, -2.7931, 1.6716, 32.6652, 90.5196
1740983808.375, 5.316, 3.624, 1.6176, -1.1486, -2.7932, 1.6628, 32.6622, 90.5181
1740983808.454, 5.317, 3.624, 1.6175, -1.1486, -2.7931, 1.6708, 32.6536, 90.5182
1740983808.534, 5.315, 3.626, 1.6174, -1.1485, -2.7931, 1.6713, 32.6575, 90.5128
1740983808.613, 5.315, 3.626, 1.6173, -1.1485, -2.7931, 1.6691, 32.6533, 90.5121
1740983808.693, 5.319, 3.625, 1.6174, -1.1485, -2.7931, 1.6629, 32.6542, 90.5089
1740983808.773, 5.318, 3.625, 1.6175, -1.1486, -2.7932, 1.6706, 32.6627, 90.5082
1740983808.852, 5.315, 3.625, 1.6174, -1.1485, -2.7931, 1.6732, 32.6723, 90.5161
1740983808.932, 5.319, 3.623, 1.6175, -1.1486, -2.7931, 1.6703, 32.6735, 90.5263
1740983809.012, 5.319, 3.627, 1.6175, -1.1486, -2.7931, 1.6750, 32.6738, 90.5181
1740983809.091, 5.317, 3.624, 1.6174, -1.1486, -2.7930, 1.6776, 32.6751, 90.5179
1740983809.171, 5.317, 3.627, 1.6173, -1.1485, -2.7932, 1.6678, 32.6687, 90.5122
1740983809.250, 5.317, 3.627, 1.6173, -1.1486, -2.7930, 1.6669, 32.6660, 90.5191
1740983809.330, 5.315, 3.624, 1.6175, -1.1486, -2.7932, 1.6561, 32.6667, 90.5244
1740983809.410, 5.315, 3.625, 1.6175, -1.1485, -2.7931, 1.6520, 32.6642, 90.5227
1740983809.489, 5.316, 3.623, 1.6173, -1.1485, -2.7932, 1.6543, 32.6677, 90.5206
1740983809.569, 5.315, 3.625, 1.6174, -1.1485, -2.7931, 1.6348, 32.6637, 90.5335
1740983809.649, 5.315, 3.625, 1.6175, -1.1485, -2.7932, 1.6526, 32.6651, 90.5147
1740983809.729, 5.317, 3.625, 1.6175, -1.1485, -2.7932, 1.6609, 32.6638, 90.5125
1740983809.808, 5.317, 3.624, 1.6175, -1.1486, -2.7932, 1.6629, 32.6666, 90.5158
1740983809.888, 5.318, 3.625, 1.6173, -1.1485, -2.7930, 1.6676, 32.6601, 90.5256
1740983809.967, 5.317, 3.626, 1.6175, -1.1486, -2.7933, 1.6655, 32.6570, 90.5184
1740983810.047, 5.316, 3.626, 1.6175, -1.1486, -2.7931, 1.6624, 32.6572, 90.5269
1740983810.127, 5.317, 3.626, 1.6175, -1.1486, -2.7931, 1.6620, 32.6672, 90.5345
1740983810.206, 5.317, 3.624, 1.6175, -1.1485, -2.7931, 1.6702, 32.6696, 90.5248
1740983810.286, 5.316, 3.623, 1.6173, -1.1485, -2.7931, 1.6755, 32.6745, 90.5308
1740983810.366, 5.315, 3.624, 1.6174, -1.1485, -2.7930, 1.6791, 32.6686, 90.5265
1740983810.445, 5.316, 3.624, 1.6174, -1.1486, -2.7930, 1.6731, 32.6669, 90.5240
1740983810.525, 5.316, 3.626, 1.6175, -1.1485, -2.7931, 1.6781, 32.6722, 90.5179
1740983810.605, 5.316, 3.624, 1.6174, -1.1485, -2.7930, 1.6782, 32.6718, 90.5190
1740983810.684, 5.315, 3.625, 1.6175, -1.1485, -2.7930, 1.6700, 32.6708, 90.5210
1740983810.764, 5.315, 3.624, 1.6175, -1.1486, -2.7931, 1.6718, 32.6614, 90.5163
1740983810.843, 5.316, 3.624, 1.6174, -1.1485, -2.7930, 1.6711, 32.6616, 90.5205
1740983810.923, 5.318, 3.624, 1.6175, -1.1485, -2.7931, 1.6646, 32.6710, 90.5162
1740983811.003, 5.318, 3.626, 1.6174, -1.1485, -2.7930, 1.6585, 32.6686, 90.5222
1740983811.082, 5.319, 3.624, 1.6175, -1.1485, -2.7931, 1.6577, 32.6629, 90.5183
1740983811.162, 5.316, 3.625, 1.6174, -1.1485, -2.7930, 1.6637, 32.6517, 90.5248
1740983811.242, 5.316, 3.625, 1.6175, -1.1485, -2.7931, 1.6653, 32.6555, 90.5160
1740983811.321, 5.317, 3.625, 1.6174, -1.1485, -2.7931, 1.6672, 32.6516, 90.5198
1740983811.401, 5.317, 3.625, 1.6174, -1.1485, -2.7930, 1.6676, 32.6581, 90.5090
1740983811.481, 5.316, 3.625, 1.6176, -1.1486, -2.7932, 1.6555, 32.6596, 90.5178
1740983811.560, 5.315, 3.625, 1.6175, -1.1486, -2.7931, 1.6510, 32.6535, 90.5267
1740983811.640, 5.316, 3.625, 1.6174, -1.1485, -2.7932, 1.6577, 32.6529, 90.5225
1740983811.719, 5.315, 3.624, 1.6173, -1.1486, -2.7931, 1.6466, 32.6435, 90.5344
1740983811.799, 5.315, 3.626, 1.6174, -1.1485, -2.7931, 1.6419, 32.6375, 90.5309
1740983811.879, 5.318, 3.625, 1.6173, -1.1485, -2.7931, 1.6471, 32.6400, 90.5307
1740983811.958, 5.317, 3.625, 1.6174, -1.1485, -2.7931, 1.6435, 32.6458, 90.5323
1740983812.038, 5.315, 3.625, 1.6174, -1.1485, -2.7931, 1.6425, 32.6536, 90.5365
1740983812.118, 5.315, 3.625, 1.6174, -1.1485, -2.7930, 1.6362, 32.6538, 90.5477
1740983812.197, 5.315, 3.624, 1.6175, -1.1486, -2.7931, 1.6458, 32.6530, 90.5382
1740983812.277, 5.316, 3.624, 1.6173, -1.1486, -2.7930, 1.6545, 32.6660, 90.5383
1740983812.357, 5.316, 3.625, 1.6174, -1.1486, -2.7930, 1.6455, 32.6618, 90.5469
