Timestamp, Distance_2, Distance_3, X, Y, Z, Roll, Yaw, Pitch
1745315345.376, 1.998, 3.981, -0.2435, -1.2398, -4.9222, 1.4722, 39.1289, 89.0138
1745315345.456, 1.998, 3.980, -0.2435, -1.2398, -4.9221, 1.4700, 39.1293, 89.0168
1745315345.535, 1.998, 3.980, -0.2436, -1.2398, -4.9220, 1.4807, 39.1337, 89.0121
1745315345.615, 1.998, 3.982, -0.2435, -1.2398, -4.9222, 1.4725, 39.1311, 89.0094
1745315345.695, 1.999, 3.981, -0.2435, -1.2399, -4.9222, 1.4808, 39.1313, 89.0042
1745315345.774, 1.999, 3.981, -0.2436, -1.2397, -4.9218, 1.4792, 39.1314, 89.0102
1745315345.854, 1.999, 3.981, -0.2435, -1.2397, -4.9221, 1.4817, 39.1356, 89.0059
1745315345.934, 1.998, 3.981, -0.2434, -1.2397, -4.9220, 1.4758, 39.1277, 89.0157
1745315346.013, 1.998, 3.982, -0.2434, -1.2398, -4.9221, 1.4786, 39.1305, 89.0139
1745315346.093, 1.998, 3.979, -0.2435, -1.2398, -4.9221, 1.4869, 39.1357, 89.0123
1745315346.173, 1.998, 3.981, -0.2435, -1.2398, -4.9221, 1.4771, 39.1364, 89.0156
1745315346.252, 1.998, 3.979, -0.2436, -1.2398, -4.9218, 1.4848, 39.1374, 89.0198
1745315346.332, 1.999, 3.979, -0.2434, -1.2398, -4.9220, 1.4864, 39.1298, 88.9963
1745315346.411, 1.998, 3.981, -0.2434, -1.2398, -4.9219, 1.4947, 39.1316, 88.9880
1745315346.491, 1.998, 3.981, -0.2435, -1.2397, -4.9218, 1.4911, 39.1352, 88.9969
1745315346.571, 1.998, 3.981, -0.2435, -1.2398, -4.9218, 1.4937, 39.1286, 88.9950
1745315346.650, 1.998, 3.981, -0.2435, -1.2397, -4.9218, 1.4950, 39.1303, 88.9910
1745315346.730, 1.998, 3.981, -0.2435, -1.2396, -4.9218, 1.4859, 39.1415, 88.9948
1745315346.810, 1.998, 3.981, -0.2436, -1.2397, -4.9219, 1.4779, 39.1409, 89.0025
1745315346.889, 1.998, 3.980, -0.2435, -1.2396, -4.9217, 1.4689, 39.1326, 89.0092
1745315346.969, 1.998, 3.980, -0.2435, -1.2396, -4.9217, 1.4650, 39.1295, 89.0075
1745315347.049, 1.999, 3.980, -0.2435, -1.2396, -4.9217, 1.4691, 39.1345, 89.0035
1745315347.128, 1.998, 3.980, -0.2435, -1.2397, -4.9218, 1.4675, 39.1277, 89.0112
1745315347.208, 1.998, 3.981, -0.2435, -1.2397, -4.9217, 1.4649, 39.1272, 89.0116
1745315347.288, 1.998, 3.979, -0.2435, -1.2396, -4.9219, 1.4753, 39.1297, 89.0039
1745315347.367, 1.999, 3.980, -0.2434, -1.2397, -4.9217, 1.4716, 39.1242, 89.0088
1745315347.447, 1.998, 3.982, -0.2436, -1.2397, -4.9217, 1.4686, 39.1219, 89.0169
1745315347.527, 1.998, 3.982, -0.2435, -1.2396, -4.9217, 1.4649, 39.1219, 89.0163
1745315347.606, 1.998, 3.980, -0.2434, -1.2397, -4.9217, 1.4608, 39.1296, 89.0164
1745315347.686, 1.998, 3.980, -0.2436, -1.2396, -4.9214, 1.4626, 39.1336, 89.0250
1745315347.765, 1.999, 3.980, -0.2435, -1.2397, -4.9215, 1.4718, 39.1341, 89.0081
1745315347.845, 1.998, 3.983, -0.2435, -1.2396, -4.9215, 1.4700, 39.1311, 89.0065
1745315347.925, 1.999, 3.983, -0.2435, -1.2397, -4.9216, 1.4658, 39.1263, 89.0089
1745315348.004, 1.999, 3.979, -0.2435, -1.2396, -4.9214, 1.4568, 39.1278, 89.0183
1745315348.084, 1.999, 3.980, -0.2435, -1.2397, -4.9216, 1.4670, 39.1282, 89.0110
1745315348.164, 1.998, 3.980, -0.2434, -1.2397, -4.9215, 1.4573, 39.1219, 89.0143
1745315348.243, 1.998, 3.981, -0.2435, -1.2397, -4.9216, 1.4693, 39.1156, 89.0144
1745315348.323, 1.998, 3.981, -0.2439, -1.2396, -4.9212, 1.4511, 39.0753, 89.0303
1745315348.403, 1.998, 3.981, -0.2456, -1.2395, -4.9189, 1.4218, 39.1436, 89.0026
1745315348.482, 1.998, 3.980, -0.2492, -1.2393, -4.9146, 1.4196, 39.1932, 88.9927
1745315348.562, 1.998, 3.978, -0.2540, -1.2394, -4.9090, 1.4463, 39.2600, 88.9964
1745315348.641, 1.998, 3.971, -0.2594, -1.2396, -4.9029, 1.4892, 39.3116, 89.0132
1745315348.721, 1.997, 3.971, -0.2647, -1.2395, -4.8967, 1.5349, 39.2551, 89.0432
1745315348.801, 1.995, 3.959, -0.2698, -1.2397, -4.8910, 1.5962, 39.1805, 89.0414
1745315348.880, 1.995, 3.948, -0.2742, -1.2397, -4.8857, 1.5886, 39.2090, 89.0622
1745315348.960, 1.993, 3.938, -0.2783, -1.2397, -4.8804, 1.5035, 39.2859, 89.1095
1745315349.040, 1.996, 3.930, -0.2828, -1.2396, -4.8753, 1.4902, 39.3198, 89.1223
1745315349.119, 1.996, 3.930, -0.2869, -1.2399, -4.8703, 1.5538, 39.3050, 89.1091
1745315349.201, 1.997, 3.921, -0.2911, -1.2399, -4.8662, 1.6599, 39.2617, 89.1209
1745315349.278, 1.997, 3.915, -0.2948, -1.2399, -4.8612, 1.5413, 39.2873, 89.1770
1745315349.358, 1.995, 3.904, -0.2997, -1.2397, -4.8552, 1.4885, 39.3522, 89.2183
1745315349.438, 1.994, 3.899, -0.3045, -1.2396, -4.8496, 1.5303, 39.4117, 89.1674
1745315349.517, 1.997, 3.899, -0.3093, -1.2397, -4.8440, 1.5111, 39.4605, 89.1630
1745315349.597, 1.997, 3.886, -0.3141, -1.2398, -4.8388, 1.5540, 39.5034, 89.1388
1745315349.677, 1.997, 3.880, -0.3184, -1.2399, -4.8338, 1.6073, 39.5434, 89.1135
1745315349.757, 1.997, 3.867, -0.3224, -1.2399, -4.8292, 1.6405, 39.5495, 89.0358
1745315349.836, 1.994, 3.862, -0.3269, -1.2400, -4.8241, 1.6157, 39.5707, 89.0925
1745315349.916, 1.995, 3.862, -0.3312, -1.2399, -4.8189, 1.6237, 39.5620, 89.1230
1745315349.995, 1.996, 3.854, -0.3358, -1.2402, -4.8137, 1.6512, 39.5471, 89.1173
1745315350.075, 1.996, 3.845, -0.3408, -1.2403, -4.8078, 1.6391, 39.6092, 89.1520
1745315350.154, 1.997, 3.837, -0.3451, -1.2398, -4.8025, 1.6026, 39.5922, 89.1713
1745315350.234, 1.997, 3.826, -0.3495, -1.2402, -4.7970, 1.5322, 39.5966, 89.2355
1745315350.314, 1.996, 3.826, -0.3540, -1.2401, -4.7919, 1.5240, 39.5619, 89.2119
1745315350.393, 1.995, 3.819, -0.3587, -1.2401, -4.7860, 1.4442, 39.5758, 89.2523
1745315352.524, 1.999, 3.633, -0.4658, -1.2407, -4.6601, 1.5905, 39.6367, 88.9193
1745315352.604, 1.999, 3.636, -0.4657, -1.2407, -4.6601, 1.5859, 39.6328, 88.9175
1745315352.683, 1.999, 3.635, -0.4656, -1.2407, -4.6601, 1.5892, 39.6352, 88.9106
1745315352.763, 1.998, 3.632, -0.4657, -1.2407, -4.6599, 1.5831, 39.6329, 88.9107
1745315352.843, 1.998, 3.635, -0.4656, -1.2407, -4.6597, 1.5833, 39.6364, 88.9033
1745315352.922, 1.999, 3.635, -0.4656, -1.2407, -4.6597, 1.5709, 39.6396, 88.9030
1745315353.002, 1.998, 3.634, -0.4656, -1.2406, -4.6599, 1.5727, 39.6469, 88.8935
1745315353.081, 1.998, 3.638, -0.4657, -1.2406, -4.6595, 1.5709, 39.6400, 88.9037
1745315353.161, 1.998, 3.637, -0.4656, -1.2406, -4.6596, 1.5670, 39.6413, 88.9106
1745315353.241, 1.998, 3.634, -0.4657, -1.2404, -4.6595, 1.5709, 39.6445, 88.9041
1745315353.320, 1.999, 3.634, -0.4656, -1.2406, -4.6595, 1.5798, 39.6510, 88.8826
1745315353.400, 1.999, 3.633, -0.4656, -1.2406, -4.6594, 1.5821, 39.6487, 88.8747
1745315353.480, 1.999, 3.635, -0.4656, -1.2405, -4.6592, 1.5911, 39.6578, 88.8703
1745315353.559, 1.997, 3.635, -0.4657, -1.2405, -4.6592, 1.5997, 39.6590, 88.8649
1745315353.639, 1.998, 3.637, -0.4657, -1.2404, -4.6589, 1.6042, 39.6554, 88.8670
1745315353.718, 1.998, 3.637, -0.4657, -1.2404, -4.6590, 1.6126, 39.6613, 88.8520
1745315353.798, 1.998, 3.635, -0.4656, -1.2404, -4.6589, 1.6118, 39.6585, 88.8572
1745315353.878, 1.998, 3.634, -0.4652, -1.2405, -4.6593, 1.6370, 39.6888, 88.8226
1745315353.957, 1.999, 3.634, -0.4637, -1.2406, -4.6612, 1.5995, 39.6926, 88.8981
1745315354.037, 1.999, 3.637, -0.4600, -1.2404, -4.6656, 1.6628, 39.7382, 88.8378
1745315354.117, 1.997, 3.637, -0.4546, -1.2405, -4.6714, 1.6193, 39.7009, 88.8756
1745315354.196, 1.997, 3.643, -0.4488, -1.2406, -4.6783, 1.5465, 39.7675, 88.9648
1745315354.276, 1.997, 3.651, -0.4423, -1.2403, -4.6857, 1.5456, 39.7372, 88.9545
1745315354.356, 1.996, 3.662, -0.4362, -1.2403, -4.6928, 1.5157, 39.6357, 89.0003
1745315354.437, 1.999, 3.674, -0.4301, -1.2401, -4.7003, 1.6024, 39.5963, 88.9744
1745315354.515, 1.999, 3.674, -0.4242, -1.2404, -4.7073, 1.6204, 39.5174, 88.9181
1745315354.594, 1.997, 3.687, -0.4179, -1.2394, -4.7142, 1.5431, 39.4659, 88.9403
1745315354.674, 1.997, 3.699, -0.4123, -1.2395, -4.7209, 1.6249, 39.3881, 88.9435
1745315354.754, 1.999, 3.710, -0.4068, -1.2397, -4.7277, 1.6435, 39.3572, 88.9592
1745315354.834, 1.997, 3.722, -0.4005, -1.2401, -4.7350, 1.5710, 39.3435, 88.9709
1745315354.913, 1.997, 3.722, -0.3943, -1.2401, -4.7421, 1.4944, 39.3006, 89.0030
1745315354.993, 1.996, 3.734, -0.3883, -1.2395, -4.7487, 1.4330, 39.1865, 89.0221
1745315355.072, 1.996, 3.745, -0.3826, -1.2396, -4.7553, 1.3886, 39.0974, 89.0265
1745315355.152, 1.997, 3.757, -0.3768, -1.2394, -4.7621, 1.3838, 38.9722, 89.1066
1745315355.351, 1.998, 3.781, -0.3626, -1.2392, -4.7797, 1.4771, 38.7310, 89.1747
1745315355.431, 1.997, 3.793, -0.3567, -1.2394, -4.7870, 1.4939, 38.6711, 89.1712
1745315355.510, 1.996, 3.793, -0.3517, -1.2393, -4.7933, 1.5143, 38.6494, 89.1664
1745315355.590, 1.996, 3.803, -0.3472, -1.2396, -4.7989, 1.5642, 38.6553, 89.1317
1745315355.670, 1.996, 3.817, -0.3442, -1.2396, -4.8028, 1.6091, 38.6543, 89.0917
1745315355.749, 1.995, 3.823, -0.3435, -1.2396, -4.8036, 1.6165, 38.6445, 89.0719
1745315355.829, 1.996, 3.826, -0.3435, -1.2396, -4.8037, 1.6105, 38.6387, 89.1007
1745315355.909, 1.996, 3.826, -0.3436, -1.2396, -4.8037, 1.6033, 38.6412, 89.1092
1745315355.988, 1.996, 3.828, -0.3435, -1.2396, -4.8036, 1.5856, 38.6422, 89.1326
1745315356.068, 1.996, 3.827, -0.3435, -1.2395, -4.8036, 1.5708, 38.6368, 89.1515
1745315356.147, 1.996, 3.828, -0.3436, -1.2396, -4.8036, 1.5663, 38.6334, 89.1628
1745315356.227, 1.995, 3.829, -0.3437, -1.2395, -4.8035, 1.5597, 38.6318, 89.1734
1745315356.307, 1.996, 3.829, -0.3435, -1.2396, -4.8037, 1.5559, 38.6278, 89.1683
1745315356.386, 1.996, 3.827, -0.3436, -1.2396, -4.8035, 1.5480, 38.6343, 89.1862
1745315356.466, 1.996, 3.829, -0.3442, -1.2396, -4.8028, 1.5451, 38.6062, 89.2006
1745315356.546, 1.996, 3.832, -0.3476, -1.2394, -4.7981, 1.4673, 38.6166, 89.1848
1745315356.625, 1.996, 3.832, -0.3553, -1.2397, -4.7888, 1.4343, 38.5975, 89.2618
1745315356.705, 1.995, 3.826, -0.3667, -1.2392, -4.7750, 1.4138, 38.8970, 89.1760
1745315356.785, 1.997, 3.816, -0.3794, -1.2394, -4.7594, 1.3770, 39.0505, 89.0829
1745315356.864, 1.997, 3.794, -0.3928, -1.2400, -4.7443, 1.4408, 39.0790, 89.0054
1745315356.944, 1.997, 3.768, -0.4044, -1.2397, -4.7310, 1.4804, 38.9617, 89.1401
1745315357.024, 1.999, 3.768, -0.4142, -1.2397, -4.7190, 1.4731, 38.8782, 89.0769
1745315357.103, 1.998, 3.743, -0.4225, -1.2397, -4.7088, 1.4500, 38.8894, 89.1291
1745315357.183, 2.000, 3.722, -0.4298, -1.2400, -4.7003, 1.5064, 38.8622, 89.0710
1745315357.262, 2.000, 3.706, -0.4376, -1.2400, -4.6907, 1.4116, 38.8891, 89.0959
1745315357.342, 2.000, 3.690, -0.4462, -1.2397, -4.6803, 1.4845, 38.8404, 88.9941
1745315357.422, 2.000, 3.690, -0.4561, -1.2403, -4.6688, 1.4657, 38.9383, 88.9932
1745315357.501, 1.999, 3.674, -0.4662, -1.2404, -4.6568, 1.5091, 38.9678, 88.9539
1745315357.581, 2.000, 3.656, -0.4760, -1.2402, -4.6449, 1.5523, 38.8561, 88.8907
1745315357.661, 2.000, 3.637, -0.4856, -1.2403, -4.6328, 1.3360, 38.8799, 89.0436
1745315357.740, 2.000, 3.613, -0.4951, -1.2405, -4.6210, 1.2555, 38.8153, 89.1020
1745315357.820, 2.000, 3.613, -0.5045, -1.2403, -4.6093, 1.1105, 38.8467, 89.1539
1745315357.900, 2.000, 3.594, -0.5132, -1.2401, -4.5982, 1.0398, 38.9730, 89.1056
1745315357.979, 2.000, 3.574, -0.5222, -1.2408, -4.5885, 1.2320, 38.9486, 88.9486
1745315358.059, 2.000, 3.559, -0.5313, -1.2406, -4.5777, 1.2539, 38.9448, 88.9924
1745315358.138, 2.002, 3.544, -0.5404, -1.2418, -4.5672, 1.4019, 38.8004, 88.9831
1745315358.218, 2.000, 3.544, -0.5492, -1.2407, -4.5554, 1.1035, 38.9427, 89.1713
1745315358.298, 1.996, 3.527, -0.5590, -1.2400, -4.5440, 1.2605, 38.8513, 89.2113
1745315358.377, 1.996, 3.507, -0.5680, -1.2406, -4.5332, 1.2156, 38.8732, 89.2746
1745315358.457, 1.989, 3.490, -0.5770, -1.2410, -4.5218, 1.1254, 38.9284, 89.2457
1745315358.537, 1.994, 3.475, -0.5866, -1.2421, -4.5113, 1.3004, 39.0117, 89.1716
1745315358.616, 1.988, 3.475, -0.5953, -1.2432, -4.5009, 1.2535, 39.0388, 89.1648
1745315358.696, 1.992, 3.452, -0.6046, -1.2412, -4.4895, 1.2485, 39.1232, 89.2506
1745315358.776, 1.992, 3.435, -0.6138, -1.2414, -4.4792, 1.3094, 39.1303, 89.2315
1745315358.855, 1.995, 3.415, -0.6224, -1.2422, -4.4685, 1.1057, 39.1497, 89.3773
1745315358.935, 2.000, 3.399, -0.6306, -1.2419, -4.4583, 1.0581, 39.1533, 89.4108
1745315359.014, 2.003, 3.399, -0.6379, -1.2423, -4.4492, 0.9671, 39.1814, 89.4234
1745315361.145, 2.004, 3.377, -0.6247, -1.2421, -4.4662, 1.0605, 38.3425, 89.4540
1745315361.224, 2.004, 3.385, -0.6205, -1.2419, -4.4715, 1.1025, 38.3458, 89.3881
1745315361.304, 2.004, 3.385, -0.6164, -1.2419, -4.4769, 1.1308, 38.3199, 89.3808
1745315361.384, 2.003, 3.388, -0.6121, -1.2420, -4.4824, 1.1861, 38.2681, 89.3259
1745315361.463, 2.003, 3.399, -0.6081, -1.2420, -4.4871, 1.2122, 38.2394, 89.2767
1745315361.543, 2.003, 3.404, -0.6041, -1.2416, -4.4918, 1.2066, 38.1782, 89.2771
1745315361.623, 2.003, 3.417, -0.6007, -1.2417, -4.4961, 1.1957, 38.1470, 89.2816
1745315361.702, 2.003, 3.417, -0.5968, -1.2417, -4.5006, 1.2039, 38.1191, 89.2362
1745315361.782, 2.003, 3.424, -0.5929, -1.2414, -4.5055, 1.1904, 38.0830, 89.2674
1745315361.862, 2.003, 3.429, -0.5885, -1.2412, -4.5106, 1.1515, 38.0335, 89.2800
1745315361.941, 2.000, 3.437, -0.5842, -1.2412, -4.5155, 1.1013, 37.9382, 89.3079
1745315362.021, 2.000, 3.437, -0.5803, -1.2414, -4.5206, 1.0987, 37.9250, 89.3256
1745315362.100, 2.002, 3.445, -0.5760, -1.2413, -4.5258, 1.0877, 37.8632, 89.3027
1745315362.180, 2.001, 3.459, -0.5720, -1.2413, -4.5305, 1.0777, 37.7739, 89.3167
1745315362.260, 2.001, 3.468, -0.5682, -1.2415, -4.5354, 1.1209, 37.7464, 89.3109
1745315362.340, 2.001, 3.473, -0.5649, -1.2413, -4.5400, 1.2173, 37.6723, 89.2903
1745315362.419, 1.997, 3.473, -0.5611, -1.2413, -4.5445, 1.1893, 37.6544, 89.2359
1745315362.499, 1.988, 3.484, -0.5567, -1.2413, -4.5500, 1.1447, 37.6162, 89.1966
1745315362.578, 1.989, 3.486, -0.5523, -1.2412, -4.5554, 1.1224, 37.5708, 89.1783
1745315362.658, 1.989, 3.496, -0.5482, -1.2412, -4.5602, 1.1690, 37.5004, 89.1686
1745315362.738, 1.990, 3.505, -0.5448, -1.2414, -4.5651, 1.2705, 37.4870, 89.0702
1745315362.817, 1.989, 3.505, -0.5413, -1.2412, -4.5696, 1.2378, 37.4594, 89.0884
1745315362.897, 1.989, 3.512, -0.5371, -1.2413, -4.5745, 1.1928, 37.4504, 89.0849
1745315362.977, 1.988, 3.524, -0.5331, -1.2410, -4.5794, 1.1701, 37.3995, 89.0485
1745315363.056, 1.988, 3.531, -0.5289, -1.2412, -4.5844, 1.1257, 37.3512, 89.0741
1745315363.136, 1.989, 3.534, -0.5251, -1.2407, -4.5888, 1.0685, 37.2772, 89.0865
1745315363.216, 1.987, 3.534, -0.5212, -1.2408, -4.5935, 1.0323, 37.2433, 89.1175
1745315363.295, 1.992, 3.548, -0.5177, -1.2409, -4.5978, 1.0053, 37.1577, 89.1771
1745315363.375, 1.992, 3.552, -0.5139, -1.2404, -4.6026, 0.9873, 37.0726, 89.2111
1745315363.454, 1.992, 3.558, -0.5100, -1.2407, -4.6075, 0.9754, 37.0179, 89.2910
1745315363.534, 1.992, 3.567, -0.5062, -1.2407, -4.6126, 1.0627, 36.9801, 89.2509
1745315363.614, 1.989, 3.567, -0.5021, -1.2410, -4.6184, 1.0917, 36.9842, 89.3141
1745315363.693, 1.991, 3.576, -0.4979, -1.2406, -4.6235, 1.0922, 36.9401, 89.2908
1745315363.773, 1.992, 3.585, -0.4942, -1.2406, -4.6286, 1.1660, 36.9504, 89.2499
1745315363.853, 1.992, 3.593, -0.4901, -1.2410, -4.6343, 1.2042, 36.9064, 89.1805
1745315363.932, 2.001, 3.601, -0.4862, -1.2405, -4.6398, 1.2670, 36.8838, 89.1545
1745315364.012, 2.000, 3.601, -0.4818, -1.2405, -4.6454, 1.3242, 36.8794, 89.1006
1745315364.092, 2.000, 3.609, -0.4772, -1.2407, -4.6515, 1.3948, 36.8677, 89.0625
1745315364.171, 2.000, 3.619, -0.4728, -1.2407, -4.6571, 1.3811, 36.8600, 89.0785
1745315364.251, 1.998, 3.631, -0.4684, -1.2409, -4.6627, 1.3804, 36.8254, 89.0952
1745315364.331, 1.999, 3.636, -0.4641, -1.2407, -4.6679, 1.3972, 36.7954, 89.0749
1745315364.410, 1.997, 3.636, -0.4598, -1.2406, -4.6734, 1.4018, 36.7608, 89.0904
1745315364.490, 1.998, 3.646, -0.4551, -1.2405, -4.6790, 1.3729, 36.7344, 89.1028
1745315364.570, 1.998, 3.655, -0.4508, -1.2404, -4.6847, 1.3328, 36.6441, 89.1403
1745315364.649, 1.997, 3.667, -0.4465, -1.2405, -4.6901, 1.3126, 36.6458, 89.1750
1745315364.729, 1.998, 3.674, -0.4423, -1.2406, -4.6957, 1.3149, 36.5686, 89.1787
1745315364.808, 1.997, 3.674, -0.4382, -1.2401, -4.7011, 1.3461, 36.5463, 89.1887
1745315364.888, 1.995, 3.686, -0.4344, -1.2402, -4.7063, 1.4234, 36.5016, 89.1535
1745315364.968, 1.995, 3.692, -0.4315, -1.2401, -4.7101, 1.3668, 36.5288, 89.1033
1745315365.047, 1.997, 3.705, -0.4302, -1.2403, -4.7116, 1.3596, 36.4309, 89.0859
1745315365.127, 1.995, 3.705, -0.4300, -1.2405, -4.7118, 1.3241, 36.4564, 89.1210
1745315365.207, 1.997, 3.705, -0.4303, -1.2404, -4.7117, 1.3508, 36.4692, 89.1419
1745315365.286, 1.997, 3.707, -0.4304, -1.2404, -4.7116, 1.3549, 36.4527, 89.1313
1745315365.366, 1.997, 3.707, -0.4303, -1.2405, -4.7118, 1.3564, 36.4527, 89.1237
1745315365.445, 1.997, 3.707, -0.4303, -1.2404, -4.7117, 1.3472, 36.4501, 89.1290
1745315365.525, 1.996, 3.708, -0.4302, -1.2405, -4.7119, 1.3578, 36.4544, 89.1125
1745315365.605, 1.996, 3.708, -0.4303, -1.2405, -4.7120, 1.3616, 36.4712, 89.1134
1745315365.684, 1.997, 3.709, -0.4303, -1.2404, -4.7118, 1.3517, 36.4169, 89.1250
1745315365.764, 1.997, 3.707, -0.4305, -1.2405, -4.7118, 1.3587, 36.4139, 89.1235
1745315365.844, 1.999, 3.709, -0.4303, -1.2404, -4.7119, 1.3517, 36.4085, 89.1255
1745315365.923, 1.996, 3.710, -0.4302, -1.2405, -4.7119, 1.3563, 36.4029, 89.1173
1745315366.003, 1.996, 3.710, -0.4313, -1.2404, -4.7104, 1.3935, 36.2292, 89.1048
1745315366.083, 1.996, 3.708, -0.4357, -1.2401, -4.7024, 1.3407, 35.3141, 89.1825
1745315366.162, 1.996, 3.707, -0.4442, -1.2407, -4.6870, 1.3327, 33.3238, 89.1325
1745315366.242, 1.997, 3.706, -0.4548, -1.2404, -4.6662, 1.2420, 30.7761, 89.2046
1745315366.322, 1.993, 3.698, -0.4648, -1.2397, -4.6436, 1.2894, 27.9671, 89.1950
1745315366.401, 2.031, 3.698, -0.4732, -1.2403, -4.6205, 1.1501, 25.1955, 89.4042
1745315366.481, 2.070, 3.702, -0.4791, -1.2408, -4.6016, 1.0125, 22.7943, 89.5314
1745315366.561, 2.070, 3.722, -0.4847, -1.2410, -4.5853, 0.9623, 21.8741, 89.4453
1745315366.640, 2.114, 3.758, -0.4907, -1.2407, -4.5710, 0.9747, 21.8705, 89.3732
1745315366.720, 2.148, 3.755, -0.4965, -1.2408, -4.5570, 1.0046, 21.8512, 89.3911
1745315366.799, 2.155, 3.755, -0.5032, -1.2410, -4.5425, 1.0791, 22.0854, 89.4329
1745315366.879, 2.163, 3.735, -0.5099, -1.2404, -4.5261, 1.1081, 22.2388, 89.5425
1745315366.959, 2.163, 3.710, -0.5172, -1.2403, -4.5090, 0.9880, 22.3757, 89.6347
1745315367.038, 2.164, 3.686, -0.5243, -1.2406, -4.4911, 0.9089, 22.1815, 89.6554
1745315367.118, 2.168, 3.663, -0.5321, -1.2407, -4.4737, 0.9709, 22.3797, 89.6055
1745315367.198, 2.181, 3.663, -0.5401, -1.2414, -4.4567, 1.0498, 22.4464, 89.5464
1745315367.277, 2.187, 3.639, -0.5468, -1.2409, -4.4400, 0.9982, 22.4097, 89.6715
1745315367.357, 2.187, 3.611, -0.5537, -1.2412, -4.4236, 0.9828, 22.3897, 89.8444
1745315367.437, 2.192, 3.587, -0.5606, -1.2413, -4.4074, 0.9618, 22.3338, 89.8475
1745315367.516, 2.201, 3.587, -0.5673, -1.2412, -4.3911, 0.8940, 22.3868, 89.7778
1745315367.596, 2.207, 3.568, -0.5745, -1.2414, -4.3752, 0.9723, 22.4502, 89.5981
1745315367.675, 2.215, 3.541, -0.5819, -1.2417, -4.3584, 0.9712, 22.5375, 89.6055
1745315367.755, 2.215, 3.521, -0.5893, -1.2415, -4.3418, 1.0262, 22.5955, 89.6914
1745315367.835, 2.219, 3.500, -0.5961, -1.2420, -4.3254, 0.9382, 22.5496, 89.7008
1745315367.914, 2.226, 3.500, -0.6036, -1.2424, -4.3089, 0.9005, 22.5456, 89.7431
1745315367.994, 2.235, 3.475, -0.6128, -1.2415, -4.2939, 1.0108, 24.9493, 89.5393
1745315368.074, 2.238, 3.451, -0.6241, -1.2410, -4.2812, 0.8839, 29.4114, 89.4314
1745315368.153, 2.238, 1.871, -0.6360, -1.2411, -4.2680, 1.0988, 31.8821, 89.2000
1745315368.233, 2.187, 3.300, -0.6458, -1.2418, -4.2529, 1.0608, 31.7845, 89.3128
1745315368.312, 2.152, 3.300, -0.6551, -1.2419, -4.2376, 0.9856, 31.5424, 89.3324
1745315368.394, 2.155, 1.473, -0.6643, -1.2423, -4.2221, 0.9045, 31.3411, 89.1895
1745315368.472, 2.160, 1.467, -0.6735, -1.2425, -4.2070, 0.8537, 31.1009, 89.1865
1745315368.551, 2.160, 1.448, -0.6828, -1.2428, -4.1917, 0.8125, 30.9594, 89.2211
1745315368.631, 2.167, 1.431, -0.6923, -1.2429, -4.1768, 0.9111, 30.7636, 89.2765
1745315368.711, 2.172, 1.431, -0.7011, -1.2426, -4.1614, 0.8832, 30.5919, 89.3182
1745315368.792, 2.179, 1.409, -0.7104, -1.2427, -4.1458, 0.8237, 30.3655, 89.3869
1745315370.682, 2.179, 2.752, -0.9178, -1.2426, -3.8698, 0.5962, 36.3416, 89.1549
1745315370.762, 2.179, 2.751, -0.9169, -1.2428, -3.8713, 0.6299, 36.3426, 89.1345
1745315370.841, 2.180, 2.761, -0.9164, -1.2429, -3.8719, 0.5911, 36.3143, 89.1491
1745315370.921, 2.179, 2.755, -0.9166, -1.2429, -3.8719, 0.5862, 36.3130, 89.1416
1745315371.001, 2.181, 2.755, -0.9164, -1.2427, -3.8718, 0.5788, 36.3052, 89.1370
1745315371.080, 2.179, 2.756, -0.9165, -1.2427, -3.8719, 0.6413, 36.2988, 89.0946
1745315371.160, 2.179, 2.757, -0.9165, -1.2429, -3.8719, 0.6174, 36.2975, 89.1129
1745315371.239, 2.179, 2.755, -0.9167, -1.2430, -3.8720, 0.6023, 36.2957, 89.1134
1745315371.319, 2.180, 2.764, -0.9166, -1.2429, -3.8721, 0.5640, 36.3036, 89.1367
1745315371.399, 2.178, 2.764, -0.9160, -1.2430, -3.8727, 0.5497, 36.2954, 89.1742
1745315371.478, 2.180, 2.758, -0.9125, -1.2429, -3.8777, 0.5339, 36.2509, 89.2565
1745315371.558, 2.180, 2.758, -0.9051, -1.2427, -3.8875, 0.5810, 36.2927, 89.3083
1745315371.638, 2.179, 2.768, -0.8953, -1.2430, -3.9010, 0.6098, 36.3899, 89.3786
1745315371.717, 2.178, 2.783, -0.8847, -1.2430, -3.9161, 0.7047, 36.5552, 89.2767
1745315371.797, 2.175, 2.783, -0.8746, -1.2429, -3.9291, 0.6699, 36.8571, 89.3754
1745315371.877, 2.172, 2.804, -0.8651, -1.2427, -3.9413, 0.7189, 36.9878, 89.2578
1745315371.956, 2.172, 2.826, -0.8574, -1.2429, -3.9513, 0.6885, 37.0652, 89.2729
1745315372.036, 2.169, 2.846, -0.8503, -1.2427, -3.9607, 0.7625, 37.1523, 89.2285
1745315372.116, 2.168, 2.855, -0.8432, -1.2428, -3.9698, 0.7871, 37.2169, 89.2772
1745315372.195, 2.167, 2.855, -0.8361, -1.2427, -3.9797, 0.9892, 37.2994, 89.1513
1745315372.275, 2.165, 2.869, -0.8274, -1.2426, -3.9906, 0.8859, 37.4034, 89.1188
1745315372.354, 2.165, 2.889, -0.8188, -1.2425, -4.0019, 0.9590, 37.5183, 89.0822
1745315372.434, 2.165, 2.898, -0.8093, -1.2426, -4.0136, 0.8874, 37.6433, 89.0897
1745315372.514, 2.164, 2.916, -0.8002, -1.2429, -4.0250, 0.7733, 37.7404, 89.0393
1745315372.593, 2.162, 2.916, -0.7915, -1.2430, -4.0359, 0.7339, 37.7615, 89.0364
1745315372.673, 2.163, 2.936, -0.7840, -1.2425, -4.0457, 0.7975, 37.7751, 89.0629
1745315372.753, 2.163, 2.952, -0.7759, -1.2428, -4.0562, 0.8293, 37.7912, 89.1385
1745315372.832, 2.163, 2.966, -0.7682, -1.2426, -4.0669, 0.9768, 37.8849, 89.1175
1745315372.912, 2.159, 2.988, -0.7598, -1.2425, -4.0778, 1.0373, 38.0268, 89.0244
1745315372.992, 2.158, 2.988, -0.7511, -1.2421, -4.0890, 1.0687, 38.2058, 89.0183
1745315373.071, 2.156, 3.006, -0.7423, -1.2430, -4.1001, 1.0769, 38.4047, 89.0292
1745315373.151, 2.156, 3.024, -0.7336, -1.2426, -4.1111, 1.0807, 38.4793, 88.9579
1745315373.230, 2.155, 3.034, -0.7252, -1.2428, -4.1214, 1.0323, 38.5873, 89.0430
1745315373.310, 2.154, 3.034, -0.7167, -1.2430, -4.1320, 1.0878, 38.6713, 88.9976
1745315373.390, 2.154, 3.052, -0.7113, -1.2424, -4.1390, 1.0851, 38.6900, 89.0123
1745315373.469, 2.152, 3.069, -0.7103, -1.2427, -4.1404, 1.1479, 38.6881, 88.9711
1745315373.549, 2.152, 3.082, -0.7109, -1.2429, -4.1397, 1.0821, 38.6860, 89.0166
1745315373.629, 2.153, 3.089, -0.7114, -1.2430, -4.1391, 1.1008, 38.6032, 89.0399
1745315373.708, 2.154, 3.089, -0.7113, -1.2430, -4.1393, 1.0798, 38.6042, 89.0368
1745315373.788, 2.153, 3.082, -0.7114, -1.2431, -4.1394, 1.0840, 38.6074, 89.0426
1745315373.868, 2.152, 3.088, -0.7114, -1.2431, -4.1394, 1.0778, 38.6075, 89.0583
1745315373.947, 2.152, 3.082, -0.7115, -1.2431, -4.1395, 1.0804, 38.6107, 89.0701
1745315374.027, 2.153, 3.083, -0.7114, -1.2431, -4.1395, 1.0655, 38.6089, 89.0788
1745315374.106, 2.152, 3.083, -0.7122, -1.2430, -4.1387, 1.0800, 38.7203, 88.9923
1745315374.186, 2.153, 3.087, -0.7164, -1.2432, -4.1334, 1.0907, 38.5896, 89.0557
1745315374.266, 2.152, 3.087, -0.7244, -1.2433, -4.1238, 1.0848, 38.5076, 88.9716
1745315374.345, 2.152, 3.074, -0.7345, -1.2434, -4.1113, 1.1365, 38.3308, 88.8715
1745315374.425, 2.154, 3.066, -0.7456, -1.2435, -4.0971, 1.0773, 38.1778, 89.0505
1745315374.505, 2.154, 3.066, -0.7566, -1.2434, -4.0832, 1.1626, 37.7633, 88.9209
1745315374.584, 2.156, 3.045, -0.7664, -1.2432, -4.0701, 1.0747, 37.4417, 89.0912
1745315374.664, 2.161, 3.018, -0.7746, -1.2434, -4.0590, 0.9580, 37.3262, 89.0836
1745315374.745, 2.161, 2.995, -0.7819, -1.2433, -4.0492, 0.8794, 37.2111, 89.0778
1745315374.823, 2.160, 2.978, -0.7887, -1.2434, -4.0404, 0.8992, 37.0946, 88.9951
1745315374.903, 2.163, 2.978, -0.7964, -1.2435, -4.0306, 0.8994, 37.0048, 89.0234
1745315374.983, 2.165, 2.971, -0.8047, -1.2439, -4.0201, 0.9669, 36.8540, 88.9925
1745315375.062, 2.165, 2.951, -0.8136, -1.2445, -4.0086, 1.0116, 36.5931, 89.0882
1745315375.142, 2.165, 2.934, -0.8222, -1.2434, -3.9971, 1.0351, 36.4341, 89.0443
1745315375.222, 2.166, 2.923, -0.8311, -1.2434, -3.9848, 0.9720, 36.2873, 89.1119
1745315375.301, 2.167, 2.923, -0.8392, -1.2434, -3.9735, 0.9726, 35.9971, 89.1394
1745315375.381, 2.169, 2.902, -0.8474, -1.2433, -3.9628, 1.0632, 35.8271, 89.0638
1745315375.460, 2.169, 2.891, -0.8547, -1.2434, -3.9523, 0.9069, 35.7322, 89.1112
1745315375.540, 2.172, 2.875, -0.8627, -1.2432, -3.9419, 1.0562, 35.5870, 88.9809
1745315375.620, 2.175, 2.851, -0.8702, -1.2436, -3.9312, 0.9751, 35.6026, 89.0949
1745315375.701, 2.178, 2.851, -0.8780, -1.2435, -3.9206, 1.0117, 35.3416, 89.0068
1745315375.779, 2.181, 2.836, -0.8853, -1.2434, -3.9100, 0.9773, 35.1508, 89.0955
1745315375.859, 2.181, 1.089, -0.8921, -1.2434, -3.9001, 0.8798, 34.9496, 89.1491
1745315375.938, 2.184, 1.061, -0.8982, -1.2432, -3.8908, 0.7919, 34.8849, 89.1478
1745315376.018, 2.185, 1.039, -0.9039, -1.2432, -3.8825, 0.7358, 34.8007, 89.1345
1745315376.098, 2.187, 1.039, -0.9089, -1.2434, -3.8751, 0.6564, 34.7984, 89.1362
1745315376.177, 2.188, 1.022, -0.9145, -1.2436, -3.8677, 0.6168, 34.7568, 89.1005
1745315376.257, 2.188, 1.006, -0.9200, -1.2432, -3.8594, 0.6225, 34.6745, 89.0553
1745315376.337, 2.189, 0.996, -0.9264, -1.2431, -3.8508, 0.7016, 34.5635, 89.0276
1745315376.416, 2.190, 0.981, -0.9326, -1.2434, -3.8423, 0.7260, 34.4480, 89.0544
1745315376.496, 2.192, 0.981, -0.9389, -1.2435, -3.8335, 0.7893, 34.2557, 89.0374
1745315376.575, 2.194, 0.961, -0.9443, -1.2431, -3.8244, 0.6480, 34.2275, 89.0526
1745315376.655, 2.194, 0.941, -0.9502, -1.2428, -3.8158, 0.6946, 34.0579, 89.0681
1745315376.735, 2.197, 0.929, -0.9563, -1.2429, -3.8078, 0.8803, 33.8294, 89.0217
1745315376.814, 2.199, 0.912, -0.9617, -1.2428, -3.7994, 0.7652, 33.7693, 89.0306
1745315376.894, 2.202, 0.912, -0.9673, -1.2425, -3.7908, 0.7907, 33.5972, 89.0186
1745315376.973, 2.203, 0.900, -0.9729, -1.2430, -3.7822, 0.6501, 33.5605, 89.0152
1745315377.053, 2.203, 0.886, -0.9787, -1.2425, -3.7737, 0.6395, 33.4836, 88.9699
1745315377.133, 2.206, 0.872, -0.9848, -1.2423, -3.7653, 0.6930, 33.7690, 88.9192
1745315377.212, 2.206, 0.859, -0.9908, -1.2420, -3.7566, 0.7044, 34.0746, 88.9316
1745315377.292, 2.207, 0.859, -0.9978, -1.2421, -3.7482, 0.7558, 34.3142, 88.8305
1745315377.372, 2.205, 0.848, -1.0035, -1.2422, -3.7399, 0.7182, 34.5812, 88.8967
1745315377.451, 2.205, 0.836, -1.0100, -1.2425, -3.7315, 0.7146, 34.9508, 88.9479
1745315377.531, 2.207, 0.830, -1.0158, -1.2420, -3.7233, 0.6464, 35.2668, 88.9456
1745315377.611, 2.207, 0.829, -1.0219, -1.2422, -3.7157, 0.7003, 35.6721, 88.8720
1745315377.690, 2.204, 0.829, -1.0281, -1.2422, -3.7079, 0.5870, 36.1168, 88.8818
1745315377.770, 2.205, 0.834, -1.0343, -1.2421, -3.7003, 0.6286, 36.4958, 88.7757
1745315377.850, 2.205, 2.566, -1.0407, -1.2417, -3.6924, 0.7626, 36.9094, 88.6664
1745315377.929, 2.203, 2.556, -1.0476, -1.2416, -3.6847, 0.8516, 37.2598, 88.6544
1745315378.009, 2.203, 2.536, -1.0545, -1.2415, -3.6770, 0.8890, 37.6246, 88.6676
1745315378.089, 2.200, 2.536, -1.0612, -1.2412, -3.6689, 0.9625, 37.9016, 88.6498
1745315378.168, 2.199, 2.523, -1.0678, -1.2412, -3.6608, 0.8690, 38.3672, 88.6516
1745315378.248, 2.199, 2.514, -1.0748, -1.2415, -3.6531, 0.9104, 38.6822, 88.6521
1745315378.328, 2.199, 2.495, -1.0814, -1.2418, -3.6462, 1.0257, 39.0098, 88.6315
1745315378.407, 2.197, 2.480, -1.0879, -1.2409, -3.6384, 0.8878, 39.3534, 88.6691
1745315378.487, 2.197, 2.480, -1.0948, -1.2407, -3.6306, 0.9021, 39.7937, 88.6388
1745315378.568, 2.195, 2.469, -1.1018, -1.2411, -3.6235, 1.0611, 40.0666, 88.5627
1745315378.648, 2.195, 2.457, -1.1087, -1.2404, -3.6163, 1.1697, 40.5176, 88.4458
1745315378.726, 2.193, 2.450, -1.1153, -1.2404, -3.6097, 1.2187, 40.9178, 88.4241
1745315378.805, 2.183, 2.450, -1.1221, -1.2408, -3.6027, 1.2798, 41.1585, 88.3626
1745315378.885, 2.183, 2.434, -1.1291, -1.2406, -3.5955, 1.3499, 41.5680, 88.3173
1745315378.965, 2.187, 2.424, -1.1361, -1.2406, -3.5882, 1.3362, 41.9616, 88.2927
1745315379.044, 2.187, 2.411, -1.1429, -1.2410, -3.5817, 1.4143, 42.1781, 88.2380
1745315379.124, 2.188, 2.401, -1.1493, -1.2410, -3.5755, 1.4102, 42.5462, 88.2034
1745315379.204, 2.189, 2.401, -1.1556, -1.2408, -3.5691, 1.3925, 42.9000, 88.2636
1745315379.283, 2.188, 2.385, -1.1610, -1.2408, -3.5636, 1.3609, 43.2668, 88.2125
1745315379.363, 2.188, 2.376, -1.1666, -1.2407, -3.5584, 1.3669, 43.6037, 88.1483
1745315379.442, 2.188, 2.370, -1.1725, -1.2404, -3.5526, 1.3610, 43.9533, 88.0674
1745315379.522, 2.190, 2.358, -1.1787, -1.2407, -3.5469, 1.3764, 44.2949, 88.0204
1745315379.602, 0.390, 2.358, -1.1840, -1.2406, -3.5423, 1.4470, 44.6161, 88.0470
1745315379.681, 0.376, 2.352, -1.1857, -1.2405, -3.5408, 1.4864, 44.6411, 88.0433
1745315379.761, 0.375, 2.340, -1.1857, -1.2405, -3.5406, 1.4753, 44.6330, 88.0587
1745315379.841, 0.375, 2.339, -1.1857, -1.2406, -3.5408, 1.4998, 44.6551, 88.0280
1745315379.920, 0.376, 2.337, -1.1857, -1.2406, -3.5407, 1.5012, 44.6426, 88.0119
1745315380.000, 0.370, 2.337, -1.1856, -1.2406, -3.5407, 1.5126, 44.6347, 87.9876
1745315380.079, 0.370, 2.339, -1.1857, -1.2405, -3.5407, 1.5352, 44.6314, 87.9668
1745315380.159, 0.376, 2.339, -1.1856, -1.2407, -3.5408, 1.5402, 44.6309, 87.9573
1745315380.239, 0.376, 2.336, -1.1857, -1.2406, -3.5408, 1.5382, 44.6205, 87.9589
1745315380.318, 0.370, 2.337, -1.1857, -1.2406, -3.5407, 1.5631, 44.6297, 87.9239
1745315380.398, 0.376, 2.337, -1.1857, -1.2406, -3.5408, 1.5710, 44.6283, 87.9153
1745315380.478, 0.376, 2.336, -1.1856, -1.2407, -3.5408, 1.5703, 44.6309, 87.9186
1745315380.557, 0.370, 2.336, -1.1856, -1.2407, -3.5408, 1.5897, 44.6299, 87.9008
1745315380.637, 0.370, 2.336, -1.1856, -1.2407, -3.5408, 1.5954, 44.6277, 87.8971
1745315380.717, 0.370, 2.335, -1.1857, -1.2406, -3.5406, 1.5902, 44.6269, 87.9084
1745315380.796, 0.370, 2.335, -1.1857, -1.2406, -3.5406, 1.6066, 44.6295, 87.8864
1745315380.876, 0.376, 2.336, -1.1856, -1.2407, -3.5407, 1.6119, 44.6259, 87.8859
1745315380.956, 0.376, 2.339, -1.1857, -1.2406, -3.5407, 1.6084, 44.6353, 87.8846
1745315381.035, 0.371, 2.337, -1.1857, -1.2407, -3.5407, 1.6156, 44.6319, 87.8669
1745315381.115, 0.370, 2.338, -1.1857, -1.2407, -3.5405, 1.5966, 44.6235, 87.8990
1745315381.195, 0.370, 2.338, -1.1856, -1.2406, -3.5407, 1.5872, 44.6379, 87.8952
1745315381.274, 0.370, 2.336, -1.1857, -1.2406, -3.5406, 1.5790, 44.6384, 87.9246
1745315381.354, 0.370, 2.336, -1.1857, -1.2406, -3.5406, 1.5954, 44.6360, 87.9068
1745315381.434, 0.376, 2.340, -1.1856, -1.2408, -3.5407, 1.5919, 44.6407, 87.9123
1745315381.513, 0.376, 2.339, -1.1856, -1.2408, -3.5407, 1.6014, 44.6367, 87.9102
1745315381.593, 0.376, 2.339, -1.1858, -1.2406, -3.5405, 1.6042, 44.6271, 87.9168
1745315381.672, 0.376, 2.339, -1.1857, -1.2407, -3.5406, 1.6039, 44.6283, 87.9090
1745315381.752, 0.376, 2.339, -1.1857, -1.2407, -3.5406, 1.6060, 44.6381, 87.9149
1745315381.832, 0.371, 2.337, -1.1856, -1.2407, -3.5404, 1.5803, 44.6072, 87.9425
1745315381.911, 0.376, 2.340, -1.1857, -1.2407, -3.5404, 1.5938, 44.6510, 87.9276
1745315381.991, 0.372, 2.340, -1.1856, -1.2406, -3.5404, 1.5741, 44.6657, 87.9282
1745315382.071, 0.371, 2.337, -1.1856, -1.2406, -3.5404, 1.5887, 44.6684, 87.9182
1745315382.150, 0.371, 2.339, -1.1856, -1.2407, -3.5405, 1.5965, 44.6689, 87.9207
1745315382.230, 0.371, 2.340, -1.1856, -1.2406, -3.5404, 1.5906, 44.6707, 87.9279
1745315382.310, 0.371, 2.338, -1.1857, -1.2406, -3.5403, 1.5950, 44.6672, 87.9159
1745315382.389, 0.377, 2.338, -1.1856, -1.2407, -3.5404, 1.5993, 44.6675, 87.9003
1745315382.469, 0.371, 2.339, -1.1856, -1.2407, -3.5402, 1.5841, 44.6619, 87.9175
1745315382.548, 0.371, 2.333, -1.1857, -1.2406, -3.5403, 1.5917, 44.6722, 87.9212
1745315382.628, 0.377, 2.338, -1.1856, -1.2407, -3.5403, 1.5947, 44.6763, 87.9206
1745315382.708, 0.377, 2.339, -1.1855, -1.2406, -3.5403, 1.5939, 44.6780, 87.9158
1745315382.787, 0.377, 2.339, -1.1856, -1.2406, -3.5402, 1.5988, 44.6797, 87.9148
1745315382.867, 0.377, 2.335, -1.1855, -1.2406, -3.5403, 1.6089, 44.6714, 87.9004
1745315382.947, 0.377, 2.335, -1.1856, -1.2406, -3.5402, 1.6051, 44.6688, 87.9017
1745315383.026, 0.371, 2.337, -1.1855, -1.2406, -3.5402, 1.6044, 44.6736, 87.9066
1745315383.106, 0.371, 2.339, -1.1856, -1.2405, -3.5401, 1.6067, 44.6725, 87.9262
1745315383.185, 0.377, 2.339, -1.1855, -1.2407, -3.5402, 1.5992, 44.6729, 87.9427
1745315383.265, 0.371, 2.340, -1.1858, -1.2404, -3.5400, 1.6067, 44.7461, 87.9335
1745315383.345, 0.371, 2.339, -1.1868, -1.2405, -3.5393, 1.6413, 44.9833, 87.8786
1745315383.424, 0.371, 2.339, -1.1904, -1.2405, -3.5369, 1.7281, 45.6723, 87.8331
1745315383.504, 0.370, 2.335, -1.1966, -1.2402, -3.5332, 1.8234, 46.9316, 87.7845
1745315383.584, 0.369, 2.335, -1.2040, -1.2401, -3.5286, 1.9013, 48.4494, 87.6976
1745315383.663, 0.372, 2.328, -1.2117, -1.2402, -3.5242, 1.9264, 49.9790, 87.6319
1745315383.743, 0.372, 2.333, -1.2191, -1.2400, -3.5205, 2.1755, 51.3539, 87.5196
1745315383.823, 0.369, 2.338, -1.2249, -1.2406, -3.5178, 2.3831, 52.3746, 87.3696
1745315383.902, 0.371, 2.339, -1.2302, -1.2407, -3.5149, 2.3438, 53.5378, 87.4097
1745315383.982, 0.353, 2.339, -1.2354, -1.2401, -3.5116, 2.3737, 53.7044, 87.3933
1745315384.062, 0.350, 2.341, -1.2400, -1.2405, -3.5083, 2.4271, 53.7776, 87.3356
1745315384.141, 0.350, 2.344, -1.2453, -1.2407, -3.5047, 2.4562, 53.7555, 87.3913
1745315384.221, 0.351, 2.338, -1.2505, -1.2403, -3.5011, 2.4470, 53.7974, 87.3915
1745315384.301, 0.368, 2.338, -1.2559, -1.2402, -3.4974, 2.4923, 53.7979, 87.3950
1745315384.380, 0.373, 2.324, -1.2611, -1.2405, -3.4936, 2.4982, 53.8304, 87.4291
1745315384.460, 0.366, 2.321, -1.2667, -1.2404, -3.4895, 2.4374, 53.7728, 87.6053
1745315384.539, 0.366, 2.313, -1.2725, -1.2403, -3.4852, 2.3736, 53.6935, 87.7458
1745315384.739, 0.363, 2.289, -1.2865, -1.2402, -3.4749, 2.2508, 53.6195, 87.9231
1745315384.818, 2.208, 2.282, -1.2919, -1.2402, -3.4708, 2.3090, 53.4530, 87.9051
1745315384.898, 2.207, 2.282, -1.2980, -1.2402, -3.4666, 2.4081, 53.5765, 87.8841
1745315384.978, 2.205, 2.275, -1.3046, -1.2404, -3.4618, 2.2686, 53.6004, 87.9951
1745315385.057, 2.204, 2.261, -1.3120, -1.2403, -3.4563, 2.2288, 53.5168, 87.9812
1745315385.137, 2.204, 2.251, -1.3199, -1.2404, -3.4505, 2.3269, 53.5356, 87.8616
1745315385.216, 2.202, 2.240, -1.3284, -1.2415, -3.4446, 2.3815, 53.5088, 87.8421
1745315385.296, 2.197, 2.240, -1.3373, -1.2404, -3.4379, 2.2875, 53.5853, 87.8845
1745315385.376, 2.196, 2.226, -1.3458, -1.2402, -3.4316, 2.2871, 53.6406, 87.9295
1745315385.455, 2.191, 2.213, -1.3540, -1.2402, -3.4259, 2.3152, 53.6041, 87.9078
1745315385.535, 2.191, 2.200, -1.3622, -1.2401, -3.4201, 2.4596, 53.5347, 87.8137
1745315385.615, 2.189, 2.187, -1.3701, -1.2403, -3.4144, 2.4446, 53.5690, 87.8162
1745315385.694, 2.187, 2.187, -1.3780, -1.2405, -3.4085, 2.3709, 53.5094, 87.7837
1745315385.774, 2.182, 2.173, -1.3865, -1.2405, -3.4025, 2.3887, 53.5970, 87.7581
1745315385.853, 2.181, 2.163, -1.3949, -1.2412, -3.3969, 2.5392, 53.5637, 87.6785
1745315385.933, 2.181, 2.150, -1.4031, -1.2415, -3.3914, 2.6200, 53.5206, 87.4472
1745315386.013, 2.175, 2.134, -1.4113, -1.2403, -3.3852, 2.6169, 53.4329, 87.4504
1745315386.092, 2.172, 2.134, -1.4193, -1.2404, -3.3793, 2.6468, 53.4460, 87.4331
1745315386.172, 2.166, 2.123, -1.4273, -1.2409, -3.3737, 2.6759, 53.3582, 87.4500
1745315386.252, 2.163, 2.110, -1.4352, -1.2405, -3.3680, 2.7222, 53.2634, 87.4993
1745315386.451, 2.161, 2.084, -1.4560, -1.2407, -3.3524, 2.6449, 53.0243, 87.6940
1745315386.530, 2.157, 2.069, -1.4644, -1.2409, -3.3461, 2.5832, 52.9020, 87.8270
1745315386.610, 2.151, 2.054, -1.4727, -1.2409, -3.3397, 2.4468, 52.9007, 87.9702
1745315386.690, 2.146, 2.054, -1.4808, -1.2412, -3.3336, 2.4264, 52.8133, 87.9491
1745315386.769, 2.145, 2.042, -1.4886, -1.2414, -3.3277, 2.4153, 52.7021, 87.9369
1745315386.849, 2.145, 2.028, -1.4967, -1.2411, -3.3216, 2.3923, 52.5866, 87.9875
1745315386.929, 2.141, 2.014, -1.5045, -1.2412, -3.3156, 2.3753, 52.6222, 88.0223
1745315387.008, 2.138, 2.000, -1.5118, -1.2411, -3.3101, 2.3756, 52.6172, 88.0742
1745315387.088, 2.132, 2.000, -1.5193, -1.2410, -3.3043, 2.2889, 52.6113, 88.1859
1745315387.168, 2.130, 1.991, -1.5270, -1.2412, -3.2984, 2.3272, 52.4484, 88.2035
1745315387.247, 2.130, 1.976, -1.5350, -1.2412, -3.2922, 2.2933, 52.3352, 88.3460
1745315387.327, 2.127, 1.963, -1.5430, -1.2411, -3.2858, 2.0873, 52.3252, 88.4040
1745315387.406, 2.125, 1.952, -1.5511, -1.2413, -3.2800, 2.2077, 52.2335, 88.3170
1745315387.486, 2.123, 1.952, -1.5578, -1.2412, -3.2751, 2.2761, 52.1544, 88.3206
1745315387.566, 2.120, 1.938, -1.5609, -1.2415, -3.2728, 2.3195, 52.0878, 88.3165
1745315387.645, 2.120, 1.924, -1.5607, -1.2416, -3.2729, 2.2989, 52.1057, 88.2923
1745315387.725, 2.116, 1.920, -1.5607, -1.2415, -3.2729, 2.2934, 52.1157, 88.2970
1745315387.805, 2.114, 1.920, -1.5608, -1.2416, -3.2729, 2.2897, 52.1151, 88.3001
1745315387.884, 2.116, 1.920, -1.5607, -1.2415, -3.2728, 2.2644, 52.1226, 88.3269
1745315387.964, 2.115, 1.920, -1.5607, -1.2416, -3.2730, 2.2725, 52.1221, 88.3159
1745315388.044, 2.115, 1.919, -1.5607, -1.2416, -3.2729, 2.2754, 52.1201, 88.3144
1745315388.123, 2.116, 1.920, -1.5607, -1.2416, -3.2729, 2.2745, 52.1216, 88.3126
1745315388.203, 2.115, 1.920, -1.5607, -1.2416, -3.2728, 2.2780, 52.1586, 88.2826
1745315388.282, 2.115, 1.920, -1.5607, -1.2417, -3.2731, 2.3427, 52.2150, 88.2733
1745315388.362, 2.115, 1.920, -1.5607, -1.2416, -3.2731, 2.3197, 52.2284, 88.2932
1745315388.442, 2.115, 1.921, -1.5608, -1.2416, -3.2731, 2.3230, 52.2292, 88.2936
1745315388.522, 2.115, 1.920, -1.5608, -1.2415, -3.2730, 2.3070, 52.2363, 88.3006
1745315388.601, 2.116, 1.920, -1.5608, -1.2415, -3.2730, 2.3040, 52.2365, 88.2977
1745315388.681, 2.116, 1.920, -1.5608, -1.2416, -3.2730, 2.3043, 52.2385, 88.2942
1745315388.760, 2.117, 1.921, -1.5608, -1.2416, -3.2731, 2.3220, 52.1914, 88.2928
1745315388.840, 2.117, 1.921, -1.5607, -1.2415, -3.2730, 2.2687, 52.2225, 88.3501
1745315388.920, 2.116, 1.920, -1.5609, -1.2414, -3.2728, 2.2745, 52.2299, 88.3403
1745315388.999, 2.117, 1.920, -1.5608, -1.2415, -3.2729, 2.2710, 52.2317, 88.3407
1745315389.079, 2.117, 1.920, -1.5608, -1.2415, -3.2729, 2.2594, 52.2370, 88.3530
1745315389.159, 2.115, 1.920, -1.5608, -1.2416, -3.2730, 2.2606, 52.2432, 88.3554
1745315389.238, 2.115, 1.920, -1.5608, -1.2416, -3.2729, 2.2690, 52.2403, 88.3464
1745315389.320, 2.116, 1.920, -1.5608, -1.2415, -3.2729, 2.2636, 52.2533, 88.3554
1745315389.398, 2.116, 1.921, -1.5607, -1.2416, -3.2730, 2.2777, 52.2533, 88.3402
1745315389.477, 2.116, 1.921, -1.5608, -1.2416, -3.2730, 2.2812, 52.2516, 88.3377
1745315389.557, 2.116, 1.920, -1.5608, -1.2416, -3.2730, 2.2902, 52.2419, 88.3341
1745315389.636, 2.116, 1.921, -1.5608, -1.2415, -3.2729, 2.2829, 52.2412, 88.3387
1745315389.716, 2.116, 1.921, -1.5607, -1.2417, -3.2731, 2.2849, 52.2376, 88.3265
1745315389.796, 2.117, 1.921, -1.5608, -1.2416, -3.2730, 2.2826, 52.2386, 88.3301
1745315389.875, 2.116, 1.921, -1.5607, -1.2416, -3.2730, 2.2820, 52.2481, 88.3311
1745315389.955, 2.115, 1.920, -1.5608, -1.2416, -3.2730, 2.2910, 52.2539, 88.3162
1745315390.035, 2.115, 1.921, -1.5609, -1.2416, -3.2729, 2.2998, 52.2534, 88.3038
1745315390.114, 2.115, 1.921, -1.5608, -1.2416, -3.2730, 2.3036, 52.2303, 88.2913
1745315390.194, 2.116, 1.921, -1.5615, -1.2416, -3.2719, 2.2653, 51.9947, 88.3285
1745315390.273, 2.115, 1.920, -1.5637, -1.2417, -3.2691, 2.1893, 51.1250, 88.3177
1745315390.353, 2.111, 1.919, -1.5668, -1.2417, -3.2647, 2.0796, 49.6968, 88.4033
1745315390.433, 2.111, 1.909, -1.5702, -1.2416, -3.2600, 2.0819, 48.2460, 88.3818
1745315390.512, 2.105, 1.895, -1.5732, -1.2416, -3.2555, 2.0273, 46.8481, 88.4233
1745315390.592, 2.092, 1.895, -1.5758, -1.2414, -3.2511, 1.9820, 45.6647, 88.4755
1745315390.672, 2.086, 1.875, -1.5781, -1.2416, -3.2473, 1.9122, 44.5748, 88.5174
1745315390.751, 2.084, 1.862, -1.5808, -1.2418, -3.2433, 1.8222, 43.7088, 88.6514
1745315390.831, 2.084, 1.854, -1.5843, -1.2420, -3.2395, 1.8123, 43.5544, 88.6552
1745315390.911, 2.079, 1.847, -1.5881, -1.2418, -3.2354, 1.8231, 43.4824, 88.6667
1745315390.990, 2.077, 1.847, -1.5919, -1.2418, -3.2317, 1.8606, 43.4708, 88.6627
1745315391.070, 2.076, 1.837, -1.5952, -1.2419, -3.2282, 1.8696, 43.4800, 88.6656
1745315391.150, 2.074, 1.830, -1.5985, -1.2419, -3.2248, 1.8525, 43.4196, 88.6905
1745315391.229, 2.074, 1.823, -1.6018, -1.2421, -3.2214, 1.8378, 43.3538, 88.7070
1745315391.309, 2.078, 1.820, -1.6052, -1.2420, -3.2177, 1.8396, 43.2601, 88.7112
1745315391.389, 2.088, 1.820, -1.6088, -1.2420, -3.2138, 1.7855, 43.2287, 88.7582
1745315391.468, 2.094, 1.818, -1.6129, -1.2422, -3.2097, 1.8325, 43.1762, 88.7310
1745315391.548, 2.100, 1.808, -1.6170, -1.2422, -3.2054, 1.8052, 43.1938, 88.7249
1745315391.627, 2.100, 1.798, -1.6214, -1.2422, -3.2006, 1.7382, 43.1321, 88.7441
1745315391.707, 2.102, 1.791, -1.6261, -1.2422, -3.1957, 1.7285, 43.0479, 88.7077
1745315391.787, 2.102, 1.791, -1.6311, -1.2423, -3.1904, 1.6984, 42.9512, 88.7139
1745315391.866, 2.099, 1.781, -1.6362, -1.2423, -3.1851, 1.7686, 42.8882, 88.6185
1745315391.946, 2.099, 1.772, -1.6412, -1.2424, -3.1797, 1.7376, 42.9241, 88.6382
1745315392.026, 2.099, 1.761, -1.6458, -1.2425, -3.1748, 1.6307, 42.8847, 88.7236
1745315392.225, 2.097, 1.742, -1.6567, -1.2428, -3.1630, 1.5249, 43.0223, 88.7514
1745315392.424, 2.098, 1.728, -1.6690, -1.2429, -3.1504, 1.5409, 42.9624, 88.8310
1745315392.504, 2.097, 1.719, -1.6747, -1.2426, -3.1444, 1.5255, 42.9632, 88.9132
1745315392.583, 2.096, 1.719, -1.6804, -1.2425, -3.1384, 1.5574, 42.9135, 88.9090
1745315392.784, 2.095, 1.699, -1.6950, -1.2428, -3.1231, 1.5103, 42.8643, 88.8191
1745315394.674, 2.091, 1.593, -1.7189, -1.2431, -3.0982, 1.4771, 42.4070, 88.8917
1745315394.753, 2.092, 1.614, -1.7076, -1.2428, -3.1107, 1.5615, 42.3722, 88.8085
1745315394.833, 2.092, 1.641, -1.6968, -1.2432, -3.1219, 1.4943, 42.3719, 88.8941
1745315394.913, 2.093, 1.660, -1.6870, -1.2430, -3.1325, 1.5877, 42.3881, 88.8561
1745315394.992, 2.094, 1.681, -1.6774, -1.2432, -3.1424, 1.4648, 42.3688, 88.9601
1745315395.072, 2.093, 1.681, -1.6676, -1.2426, -3.1528, 1.4973, 42.3080, 88.8788
1745315395.152, 2.094, 1.697, -1.6582, -1.2425, -3.1633, 1.5028, 42.1873, 88.8339
1745315395.231, 2.094, 1.716, -1.6505, -1.2428, -3.1712, 1.5003, 42.1596, 88.8115
1745315395.311, 2.096, 1.735, -1.6484, -1.2430, -3.1739, 1.5836, 42.0928, 88.7542
1745315395.390, 2.096, 1.735, -1.6492, -1.2428, -3.1729, 1.5700, 42.1247, 88.7614
1745315395.470, 2.096, 1.745, -1.6501, -1.2428, -3.1719, 1.5511, 42.1276, 88.8083
1745315395.550, 2.096, 1.747, -1.6506, -1.2428, -3.1713, 1.5367, 42.1237, 88.8418
1745315395.629, 2.096, 1.745, -1.6506, -1.2428, -3.1714, 1.5396, 42.1162, 88.8380
1745315395.709, 2.096, 1.742, -1.6506, -1.2428, -3.1714, 1.5493, 42.1239, 88.8402
1745315395.789, 2.096, 1.742, -1.6506, -1.2428, -3.1714, 1.5542, 42.1202, 88.8409
1745315395.868, 2.096, 1.742, -1.6506, -1.2427, -3.1713, 1.5434, 42.1195, 88.8575
1745315395.948, 2.096, 1.743, -1.6506, -1.2428, -3.1714, 1.5499, 42.1068, 88.8403
1745315396.028, 2.096, 1.744, -1.6507, -1.2427, -3.1713, 1.5546, 42.0838, 88.8512
1745315396.107, 2.096, 1.743, -1.6507, -1.2427, -3.1713, 1.5469, 42.0750, 88.8476
1745315396.187, 2.096, 1.743, -1.6506, -1.2428, -3.1714, 1.5464, 42.0686, 88.8566
1745315396.266, 2.096, 1.745, -1.6506, -1.2428, -3.1714, 1.5640, 42.0700, 88.8644
1745315396.346, 2.096, 1.744, -1.6510, -1.2428, -3.1709, 1.5332, 41.9437, 88.8117
1745315396.426, 2.096, 1.743, -1.6552, -1.2432, -3.1648, 1.5103, 41.2755, 88.8776
1745315396.505, 2.095, 1.742, -1.6638, -1.2431, -3.1529, 1.5945, 39.6044, 88.7463
1745315396.585, 2.097, 1.742, -1.6750, -1.2426, -3.1351, 1.5283, 37.2314, 88.9146
1745315396.665, 2.097, 1.729, -1.6867, -1.2433, -3.1146, 1.4917, 34.3410, 88.9721
1745315396.744, 2.111, 1.709, -1.6972, -1.2430, -3.0943, 1.5288, 31.5405, 89.1501
1745315396.826, 2.111, 1.688, -1.7056, -1.2433, -3.0752, 1.3921, 28.9912, 89.1429
1745315396.904, 2.131, 1.674, -1.7120, -1.2428, -3.0590, 1.3825, 27.0827, 89.1455
1745315396.983, 2.160, 1.674, -1.7196, -1.2428, -3.0454, 1.4295, 26.8268, 89.0420
1745315397.063, 2.190, 1.667, -1.7258, -1.2432, -3.0323, 1.3517, 26.5631, 89.1554
1745315397.142, 2.197, 1.656, -1.7327, -1.2432, -3.0191, 1.4170, 26.4064, 89.0885
1745315397.222, 2.197, 1.639, -1.7396, -1.2432, -3.0048, 1.3033, 26.3543, 89.1541
1745315397.302, 0.314, 1.620, -1.7470, -1.2430, -2.9897, 1.1083, 26.3754, 89.1791
1745315397.381, 0.323, 1.620, -1.7544, -1.2429, -2.9746, 1.0677, 26.4019, 89.0409
1745315397.461, 0.284, 1.599, -1.7623, -1.2427, -2.9590, 1.0763, 26.4857, 88.9491
1745315397.541, 0.281, 1.577, -1.7707, -1.2428, -2.9437, 1.1697, 26.4283, 88.9109
1745315397.620, 0.281, 1.556, -1.7786, -1.2428, -2.9285, 1.2574, 26.3332, 88.9026
1745315397.700, 0.292, 1.534, -1.7863, -1.2429, -2.9138, 1.2109, 26.3262, 88.8310
1745315397.780, 0.290, 1.534, -1.7937, -1.2428, -2.8990, 1.2675, 26.1840, 88.8776
1745315397.859, 0.294, 1.513, -1.8008, -1.2426, -2.8850, 1.2118, 26.3204, 88.7949
1745315397.939, 0.294, 1.493, -1.8090, -1.2427, -2.8714, 1.2660, 27.0585, 88.7110
1745315398.019, 2.244, 1.472, -1.8168, -1.2425, -2.8577, 1.2554, 27.7618, 88.7420
1745315398.098, 2.241, 1.443, -1.8248, -1.2426, -2.8432, 1.2817, 27.5596, 88.8440
1745315398.178, 2.236, 1.443, -1.8327, -1.2429, -2.8285, 1.4513, 27.3544, 88.7971
1745315398.258, 2.244, 1.423, -1.8401, -1.2428, -2.8135, 1.2206, 27.3387, 88.9805
1745315398.337, 2.244, 1.404, -1.8474, -1.2426, -2.7993, 1.1613, 27.2778, 88.9822
1745315398.417, 2.248, 1.384, -1.8550, -1.2425, -2.7851, 1.1182, 27.3511, 89.0167
1745315398.496, 2.254, 1.363, -1.8642, -1.2422, -2.7728, 1.2199, 29.1087, 88.9485
1745315398.576, 2.261, 1.363, -1.8734, -1.2439, -2.7602, 1.4175, 30.1728, 89.0268
1745315398.656, 2.243, 1.337, -1.8801, -1.2426, -2.7475, 1.3849, 29.7023, 88.7581
1745315398.735, 2.243, 1.309, -1.8833, -1.2407, -2.7381, 0.6602, 29.5405, 88.1065
1745315398.815, 2.240, 1.291, -1.8897, -1.2412, -2.7302, 1.1257, 29.4284, 87.3894
1745315398.895, 2.248, 1.280, -1.8965, -1.2409, -2.7179, 0.9418, 29.2171, 87.4956
1745315398.974, 2.250, 1.280, -1.9030, -1.2407, -2.7058, 0.7746, 29.0049, 87.5491
1745315399.054, 2.258, 1.267, -1.9068, -1.2408, -2.6998, 0.8152, 28.7675, 87.3880
1745315399.133, 2.258, 1.250, -1.9068, -1.2406, -2.6999, 0.8910, 28.8539, 87.2007
1745315399.213, 2.261, 1.241, -1.9061, -1.2406, -2.7013, 0.9050, 28.8759, 87.2099
1745315399.293, 2.263, 1.243, -1.9058, -1.2406, -2.7015, 0.8201, 28.8778, 87.3241
1745315399.372, 2.261, 1.243, -1.9057, -1.2406, -2.7016, 0.8261, 28.8594, 87.3014
1745315399.452, 2.260, 1.244, -1.9057, -1.2405, -2.7016, 0.8385, 28.8557, 87.2919
1745315399.532, 2.260, 1.246, -1.9057, -1.2405, -2.7016, 0.8111, 28.8386, 87.3146
1745315399.611, 2.262, 1.245, -1.9057, -1.2405, -2.7016, 0.8014, 28.8554, 87.3067
1745315399.691, 2.260, 1.244, -1.9057, -1.2405, -2.7015, 0.8146, 28.8544, 87.2942
1745315399.771, 2.262, 1.244, -1.9057, -1.2405, -2.7015, 0.8089, 28.8639, 87.2944
1745315399.850, 2.261, 1.245, -1.9056, -1.2406, -2.7015, 0.8320, 28.8529, 87.2759
1745315399.930, 2.261, 1.245, -1.9056, -1.2406, -2.7015, 0.8190, 28.8506, 87.2748
1745315400.010, 2.262, 1.244, -1.9056, -1.2406, -2.7015, 0.8280, 28.8286, 87.2823
1745315400.089, 2.260, 1.245, -1.9056, -1.2405, -2.7015, 0.8281, 28.8365, 87.2863
1745315400.169, 2.261, 1.245, -1.9056, -1.2405, -2.7015, 0.8254, 28.8349, 87.2818
1745315400.249, 2.260, 1.244, -1.9056, -1.2406, -2.7015, 0.8297, 28.8324, 87.2781
1745315400.328, 2.260, 1.246, -1.9056, -1.2405, -2.7015, 0.8242, 28.8271, 87.2793
1745315400.408, 2.260, 1.245, -1.9057, -1.2406, -2.7015, 0.8372, 28.8353, 87.2834
1745315400.607, 2.260, 1.244, -1.9050, -1.2406, -2.7030, 0.8871, 28.8634, 87.2683
1745315400.687, 2.263, 1.244, -1.9034, -1.2407, -2.7059, 0.9261, 28.8601, 87.3177
1745315400.766, 2.260, 1.244, -1.9008, -1.2409, -2.7108, 0.9673, 28.9010, 87.3540
1745315400.846, 2.259, 1.250, -1.8976, -1.2407, -2.7161, 0.8536, 28.9082, 87.6203
1745315400.925, 2.259, 1.252, -1.8932, -1.2407, -2.7236, 0.7827, 29.0035, 87.7738
1745315401.005, 2.260, 1.260, -1.8879, -1.2423, -2.7322, 0.5678, 29.1248, 88.1417
1745315401.085, 2.259, 1.260, -1.8817, -1.2419, -2.7430, 0.6831, 29.3145, 88.4066
1745315401.164, 2.254, 1.272, -1.8773, -1.2426, -2.7556, 1.4023, 29.5932, 89.0307
1745315401.244, 2.245, 1.284, -1.8687, -1.2430, -2.7687, 1.0862, 29.6227, 89.1307
1745315401.324, 2.245, 1.302, -1.8616, -1.2434, -2.7805, 1.1481, 29.4192, 89.0414
1745315401.403, 2.241, 1.320, -1.8558, -1.2428, -2.7906, 1.0575, 29.4092, 89.0764
1745315401.483, 2.239, 1.320, -1.8503, -1.2427, -2.8007, 1.2335, 29.3120, 88.9394
1745315401.563, 2.235, 1.337, -1.8446, -1.2429, -2.8112, 1.2633, 29.1910, 88.9088
1745315401.642, 2.237, 1.351, -1.8381, -1.2429, -2.8233, 1.4312, 29.0551, 88.8332
1745315401.722, 2.237, 1.366, -1.8305, -1.2427, -2.8363, 1.3361, 28.9991, 88.9155
1745315401.802, 2.231, 1.385, -1.8222, -1.2432, -2.8503, 1.2459, 29.0837, 88.8944
1745315401.881, 2.228, 1.385, -1.8137, -1.2429, -2.8649, 1.2174, 29.0466, 88.9174
1745315401.961, 2.227, 1.405, -1.8048, -1.2426, -2.8799, 1.1554, 28.9993, 88.8745
1745315402.040, 2.223, 1.426, -1.7961, -1.2430, -2.8958, 1.2824, 28.8988, 88.8062
1745315402.120, 2.223, 1.446, -1.7874, -1.2428, -2.9110, 1.2718, 28.7632, 88.8349
1745315402.200, 2.220, 1.471, -1.7787, -1.2428, -2.9265, 1.1996, 28.6918, 88.9459
1745315402.279, 0.294, 1.471, -1.7697, -1.2433, -2.9420, 1.1278, 28.6168, 89.0783
1745315402.359, 0.282, 1.496, -1.7608, -1.2429, -2.9571, 0.9984, 28.5372, 89.1292
1745315402.439, 0.282, 1.517, -1.7522, -1.2429, -2.9724, 1.0375, 28.4233, 89.1072
1745315402.518, 0.282, 1.540, -1.7444, -1.2425, -2.9874, 1.2078, 28.2954, 89.0869
1745315402.598, 0.283, 1.563, -1.7370, -1.2425, -3.0022, 1.3901, 28.1812, 89.0652
1745315402.678, 0.316, 1.563, -1.7287, -1.2428, -3.0172, 1.3877, 28.1725, 89.1493
1745315402.757, 0.319, 1.587, -1.7200, -1.2430, -3.0326, 1.3620, 28.2480, 89.1831
1745315402.837, 0.344, 1.609, -1.7110, -1.2431, -3.0485, 1.3337, 28.3520, 89.2352
1745315402.917, 0.344, 1.630, -1.7019, -1.2430, -3.0647, 1.3175, 28.1021, 89.2231
1745315402.996, 2.187, 1.653, -1.6927, -1.2427, -3.0803, 1.3787, 27.3757, 89.1898
1745315403.076, 2.185, 1.653, -1.6839, -1.2431, -3.0952, 1.3115, 26.5634, 89.1860
1745315403.155, 2.188, 1.680, -1.6754, -1.2428, -3.1105, 1.3516, 25.7610, 89.2331
1745315403.235, 2.193, 1.707, -1.6662, -1.2427, -3.1259, 1.1977, 24.6798, 89.3056
1745315403.315, 2.193, 1.736, -1.6568, -1.2431, -3.1417, 1.0690, 22.8490, 89.3774
1745315403.394, 2.203, 1.771, -1.6484, -1.2426, -3.1567, 1.0892, 20.7267, 89.4002
1745315403.474, 2.222, 1.771, -1.6415, -1.2427, -3.1722, 1.1291, 18.9724, 89.4139
1745315403.554, 2.254, 1.822, -1.6358, -1.2433, -3.1882, 1.2074, 18.6991, 89.5580
1745315403.633, 2.254, 1.873, -1.6295, -1.2430, -3.2048, 1.1479, 18.7935, 89.5083
1745315403.715, 2.277, 1.902, -1.6235, -1.2425, -3.2216, 1.0479, 18.9674, 89.5032
1745315403.793, 2.263, 1.920, -1.6184, -1.2428, -3.2385, 0.9882, 19.9468, 89.5023
1745315403.872, 2.250, 1.920, -1.6138, -1.2422, -3.2558, 1.1201, 21.6762, 89.3870
1745315403.952, 2.226, 1.938, -1.6104, -1.2430, -3.2730, 1.2671, 24.4898, 89.4604
1745315404.031, 2.226, 1.935, -1.6051, -1.2425, -3.2900, 1.0969, 27.9282, 89.3753
1745315404.111, 2.180, 1.920, -1.5998, -1.2430, -3.3063, 1.1661, 31.3888, 89.3890
1745315404.191, 2.122, 1.909, -1.5914, -1.2425, -3.3231, 1.1320, 33.7609, 89.3002
1745315404.270, 2.077, 1.909, -1.5807, -1.2423, -3.3383, 1.1439, 33.7609, 89.2725
1745315404.350, 2.055, 1.904, -1.5706, -1.2422, -3.3535, 1.2602, 33.5126, 89.1410
1745315404.430, 2.055, 1.922, -1.5605, -1.2422, -3.3687, 1.4728, 33.2216, 88.9598
1745315404.509, 2.053, 1.949, -1.5507, -1.2415, -3.3831, 1.5127, 32.9577, 88.9567
1745315404.589, 2.052, 1.972, -1.5409, -1.2429, -3.3978, 1.4662, 32.8721, 88.9445
1745315404.669, 2.052, 1.972, -1.5309, -1.2423, -3.4125, 1.4560, 32.7748, 88.9331
1745315404.748, 2.050, 1.996, -1.5207, -1.2421, -3.4273, 1.4110, 32.6387, 88.8665
1745315404.828, 2.050, 2.017, -1.5103, -1.2424, -3.4429, 1.3964, 32.4616, 88.7375
1745315404.907, 2.048, 2.041, -1.5007, -1.2425, -3.4579, 1.4657, 32.1971, 88.6588
1745315404.987, 2.046, 2.068, -1.4909, -1.2428, -3.4728, 1.3500, 32.0264, 88.6923
1745315405.067, 2.043, 2.068, -1.4813, -1.2426, -3.4875, 1.4121, 31.8936, 88.7883
1745315405.146, 2.043, 2.092, -1.4717, -1.2429, -3.5017, 1.2094, 31.7241, 88.8451
1745315405.226, 2.043, 2.114, -1.4620, -1.2428, -3.5170, 1.2471, 31.5578, 88.8588
1745315405.306, 2.040, 2.138, -1.4539, -1.2427, -3.5297, 1.2877, 31.3930, 88.6939
1745315405.385, 2.037, 2.164, -1.4522, -1.2424, -3.5296, 0.8279, 31.1536, 89.2015
1745315405.465, 2.036, 2.164, -1.4549, -1.2424, -3.5277, 1.2492, 31.1629, 88.8067
1745315405.545, 2.038, 2.173, -1.4560, -1.2424, -3.5260, 1.2333, 31.2001, 88.8203
1745315405.624, 2.038, 2.170, -1.4559, -1.2424, -3.5258, 1.2302, 31.1673, 88.8232
1745315405.704, 2.038, 2.170, -1.4561, -1.2423, -3.5257, 1.2272, 31.1720, 88.8318
1745315405.784, 2.038, 2.169, -1.4560, -1.2423, -3.5256, 1.2059, 31.1710, 88.8417
1745315405.863, 2.038, 2.169, -1.4559, -1.2423, -3.5257, 1.1752, 31.1708, 88.8527
1745315405.943, 2.038, 2.169, -1.4559, -1.2422, -3.5256, 1.2026, 31.1619, 88.8357
1745315406.023, 2.038, 2.170, -1.4558, -1.2425, -3.5258, 1.1817, 31.1691, 88.8456
1745315406.102, 2.037, 2.169, -1.4559, -1.2423, -3.5256, 1.2014, 31.1679, 88.8309
1745315406.182, 2.038, 2.168, -1.4560, -1.2423, -3.5256, 1.2096, 31.1674, 88.8265
1745315406.261, 2.037, 2.168, -1.4557, -1.2423, -3.5254, 1.2059, 31.1020, 88.8632
1745315406.341, 2.037, 2.169, -1.4561, -1.2423, -3.5256, 1.2357, 31.2190, 88.8368
1745315406.421, 2.037, 2.169, -1.4559, -1.2422, -3.5255, 1.1903, 31.2060, 88.8597
1745315406.500, 2.038, 2.169, -1.4558, -1.2423, -3.5255, 1.1615, 31.2031, 88.8695
1745315406.580, 2.038, 2.169, -1.4559, -1.2423, -3.5255, 1.2152, 31.2095, 88.8278
1745315406.660, 2.037, 2.170, -1.4579, -1.2422, -3.5234, 1.1461, 31.8624, 88.8007
1745315406.739, 2.037, 2.169, -1.4632, -1.2422, -3.5182, 1.1687, 33.7189, 88.7528
1745315406.819, 2.037, 2.165, -1.4718, -1.2423, -3.5113, 1.2984, 36.5169, 88.6128
1745315406.899, 2.030, 2.143, -1.4826, -1.2421, -3.5033, 1.4828, 39.5930, 88.5681
1745315406.978, 1.993, 2.143, -1.4936, -1.2420, -3.4957, 1.6199, 42.6428, 88.4281
1745315407.058, 1.980, 2.114, -1.5033, -1.2423, -3.4882, 1.7406, 44.1277, 88.3137
1745315407.137, 1.977, 2.097, -1.5095, -1.2423, -3.4826, 1.9193, 44.0238, 88.2109
1745315407.217, 1.977, 2.086, -1.5101, -1.2423, -3.4819, 1.9016, 44.0758, 88.2082
1745315407.297, 1.976, 2.074, -1.5096, -1.2423, -3.4824, 1.9044, 44.0695, 88.2028
1745315407.378, 1.978, 2.074, -1.5094, -1.2423, -3.4825, 1.9290, 44.0491, 88.1804
1745315407.456, 1.976, 2.075, -1.5091, -1.2424, -3.4831, 1.9521, 44.0380, 88.1796
1745315407.536, 1.977, 2.074, -1.5058, -1.2425, -3.4864, 1.8948, 44.0606, 88.2571
1745315407.615, 1.977, 2.076, -1.4963, -1.2425, -3.4954, 1.6815, 44.0881, 88.4563
1745315407.695, 1.977, 2.082, -1.4828, -1.2431, -3.5101, 1.8773, 44.2319, 88.3355
1745315407.775, 1.978, 2.082, -1.4659, -1.2427, -3.5268, 1.7692, 44.3656, 88.3520
1745315407.854, 1.978, 2.102, -1.4483, -1.2408, -3.5376, -0.2095, 44.4724, 90.2900
1745315407.934, 1.981, 2.133, -1.4415, -1.2409, -3.5425, -0.4987, 44.2315, 90.4152
1745315408.013, 1.981, 2.159, -1.4431, -1.2407, -3.5417, -0.2799, 44.2648, 90.3453
1745315408.093, 1.989, 2.168, -1.4465, -1.2411, -3.5392, 0.0136, 44.3078, 90.1428
1745315408.173, 1.989, 2.168, -1.4517, -1.2418, -3.5368, 0.8977, 44.3950, 89.5661
1745315408.252, 1.987, 2.166, -1.4552, -1.2423, -3.5353, 1.5709, 44.0861, 88.7043
1745315408.332, 1.986, 2.159, -1.4560, -1.2421, -3.5351, 1.7274, 44.0297, 88.4610
1745315408.412, 1.986, 2.154, -1.4561, -1.2423, -3.5352, 1.7336, 44.0285, 88.4496
1745315408.491, 1.983, 2.152, -1.4559, -1.2425, -3.5353, 1.7358, 44.0233, 88.4563
1745315408.571, 1.982, 2.152, -1.4559, -1.2424, -3.5353, 1.7325, 44.0070, 88.4583
1745315408.651, 1.982, 2.152, -1.4541, -1.2421, -3.5359, 1.3196, 44.0762, 88.9671
1745315408.730, 1.984, 2.152, -1.4495, -1.2413, -3.5379, 0.5662, 44.3490, 90.0805
1745315408.810, 1.984, 2.153, -1.4411, -1.2408, -3.5448, 0.1181, 44.3224, 90.6680
1745315408.890, 1.986, 2.163, -1.4289, -1.2409, -3.5576, 0.1892, 44.1425, 90.8413
1745315408.969, 1.989, 2.163, -1.4117, -1.2404, -3.5750, 0.2719, 43.9137, 90.9245
1745315409.049, 1.990, 2.178, -1.3908, -1.2403, -3.5931, -0.5502, 43.7238, 91.1839
1745315409.128, 1.990, 2.178, -1.3710, -1.2400, -3.6108, -1.1964, 43.7430, 91.1243
1745315409.208, 1.992, 2.240, -1.3559, -1.2399, -3.6268, -0.8326, 43.3500, 90.7223
1745315409.288, 1.995, 2.273, -1.3426, -1.2413, -3.6453, 0.6158, 41.9245, 88.1874
1745315409.367, 1.996, 2.273, -1.3325, -1.2405, -3.6586, 1.1877, 42.6500, 86.8823
1745315409.447, 1.992, 2.295, -1.3228, -1.2409, -3.6681, 0.7860, 43.0002, 87.4685
1745315409.527, 1.992, 2.324, -1.3125, -1.2409, -3.6808, 1.2178, 43.4135, 86.6517
1745315409.606, 0.175, 2.332, -1.3010, -1.2406, -3.6940, 1.4864, 43.7982, 86.1989
1745315409.686, 0.162, 2.360, -1.2879, -1.2407, -3.7078, 1.5057, 44.1758, 86.1051
1745315409.766, 0.167, 2.360, -1.2751, -1.2411, -3.7214, 1.6318, 44.7467, 86.1907
1745315409.845, 1.998, 2.383, -1.2645, -1.2444, -3.7331, 1.4636, 45.5674, 87.8564
1745315409.925, 1.998, 2.415, -1.2504, -1.2456, -3.7470, 1.4576, 45.8478, 88.2303
1745315410.004, 1.999, 2.434, -1.2362, -1.2466, -3.7602, 1.3375, 45.9335, 88.3722
1745315410.084, 2.004, 2.457, -1.2285, -1.2435, -3.7678, 1.3141, 46.1598, 88.5262
1745315410.164, 2.006, 2.457, -1.2173, -1.2435, -3.7789, 1.4868, 46.2790, 88.4753
1745315410.243, 2.008, 2.474, -1.2051, -1.2442, -3.7897, 1.2181, 46.3591, 88.6162
1745315410.323, 2.008, 2.493, -1.1929, -1.2437, -3.8013, 1.2533, 46.4446, 88.7194
1745315410.403, 2.011, 2.519, -1.1789, -1.2436, -3.8138, 1.0887, 46.5298, 88.7648
1745315410.482, 2.012, 2.536, -1.1652, -1.2438, -3.8270, 1.1040, 46.5559, 88.6941
1745315410.562, 2.015, 2.536, -1.1515, -1.2440, -3.8402, 1.2127, 46.6783, 88.5758
1745315410.642, 2.017, 2.566, -1.1385, -1.2436, -3.8528, 1.3715, 46.6882, 88.5130
1745315410.721, 2.017, 2.587, -1.1259, -1.2436, -3.8644, 1.4094, 46.7253, 88.4819
1745315410.801, 2.022, 2.611, -1.1136, -1.2443, -3.8758, 1.2963, 46.8068, 88.5592
1745315410.881, 2.024, 2.629, -1.1014, -1.2439, -3.8870, 1.2565, 46.9639, 88.6423
1745315410.960, 2.028, 2.629, -1.0886, -1.2435, -3.8986, 1.1810, 47.1372, 88.6605
1745315411.040, 2.030, 2.648, -1.0755, -1.2441, -3.9107, 1.0963, 47.2005, 88.7881
1745315411.120, 2.030, 2.666, -1.0625, -1.2438, -3.9227, 1.2111, 47.3072, 88.7120
1745315411.199, 2.034, 2.699, -1.0492, -1.2439, -3.9341, 0.9808, 47.4552, 88.8725
1745315411.279, 2.038, 2.724, -1.0356, -1.2436, -3.9463, 1.0419, 47.5347, 88.8748
1745315411.358, 2.041, 2.724, -1.0223, -1.2437, -3.9583, 0.9313, 47.6051, 88.9849
1745315411.438, 2.047, 2.740, -1.0089, -1.2441, -3.9704, 0.8030, 47.4478, 89.0253
1745315411.518, 2.047, 2.769, -0.9984, -1.2444, -3.9817, 0.9657, 46.9347, 88.9549
1745315411.599, 2.049, 2.782, -0.9888, -1.2445, -3.9924, 1.0386, 46.5068, 88.9852
1745315411.677, 2.049, 2.796, -0.9780, -1.2446, -4.0025, 1.1523, 45.7083, 88.8693
1745315411.757, 2.048, 2.796, -0.9648, -1.2437, -4.0126, 1.0510, 43.6101, 88.9163
1745315411.836, 2.044, 2.817, -0.9484, -1.2431, -4.0256, 0.7265, 40.6780, 87.9190
1745315411.916, 2.044, 2.823, -0.9372, -1.2438, -4.0368, 0.4366, 39.8240, 88.3809
1745315411.996, 2.041, 2.850, -0.9307, -1.2420, -4.0515, 1.3464, 39.1920, 89.1120
1745315412.077, 2.045, 2.850, -0.9194, -1.2438, -4.0647, 0.4264, 38.2849, 89.7495
1745315413.967, 1.979, 3.254, -0.7842, -1.2422, -4.4063, 0.0625, 26.8591, 90.1312
1745315414.046, 1.985, 1.511, -0.7809, -1.2453, -4.4209, 0.2984, 27.6187, 89.9326
1745315414.126, 1.974, 1.513, -0.7766, -1.2439, -4.4388, 0.5750, 28.4104, 89.5732
1745315414.206, 1.974, 1.561, -0.7735, -1.2429, -4.4528, 0.7644, 29.6781, 89.5835
1745315414.287, 1.957, 3.334, -0.7709, -1.2431, -4.4658, -0.0045, 31.4765, 90.2508
1745315414.365, 1.938, 3.334, -0.7692, -1.2438, -4.4831, 0.8941, 33.0862, 89.4050
1745315414.446, 1.915, 3.326, -0.7623, -1.2428, -4.4964, 0.0532, 32.7542, 90.2862
1745315414.524, 1.899, 3.330, -0.7559, -1.2424, -4.5111, 0.3981, 31.2463, 89.9959
1745315414.604, 1.899, 3.341, -0.7487, -1.2419, -4.5252, 0.4868, 29.7996, 90.0336
1745315414.683, 1.899, 3.380, -0.7425, -1.2427, -4.5421, 0.6188, 28.4060, 89.8354
1745315414.763, 1.904, 3.380, -0.7359, -1.2435, -4.5558, 0.5308, 27.2953, 89.8584
1745315414.843, 1.911, 3.419, -0.7278, -1.2428, -4.5715, 0.4863, 26.9316, 89.7930
1745315414.924, 1.915, 3.459, -0.7225, -1.2437, -4.5890, 0.4765, 28.6951, 89.7798
1745315415.002, 1.915, 3.490, -0.7207, -1.2440, -4.6045, 0.6695, 32.2370, 89.6766
1745315415.082, 1.902, 3.477, -0.7174, -1.2423, -4.6197, 0.9977, 34.4845, 89.5852
1745315415.161, 1.866, 3.477, -0.7090, -1.2427, -4.6331, 0.4838, 33.9850, 89.8129
1745315415.241, 1.842, 3.457, -0.7007, -1.2427, -4.6483, 0.7245, 33.2156, 89.5640
1745315415.320, 1.842, 3.473, -0.6901, -1.2428, -4.6639, 0.6799, 32.7783, 89.4839
1745315415.400, 1.842, 3.497, -0.6784, -1.2428, -4.6815, 0.5956, 32.4771, 89.4907
1745315415.480, 1.842, 3.528, -0.6674, -1.2426, -4.6988, 0.7817, 32.3519, 89.3633
1745315415.559, 1.841, 3.528, -0.6565, -1.2428, -4.7158, 0.8515, 32.2146, 89.3533
1745315415.639, 1.838, 3.552, -0.6464, -1.2426, -4.7318, 0.8651, 32.4571, 89.3144
1745315415.719, 1.838, 3.580, -0.6376, -1.2423, -4.7464, 0.8214, 33.6789, 89.3922
1745315415.798, 1.836, 3.603, -0.6280, -1.2426, -4.7605, 0.7364, 33.8826, 89.4403
1745315415.878, 1.826, 3.611, -0.6182, -1.2432, -4.7744, 0.6960, 33.9623, 89.5061
1745315415.958, 1.805, 3.611, -0.6090, -1.2430, -4.7885, 0.7926, 34.0383, 89.4470
1745315416.037, 1.803, 3.635, -0.5990, -1.2424, -4.8020, 0.6672, 34.2421, 89.6753
1745315416.117, 1.803, 3.656, -0.5888, -1.2421, -4.8174, 0.8407, 34.2457, 89.4163
1745315416.197, 1.801, 3.674, -0.5785, -1.2422, -4.8317, 0.7660, 34.2971, 89.4919
1745315416.276, 1.811, 3.699, -0.5678, -1.2422, -4.8463, 0.6403, 34.3133, 89.4678
1745315416.356, 1.811, 3.699, -0.5577, -1.2419, -4.8608, 0.7249, 34.3198, 89.5233
1745315416.435, 1.811, 3.724, -0.5472, -1.2420, -4.8762, 0.7777, 34.3209, 89.5271
1745315416.515, 1.811, 3.744, -0.5385, -1.2419, -4.8913, 0.9382, 35.4312, 89.4861
1745315416.595, 1.808, 3.770, -0.5287, -1.2408, -4.9056, 1.0039, 36.5424, 89.4697
1745315416.676, 1.803, 3.779, -0.5182, -1.2410, -4.9196, 1.0019, 36.5057, 89.5118
1745315416.754, 1.793, 3.779, -0.5074, -1.2416, -4.9333, 0.8964, 36.5309, 89.6286
1745315416.834, 1.792, 3.797, -0.4969, -1.2419, -4.9473, 0.8960, 36.5850, 89.5699
1745315416.913, 1.792, 3.820, -0.4861, -1.2415, -4.9619, 0.9473, 36.6518, 89.5450
1745315416.993, 1.790, 3.844, -0.4751, -1.2413, -4.9761, 0.9708, 36.6886, 89.5010
1745315417.073, 1.787, 3.864, -0.4686, -1.2397, -4.9889, 2.1113, 37.5936, 89.2731
1745315417.152, 1.785, 3.864, -0.4658, -1.2398, -5.0000, 3.7522, 37.1324, 88.1924
1745315417.232, 1.795, 3.884, -0.4575, -1.2390, -5.0108, 3.6556, 36.9694, 88.4587
1745315417.311, 1.795, 3.896, -0.4459, -1.2391, -5.0234, 2.8615, 36.9170, 89.2739
1745315417.391, 1.804, 3.913, -0.4337, -1.2393, -5.0424, 3.6013, 37.1281, 88.1490
1745315417.471, 1.805, 3.939, -0.4155, -1.2412, -5.0553, 1.2325, 36.9934, 89.4344
1745315417.550, 1.802, 3.939, -0.4033, -1.2402, -5.0698, 0.9679, 37.1440, 89.6447
1745315417.750, 1.780, 3.994, -0.3943, -1.2404, -5.0815, 1.1090, 36.8749, 89.1401
1745315417.829, 1.781, 4.011, -0.3963, -1.2407, -5.0794, 1.0966, 36.9295, 89.1905
1745315417.909, 1.781, 4.013, -0.3977, -1.2407, -5.0776, 1.1015, 36.9544, 89.2188
1745315417.988, 1.780, 4.007, -0.3979, -1.2407, -5.0773, 1.0884, 36.8923, 89.2548
1745315418.068, 1.778, 4.007, -0.3976, -1.2407, -5.0775, 1.0802, 36.9039, 89.2728
1745315418.148, 1.781, 4.004, -0.3980, -1.2407, -5.0771, 1.0919, 36.9253, 89.3112
1745315418.227, 1.779, 4.006, -0.3981, -1.2406, -5.0769, 1.0977, 36.9311, 89.3464
1745315418.307, 1.779, 4.006, -0.3979, -1.2406, -5.0771, 1.0916, 36.9374, 89.3610
1745315418.506, 1.779, 4.004, -0.3980, -1.2406, -5.0770, 1.0845, 36.9588, 89.4026
1745315418.586, 1.781, 4.004, -0.3980, -1.2407, -5.0771, 1.0815, 36.9636, 89.4102
1745315420.716, 1.781, 4.005, -0.3979, -1.2406, -5.0771, 1.0706, 37.0213, 89.5268
1745315420.796, 1.781, 4.005, -0.3979, -1.2405, -5.0771, 1.0728, 37.0144, 89.5189
1745315420.875, 1.779, 4.007, -0.3980, -1.2406, -5.0769, 1.0697, 37.0143, 89.5364
1745315420.955, 1.780, 4.007, -0.3981, -1.2405, -5.0769, 1.0691, 37.0129, 89.5328
1745315421.035, 1.781, 4.006, -0.3980, -1.2407, -5.0771, 1.0629, 37.0218, 89.5308
1745315421.114, 1.781, 4.005, -0.3980, -1.2406, -5.0768, 1.0563, 37.0178, 89.5409
1745315421.194, 1.779, 4.004, -0.3980, -1.2405, -5.0769, 1.0664, 37.0162, 89.5289
1745315421.274, 1.780, 4.006, -0.3982, -1.2406, -5.0769, 1.0694, 37.0254, 89.5236
1745315421.353, 1.780, 4.006, -0.3980, -1.2406, -5.0767, 1.0604, 37.0152, 89.5222
1745315421.433, 1.781, 4.006, -0.3980, -1.2406, -5.0770, 1.0607, 37.0177, 89.5158
1745315421.513, 1.781, 4.006, -0.3981, -1.2406, -5.0768, 1.0545, 36.9899, 89.5429
1745315421.592, 1.779, 4.006, -0.3978, -1.2404, -5.0769, 0.9468, 37.0399, 89.7475
1745315421.672, 1.779, 4.006, -0.3967, -1.2402, -5.0783, 0.9783, 37.1423, 89.9670
1745315421.751, 1.778, 4.006, -0.3961, -1.2394, -5.0779, 0.9036, 37.4343, 90.5375
1745315421.831, 1.778, 4.006, -0.3955, -1.2394, -5.0777, 1.1040, 38.3048, 90.4554
1745315421.911, 1.778, 4.005, -0.3921, -1.2391, -5.0790, 1.5403, 40.0173, 90.0692
1745315421.990, 1.782, 4.001, -0.3911, -1.2372, -5.0777, 2.5031, 43.1650, 90.1561
1745315422.070, 1.776, 4.001, -0.3900, -1.2336, -5.0809, 7.1418, 46.9960, 86.7190
1745315422.150, 1.784, 4.001, -0.3797, -1.2264, -5.0808, 11.4836, 48.9617, 82.6149
1745315422.231, 1.822, 3.714, -0.3516, -1.2163, -5.0652, 7.1763, 49.3694, 82.9582
1745315422.309, 1.822, 3.748, -0.3277, -1.2093, -5.0421, 6.6675, 48.2078, 82.8841
1745315422.389, 1.852, 3.770, -0.3001, -1.2056, -5.0169, 7.5652, 48.2193, 82.4249
1745315422.468, 1.886, 3.757, -0.2691, -1.2071, -4.9907, 7.4739, 48.7570, 81.8694
1745315422.548, 1.933, 3.757, -0.2428, -1.2110, -4.9627, 8.3143, 49.1383, 81.3560
1745315422.627, 1.987, 3.762, -0.2168, -1.2135, -4.9357, 7.0497, 48.6963, 82.2293
1745315422.707, 1.987, 3.765, -0.1930, -1.2154, -4.9127, 4.6797, 47.9679, 84.0007
1745315422.787, 2.034, 3.759, -0.1771, -1.2182, -4.8972, 3.1399, 47.0970, 85.4626
1745315422.866, 2.076, 4.053, -0.1692, -1.2225, -4.8896, 3.3123, 47.0011, 85.7917
1745315422.946, 2.074, 4.053, -0.1695, -1.2275, -4.8876, 3.9034, 47.7278, 86.1746
1745315423.026, 2.101, 4.045, -0.1731, -1.2323, -4.8907, 4.8965, 47.9466, 85.7926
1745315423.105, 2.101, 4.047, -0.1771, -1.2327, -4.8910, 5.7919, 48.0417, 85.3128
1745315423.185, 2.116, 4.042, -0.1785, -1.2347, -4.8857, 4.4525, 47.1934, 86.8464
1745315423.266, 2.112, 4.042, -0.1765, -1.2368, -4.8807, 1.4197, 46.6887, 89.4549
1745315423.344, 2.109, 4.037, -0.1768, -1.2363, -4.8798, 1.2538, 46.2727, 89.4864
1745315423.424, 2.084, 4.019, -0.1768, -1.2368, -4.8798, 1.3580, 46.2916, 89.2471
1745315423.504, 2.084, 4.017, -0.1761, -1.2371, -4.8800, 1.2421, 46.2853, 89.2729
1745315423.583, 2.084, 4.017, -0.1762, -1.2372, -4.8803, 1.3005, 46.2526, 89.2346
1745315423.663, 2.082, 4.017, -0.1762, -1.2372, -4.8801, 1.3210, 46.3148, 89.1947
1745315423.743, 2.083, 4.017, -0.1755, -1.2366, -4.8796, 1.4876, 46.9721, 89.3259
1745315423.822, 2.082, 4.019, -0.1721, -1.2364, -4.8806, 1.5693, 48.1225, 89.4576
1745315423.902, 2.082, 4.023, -0.1674, -1.2362, -4.8823, 1.6305, 49.3001, 89.5294
1745315423.981, 2.090, 4.036, -0.1617, -1.2357, -4.8850, 1.9154, 50.2339, 89.2891
1745315424.061, 2.098, 4.036, -0.1553, -1.2352, -4.8872, 2.2864, 50.0221, 89.1100
1745315424.141, 2.110, 3.757, -0.1492, -1.2345, -4.8873, 2.8530, 48.6321, 88.7572
1745315424.220, 2.110, 3.766, -0.1425, -1.2338, -4.8846, 3.5064, 47.8590, 88.3686
1745315424.300, 2.110, 4.065, -0.1337, -1.2330, -4.8795, 3.9720, 47.2249, 88.0387
1745315424.380, 2.126, 4.063, -0.1213, -1.2317, -4.8699, 4.0772, 46.4403, 88.0654
1745315424.459, 2.140, 4.063, -0.1050, -1.2285, -4.8561, 3.1391, 45.2555, 88.4800
1745315424.539, 2.159, 4.055, -0.0874, -1.2240, -4.8418, 2.6309, 44.1133, 88.4489
1745315424.619, 2.161, 4.044, -0.0688, -1.2190, -4.8290, 2.4584, 43.4622, 87.8776
1745315424.698, 2.161, 4.034, -0.0479, -1.2144, -4.8181, 2.2086, 43.5871, 86.9084
1745315424.778, 2.182, 4.042, -0.0266, -1.2119, -4.8055, 1.8341, 43.4448, 86.7030
1745315424.857, 2.209, 4.042, -0.0071, -1.2101, -4.7934, 0.9313, 43.2269, 86.9782
1745315424.937, 2.240, 4.053, 0.0070, -1.2090, -4.7856, 0.9235, 42.6231, 86.2561
1745315425.017, 2.263, 4.056, 0.0123, -1.2072, -4.7811, 0.7736, 42.6232, 86.2523
1745315425.096, 2.263, 4.063, 0.0137, -1.2050, -4.7815, -0.1458, 42.6130, 86.4312
1745315425.176, 2.279, 4.065, 0.0150, -1.2015, -4.7804, -0.4766, 43.4757, 87.1610
1745315425.256, 2.282, 4.065, 0.0316, -1.1952, -4.7759, -0.5886, 43.3258, 86.7193
1745315425.335, 2.286, 4.070, 0.0607, -1.1903, -4.7595, 1.8667, 43.3189, 84.6409
1745315425.415, 2.304, 4.073, 0.1018, -1.1906, -4.7265, 4.4131, 41.3828, 83.9776
1745315425.494, 2.304, 4.090, 0.1484, -1.1946, -4.6859, 5.6977, 39.7809, 84.0848
1745315425.574, 2.360, 4.077, 0.1904, -1.2010, -4.6468, 7.3206, 39.7638, 83.3918
1745315425.654, 2.465, 4.077, 0.2210, -1.2066, -4.6086, 9.3519, 40.0841, 83.5002
1745315425.734, 2.535, 4.072, 0.2532, -1.2065, -4.5762, 7.4616, 39.1031, 84.5741
1745315425.813, 2.603, 4.062, 0.2789, -1.2072, -4.5524, 7.2530, 39.0991, 84.0053
1745315425.893, 2.603, 4.054, 0.2953, -1.2129, -4.5293, 6.8004, 38.3476, 85.2122
1745315425.973, 2.648, 4.054, 0.3060, -1.2181, -4.5123, 5.8247, 37.7629, 87.1626
1745315426.052, 2.681, 4.054, 0.3149, -1.2205, -4.5035, 5.3439, 37.0832, 88.0964
1745315426.132, 2.711, 4.041, 0.3209, -1.2230, -4.4994, 4.4885, 37.7356, 88.7033
1745315426.211, 2.719, 4.040, 0.3277, -1.2257, -4.4948, 2.7361, 38.4703, 89.7888
1745315426.291, 2.719, 4.040, 0.3310, -1.2259, -4.4936, 2.6714, 40.0009, 89.3844
1745315426.371, 2.724, 4.038, 0.3330, -1.2263, -4.4944, 3.8225, 41.7066, 88.1395
1745315426.450, 2.707, 4.038, 0.3365, -1.2270, -4.4944, 3.2801, 42.8837, 88.2746
1745315426.530, 2.730, 2.576, 0.3394, -1.2273, -4.4944, 2.7273, 43.5372, 88.7200
1745315426.610, 2.730, 4.052, 0.3399, -1.2280, -4.4937, 1.7722, 43.1362, 89.3833
1745315426.689, 2.722, 4.056, 0.3382, -1.2282, -4.4932, 1.6725, 42.3294, 89.4345
1745315426.769, 2.714, 4.054, 0.3372, -1.2283, -4.4928, 1.5687, 41.8338, 89.4175
1745315426.848, 2.707, 4.054, 0.3374, -1.2285, -4.4932, 1.4724, 41.6446, 89.3702
1745315426.928, 2.706, 2.599, 0.3376, -1.2287, -4.4934, 1.5154, 41.7130, 89.2572
1745315427.008, 2.706, 2.579, 0.3374, -1.2285, -4.4930, 1.5058, 41.8167, 89.1758
1745315427.087, 2.706, 2.591, 0.3375, -1.2286, -4.4935, 1.4966, 41.7732, 89.1763
1745315427.167, 2.710, 2.586, 0.3378, -1.2287, -4.4939, 1.4902, 41.7477, 89.2006
1745315427.247, 2.703, 2.586, 0.3382, -1.2286, -4.4943, 1.4413, 41.6585, 89.2289
1745315427.326, 2.700, 2.587, 0.3383, -1.2286, -4.4944, 1.4190, 41.6520, 89.2357
1745315427.406, 2.700, 2.581, 0.3381, -1.2287, -4.4941, 1.4020, 41.5906, 89.2499
1745315427.486, 2.705, 2.585, 0.3378, -1.2287, -4.4938, 1.3954, 41.5489, 89.2555
1745315427.565, 2.701, 2.583, 0.3377, -1.2286, -4.4936, 1.3989, 41.5027, 89.2773
1745315427.645, 2.702, 2.583, 0.3380, -1.2287, -4.4941, 1.3967, 41.4887, 89.3081
1745315427.724, 2.706, 2.574, 0.3385, -1.2287, -4.4945, 1.3761, 41.5196, 89.3255
1745315427.804, 2.706, 2.579, 0.3382, -1.2287, -4.4942, 1.3880, 41.5774, 89.3133
1745315427.884, 2.701, 2.583, 0.3383, -1.2287, -4.4947, 1.4440, 41.6163, 89.2723
1745315427.964, 2.706, 2.579, 0.3384, -1.2287, -4.4947, 1.4196, 41.6860, 89.2650
1745315428.043, 2.705, 2.579, 0.3384, -1.2286, -4.4949, 1.4421, 41.7481, 89.2497
1745315428.123, 2.702, 2.584, 0.3385, -1.2287, -4.4949, 1.4843, 41.8014, 89.2096
1745315428.322, 2.707, 2.585, 0.3384, -1.2287, -4.4949, 1.4754, 41.7738, 89.1980
1745315428.521, 2.709, 2.589, 0.3384, -1.2288, -4.4948, 1.4693, 41.7767, 89.2039
1745315428.601, 2.709, 4.050, 0.3384, -1.2288, -4.4950, 1.4786, 41.7845, 89.1940
1745315428.680, 2.708, 2.581, 0.3379, -1.2288, -4.4944, 1.4895, 41.7965, 89.1804
1745315428.760, 2.706, 2.581, 0.3375, -1.2289, -4.4937, 1.4548, 41.7758, 89.1704
1745315428.840, 2.703, 2.583, 0.3369, -1.2288, -4.4936, 1.5494, 41.7784, 89.1967
1745315428.919, 2.702, 2.588, 0.3364, -1.2287, -4.4926, 1.6374, 42.0710, 89.2373
1745315428.999, 2.702, 2.588, 0.3371, -1.2274, -4.4899, 1.2992, 43.1171, 90.4028
1745315429.078, 2.709, 4.045, 0.3373, -1.2266, -4.4883, 1.4410, 44.4126, 91.3036
1745315429.158, 2.709, 4.045, 0.3395, -1.2259, -4.4893, 2.1167, 44.4062, 90.9405
1745315429.238, 2.713, 4.053, 0.3433, -1.2259, -4.4897, 2.0668, 43.7680, 90.8648
1745315429.317, 2.715, 4.058, 0.3488, -1.2260, -4.4887, 1.9792, 42.0629, 90.6099
1745315429.397, 2.715, 4.054, 0.3530, -1.2264, -4.4867, 1.8630, 41.8899, 90.2743
1745315429.477, 2.715, 2.587, 0.3563, -1.2267, -4.4849, 1.8170, 42.3134, 89.9971
1745315429.556, 2.718, 2.587, 0.3600, -1.2265, -4.4816, 1.7614, 41.5316, 90.0371
1745315429.636, 2.730, 2.585, 0.3642, -1.2265, -4.4760, 1.4601, 40.3022, 90.0816
1745315429.716, 2.714, 2.586, 0.3675, -1.2269, -4.4722, 1.2890, 41.2755, 89.8529
1745315429.795, 2.714, 4.047, 0.3682, -1.2273, -4.4715, 1.6316, 41.7002, 89.5956
1745315429.875, 2.742, 2.600, 0.3684, -1.2275, -4.4723, 1.5380, 41.2769, 89.5882
1745315429.955, 2.744, 2.600, 0.3691, -1.2279, -4.4742, 1.4476, 40.7760, 89.4749
1745315430.034, 2.732, 2.590, 0.3689, -1.2284, -4.4738, 1.4241, 41.0642, 89.3798
1745315430.114, 2.733, 4.052, 0.3686, -1.2283, -4.4732, 1.3345, 41.0486, 89.3443
1745315430.193, 2.733, 4.053, 0.3684, -1.2282, -4.4730, 1.3216, 41.1257, 89.3514
1745315430.273, 2.726, 4.050, 0.3690, -1.2281, -4.4739, 1.3691, 41.1816, 89.2977
1745315430.353, 2.731, 4.050, 0.3692, -1.2282, -4.4741, 1.3897, 41.1907, 89.2710
1745315430.432, 2.731, 4.051, 0.3693, -1.2283, -4.4742, 1.3930, 41.1931, 89.2670
1745315430.512, 2.731, 4.052, 0.3692, -1.2284, -4.4743, 1.3929, 41.2005, 89.2656
1745315430.592, 2.731, 4.053, 0.3692, -1.2284, -4.4744, 1.3911, 41.2036, 89.2697
1745315430.671, 2.731, 4.052, 0.3691, -1.2283, -4.4742, 1.3928, 41.2015, 89.2699
1745315430.751, 2.738, 4.052, 0.3691, -1.2282, -4.4742, 1.3957, 41.2006, 89.2577
1745315430.831, 2.737, 4.053, 0.3693, -1.2283, -4.4744, 1.3910, 41.2003, 89.2579
1745315430.910, 2.733, 4.053, 0.3692, -1.2284, -4.4743, 1.3813, 41.1971, 89.2652
1745315430.990, 2.733, 4.054, 0.3694, -1.2284, -4.4746, 1.3881, 41.1935, 89.2521
1745315431.070, 2.737, 4.053, 0.3692, -1.2284, -4.4745, 1.3860, 41.1948, 89.2624
1745315431.149, 2.732, 4.053, 0.3693, -1.2284, -4.4744, 1.3798, 41.1950, 89.2649
1745315431.229, 2.731, 4.050, 0.3692, -1.2284, -4.4744, 1.3787, 41.1994, 89.2603
1745315431.308, 2.738, 4.054, 0.3691, -1.2284, -4.4745, 1.3810, 41.2008, 89.2594
1745315431.388, 2.738, 4.052, 0.3692, -1.2284, -4.4745, 1.3685, 41.1998, 89.2630
1745315431.468, 2.732, 4.052, 0.3693, -1.2284, -4.4745, 1.3794, 41.1946, 89.2538
1745315431.547, 2.737, 4.052, 0.3683, -1.2284, -4.4734, 1.4056, 41.2326, 89.2231
1745315431.627, 2.738, 4.051, 0.3647, -1.2284, -4.4696, 1.4254, 41.2120, 89.1984
1745315431.707, 2.736, 4.053, 0.3573, -1.2282, -4.4610, 1.3781, 41.0631, 89.2114
1745315431.786, 2.736, 4.045, 0.3454, -1.2268, -4.4474, 1.3971, 40.9245, 89.1650
1745315431.866, 2.733, 4.029, 0.3309, -1.2288, -4.4311, 1.4431, 40.8100, 89.0772
1745315431.945, 2.734, 4.029, 0.3159, -1.2291, -4.4137, 1.4748, 40.7044, 89.1282
1745315432.025, 2.737, 4.004, 0.3011, -1.2294, -4.3983, 1.6424, 40.6414, 89.0696
1745315432.105, 2.737, 3.976, 0.2886, -1.2299, -4.3833, 1.5433, 40.4888, 89.2448
1745315432.185, 2.737, 3.945, 0.2766, -1.2294, -4.3699, 1.5861, 40.1320, 89.3883
1745315432.264, 2.733, 3.921, 0.2719, -1.2289, -4.3640, 1.6429, 39.8609, 87.5951
1745315432.344, 2.738, 3.921, 0.2665, -1.2281, -4.3570, 1.4076, 40.0588, 87.1467
1745315432.423, 2.738, 3.898, 0.2566, -1.2274, -4.3456, 1.3770, 39.8937, 87.0904
1745315432.503, 2.742, 3.897, 0.2441, -1.2267, -4.3309, 1.4447, 39.7935, 86.9586
1745315432.584, 2.742, 3.882, 0.2254, -1.2294, -4.3094, 1.4527, 39.7492, 89.1028
1745315432.662, 2.743, 3.854, 0.2114, -1.2304, -4.2935, 1.5027, 39.5656, 89.4603
1745315432.742, 2.741, 3.854, 0.1961, -1.2306, -4.2761, 1.4770, 39.6140, 89.4096
1745315432.821, 2.742, 3.815, 0.1835, -1.2312, -4.2605, 1.5271, 39.7652, 89.4460
1745315432.901, 2.742, 3.785, 0.1744, -1.2290, -4.2512, 1.5163, 40.0889, 91.5144
1745315432.981, 2.742, 3.761, 0.1674, -1.2281, -4.2427, 1.7118, 40.1920, 91.8448
1745315433.061, 2.739, 3.746, 0.1563, -1.2288, -4.2303, 1.8334, 40.0244, 91.8855
1745315433.140, 2.739, 3.746, 0.1436, -1.2291, -4.2147, 1.5963, 39.8942, 91.5107
1745315433.220, 2.741, 3.734, 0.1314, -1.2333, -4.1988, 1.1516, 39.5378, 89.5198
1745315433.299, 2.747, 3.707, 0.1163, -1.2328, -4.1824, 1.6299, 39.2856, 89.3432
1745315433.499, 2.741, 3.652, 0.0894, -1.2316, -4.1505, 1.7340, 39.2663, 89.2431
1745315433.698, 2.743, 3.611, 0.0657, -1.2328, -4.1212, 1.6266, 39.0176, 89.1555
1745315433.777, 2.743, 3.593, 0.0535, -1.2324, -4.1081, 1.4791, 39.9496, 89.2659
1745315433.857, 2.750, 3.573, 0.0401, -1.2317, -4.0950, 1.6282, 41.4800, 89.1332
1745315433.937, 2.746, 3.573, 0.0271, -1.2322, -4.0809, 1.6319, 41.5622, 89.1950
1745315434.016, 2.739, 3.550, 0.0150, -1.2329, -4.0672, 1.5042, 41.4853, 89.3437
1745315434.096, 2.737, 2.096, 0.0033, -1.2329, -4.0543, 1.5861, 41.2599, 89.3621
1745315434.176, 2.737, 2.077, -0.0076, -1.2338, -4.0421, 1.4918, 41.1423, 89.3631
1745315434.255, 2.744, 2.077, -0.0181, -1.2331, -4.0297, 1.3430, 41.0846, 89.3937
1745315434.335, 2.741, 3.481, -0.0291, -1.2332, -4.0175, 1.3697, 41.0982, 89.4788
1745315434.414, 2.740, 3.460, -0.0397, -1.2338, -4.0057, 1.4625, 40.9150, 89.3422
1745315434.494, 0.238, 3.442, -0.0509, -1.2329, -3.9925, 1.3790, 40.8283, 89.3340
1745315434.574, 0.238, 3.419, -0.0625, -1.2337, -3.9795, 1.3601, 40.6338, 89.3133
1745315434.653, 0.218, 3.419, -0.0739, -1.2338, -3.9662, 1.3208, 40.5356, 89.2074
1745315434.733, 0.202, 3.401, -0.0854, -1.2340, -3.9525, 1.2354, 40.4879, 89.2260
1745315434.813, 0.211, 3.377, -0.0968, -1.2338, -3.9394, 1.2747, 40.3909, 89.1708
1745315434.892, 0.211, 3.359, -0.1079, -1.2342, -3.9269, 1.3653, 40.3834, 89.1970
1745315434.972, 0.220, 3.331, -0.1190, -1.2343, -3.9148, 1.5672, 40.2179, 88.9879
1745315435.051, 2.731, 3.331, -0.1288, -1.2336, -3.9016, 1.1467, 40.1752, 89.3529
1745315435.131, 2.737, 3.308, -0.1306, -1.2316, -3.8979, 1.0225, 39.4885, 87.3139
1745315435.211, 2.739, 3.292, -0.1387, -1.2313, -3.8862, 1.0790, 37.5754, 86.8782
1745315435.290, 2.739, 3.286, -0.1495, -1.2317, -3.8714, 0.9381, 37.2656, 87.0081
1745315435.370, 2.743, 3.267, -0.1694, -1.2346, -3.8483, 1.3175, 37.7313, 89.6345
1745315435.450, 2.745, 3.267, -0.1792, -1.2348, -3.8339, 1.0871, 37.5054, 89.4614
1745315435.529, 2.744, 3.245, -0.1932, -1.2345, -3.8159, 1.0701, 37.2466, 89.5107
1745315435.609, 2.749, 3.213, -0.2053, -1.2346, -3.8005, 1.0094, 37.2383, 89.5061
1745315435.689, 2.749, 3.181, -0.2154, -1.2328, -3.7878, 0.9742, 37.4506, 90.7456
1745315435.768, 2.756, 3.164, -0.2213, -1.2318, -3.7796, 0.9173, 37.5781, 91.6660
1745315435.848, 2.756, 3.164, -0.2297, -1.2315, -3.7688, 0.9730, 37.4308, 91.7717
1745315435.928, 2.755, 2.125, -0.2413, -1.2312, -3.7529, 1.1336, 36.3434, 91.6827
1745315436.007, 2.751, 2.090, -0.2489, -1.2341, -3.7373, 1.7170, 32.9312, 88.5981
1745315436.087, 2.751, 2.066, -0.2557, -1.2312, -3.7163, -0.8719, 31.5930, 89.5219
1745315436.166, 2.772, 3.107, -0.2648, -1.2312, -3.7070, -0.0472, 31.4192, 87.9098
1745315436.246, 2.797, 3.107, -0.2726, -1.2334, -3.6965, 0.6683, 31.8921, 87.2102
1745315436.326, 2.801, 3.088, -0.2821, -1.2325, -3.6810, 0.7535, 32.0549, 87.3228
1745315436.405, 2.798, 3.073, -0.2948, -1.2338, -3.6637, 1.0880, 32.7897, 88.5716
1745315436.485, 2.798, 3.053, -0.3064, -1.2337, -3.6457, 0.7675, 32.8462, 89.2000
1745315436.567, 2.796, 3.020, -0.3181, -1.2348, -3.6283, 0.8831, 32.9049, 89.2500
1745315438.456, 2.771, 2.712, -0.4871, -1.2339, -3.4408, 1.1445, 40.0327, 88.7964
1745315438.536, 2.766, 2.712, -0.4871, -1.2338, -3.4408, 1.1429, 40.0240, 88.7912
1745315438.615, 2.766, 2.707, -0.4870, -1.2338, -3.4407, 1.1562, 40.0282, 88.7728
1745315438.695, 2.770, 2.713, -0.4872, -1.2340, -3.4409, 1.1714, 40.0266, 88.7655
1745315438.775, 2.770, 2.711, -0.4871, -1.2338, -3.4408, 1.1819, 40.0211, 88.7461
1745315438.854, 2.770, 2.711, -0.4871, -1.2338, -3.4408, 1.1791, 40.0175, 88.7394
1745315438.934, 2.771, 2.711, -0.4870, -1.2338, -3.4408, 1.1760, 40.0223, 88.7455
1745315439.014, 2.766, 2.706, -0.4871, -1.2342, -3.4411, 1.1700, 40.0245, 88.7501
1745315439.093, 2.771, 2.711, -0.4871, -1.2340, -3.4409, 1.1591, 40.0275, 88.7635
1745315439.173, 2.771, 2.706, -0.4872, -1.2340, -3.4408, 1.1588, 40.0235, 88.7620
1745315439.253, 2.771, 2.711, -0.4870, -1.2338, -3.4408, 1.1363, 40.0346, 88.7790
1745315439.332, 2.771, 2.711, -0.4870, -1.2339, -3.4405, 1.1550, 40.0212, 88.7689
1745315439.412, 2.770, 2.706, -0.4871, -1.2338, -3.4406, 1.1612, 40.0231, 88.7526
1745315439.492, 2.770, 2.706, -0.4871, -1.2339, -3.4409, 1.1698, 40.0276, 88.7374
1745315439.571, 2.770, 2.706, -0.4887, -1.2339, -3.4391, 1.1346, 40.0026, 88.7574
1745315439.651, 2.765, 2.708, -0.4916, -1.2336, -3.4355, 1.2022, 39.9278, 88.6931
1745315439.730, 2.764, 2.708, -0.4968, -1.2338, -3.4290, 1.1189, 39.8483, 88.6891
1745315439.810, 2.766, 2.707, -0.5043, -1.2334, -3.4200, 1.1539, 39.6671, 88.6937
1745315439.890, 2.770, 2.691, -0.5134, -1.2331, -3.4090, 1.1841, 39.3800, 88.7297
1745315439.969, 2.770, 2.685, -0.5229, -1.2337, -3.3975, 1.2602, 39.1148, 88.6687
1745315440.049, 2.773, 2.685, -0.5321, -1.2338, -3.3864, 1.2111, 39.0093, 88.7633
1745315440.129, 2.768, 2.658, -0.5405, -1.2329, -3.3755, 1.2249, 38.8006, 88.8908
1745315440.208, 2.770, 2.645, -0.5475, -1.2329, -3.3666, 1.1829, 38.6388, 88.8870
1745315440.288, 2.773, 2.630, -0.5543, -1.2328, -3.3585, 1.2744, 38.5262, 88.7760
1745315440.368, 2.773, 2.610, -0.5611, -1.2323, -3.3498, 1.2118, 38.4826, 88.7519
1745315440.447, 2.777, 2.610, -0.5687, -1.2331, -3.3399, 1.0626, 38.4211, 88.8273
1745315440.527, 2.776, 2.605, -0.5767, -1.2328, -3.3296, 1.0328, 38.2011, 88.8131
1745315440.606, 2.773, 2.585, -0.5850, -1.2325, -3.3193, 1.0135, 38.0541, 88.8048
1745315440.686, 2.779, 2.572, -0.5933, -1.2330, -3.3089, 1.0529, 37.9479, 88.7360
1745315440.766, 2.779, 2.555, -0.6012, -1.2329, -3.2990, 1.0931, 37.7317, 88.7089
1745315440.845, 2.780, 2.555, -0.6087, -1.2327, -3.2901, 1.2026, 37.5213, 88.5043
1745315440.925, 2.777, 2.541, -0.6160, -1.2327, -3.2808, 1.3121, 37.3563, 88.5088
1745315441.005, 2.777, 2.522, -0.6236, -1.2324, -3.2714, 1.3773, 37.2475, 88.4649
1745315441.084, 2.777, 2.507, -0.6308, -1.2327, -3.2617, 1.2847, 37.2407, 88.4331
1745315441.164, 2.784, 2.490, -0.6386, -1.2321, -3.2516, 1.3071, 36.8579, 88.4558
1745315441.244, 2.785, 2.490, -0.6461, -1.2327, -3.2414, 1.1841, 36.8357, 88.4750
1745315441.323, 2.788, 2.474, -0.6534, -1.2325, -3.2309, 1.0541, 36.6201, 88.5319
1745315441.403, 2.790, 2.460, -0.6613, -1.2320, -3.2205, 1.0824, 36.3828, 88.5912
1745315441.483, 2.790, 2.448, -0.6683, -1.2318, -3.2111, 1.1045, 36.2941, 88.5953
1745315441.562, 2.792, 1.442, -0.6756, -1.2320, -3.2014, 1.1433, 36.1671, 88.6101
1745315441.642, 2.794, 1.442, -0.6829, -1.2319, -3.1917, 1.1305, 36.0052, 88.6308
1745315441.721, 2.795, 1.426, -0.6900, -1.2315, -3.1818, 1.1067, 35.9609, 88.5899
1745315441.801, 2.793, 1.405, -0.6974, -1.2315, -3.1722, 1.2209, 35.7866, 88.5793
1745315441.881, 2.793, 1.387, -0.7043, -1.2317, -3.1624, 1.1421, 35.6656, 88.6261
1745315441.960, 2.798, 1.362, -0.7109, -1.2321, -3.1537, 1.0893, 35.9672, 88.6609
1745315442.040, 2.800, 1.362, -0.7176, -1.2316, -3.1457, 1.1045, 36.4064, 88.6578
1745315442.120, 2.796, 1.340, -0.7234, -1.2314, -3.1377, 1.0496, 36.4832, 88.6679
1745315442.199, 2.794, 1.353, -0.7294, -1.2317, -3.1302, 1.0916, 36.4639, 88.6740
1745315442.279, 2.794, 1.340, -0.7354, -1.2316, -3.1224, 1.1497, 36.4637, 88.6581
1745315442.359, 2.795, 1.330, -0.7415, -1.2310, -3.1147, 1.2309, 36.3853, 88.6115
1745315442.438, 2.796, 1.330, -0.7477, -1.2312, -3.1067, 1.2823, 36.3289, 88.5722
1745315442.518, 2.797, 1.315, -0.7546, -1.2311, -3.0991, 1.2075, 37.4465, 88.6664
1745315442.598, 2.797, 1.297, -0.7631, -1.2312, -3.0920, 1.4099, 38.9710, 88.6410
1745315442.677, 2.797, 1.264, -0.7699, -1.2311, -3.0841, 1.2980, 39.4798, 88.6967
1745315442.757, 2.796, 2.266, -0.7770, -1.2308, -3.0758, 1.2851, 39.4288, 88.7481
1745315442.837, 2.784, 2.266, -0.7835, -1.2310, -3.0677, 1.2969, 39.3936, 88.7433
1745315442.916, 2.793, 2.254, -0.7904, -1.2311, -3.0601, 1.3631, 39.2207, 88.7460
1745315442.996, 2.794, 2.241, -0.7971, -1.2310, -3.0521, 1.4237, 39.1567, 88.8956
1745315443.076, 2.794, 2.226, -0.8034, -1.2312, -3.0445, 1.4186, 39.1450, 88.9750
1745315443.155, 2.787, 2.213, -0.8094, -1.2311, -3.0372, 1.4026, 39.0561, 89.0158
1745315443.235, 2.785, 2.213, -0.8153, -1.2310, -3.0301, 1.4459, 39.0803, 88.9496
1745315443.314, 2.795, 2.204, -0.8219, -1.2310, -3.0224, 1.4400, 39.0177, 88.9979
1745315443.394, 2.787, 2.189, -0.8286, -1.2307, -3.0142, 1.4470, 38.9703, 89.0291
1745315443.474, 2.787, 2.178, -0.8355, -1.2310, -3.0055, 1.3330, 38.9744, 89.0860
1745315443.553, 2.795, 2.165, -0.8424, -1.2310, -2.9965, 1.2770, 38.8971, 89.1109
1745315443.633, 2.796, 2.165, -0.8498, -1.2303, -2.9882, 1.2926, 38.8793, 89.1192
1745315443.713, 2.796, 2.149, -0.8570, -1.2304, -2.9809, 1.1987, 39.9770, 89.1723
1745315443.792, 2.796, 2.135, -0.8640, -1.2313, -2.9744, 1.3795, 40.9029, 89.0774
1745315443.872, 2.796, 2.123, -0.8707, -1.2312, -2.9673, 1.4363, 40.9403, 89.0966
1745315443.952, 2.781, 2.111, -0.8769, -1.2312, -2.9604, 1.5058, 40.8806, 89.0282
1745315444.031, 2.776, 2.111, -0.8837, -1.2310, -2.9537, 1.7180, 40.7493, 88.7361
1745315444.111, 2.779, 2.098, -0.8899, -1.2314, -2.9459, 1.5098, 40.8695, 88.8669
1745315444.190, 2.773, 2.086, -0.8969, -1.2312, -2.9383, 1.6576, 40.7425, 88.8153
1745315444.270, 2.773, 2.073, -0.9038, -1.2315, -2.9306, 1.6727, 40.5897, 88.8088
1745315444.350, 2.777, 2.059, -0.9105, -1.2314, -2.9224, 1.5121, 40.5022, 88.9887
1745315444.429, 2.782, 2.059, -0.9174, -1.2314, -2.9143, 1.4529, 40.4504, 89.0693
1745315444.509, 2.782, 2.045, -0.9245, -1.2313, -2.9063, 1.4851, 40.2910, 89.0202
1745315444.589, 2.789, 2.032, -0.9309, -1.2319, -2.8988, 1.5118, 40.1043, 89.0842
1745315444.668, 2.789, 2.019, -0.9372, -1.2315, -2.8916, 1.5245, 40.0186, 89.1256
1745315444.748, 2.788, 2.008, -0.9433, -1.2315, -2.8845, 1.5369, 39.9889, 89.1368
1745315444.828, 2.793, 2.008, -0.9497, -1.2312, -2.8770, 1.5307, 39.9374, 89.1827
1745315444.907, 2.785, 1.997, -0.9561, -1.2311, -2.8693, 1.5104, 39.9025, 89.1645
1745315444.987, 2.783, 1.984, -0.9629, -1.2319, -2.8611, 1.4185, 39.8884, 89.2513
1745315445.067, 2.783, 1.971, -0.9700, -1.2321, -2.8529, 1.4250, 39.7811, 89.2113
1745315445.146, 2.796, 1.957, -0.9772, -1.2322, -2.8442, 1.3501, 39.7923, 89.2898
1745315445.226, 2.806, 1.957, -0.9851, -1.2318, -2.8370, 1.3053, 41.2558, 89.3265
1745315445.306, 2.814, 1.942, -0.9935, -1.2320, -2.8316, 1.3814, 43.6902, 89.2506
1745315445.385, 2.782, 1.930, -1.0019, -1.2325, -2.8252, 1.5333, 44.9092, 89.2159
1745315445.465, 2.782, 1.920, -1.0092, -1.2323, -2.8184, 1.6626, 44.9070, 89.1575
1745315445.545, 2.784, 1.920, -1.0161, -1.2325, -2.8118, 1.7338, 44.7902, 89.1159
1745315445.624, 2.785, 1.913, -1.0228, -1.2323, -2.8054, 1.8273, 44.7529, 89.0672
1745315445.704, 2.790, 1.901, -1.0294, -1.2326, -2.7984, 1.6895, 44.7858, 89.0916
1745315445.783, 2.790, 1.887, -1.0371, -1.2327, -2.7912, 1.8228, 44.6252, 89.0429
1745315445.863, 2.790, 1.874, -1.0445, -1.2329, -2.7837, 1.7586, 44.4882, 89.2003
1745315445.943, 2.782, 1.874, -1.0521, -1.2328, -2.7755, 1.5683, 44.2504, 89.2370
1745315446.022, 2.783, 1.862, -1.0608, -1.2331, -2.7663, 1.4122, 44.1683, 89.3926
1745315446.102, 2.782, 1.847, -1.0696, -1.2329, -2.7576, 1.5407, 44.0082, 89.2334
1745315446.182, 2.777, 1.832, -1.0784, -1.2330, -2.7483, 1.5342, 43.8119, 89.2300
1745315446.261, 2.777, 1.815, -1.0874, -1.2329, -2.7395, 1.6575, 43.5901, 89.2210
1745315446.341, 2.780, 1.815, -1.0955, -1.2330, -2.7308, 1.6236, 43.5801, 89.1787
1745315446.421, 2.771, 1.799, -1.1027, -1.2335, -2.7216, 1.5916, 42.4093, 89.1024
1745315446.500, 2.787, 1.782, -1.1114, -1.2336, -2.7117, 1.5151, 42.2461, 89.2371
1745315446.580, 2.801, 1.765, -1.1209, -1.2335, -2.7015, 1.4395, 42.2018, 89.2082
1745315446.660, 2.801, 1.748, -1.1308, -1.2338, -2.6904, 1.3920, 42.0527, 89.1962
1745315446.739, 2.796, 1.748, -1.1403, -1.2338, -2.6803, 1.4351, 42.0404, 89.1965
1745315446.819, 0.389, 1.731, -1.1485, -1.2338, -2.6715, 1.4364, 42.0466, 89.2666
1745315446.898, 0.366, 1.712, -1.1516, -1.2338, -2.6681, 1.4709, 42.0383, 89.2513
1745315446.978, 0.353, 1.698, -1.1510, -1.2340, -2.6688, 1.5036, 42.0175, 89.2374
1745315447.058, 0.353, 1.693, -1.1500, -1.2339, -2.6700, 1.5360, 42.0874, 89.1815
1745315447.137, 0.349, 1.693, -1.1497, -1.2339, -2.6703, 1.5315, 42.0400, 89.1865
1745315447.217, 0.351, 1.694, -1.1495, -1.2339, -2.6705, 1.5247, 42.0444, 89.1955
1745315447.297, 0.350, 1.696, -1.1461, -1.2342, -2.6738, 1.4722, 42.1055, 89.2671
1745315447.376, 0.350, 1.696, -1.1373, -1.2340, -2.6834, 1.4760, 42.0330, 89.2722
1745315447.456, 0.351, 1.701, -1.1236, -1.2337, -2.6985, 1.4892, 42.0477, 89.2826
1745315447.536, 0.366, 1.701, -1.1082, -1.2336, -2.7162, 1.6974, 42.0042, 89.1560
1745315447.615, 0.410, 1.719, -1.0925, -1.2336, -2.7330, 1.5866, 42.0262, 89.2854
1745315447.695, 2.800, 1.748, -1.0781, -1.2333, -2.7488, 1.5438, 42.0921, 89.2923
1745315447.774, 2.800, 1.780, -1.0662, -1.2331, -2.7617, 1.5074, 42.2558, 89.3178
1745315447.854, 2.797, 1.806, -1.0557, -1.2331, -2.7734, 1.5687, 42.3128, 89.3208
1745315447.934, 2.797, 1.806, -1.0459, -1.2330, -2.7846, 1.7547, 42.3152, 89.3015
1745315448.014, 2.784, 1.827, -1.0350, -1.2335, -2.7961, 1.6466, 42.3485, 89.1922
1745315448.093, 2.778, 1.846, -1.0239, -1.2325, -2.8081, 1.6820, 42.2679, 89.2211
1745315448.173, 2.778, 1.865, -1.0112, -1.2326, -2.8212, 1.5579, 42.4278, 89.1994
1745315448.253, 2.768, 1.884, -0.9983, -1.2327, -2.8347, 1.3966, 42.4123, 89.2839
1745315448.332, 2.779, 1.884, -0.9857, -1.2325, -2.8485, 1.4702, 42.4304, 89.2186
1745315448.414, 2.776, 1.909, -0.9734, -1.2326, -2.8620, 1.5185, 42.5212, 89.3210
1745315448.491, 2.782, 1.933, -0.9622, -1.2320, -2.8748, 1.7004, 42.4352, 89.0324
1745315448.571, 2.782, 1.956, -0.9511, -1.2321, -2.8869, 1.7772, 42.4807, 89.0581
1745315448.651, 2.781, 1.977, -0.9394, -1.2319, -2.8994, 1.7009, 42.4766, 88.9826
1745315448.730, 2.778, 1.977, -0.9271, -1.2324, -2.9124, 1.6783, 42.6679, 88.9757
1745315448.810, 2.779, 2.000, -0.9150, -1.2319, -2.9254, 1.6382, 42.7088, 89.0289
1745315448.890, 2.779, 2.018, -0.9033, -1.2315, -2.9388, 1.8022, 42.8275, 88.9449
1745315448.969, 2.779, 2.042, -0.8905, -1.2318, -2.9518, 1.7275, 42.8644, 88.8225
1745315449.049, 2.787, 2.067, -0.8784, -1.2316, -2.9644, 1.7404, 42.8504, 88.9428
1745315449.129, 2.781, 2.067, -0.8665, -1.2312, -2.9764, 1.5343, 42.8799, 88.9690
1745315449.208, 2.783, 2.091, -0.8545, -1.2309, -2.9889, 1.4178, 42.8585, 89.0936
1745315449.288, 2.784, 2.111, -0.8424, -1.2318, -3.0019, 1.4247, 42.7902, 89.0832
1745315449.368, 2.784, 2.133, -0.8308, -1.2322, -3.0145, 1.5072, 42.8140, 89.1173
1745315449.447, 2.784, 2.156, -0.8186, -1.2317, -3.0279, 1.6809, 42.7354, 88.8325
1745315449.527, 2.785, 2.156, -0.8068, -1.2320, -3.0406, 1.7397, 42.6528, 88.8434
1745315449.606, 2.787, 2.178, -0.7952, -1.2322, -3.0533, 1.7149, 42.6004, 88.7510
1745315449.686, 2.795, 2.201, -0.7828, -1.2318, -3.0660, 1.6192, 42.7227, 88.6165
1745315449.766, 2.795, 2.221, -0.7705, -1.2314, -3.0790, 1.5817, 42.8074, 88.6369
1745315449.845, 2.789, 2.245, -0.7586, -1.2314, -3.0924, 1.7642, 42.8498, 88.5064
1745315449.925, 2.796, 2.245, -0.7457, -1.2316, -3.1055, 1.6669, 42.9217, 88.3681
1745315450.005, 2.792, 2.268, -0.7336, -1.2318, -3.1183, 1.6944, 42.8860, 88.3118
1745315450.084, 2.798, 2.288, -0.7215, -1.2318, -3.1308, 1.5490, 42.9182, 88.3508
1745315450.164, 2.798, 2.312, -0.7093, -1.2328, -3.1436, 1.4711, 42.9483, 88.3941
1745315450.244, 2.799, 2.336, -0.6972, -1.2325, -3.1564, 1.4704, 42.9185, 88.3957
1745315450.323, 2.797, 2.336, -0.6856, -1.2324, -3.1690, 1.5426, 42.9141, 88.3977
1745315450.403, 2.802, 2.357, -0.6743, -1.2328, -3.1815, 1.6635, 42.9023, 88.2079
1745315450.482, 2.799, 2.377, -0.6630, -1.2331, -3.1941, 1.7269, 42.8539, 88.2468
1745315450.562, 2.799, 2.400, -0.6508, -1.2329, -3.2067, 1.6600, 42.8128, 88.2330
1745315450.642, 2.803, 2.420, -0.6383, -1.2331, -3.2194, 1.5911, 42.9755, 88.2283
1745315450.721, 2.800, 2.420, -0.6260, -1.2333, -3.2324, 1.5833, 43.0522, 88.2916
1745315450.801, 2.802, 2.440, -0.6139, -1.2333, -3.2457, 1.7622, 43.0559, 88.2743
1745315450.881, 2.808, 2.462, -0.6014, -1.2334, -3.2583, 1.6265, 43.1294, 88.2558
1745315450.960, 2.808, 2.488, -0.5903, -1.2335, -3.2702, 1.7004, 43.0965, 88.2787
1745315451.040, 2.802, 2.488, -0.5781, -1.2337, -3.2825, 1.5934, 43.1245, 88.3477
1745315451.120, 2.810, 2.511, -0.5660, -1.2337, -3.2947, 1.4073, 43.1532, 88.5547
1745315451.199, 2.804, 2.526, -0.5545, -1.2327, -3.3061, 1.2982, 43.1005, 88.6955
1745315451.279, 2.813, 2.548, -0.5435, -1.2333, -3.3180, 1.4059, 43.0606, 88.7119
1745315451.358, 2.813, 2.571, -0.5328, -1.2338, -3.3298, 1.4586, 42.9100, 88.6070
1745315451.438, 2.815, 2.571, -0.5219, -1.2340, -3.3414, 1.4236, 42.8555, 88.6346
1745315451.518, 2.808, 2.587, -0.5110, -1.2340, -3.3533, 1.5837, 42.7449, 88.6190
1745315451.597, 2.815, 2.607, -0.4995, -1.2340, -3.3652, 1.5245, 42.7186, 88.5907
1745315451.677, 2.815, 2.629, -0.4880, -1.2341, -3.3773, 1.4403, 42.7972, 88.6992
1745315451.757, 2.815, 2.648, -0.4765, -1.2337, -3.3893, 1.4410, 42.8277, 88.6685
1745315451.836, 2.812, 2.648, -0.4656, -1.2342, -3.4010, 1.5020, 42.9394, 88.5451
1745315451.916, 2.812, 2.670, -0.4549, -1.2349, -3.4122, 1.4335, 42.9597, 88.5352
1745315451.996, 2.818, 2.692, -0.4446, -1.2346, -3.4234, 1.5033, 42.9969, 88.5304
1745315452.075, 2.819, 2.707, -0.4332, -1.2345, -3.4346, 1.3001, 43.0882, 88.6065
1745315452.155, 2.819, 2.726, -0.4220, -1.2347, -3.4459, 1.1697, 43.1665, 88.7154
1745315452.235, 2.815, 2.726, -0.4109, -1.2340, -3.4579, 1.3298, 43.2938, 88.4366
1745315452.314, 2.817, 2.751, -0.4006, -1.2350, -3.4688, 1.2441, 43.3059, 88.6777
1745315452.394, 2.817, 2.771, -0.3902, -1.2351, -3.4797, 1.4134, 43.3488, 88.5811
1745315452.474, 2.824, 2.783, -0.3798, -1.2346, -3.4911, 1.5806, 43.3626, 88.4855
1745315452.553, 2.824, 2.804, -0.3692, -1.2350, -3.5025, 1.6338, 43.3740, 88.4717
1745315452.633, 2.827, 2.804, -0.3582, -1.2350, -3.5137, 1.5385, 43.3564, 88.5414
1745315452.713, 2.826, 2.822, -0.3467, -1.2346, -3.5249, 1.3393, 43.4388, 88.8122
1745315452.792, 2.830, 2.822, -0.3355, -1.2334, -3.5295, -0.5782, 43.3290, 90.8362
1745315452.872, 2.831, 2.862, -0.3343, -1.2320, -3.5356, 0.9692, 43.1175, 91.2835
1745315452.951, 2.831, 2.881, -0.3255, -1.2310, -3.5461, 1.3595, 42.9885, 91.1359
1745315453.031, 2.824, 2.881, -0.3137, -1.2307, -3.5594, 1.6164, 42.9158, 90.9050
1745315453.113, 2.823, 2.887, -0.2965, -1.2340, -3.5809, 2.9542, 43.1322, 87.3244
1745315453.190, 2.823, 2.902, -0.2798, -1.2346, -3.5938, 0.8375, 44.1208, 89.1120
1745315453.270, 2.823, 2.934, -0.2657, -1.2354, -3.6081, 1.3486, 43.8301, 88.7071
1745315453.350, 2.829, 2.970, -0.2548, -1.2357, -3.6201, 1.3021, 43.7863, 88.7998
1745315453.429, 2.836, 2.970, -0.2461, -1.2343, -3.6267, 0.9049, 43.3283, 88.8060
1745315453.509, 2.838, 2.991, -0.2407, -1.2325, -3.6325, 0.9217, 43.4190, 87.8530
1745315453.589, 2.838, 3.011, -0.2373, -1.2333, -3.6366, 1.0116, 43.4992, 87.3209
1745315453.668, 2.838, 3.021, -0.2353, -1.2332, -3.6393, 1.1126, 43.6080, 86.9721
1745315453.748, 2.834, 3.021, -0.2338, -1.2331, -3.6413, 1.1483, 43.7282, 86.8260
1745315453.828, 2.838, 3.021, -0.2328, -1.2331, -3.6425, 1.1924, 43.7879, 86.7695
1745315453.907, 2.839, 3.027, -0.2325, -1.2331, -3.6427, 1.2103, 43.8141, 86.7355
1745315453.987, 2.839, 3.036, -0.2324, -1.2331, -3.6429, 1.2045, 43.8196, 86.7263
1745315454.066, 2.839, 3.036, -0.2324, -1.2331, -3.6430, 1.2122, 43.8235, 86.7307
1745315454.146, 2.834, 3.035, -0.2324, -1.2332, -3.6431, 1.2358, 43.8230, 86.7207
1745315454.226, 2.839, 3.035, -0.2325, -1.2332, -3.6430, 1.2201, 43.8315, 86.7308
1745315454.305, 2.838, 3.031, -0.2324, -1.2332, -3.6430, 1.2164, 43.8307, 86.7215
1745315454.385, 2.835, 3.036, -0.2324, -1.2331, -3.6430, 1.2348, 43.8245, 86.6994
1745315454.465, 2.835, 3.031, -0.2324, -1.2332, -3.6430, 1.2438, 43.8164, 86.6947
1745315454.544, 2.840, 3.035, -0.2325, -1.2333, -3.6432, 1.2228, 43.8161, 86.7080
1745315454.624, 2.835, 3.035, -0.2324, -1.2331, -3.6429, 1.2152, 43.8194, 86.7235
1745315454.704, 2.834, 3.031, -0.2324, -1.2332, -3.6431, 1.2226, 43.8184, 86.7150
1745315454.783, 2.838, 3.037, -0.2324, -1.2332, -3.6430, 1.2243, 43.8287, 86.7292
1745315454.863, 2.838, 3.036, -0.2325, -1.2332, -3.6431, 1.2304, 43.8277, 86.7277
1745315454.943, 2.835, 3.036, -0.2325, -1.2332, -3.6430, 1.2296, 43.8317, 86.7234
1745315455.022, 2.834, 3.036, -0.2323, -1.2332, -3.6432, 1.2161, 43.8368, 86.7330
1745315455.102, 2.834, 3.036, -0.2325, -1.2332, -3.6430, 1.2039, 43.8335, 86.7551
1745315455.182, 2.835, 3.037, -0.2324, -1.2332, -3.6431, 1.2266, 43.8383, 86.7216
1745315455.261, 2.835, 3.031, -0.2324, -1.2331, -3.6431, 1.2305, 43.8326, 86.7096
1745315455.341, 2.835, 3.035, -0.2324, -1.2332, -3.6432, 1.2468, 43.8399, 86.6975
1745315455.421, 2.834, 3.035, -0.2323, -1.2330, -3.6431, 1.2315, 43.8404, 86.7179
1745315455.500, 2.835, 3.031, -0.2324, -1.2336, -3.6432, 1.2382, 43.8305, 86.7176
1745315455.580, 2.839, 3.038, -0.2325, -1.2331, -3.6434, 1.2584, 43.8251, 86.7039
1745315455.659, 2.839, 3.037, -0.2325, -1.2330, -3.6432, 1.2182, 43.8219, 86.7427
1745315455.739, 2.840, 3.035, -0.2326, -1.2344, -3.6432, 1.2193, 43.8198, 86.7538
1745315455.819, 2.834, 3.035, -0.2323, -1.2329, -3.6434, 1.2180, 43.8236, 86.7623
1745315455.898, 2.839, 3.033, -0.2326, -1.2334, -3.6430, 1.2348, 43.8140, 86.7664
1745315455.978, 2.836, 3.036, -0.2326, -1.2335, -3.6432, 1.2160, 43.8126, 86.7884
1745315456.058, 2.836, 3.039, -0.2325, -1.2329, -3.6430, 1.2280, 43.7856, 86.7627
1745315456.137, 2.839, 3.036, -0.2329, -1.2336, -3.6425, 1.2189, 43.8569, 86.8790
1745315456.217, 2.840, 3.036, -0.2325, -1.2331, -3.6424, 1.1424, 44.1229, 87.0433
1745315456.297, 2.839, 3.029, -0.2291, -1.2324, -3.6412, 0.6010, 46.0642, 87.7464
1745315456.376, 2.839, 3.030, -0.2286, -1.2316, -3.6356, 0.2710, 48.3846, 89.0751
1745315456.456, 2.839, 3.042, -0.2282, -1.2292, -3.6314, 0.4504, 50.2871, 90.1012
1745315456.536, 2.860, 3.042, -0.2251, -1.2281, -3.6314, 4.7141, 50.0777, 86.1283
1745315456.615, 2.880, 1.598, -0.2143, -1.2232, -3.6252, 10.0552, 50.6535, 80.3428
1745315456.695, 2.910, 3.067, -0.1913, -1.2167, -3.6005, 7.4006, 50.9237, 81.7025
1745315456.774, 2.943, 3.074, -0.1646, -1.2135, -3.5680, 4.2173, 48.9625, 84.5232
1745315456.854, 2.943, 3.074, -0.1367, -1.2111, -3.5375, 5.2850, 47.0197, 84.2912
1745315456.934, 2.985, 3.074, -0.1063, -1.2120, -3.5064, 5.6638, 45.6146, 84.9341
1745315457.013, 3.013, 3.045, -0.0770, -1.2116, -3.4772, 5.6308, 43.5148, 85.5862
1745315457.093, 3.051, 3.027, -0.0516, -1.2084, -3.4492, 4.9555, 41.4944, 87.0666
1745315457.173, 3.102, 3.000, -0.0320, -1.2025, -3.4285, 4.5804, 39.8441, 87.8981
1745315457.252, 3.102, 2.987, -0.0164, -1.1977, -3.4190, 5.9203, 40.8167, 86.1605
1745315457.332, 3.141, 2.987, -0.0086, -1.1943, -3.4115, 7.6010, 41.7807, 85.4897
1745315457.412, 3.166, 2.992, -0.0022, -1.1889, -3.4073, 8.2052, 42.1059, 85.1178
1745315457.491, 3.187, 2.988, 0.0029, -1.1776, -3.3977, 4.4421, 40.1321, 88.8500
1745315457.571, 3.193, 2.995, 0.0042, -1.1612, -3.3959, 2.3225, 38.7113, 90.6503
1745315457.650, 3.193, 2.984, 0.0028, -1.1452, -3.4056, 3.9070, 39.9309, 87.8635
1745315457.730, 3.169, 2.984, 0.0001, -1.1370, -3.4132, 4.0617, 40.8484, 88.1917
1745315457.810, 3.167, 2.991, -0.0028, -1.1330, -3.4214, 4.1677, 41.2185, 89.2199
1745315457.889, 3.149, 2.994, -0.0042, -1.1278, -3.4303, 5.3274, 43.4271, 88.8776
1745315457.969, 3.147, 2.998, -0.0016, -1.1238, -3.4359, 6.9055, 44.3538, 87.5669
1745315458.049, 3.147, 3.016, 0.0079, -1.1209, -3.4357, 5.9486, 44.0279, 87.4235
1745315458.128, 3.147, 3.016, 0.0187, -1.1218, -3.4311, 4.6283, 43.4676, 87.7762
1745315458.208, 3.176, 3.031, 0.0271, -1.1268, -3.4244, 4.6378, 43.3872, 87.5444
1745315458.288, 3.162, 3.029, 0.0369, -1.1332, -3.4151, 4.6694, 43.5018, 87.1687
1745315458.367, 3.180, 3.033, 0.0491, -1.1416, -3.4000, 3.4343, 42.7535, 87.7846
1745315458.447, 3.180, 3.032, 0.0629, -1.1501, -3.3842, 3.1599, 41.7625, 87.7529
1745315458.527, 3.193, 3.032, 0.0783, -1.1585, -3.3659, 3.0836, 41.4084, 88.0426
1745315458.606, 3.218, 3.018, 0.0962, -1.1673, -3.3471, 3.5702, 41.0140, 87.8912
1745315458.686, 3.243, 3.014, 0.1182, -1.1747, -3.3271, 3.2051, 40.3787, 87.8341
1745315458.766, 3.264, 3.010, 0.1401, -1.1817, -3.3068, 4.1618, 39.6548, 87.0806
1745315458.845, 3.264, 3.012, 0.1616, -1.1883, -3.2884, 5.7797, 39.1570, 86.0776
1745315458.925, 3.318, 3.012, 0.1843, -1.1929, -3.2714, 7.0858, 38.8762, 85.3418
1745315459.004, 3.380, 3.014, 0.2059, -1.1984, -3.2544, 6.5924, 38.0499, 86.6591
1745315459.084, 3.429, 3.016, 0.2232, -1.2016, -3.2422, 6.6477, 37.1653, 87.5600
1745315459.164, 3.429, 3.019, 0.2355, -1.2028, -3.2373, 7.2030, 37.4558, 87.3596
1745315459.243, 3.456, 3.026, 0.2461, -1.2025, -3.2341, 7.3686, 38.9020, 87.5013
1745315459.323, 3.484, 3.026, 0.2570, -1.2011, -3.2347, 9.1713, 40.9742, 86.0732
1745315459.403, 3.491, 3.025, 0.2671, -1.2032, -3.2313, 10.2208, 42.2203, 85.5570
1745315459.482, 1.648, 3.031, 0.2765, -1.2062, -3.2254, 9.0532, 41.6982, 86.9832
1745315459.562, 1.648, 3.037, 0.2836, -1.2094, -3.2241, 8.8627, 42.4049, 86.8292
1745315459.642, 1.630, 3.041, 0.2876, -1.2114, -3.2244, 10.5093, 43.7618, 85.3323
1745315459.721, 1.651, 3.041, 0.2938, -1.2117, -3.2210, 9.1083, 43.6510, 86.0430
1745315459.801, 1.581, 3.048, 0.3002, -1.2126, -3.2162, 7.5294, 42.3634, 87.3442
1745315459.881, 1.660, 3.053, 0.3073, -1.2141, -3.2125, 5.5747, 42.6602, 88.8421
1745315459.960, 1.660, 3.049, 0.3137, -1.2137, -3.2114, 5.2821, 43.5332, 89.2226
1745315460.040, 1.681, 3.058, 0.3217, -1.2147, -3.2098, 4.8679, 43.7691, 89.3874
1745315460.120, 3.553, 3.058, 0.3302, -1.2156, -3.2063, 2.6104, 42.9298, 90.6841
1745315460.199, 3.559, 3.059, 0.3347, -1.2172, -3.2087, 2.7767, 43.2046, 89.4793
1745315460.279, 3.544, 3.060, 0.3381, -1.2194, -3.2123, 2.4248, 42.7834, 88.2121
1745315460.358, 3.544, 3.071, 0.3392, -1.2191, -3.2122, 2.0416, 42.6047, 88.4274
1745315460.438, 3.544, 3.074, 0.3397, -1.2195, -3.2132, 2.2166, 42.4972, 88.2338
1745315460.518, 3.542, 3.074, 0.3414, -1.2192, -3.2132, 2.1528, 41.3148, 88.2238
1745315460.597, 3.539, 3.070, 0.3419, -1.2193, -3.2135, 2.1387, 41.3173, 88.1807
1745315460.677, 3.540, 3.072, 0.3423, -1.2195, -3.2137, 2.0844, 41.5320, 88.2641
1745315460.757, 3.540, 3.073, 0.3418, -1.2195, -3.2136, 2.0924, 41.5878, 88.3145
1745315460.836, 3.540, 3.077, 0.3416, -1.2197, -3.2135, 2.1166, 41.6825, 88.2849
1745315460.916, 3.543, 3.077, 0.3414, -1.2196, -3.2132, 2.1229, 41.6898, 88.2817
1745315460.996, 3.540, 3.076, 0.3413, -1.2194, -3.2130, 2.1088, 41.6869, 88.3084
1745315461.075, 3.539, 3.075, 0.3412, -1.2197, -3.2131, 2.1228, 41.6826, 88.2922
1745315461.155, 3.539, 3.074, 0.3413, -1.2193, -3.2131, 2.1400, 41.6879, 88.2728
1745315461.234, 3.542, 3.071, 0.3412, -1.2196, -3.2130, 2.1457, 41.6962, 88.2707
1745315461.314, 3.543, 3.071, 0.3412, -1.2197, -3.2131, 2.1458, 41.6928, 88.2674
1745315461.394, 3.539, 3.071, 0.3412, -1.2195, -3.2131, 2.1211, 41.6855, 88.2822
1745315461.473, 3.538, 3.071, 0.3413, -1.2197, -3.2131, 2.1171, 41.6880, 88.2882
1745315461.553, 3.538, 3.070, 0.3412, -1.2193, -3.2131, 2.1235, 41.6917, 88.2823
1745315461.633, 3.542, 3.071, 0.3412, -1.2196, -3.2132, 2.1254, 41.6867, 88.2899
1745315461.712, 3.543, 3.071, 0.3412, -1.2195, -3.2131, 2.1296, 41.6853, 88.2945
1745315461.792, 3.539, 3.075, 0.3412, -1.2194, -3.2131, 2.1346, 41.6856, 88.2854
1745315461.872, 3.540, 3.071, 0.3412, -1.2194, -3.2130, 2.1215, 41.6823, 88.3004
1745315461.951, 3.540, 3.074, 0.3413, -1.2193, -3.2132, 2.1272, 41.6834, 88.2986
1745315462.031, 3.543, 3.074, 0.3412, -1.2194, -3.2130, 2.1159, 41.6958, 88.3074
1745315462.111, 3.538, 3.070, 0.3412, -1.2197, -3.2133, 2.1240, 41.6989, 88.2923
1745315462.190, 3.541, 3.071, 0.3413, -1.2194, -3.2132, 2.1189, 41.7018, 88.2977
1745315462.270, 3.542, 3.071, 0.3412, -1.2196, -3.2132, 2.1262, 41.6969, 88.2935
1745315462.349, 3.542, 3.071, 0.3413, -1.2196, -3.2134, 2.1301, 41.6946, 88.2833
1745315462.429, 3.538, 3.071, 0.3412, -1.2194, -3.2132, 2.1132, 41.6933, 88.2908
1745315462.509, 3.537, 3.070, 0.3412, -1.2197, -3.2132, 2.1173, 41.6917, 88.2869
1745315462.589, 3.538, 3.075, 0.3413, -1.2192, -3.2133, 2.1142, 41.6944, 88.2887
1745315462.668, 3.538, 3.075, 0.3399, -1.2196, -3.2119, 2.1390, 41.7012, 88.2392
1745315462.748, 3.538, 3.071, 0.3365, -1.2195, -3.2081, 2.1334, 41.7075, 88.3173
1745315462.827, 3.540, 3.071, 0.3320, -1.2195, -3.2030, 2.1038, 41.6655, 88.3415
1745315462.907, 3.539, 3.067, 0.3273, -1.2197, -3.1978, 2.0367, 41.6792, 88.4031
1745315462.987, 3.540, 3.059, 0.3243, -1.2191, -3.1932, 1.7225, 41.4634, 88.2245
1745315463.066, 3.542, 3.052, 0.3230, -1.2186, -3.1904, 1.3981, 41.4983, 88.2087
1745315463.146, 3.542, 3.051, 0.3216, -1.2180, -3.1893, 1.5558, 41.4604, 87.2806
1745315463.228, 3.541, 3.051, 0.3163, -1.2176, -3.1847, 1.7541, 41.6125, 86.2349
1745315463.305, 3.541, 3.043, 0.3052, -1.2175, -3.1731, 1.7020, 41.9198, 86.1288
1745315465.436, 3.516, 2.565, -0.0289, -1.2186, -2.8144, 1.5418, 40.0261, 88.6690
1745315465.516, 3.523, 2.565, -0.0402, -1.2189, -2.8008, 1.5313, 39.8988, 88.6119
1745315465.595, 3.524, 2.543, -0.0519, -1.2191, -2.7873, 1.5613, 39.8216, 88.5547
1745315465.675, 3.518, 2.525, -0.0634, -1.2191, -2.7734, 1.5750, 39.6984, 88.5629
1745315465.754, 3.518, 2.501, -0.0750, -1.2191, -2.7595, 1.5345, 39.4492, 88.6794
1745315465.834, 3.526, 2.481, -0.0862, -1.2190, -2.7457, 1.4284, 39.3981, 88.7473
1745315465.914, 3.526, 2.481, -0.0976, -1.2188, -2.7317, 1.3655, 39.2573, 88.7338
1745315465.993, 3.523, 2.459, -0.1089, -1.2190, -2.7181, 1.3967, 39.1291, 88.5475
1745315466.073, 3.527, 2.436, -0.1199, -1.2185, -2.7043, 1.3804, 39.0318, 88.4193
1745315466.153, 3.527, 2.412, -0.1313, -1.2187, -2.6904, 1.3612, 38.9079, 88.4705
1745315466.232, 3.527, 2.394, -0.1428, -1.2187, -2.6769, 1.5047, 38.7007, 88.4420
1745315466.312, 3.525, 2.394, -0.1537, -1.2190, -2.6631, 1.4476, 38.5385, 88.5374
1745315466.391, 3.527, 2.365, -0.1649, -1.2192, -2.6499, 1.5027, 38.3447, 88.4840
1745315466.471, 3.526, 2.344, -0.1756, -1.2178, -2.6363, 1.4619, 38.1858, 88.4723
1745315466.551, 3.526, 2.325, -0.1860, -1.2182, -2.6228, 1.4322, 38.0867, 88.4357
1745315466.630, 3.531, 2.306, -0.1969, -1.2189, -2.6093, 1.4057, 37.8526, 88.5407
1745315466.710, 3.532, 2.306, -0.2070, -1.2192, -2.5958, 1.2632, 37.6867, 88.7112
1745315466.790, 3.535, 2.284, -0.2173, -1.2182, -2.5820, 1.1938, 37.6121, 88.7176
1745315466.869, 3.536, 2.263, -0.2280, -1.2183, -2.5687, 1.1687, 37.5470, 88.7144
1745315466.949, 3.536, 2.243, -0.2390, -1.2181, -2.5547, 1.1890, 37.5192, 88.6711
1745315467.029, 3.536, 2.222, -0.2499, -1.2182, -2.5405, 1.1792, 37.5940, 88.6220
1745315467.108, 3.537, 2.222, -0.2609, -1.2180, -2.5264, 1.1382, 37.5974, 88.6850
1745315467.188, 3.537, 2.222, -0.2719, -1.2181, -2.5125, 1.2151, 37.5116, 88.6937
1745315467.268, 3.539, 2.174, -0.2830, -1.2180, -2.4986, 1.2147, 37.4764, 88.7501
1745315467.347, 3.539, 2.152, -0.2943, -1.2180, -2.4848, 1.3501, 37.4284, 88.7917
1745315467.427, 3.539, 2.130, -0.3054, -1.2176, -2.4710, 1.4467, 37.4329, 88.8381
1745315467.507, 3.546, 2.130, -0.3166, -1.2176, -2.4571, 1.5398, 37.4106, 88.7802
1745315467.586, 3.558, 2.107, -0.3280, -1.2182, -2.4427, 1.6068, 37.2829, 88.8150
1745315467.666, 3.567, 2.085, -0.3388, -1.2181, -2.4282, 1.5194, 37.0983, 88.9324
1745315467.746, 3.567, 2.059, -0.3500, -1.2179, -2.4136, 1.4852, 37.0584, 89.0499
1745315467.825, 3.567, 2.059, -0.3608, -1.2176, -2.3990, 1.4753, 36.9042, 88.9818
1745315467.905, 3.569, 2.035, -0.3721, -1.2177, -2.3850, 1.5492, 36.9456, 88.8750
1745315467.984, 3.573, 2.015, -0.3831, -1.2177, -2.3711, 1.6238, 37.0022, 88.8117
1745315468.064, 3.580, 1.994, -0.3946, -1.2184, -2.3569, 1.7204, 37.1299, 88.9176
1745315468.144, 3.580, 1.970, -0.4064, -1.2182, -2.3433, 1.8469, 37.8002, 88.9239
1745315468.223, 3.574, 1.970, -0.4178, -1.2181, -2.3294, 1.7878, 38.1248, 88.9954
1745315468.303, 3.570, 1.947, -0.4293, -1.2186, -2.3158, 1.9496, 38.0614, 88.8068
1745315468.383, 3.569, 1.922, -0.4401, -1.2186, -2.3019, 1.8519, 38.1316, 88.8524
1745315468.462, 3.575, 1.901, -0.4515, -1.2189, -2.2885, 2.0124, 38.1407, 88.7480
1745315468.542, 3.575, 1.879, -0.4625, -1.2188, -2.2749, 2.0527, 38.1335, 88.8326
1745315468.622, 3.574, 1.879, -0.4738, -1.2190, -2.2607, 2.0354, 37.9585, 88.8830
1745315468.701, 3.572, 1.856, -0.4848, -1.2189, -2.2467, 1.9612, 37.9082, 88.7980
1745315468.781, 3.574, 1.832, -0.4961, -1.2190, -2.2327, 2.0019, 37.7347, 88.6835
1745315468.861, 3.579, 1.810, -0.5072, -1.2191, -2.2185, 1.9102, 37.8137, 88.5733
1745315468.940, 3.579, 1.787, -0.5181, -1.2193, -2.2044, 1.8653, 37.8134, 88.6181
1745315469.020, 1.167, 1.787, -0.5293, -1.2191, -2.1904, 1.8795, 37.6671, 88.7668
1745315469.099, 1.134, 1.765, -0.5403, -1.2194, -2.1767, 1.8919, 37.6492, 88.7365
1745315469.179, 1.123, 1.743, -0.5513, -1.2194, -2.1628, 1.9000, 37.6083, 88.7784
1745315469.259, 1.145, 1.720, -0.5620, -1.2193, -2.1492, 1.8972, 37.5711, 88.6761
1745315469.338, 1.145, 1.699, -0.5728, -1.2199, -2.1354, 1.9398, 37.5985, 88.6091
1745315469.418, 3.588, 1.699, -0.5837, -1.2197, -2.1217, 2.0509, 37.5650, 88.5406
1745315469.498, 3.582, 1.680, -0.5946, -1.2197, -2.1074, 1.8703, 37.5132, 88.7089
1745315469.577, 3.586, 1.656, -0.6071, -1.2194, -2.0942, 1.7940, 39.0515, 88.7200
1745315469.657, 3.585, 1.632, -0.6206, -1.2191, -2.0837, 1.7310, 42.8489, 88.6244
1745315469.737, 3.585, 1.609, -0.6347, -1.2193, -2.0728, 2.0104, 44.7990, 88.3753
1745315469.816, 3.577, 1.609, -0.6476, -1.2197, -2.0600, 1.9881, 44.7900, 88.3234
1745315469.896, 1.130, 1.591, -0.6602, -1.2198, -2.0475, 2.1323, 44.4059, 88.2737
1745315469.975, 1.152, 1.569, -0.6725, -1.2201, -2.0351, 2.2233, 44.0889, 88.2512
1745315470.055, 3.571, 1.544, -0.6845, -1.2200, -2.0221, 2.0168, 44.0487, 88.4226
1745315470.135, 3.571, 1.521, -0.6972, -1.2198, -2.0095, 2.1671, 43.8003, 88.3522
1745315470.214, 3.570, 1.521, -0.7089, -1.2196, -1.9959, 1.8843, 43.4298, 88.5679
1745315470.294, 3.569, 1.499, -0.7208, -1.2201, -1.9831, 1.9482, 42.8976, 88.4258
1745315470.374, 3.568, 1.475, -0.7328, -1.2200, -1.9705, 2.0274, 42.6891, 88.4025
1745315470.454, 3.565, 1.452, -0.7448, -1.2201, -1.9570, 1.8411, 42.5511, 88.6664
1745315470.533, 3.565, 1.429, -0.7569, -1.2202, -1.9437, 1.8014, 42.3788, 88.7856
1745315470.613, 3.569, 1.429, -0.7691, -1.2205, -1.9302, 1.6912, 42.2411, 88.8066
1745315470.692, 0.847, 1.408, -0.7807, -1.2205, -1.9175, 1.6920, 42.0995, 88.7251
1745315470.772, 0.823, 1.384, -0.7876, -1.2207, -1.9101, 1.7409, 42.1829, 88.6859
1745315470.852, 0.823, 1.363, -0.7882, -1.2206, -1.9097, 1.7731, 42.1469, 88.6533
1745315470.931, 0.830, 1.351, -0.7869, -1.2206, -1.9110, 1.7848, 42.1352, 88.6492
1745315471.011, 0.816, 1.351, -0.7858, -1.2206, -1.9122, 1.7823, 42.1520, 88.6644
1745315471.091, 0.821, 1.353, -0.7836, -1.2207, -1.9149, 1.7723, 42.1434, 88.6968
1745315471.170, 0.829, 1.355, -0.7771, -1.2207, -1.9217, 1.7139, 42.1559, 88.9021
1745315471.250, 0.829, 1.358, -0.7665, -1.2200, -1.9337, 1.8036, 42.1616, 88.8422
1745315471.330, 0.824, 1.370, -0.7530, -1.2205, -1.9489, 1.8580, 42.4022, 88.8448
1745315471.529, 0.843, 1.422, -0.7202, -1.2206, -1.9849, 1.9863, 42.7958, 88.4952
1745315471.608, 3.567, 1.422, -0.7100, -1.2207, -1.9958, 1.9866, 42.8757, 88.5112
1745315471.688, 3.566, 1.444, -0.7009, -1.2206, -2.0059, 2.1020, 42.9776, 88.3873
1745315471.768, 3.565, 1.463, -0.6923, -1.2209, -2.0154, 2.1436, 43.1580, 88.4760
1745315471.847, 3.565, 1.481, -0.6827, -1.2213, -2.0256, 2.0802, 43.2401, 88.4322
1745315471.927, 3.567, 1.500, -0.6737, -1.2214, -2.0355, 2.2231, 43.3741, 88.3486
1745315472.006, 3.568, 1.500, -0.6641, -1.2207, -2.0455, 2.2312, 43.5379, 88.2960
1745315472.086, 3.572, 1.519, -0.6547, -1.2207, -2.0552, 2.1620, 43.6903, 88.2742
1745315472.166, 3.568, 1.535, -0.6451, -1.2213, -2.0650, 2.0863, 43.8038, 88.3692
1745315472.246, 3.568, 1.554, -0.6362, -1.2214, -2.0742, 2.0014, 43.7791, 88.5524
1745315472.325, 3.571, 1.570, -0.6270, -1.2210, -2.0838, 2.0174, 43.8235, 88.5235
1745315472.405, 1.165, 1.570, -0.6183, -1.2208, -2.0929, 2.0739, 43.8938, 88.5762
1745315472.484, 1.139, 1.589, -0.6099, -1.2212, -2.1022, 2.1934, 43.9967, 88.5703
1745315472.683, 1.131, 1.619, -0.5893, -1.2207, -2.1245, 2.5589, 44.1930, 88.2504
1745315474.814, 3.575, 1.891, -0.4022, -1.2199, -2.3190, 2.0643, 40.9747, 88.7810
1745315474.894, 3.564, 1.902, -0.3955, -1.2202, -2.3264, 1.9758, 40.9075, 88.7360
1745315474.973, 3.568, 1.914, -0.3877, -1.2201, -2.3351, 1.9697, 40.8399, 88.7307
1745315475.053, 3.565, 1.924, -0.3782, -1.2206, -2.3455, 1.8629, 40.8937, 88.7363
1745315475.133, 3.565, 1.939, -0.3673, -1.2197, -2.3573, 1.7150, 40.8349, 88.7393
1745315475.212, 3.562, 1.939, -0.3565, -1.2193, -2.3694, 1.6091, 40.7046, 88.8329
1745315475.292, 3.567, 1.958, -0.3462, -1.2195, -2.3812, 1.6214, 40.6039, 88.9574
1745315475.371, 3.565, 1.979, -0.3363, -1.2194, -2.3925, 1.6197, 40.5852, 88.9963
1745315475.451, 3.565, 2.000, -0.3269, -1.2195, -2.4030, 1.5935, 40.6020, 89.0401
1745315475.531, 3.565, 2.017, -0.3175, -1.2201, -2.4140, 1.5969, 40.5916, 88.9683
1745315475.611, 3.564, 2.017, -0.3083, -1.2201, -2.4247, 1.5873, 40.6182, 88.8727
1745315475.690, 3.567, 2.035, -0.2991, -1.2189, -2.4353, 1.6263, 40.6080, 88.8001
1745315475.770, 3.567, 2.052, -0.2895, -1.2197, -2.4458, 1.4852, 40.5524, 88.9045
1745315475.849, 3.568, 2.071, -0.2797, -1.2193, -2.4567, 1.4591, 40.4973, 88.8306
1745315475.929, 3.568, 2.089, -0.2702, -1.2197, -2.4682, 1.5734, 40.5008, 88.6912
1745315476.009, 3.565, 2.089, -0.2604, -1.2199, -2.4791, 1.4626, 40.5817, 88.6329
1745315476.088, 3.562, 2.108, -0.2519, -1.2196, -2.4892, 1.5489, 40.5884, 88.5221
1745315476.168, 3.568, 2.127, -0.2441, -1.2197, -2.4980, 1.5097, 40.7170, 88.5520
1745315476.248, 3.563, 2.146, -0.2372, -1.2195, -2.5058, 1.4430, 40.6957, 88.5159
1745315476.327, 3.563, 2.159, -0.2299, -1.2195, -2.5135, 1.3142, 40.7311, 88.5856
1745315476.407, 3.566, 2.159, -0.2229, -1.2196, -2.5213, 1.2518, 40.6760, 88.5437
1745315476.488, 3.566, 2.171, -0.2162, -1.2206, -2.5293, 1.2910, 40.6828, 88.6511
1745315476.566, 3.569, 2.186, -0.2091, -1.2194, -2.5373, 1.3222, 40.6181, 88.6457
1745315476.646, 3.569, 2.198, -0.2020, -1.2199, -2.5456, 1.3109, 40.6524, 88.6672
1745315476.726, 3.570, 2.211, -0.1951, -1.2191, -2.5534, 1.3552, 40.7249, 88.6076
1745315476.805, 3.569, 2.211, -0.1892, -1.2199, -2.5606, 1.4358, 40.8047, 88.6558
1745315476.885, 3.569, 2.224, -0.1833, -1.2198, -2.5676, 1.5002, 40.8782, 88.6524
1745315476.964, 3.569, 2.239, -0.1775, -1.2201, -2.5744, 1.5667, 40.8963, 88.5919
1745315477.044, 3.569, 2.249, -0.1719, -1.2201, -2.5808, 1.6187, 40.9608, 88.5466
1745315477.124, 3.561, 2.261, -0.1671, -1.2202, -2.5867, 1.7153, 40.9844, 88.4280
1745315477.203, 3.561, 2.261, -0.1627, -1.2202, -2.5917, 1.7341, 41.0425, 88.3433
1745315477.283, 3.561, 2.270, -0.1594, -1.2202, -2.5953, 1.7150, 41.0530, 88.3488
1745315477.363, 3.563, 2.279, -0.1566, -1.2202, -2.5985, 1.6916, 41.0516, 88.3718
1745315477.442, 3.560, 2.284, -0.1531, -1.2199, -2.6022, 1.6488, 41.1109, 88.3740
1745315477.522, 3.560, 2.289, -0.1489, -1.2199, -2.6066, 1.6497, 41.0750, 88.3860
1745315477.602, 3.559, 2.289, -0.1432, -1.2200, -2.6133, 1.6669, 41.0851, 88.4326
1745315477.681, 3.558, 2.297, -0.1350, -1.2199, -2.6227, 1.6449, 41.1463, 88.4754
1745315477.761, 3.556, 2.308, -0.1242, -1.2200, -2.6344, 1.5944, 41.1685, 88.5345
1745315477.840, 3.556, 2.323, -0.1135, -1.2203, -2.6472, 1.7324, 41.3159, 88.3767
1745315477.920, 3.563, 2.345, -0.1023, -1.2207, -2.6597, 1.7170, 41.4475, 88.2749
1745315478.000, 3.566, 2.345, -0.0918, -1.2203, -2.6712, 1.6869, 41.5220, 88.1798
1745315478.079, 3.568, 2.367, -0.0832, -1.2203, -2.6809, 1.6811, 41.4976, 88.2346
1745315478.159, 3.569, 2.382, -0.0751, -1.2207, -2.6900, 1.7196, 41.4479, 88.2875
1745315478.239, 3.569, 2.401, -0.0672, -1.2198, -2.6985, 1.6111, 41.4199, 88.4787
1745315478.318, 3.567, 2.418, -0.0585, -1.2202, -2.7081, 1.6025, 41.4434, 88.5458
1745315478.398, 3.566, 2.418, -0.0494, -1.2203, -2.7183, 1.6890, 41.5652, 88.4930
1745315478.478, 3.568, 2.429, -0.0393, -1.2199, -2.7296, 1.6876, 41.6313, 88.4495
1745315478.557, 3.571, 2.450, -0.0293, -1.2208, -2.7410, 1.7687, 41.7040, 88.3504
1745315478.637, 3.571, 2.462, -0.0197, -1.2198, -2.7515, 1.7917, 41.7247, 88.3166
1745315478.717, 3.567, 2.462, -0.0105, -1.2201, -2.7617, 1.8124, 41.7051, 88.2994
1745315478.796, 3.567, 2.462, -0.0013, -1.2207, -2.7716, 1.7274, 41.6367, 88.4013
1745315478.995, 3.570, 2.520, 0.0215, -1.2210, -2.7951, 1.2776, 41.5331, 88.9483
1745315479.075, 3.574, 2.535, 0.0309, -1.2209, -2.8063, 1.6417, 41.5472, 88.5005
1745315479.155, 3.575, 2.551, 0.0408, -1.2206, -2.8174, 1.5575, 41.6329, 88.4772
1745315479.234, 3.575, 2.565, 0.0507, -1.2197, -2.8278, 1.5595, 41.6510, 88.4324
1745315479.314, 3.570, 2.565, 0.0593, -1.2198, -2.8377, 1.5661, 41.6701, 88.4626
1745315479.394, 3.576, 2.586, 0.0681, -1.2214, -2.8474, 1.5082, 41.6073, 88.5903
1745315479.593, 3.575, 2.621, 0.0904, -1.2209, -2.8721, 1.5283, 41.6627, 88.6782
1745315479.792, 3.575, 2.647, 0.1145, -1.2207, -2.8994, 1.6866, 42.1531, 88.3427
1745315479.871, 3.581, 2.662, 0.1243, -1.2210, -2.9105, 1.7690, 42.2341, 88.3741
1745315479.951, 3.576, 2.688, 0.1321, -1.2209, -2.9188, 1.6796, 42.3225, 88.4056
1745315480.150, 3.583, 2.716, 0.1329, -1.2210, -2.9198, 1.7258, 42.2843, 88.3642
1745315480.349, 3.581, 2.713, 0.1326, -1.2210, -2.9192, 1.7340, 42.3392, 88.3887
1745315480.548, 3.583, 2.712, 0.1325, -1.2209, -2.9190, 1.7361, 42.3541, 88.4167
1745315482.679, 3.569, 2.490, -0.0343, -1.2199, -2.7290, 1.6231, 40.0788, 88.5170
1745315482.759, 3.575, 2.479, -0.0408, -1.2201, -2.7212, 1.5997, 39.9829, 88.5331
1745315482.838, 3.580, 2.464, -0.0473, -1.2197, -2.7133, 1.5920, 39.8820, 88.5493
1745315482.918, 3.580, 2.454, -0.0538, -1.2199, -2.7057, 1.6095, 39.7643, 88.5521
1745315482.998, 3.575, 2.454, -0.0601, -1.2200, -2.6981, 1.5725, 39.6400, 88.5185
1745315483.077, 3.575, 2.442, -0.0666, -1.2200, -2.6904, 1.5888, 39.5612, 88.4743
1745315483.157, 3.576, 2.428, -0.0729, -1.2206, -2.6832, 1.6297, 39.4697, 88.3868
1745315483.236, 3.580, 2.415, -0.0787, -1.2209, -2.6757, 1.6404, 39.4367, 88.2925
1745315483.316, 3.580, 2.406, -0.0843, -1.2208, -2.6681, 1.6245, 39.3188, 88.2629
1745315483.396, 3.579, 2.406, -0.0915, -1.2198, -2.6604, 1.6581, 39.1632, 88.3184
1745315483.475, 3.580, 2.394, -0.0981, -1.2201, -2.6527, 1.6788, 38.9947, 88.3377
1745315483.555, 3.583, 2.380, -0.1045, -1.2198, -2.6448, 1.7016, 38.8430, 88.3424
1745315483.635, 3.585, 2.364, -0.1111, -1.2196, -2.6365, 1.6514, 38.7549, 88.4190
1745315483.714, 3.585, 2.353, -0.1175, -1.2199, -2.6283, 1.5713, 38.5795, 88.4643
1745315483.794, 3.584, 2.353, -0.1245, -1.2199, -2.6201, 1.6569, 38.5108, 88.4488
1745315483.874, 3.584, 2.342, -0.1311, -1.2200, -2.6120, 1.6512, 38.3541, 88.4118
1745315483.953, 3.585, 2.330, -0.1377, -1.2200, -2.6034, 1.5817, 38.2722, 88.4590
1745315484.033, 3.586, 2.316, -0.1443, -1.2199, -2.5952, 1.5685, 38.1564, 88.4183
1745315484.112, 3.586, 2.303, -0.1508, -1.2198, -2.5869, 1.6038, 38.0824, 88.4092
1745315484.192, 3.584, 2.303, -0.1572, -1.2187, -2.5786, 1.5653, 37.9385, 88.4400
1745315484.272, 3.586, 2.288, -0.1634, -1.2196, -2.5701, 1.4560, 37.7897, 88.5798
1745315484.351, 3.587, 2.280, -0.1697, -1.2192, -2.5617, 1.3588, 37.5806, 88.7205
1745315484.431, 3.587, 2.265, -0.1759, -1.2193, -2.5535, 1.2660, 37.5600, 88.7165
1745315484.511, 3.595, 2.265, -0.1825, -1.2193, -2.5449, 1.1984, 37.3488, 88.7459
1745315484.590, 3.591, 2.251, -0.1893, -1.2191, -2.5357, 1.1548, 37.2418, 88.8003
1745315484.670, 3.591, 2.240, -0.1959, -1.2194, -2.5266, 1.0403, 37.1359, 88.8506
1745315484.750, 3.597, 2.226, -0.2028, -1.2195, -2.5178, 1.0597, 37.0076, 88.8188
1745315484.829, 3.597, 2.211, -0.2092, -1.2192, -2.5093, 1.0338, 36.8888, 88.7727
1745315484.909, 3.595, 2.211, -0.2153, -1.2193, -2.5011, 1.0416, 36.7782, 88.7468
1745315484.989, 3.596, 2.198, -0.2217, -1.2191, -2.4927, 1.0732, 36.6840, 88.7805
1745315485.068, 3.604, 2.184, -0.2282, -1.2193, -2.4846, 1.1744, 36.5084, 88.7649
1745315485.148, 3.612, 2.170, -0.2346, -1.2191, -2.4764, 1.2422, 36.4016, 88.7668
1745315485.228, 3.612, 2.159, -0.2410, -1.2191, -2.4677, 1.1670, 36.3220, 88.8341
1745315485.309, 3.625, 2.159, -0.2470, -1.2191, -2.4588, 0.9892, 36.2412, 88.9583
1745315485.387, 3.626, 2.145, -0.2529, -1.2189, -2.4512, 1.0633, 36.0817, 89.0325
1745315485.467, 3.632, 2.131, -0.2578, -1.2190, -2.4443, 0.9401, 36.2997, 89.1232
1745315485.546, 3.629, 2.122, -0.2635, -1.2190, -2.4383, 0.9410, 37.3137, 89.1235
1745315485.626, 3.629, 2.108, -0.2693, -1.2191, -2.4329, 1.0738, 38.3491, 89.0781
1745315485.707, 3.627, 2.108, -0.2748, -1.2190, -2.4269, 1.1449, 38.5407, 89.0487
1745315485.785, 3.608, 2.093, -0.2798, -1.2189, -2.4207, 1.1425, 38.5816, 89.0278
1745315485.865, 3.595, 2.085, -0.2851, -1.2189, -2.4144, 1.1827, 38.5896, 88.9915
1745315485.944, 3.597, 2.073, -0.2905, -1.2190, -2.4076, 1.1107, 38.5934, 89.0613
1745315486.024, 3.597, 2.065, -0.2959, -1.2190, -2.4007, 1.0718, 38.5591, 89.1718
1745315486.104, 3.603, 2.065, -0.3014, -1.2191, -2.3938, 1.0625, 38.5311, 89.1817
1745315486.183, 3.606, 2.051, -0.3069, -1.2190, -2.3871, 1.0369, 38.5374, 89.2470
1745315486.263, 3.613, 2.041, -0.3124, -1.2191, -2.3806, 1.0919, 38.4593, 89.2091
1745315486.343, 3.620, 2.030, -0.3179, -1.2190, -2.3739, 1.0774, 38.4096, 89.2531
1745315486.422, 3.620, 2.020, -0.3234, -1.2189, -2.3668, 1.0771, 38.4498, 89.2775
1745315486.502, 3.625, 2.020, -0.3289, -1.2191, -2.3600, 1.0812, 38.4829, 89.2092
1745315486.582, 3.625, 2.010, -0.3346, -1.2191, -2.3531, 1.0801, 38.5589, 89.1429
1745315486.661, 3.624, 1.998, -0.3410, -1.2193, -2.3455, 1.1151, 38.5699, 89.0703
1745315486.741, 3.625, 1.989, -0.3481, -1.2195, -2.3373, 1.1805, 38.6158, 89.0013
1745315486.821, 3.625, 1.974, -0.3561, -1.2193, -2.3278, 1.2598, 38.5826, 88.9981
1745315486.900, 3.623, 1.974, -0.3643, -1.2192, -2.3182, 1.3897, 38.5067, 88.9866
1745315486.980, 3.623, 1.959, -0.3721, -1.2193, -2.3085, 1.4419, 38.5079, 88.9901
1745315487.059, 3.624, 1.941, -0.3800, -1.2191, -2.2987, 1.3816, 38.6060, 89.0209
1745315487.139, 3.623, 1.929, -0.3877, -1.2193, -2.2902, 1.6105, 38.5461, 88.9213
1745315487.219, 3.623, 1.913, -0.3949, -1.2196, -2.2814, 1.5655, 38.5678, 88.9040
1745315487.298, 3.624, 1.913, -0.4019, -1.2194, -2.2726, 1.5787, 38.6686, 88.8737
1745315487.378, 3.628, 1.899, -0.4094, -1.2199, -2.2638, 1.6654, 38.6639, 88.8674
1745315487.458, 3.624, 1.882, -0.4175, -1.2202, -2.2548, 1.7900, 38.6190, 88.8001
1745315487.537, 3.623, 1.867, -0.4247, -1.2195, -2.2450, 1.5894, 38.5738, 88.9720
1745315487.617, 3.623, 1.855, -0.4329, -1.2197, -2.2350, 1.6324, 38.4657, 88.9976
1745315487.696, 3.626, 1.855, -0.4407, -1.2196, -2.2251, 1.5583, 38.4784, 89.0548
1745315487.776, 3.624, 1.839, -0.4486, -1.2199, -2.2154, 1.5921, 38.3095, 88.9965
1745315487.856, 3.625, 1.822, -0.4565, -1.2200, -2.2054, 1.5448, 38.3124, 89.0096
1745315487.935, 3.631, 1.805, -0.4643, -1.2197, -2.1960, 1.5976, 38.3125, 88.9177
1745315488.015, 3.631, 1.790, -0.4719, -1.2200, -2.1867, 1.6645, 38.2820, 88.7888
1745315488.095, 1.219, 1.790, -0.4795, -1.2202, -2.1773, 1.7023, 38.2108, 88.7287
1745315488.175, 1.213, 1.774, -0.4876, -1.2201, -2.1678, 1.7848, 38.1357, 88.6984
1745315488.254, 1.192, 1.760, -0.4957, -1.2201, -2.1581, 1.9091, 37.9961, 88.6197
1745315488.334, 1.182, 1.746, -0.5039, -1.2201, -2.1481, 1.9435, 37.9376, 88.6434
1745315488.413, 1.182, 1.728, -0.5115, -1.2200, -2.1379, 1.8409, 38.0360, 88.6693
1745315488.493, 1.175, 1.728, -0.5197, -1.2203, -2.1281, 1.9672, 37.9129, 88.6585
1745315488.573, 1.192, 1.712, -0.5272, -1.2201, -2.1184, 1.9031, 37.8734, 88.6188
1745315488.652, 1.219, 1.697, -0.5346, -1.2203, -2.1085, 1.7829, 37.8615, 88.6911
1745315488.732, 3.636, 1.684, -0.5423, -1.2204, -2.0992, 1.9373, 37.8074, 88.5643
1745315488.812, 3.636, 1.668, -0.5494, -1.2202, -2.0898, 1.9250, 37.7765, 88.5016
1745315488.891, 3.634, 1.668, -0.5570, -1.2203, -2.0801, 1.8691, 37.5392, 88.5522
1745315488.971, 3.636, 1.652, -0.5644, -1.2201, -2.0700, 1.7568, 37.4579, 88.7267
1745315489.051, 3.639, 1.636, -0.5720, -1.2202, -2.0600, 1.6941, 37.4830, 88.7511
1745315489.130, 3.638, 1.621, -0.5807, -1.2202, -2.0508, 1.7472, 38.4158, 88.7016
1745315489.210, 3.638, 1.603, -0.5893, -1.2203, -2.0408, 1.6771, 39.1594, 88.7983
1745315489.289, 3.636, 1.603, -0.5978, -1.2204, -2.0314, 1.7998, 39.1367, 88.6165
1745315489.369, 3.636, 1.588, -0.6057, -1.2201, -2.0219, 1.8288, 39.0690, 88.5157
1745315489.449, 3.637, 1.569, -0.6133, -1.2201, -2.0125, 1.8513, 39.0073, 88.4796
1745315489.528, 3.633, 1.555, -0.6212, -1.2202, -2.0031, 1.8484, 38.9508, 88.5732
1745315489.608, 3.633, 1.539, -0.6291, -1.2202, -1.9936, 1.9178, 38.7965, 88.5812
1745315489.688, 3.634, 1.539, -0.6368, -1.2200, -1.9835, 1.6776, 38.8385, 88.7836
1745315489.767, 3.635, 1.522, -0.6454, -1.2206, -1.9738, 1.6643, 39.1611, 88.8453
1745315489.847, 3.638, 1.506, -0.6546, -1.2205, -1.9660, 1.7059, 41.2120, 88.7804
1745315489.927, 3.638, 1.492, -0.6642, -1.2207, -1.9597, 1.9092, 43.6203, 88.6051
1745315490.006, 3.637, 1.492, -0.6714, -1.2206, -1.9532, 1.8680, 44.5153, 88.6951
1745315490.086, 3.635, 1.476, -0.6736, -1.2206, -1.9512, 1.9815, 44.4211, 88.5450
1745315490.166, 3.639, 1.464, -0.6733, -1.2205, -1.9516, 1.9757, 44.3868, 88.5416
1745315490.245, 3.636, 1.459, -0.6729, -1.2207, -1.9518, 1.9818, 44.4126, 88.5141
1745315490.325, 3.636, 1.459, -0.6730, -1.2207, -1.9519, 1.9877, 44.4129, 88.4969
1745315490.404, 3.638, 1.459, -0.6729, -1.2207, -1.9519, 2.0249, 44.4287, 88.4592
1745315490.484, 3.636, 1.460, -0.6724, -1.2208, -1.9525, 2.0185, 44.3741, 88.4652
1745315490.564, 3.634, 1.460, -0.6672, -1.2207, -1.9576, 1.9910, 44.4007, 88.5875
1745315490.643, 3.638, 1.460, -0.6561, -1.2200, -1.9688, 2.0458, 44.4804, 88.6256
1745315490.723, 3.638, 1.470, -0.6403, -1.2208, -1.9848, 1.9993, 44.7000, 88.6523
1745315490.803, 3.635, 1.470, -0.6237, -1.2208, -2.0024, 2.3007, 44.9943, 88.2880
1745315490.882, 3.639, 1.494, -0.6075, -1.2205, -2.0184, 2.2173, 45.2464, 88.2388
1745315490.962, 3.641, 1.525, -0.5935, -1.2204, -2.0320, 2.1559, 45.2877, 88.3847
1745315491.042, 1.200, 1.556, -0.5831, -1.2203, -2.0423, 2.1516, 45.4028, 88.4584
1745315491.121, 1.200, 1.579, -0.5753, -1.2207, -2.0500, 2.1844, 45.2675, 88.4148
1745315491.201, 1.193, 1.579, -0.5688, -1.2206, -2.0555, 2.2026, 44.5852, 88.4416
1745315491.281, 1.201, 1.599, -0.5634, -1.2209, -2.0606, 2.1935, 44.4588, 88.4732
1745315491.360, 1.198, 1.609, -0.5585, -1.2206, -2.0658, 2.2484, 44.4822, 88.4004
1745315491.440, 1.201, 1.616, -0.5537, -1.2207, -2.0705, 2.2482, 44.5050, 88.3831
1745315491.519, 1.201, 1.629, -0.5501, -1.2205, -2.0743, 2.2816, 44.5276, 88.3536
1745315491.599, 1.210, 1.629, -0.5468, -1.2205, -2.0777, 2.3288, 44.5578, 88.3014
1745315491.679, 1.222, 1.635, -0.5436, -1.2206, -2.0810, 2.3442, 44.6539, 88.2998
1745315491.758, 1.231, 1.643, -0.5398, -1.2205, -2.0842, 2.3019, 44.3034, 88.3577
1745315491.840, 1.235, 1.647, -0.5358, -1.2204, -2.0872, 2.2796, 43.5698, 88.3845
1745315491.918, 1.235, 1.653, -0.5318, -1.2206, -2.0908, 2.2665, 43.3914, 88.4048
1745315491.997, 1.230, 1.653, -0.5279, -1.2203, -2.0949, 2.2462, 43.3564, 88.4014
1745315492.077, 1.223, 1.656, -0.5219, -1.2201, -2.1009, 2.2338, 43.3644, 88.4492
1745315492.157, 1.230, 1.664, -0.5133, -1.2202, -2.1099, 2.2778, 43.3417, 88.4271
1745315492.236, 1.238, 1.673, -0.5032, -1.2203, -2.1203, 2.2428, 43.3939, 88.6483
1745315492.316, 1.238, 1.690, -0.4918, -1.2199, -2.1318, 2.0924, 43.4107, 88.6145
1745315492.396, 3.651, 1.690, -0.4810, -1.2210, -2.1431, 2.1140, 43.4101, 88.5681
1745315492.475, 3.651, 1.709, -0.4708, -1.2199, -2.1534, 2.0139, 43.4427, 88.6164
1745315492.555, 3.634, 1.728, -0.4617, -1.2206, -2.1625, 1.8538, 43.4538, 88.6618
1745315492.635, 3.634, 1.747, -0.4535, -1.2210, -2.1708, 1.7970, 43.3757, 88.7652
1745315492.714, 3.634, 1.762, -0.4450, -1.2198, -2.1793, 1.7192, 43.2971, 88.8818
1745315492.794, 3.631, 1.762, -0.4366, -1.2194, -2.1882, 1.7576, 43.2227, 88.8825
1745315492.873, 3.626, 1.779, -0.4274, -1.2206, -2.1977, 1.6742, 43.2121, 88.9537
1745315492.953, 3.633, 1.793, -0.4186, -1.2199, -2.2072, 1.7419, 43.2378, 88.9402
1745315493.033, 3.632, 1.808, -0.4092, -1.2199, -2.2167, 1.6510, 43.2908, 88.9807
1745315493.112, 3.632, 1.825, -0.4010, -1.2198, -2.2253, 1.6250, 43.2561, 88.9301
1745315493.192, 3.633, 1.825, -0.3931, -1.2208, -2.2328, 1.5077, 42.9365, 88.9712
1745315493.272, 3.634, 1.841, -0.3853, -1.2202, -2.2385, 1.3338, 41.3614, 89.0422
1745315493.351, 3.637, 1.856, -0.3781, -1.2192, -2.2443, 1.2223, 40.0379, 89.1388
1745315493.431, 3.658, 1.864, -0.3714, -1.2196, -2.2516, 1.1560, 39.8880, 89.1703
1745315493.511, 3.658, 1.877, -0.3646, -1.2214, -2.2600, 1.1323, 39.8898, 89.1752
1745315493.590, 3.660, 1.877, -0.3577, -1.2190, -2.2683, 1.1609, 39.9440, 89.1878
1745315493.670, 3.661, 1.891, -0.3498, -1.2193, -2.2770, 0.9662, 39.9814, 89.2608
1745315493.749, 3.661, 1.901, -0.3431, -1.2193, -2.2850, 1.0084, 40.0259, 89.2290
1745315493.829, 3.660, 1.916, -0.3358, -1.2190, -2.2936, 1.0816, 40.0835, 89.1633
1745315493.909, 3.660, 1.933, -0.3279, -1.2200, -2.3029, 0.9495, 40.1500, 89.1968
1745315493.988, 3.655, 1.933, -0.3182, -1.2208, -2.3139, 0.8384, 40.2121, 89.2121
1745315494.068, 3.647, 1.947, -0.3082, -1.2197, -2.3253, 0.7617, 40.2085, 89.3968
1745315494.148, 3.643, 1.962, -0.2972, -1.2194, -2.3378, 0.7352, 40.2372, 89.4665
1745315494.227, 3.636, 1.983, -0.2870, -1.2197, -2.3504, 0.8015, 40.2214, 89.4059
1745315496.358, 3.658, 2.371, -0.0419, -1.2208, -2.6353, 0.9229, 35.1643, 88.7506
1745315496.438, 3.657, 2.388, -0.0347, -1.2213, -2.6454, 0.9428, 35.2329, 88.8234
1745315496.517, 3.657, 2.398, -0.0276, -1.2207, -2.6553, 0.9355, 35.3000, 88.9298
1745315496.597, 3.656, 2.398, -0.0208, -1.2207, -2.6647, 0.9128, 35.4192, 89.0767
1745315496.676, 3.650, 2.413, -0.0135, -1.2206, -2.6749, 0.9589, 35.4861, 88.9594
1745315496.756, 3.653, 2.432, -0.0056, -1.2206, -2.6854, 0.8409, 35.5899, 89.0173
1745315496.836, 3.648, 2.448, 0.0018, -1.2208, -2.6959, 0.9597, 35.6907, 88.9163
1745315496.915, 3.648, 2.463, 0.0094, -1.2214, -2.7067, 0.9894, 35.8274, 88.8490
1745315496.995, 3.646, 2.463, 0.0167, -1.2209, -2.7165, 0.9932, 35.9289, 88.8458
1745315497.075, 3.643, 2.473, 0.0233, -1.2210, -2.7256, 0.9885, 35.9221, 88.8804
1745315497.154, 3.644, 2.488, 0.0302, -1.2207, -2.7348, 0.9777, 35.9517, 88.9113
1745315497.234, 3.639, 2.508, 0.0368, -1.2207, -2.7446, 1.1392, 36.0804, 88.9218
1745315497.314, 3.639, 2.516, 0.0441, -1.2209, -2.7539, 1.0479, 36.1933, 88.9323
1745315497.393, 3.638, 2.516, 0.0509, -1.2212, -2.7632, 1.0357, 36.3107, 88.9030
1745315497.473, 3.637, 2.531, 0.0572, -1.2212, -2.7721, 1.1448, 36.3738, 88.8667
1745315497.553, 3.634, 2.544, 0.0640, -1.2204, -2.7809, 1.1145, 36.4675, 88.8412
1745315497.632, 3.636, 2.562, 0.0706, -1.2206, -2.7893, 1.0178, 36.5460, 88.8694
1745315497.712, 3.636, 2.571, 0.0770, -1.2208, -2.7978, 1.0190, 36.6843, 88.8269
1745315497.791, 3.630, 2.571, 0.0827, -1.2217, -2.8060, 1.0608, 36.7760, 88.7997
1745315497.871, 3.633, 2.584, 0.0884, -1.2211, -2.8134, 1.0675, 36.8199, 88.8283
1745315497.951, 3.630, 2.601, 0.0938, -1.2216, -2.8207, 1.0532, 36.8837, 88.9306
1745315498.030, 3.629, 2.607, 0.0990, -1.2210, -2.8277, 1.0579, 37.1097, 89.0271
1745315498.110, 3.629, 2.619, 0.1038, -1.2210, -2.8345, 1.0943, 37.3952, 89.0357
1745315498.190, 3.628, 2.619, 0.1088, -1.2213, -2.8412, 1.1175, 37.5607, 89.0033
1745315498.269, 3.622, 2.631, 0.1141, -1.2212, -2.8481, 1.1100, 37.6727, 88.9954
1745315498.349, 3.623, 2.642, 0.1198, -1.2211, -2.8551, 1.1070, 37.6926, 89.0331
1745315498.429, 3.622, 2.646, 0.1253, -1.2216, -2.8626, 1.1775, 37.7111, 88.9761
1745315498.508, 3.622, 2.662, 0.1309, -1.2217, -2.8699, 1.2223, 37.7533, 88.8585
1745315498.588, 3.623, 2.662, 0.1362, -1.2213, -2.8769, 1.2765, 37.7959, 88.7824
1745315498.668, 3.620, 2.674, 0.1415, -1.2214, -2.8835, 1.2998, 37.8652, 88.7500
1745315498.747, 3.619, 2.684, 0.1465, -1.2215, -2.8899, 1.2885, 37.8562, 88.8025
1745315498.827, 3.620, 2.689, 0.1515, -1.2214, -2.8963, 1.2862, 37.8998, 88.7993
1745315498.907, 3.620, 2.700, 0.1567, -1.2214, -2.9031, 1.2913, 37.9387, 88.8270
1745315498.986, 3.616, 2.700, 0.1621, -1.2213, -2.9100, 1.3834, 37.9888, 88.8037
1745315499.066, 3.618, 2.716, 0.1677, -1.2212, -2.9171, 1.3432, 38.0532, 88.8200
1745315499.145, 3.617, 2.728, 0.1708, -1.2208, -2.9241, 1.9996, 38.3568, 88.5799
1745315499.225, 3.614, 2.733, 0.1718, -1.2207, -2.9288, 2.8156, 38.3457, 88.1151
1745315499.305, 3.614, 2.739, 0.1738, -1.2199, -2.9334, 3.4090, 38.4055, 87.7732
1745315499.384, 3.614, 2.739, 0.1780, -1.2197, -2.9402, 3.8049, 38.4199, 87.5261
1745315499.464, 3.626, 2.751, 0.1841, -1.2187, -2.9485, 4.0125, 38.5984, 87.4651
1745315499.544, 3.634, 2.752, 0.1912, -1.2188, -2.9584, 4.3811, 38.7964, 87.1391
1745315499.623, 3.629, 2.767, 0.1984, -1.2191, -2.9676, 4.3058, 38.9317, 87.2620
1745315499.703, 3.629, 2.784, 0.2052, -1.2191, -2.9761, 4.3006, 38.9998, 87.2976
1745315499.783, 3.628, 2.784, 0.2113, -1.2189, -2.9827, 4.1899, 39.1473, 87.4296
1745315499.862, 3.631, 2.799, 0.2190, -1.2196, -2.9883, 3.2084, 39.2094, 88.1112
1745315499.942, 3.626, 2.806, 0.2315, -1.2203, -2.9904, -0.1267, 39.3531, 89.9225
1745315500.021, 3.606, 2.823, 0.2329, -1.2202, -2.9907, -0.3828, 39.2987, 90.3724
1745315500.101, 3.606, 2.827, 0.2294, -1.2202, -2.9917, 0.7409, 39.3896, 90.1678
1745315500.181, 3.617, 2.827, 0.2311, -1.2202, -2.9914, 0.0932, 39.4579, 90.3149
1745315500.260, 3.606, 2.826, 0.2303, -1.2203, -2.9912, 0.3921, 39.4689, 90.3070
1745315500.340, 3.608, 2.832, 0.2306, -1.2202, -2.9914, 0.3318, 39.4744, 90.3327
1745315500.420, 3.606, 2.832, 0.2310, -1.2195, -2.9927, 0.6121, 39.4816, 90.6357
1745315500.499, 3.606, 2.826, 0.2366, -1.2189, -2.9990, 0.5737, 39.5498, 91.2124
1745315500.579, 3.608, 2.826, 0.2484, -1.2187, -3.0128, 0.6385, 39.5189, 91.2593
1745315500.659, 3.611, 2.832, 0.2647, -1.2198, -3.0328, 0.2882, 41.3137, 90.0952
1745315500.742, 3.607, 2.856, 0.2741, -1.2209, -3.0547, 3.5653, 44.3515, 86.9199
1745315500.818, 3.614, 2.882, 0.2882, -1.2203, -3.0659, 2.2892, 44.4093, 86.4075
1745315500.898, 3.614, 2.882, 0.2951, -1.2199, -3.0740, 2.7705, 43.5991, 86.3201
1745315501.097, 3.616, 2.934, 0.3134, -1.2198, -3.0914, 2.3004, 43.2563, 86.4126
1745315501.176, 3.616, 2.950, 0.3219, -1.2202, -3.0970, 1.3127, 42.3087, 87.3245
1745315501.256, 3.607, 2.963, 0.3286, -1.2198, -3.1019, 0.5740, 42.1668, 87.4351
1745315501.336, 3.613, 2.965, 0.3349, -1.2201, -3.1077, 0.5718, 41.7177, 87.1745
1745315501.415, 3.613, 2.979, 0.3430, -1.2200, -3.1144, 0.5698, 39.6311, 86.9726
1745315501.495, 3.611, 2.979, 0.3505, -1.2191, -3.1205, 0.5839, 37.6917, 87.0875
1745315501.575, 3.614, 2.986, 0.3570, -1.2194, -3.1297, 0.8169, 37.8787, 87.0095
1745315501.654, 3.623, 3.002, 0.3630, -1.2204, -3.1368, 0.6805, 37.9793, 87.9110
1745315501.734, 3.622, 3.017, 0.3678, -1.2218, -3.1459, 1.4753, 38.2487, 88.6105
1745315501.813, 3.622, 3.025, 0.3743, -1.2220, -3.1533, 1.2884, 38.0414, 88.9359
1745315501.893, 3.621, 3.025, 0.3798, -1.2221, -3.1602, 1.3396, 37.9856, 88.9045
1745315501.973, 3.617, 3.036, 0.3844, -1.2217, -3.1657, 1.3298, 37.9784, 88.8632
1745315502.052, 3.616, 3.036, 0.3889, -1.2216, -3.1713, 1.3344, 37.9135, 88.8306
1745315502.132, 3.617, 3.063, 0.3941, -1.2217, -3.1777, 1.3133, 37.8222, 88.7867
1745315502.212, 3.617, 3.071, 0.4010, -1.2213, -3.1846, 1.3411, 36.9114, 88.7898
1745315502.291, 3.618, 3.071, 0.4092, -1.2217, -3.1911, 1.1652, 34.2155, 88.9141
1745315502.371, 3.619, 3.076, 0.4174, -1.2214, -3.1985, 1.0513, 31.7401, 89.0582
1745315502.451, 3.640, 3.097, 0.4231, -1.2218, -3.2069, 1.2522, 30.9109, 89.0762
1745315502.530, 3.662, 3.133, 0.4283, -1.2218, -3.2157, 1.2254, 31.1972, 89.0250
1745315502.610, 3.662, 3.152, 0.4338, -1.2218, -3.2241, 1.1606, 31.2685, 89.1051
1745315502.690, 3.666, 3.152, 0.4386, -1.2218, -3.2324, 1.3123, 31.3935, 89.0492
1745315502.769, 3.664, 3.168, 0.4433, -1.2217, -3.2401, 1.3001, 31.4888, 89.0110
1745315502.849, 3.659, 3.174, 0.4484, -1.2218, -3.2480, 1.2859, 31.5347, 88.9462
1745315502.929, 3.657, 3.187, 0.4530, -1.2218, -3.2556, 1.2962, 31.5954, 88.9241
1745315503.008, 3.657, 3.201, 0.4576, -1.2217, -3.2629, 1.3214, 31.6327, 88.9111
1745315503.088, 3.654, 3.201, 0.4620, -1.2221, -3.2701, 1.3244, 31.6641, 88.9046
1745315503.168, 3.653, 3.213, 0.4662, -1.2222, -3.2771, 1.3535, 31.6753, 88.8955
1745315503.247, 3.648, 3.223, 0.4702, -1.2220, -3.2834, 1.3276, 31.7734, 88.9562
1745315503.327, 3.649, 3.232, 0.4729, -1.2221, -3.2897, 1.3967, 32.6001, 88.9484
1745315503.407, 3.649, 3.239, 0.4759, -1.2222, -3.2953, 1.4344, 33.2672, 88.9616
1745315503.486, 3.644, 3.239, 0.4796, -1.2220, -3.3012, 1.4845, 33.2621, 88.9493
1745315503.566, 3.628, 3.234, 0.4833, -1.2219, -3.3068, 1.5223, 33.2495, 89.0017
1745315503.645, 3.626, 3.243, 0.4871, -1.2219, -3.3124, 1.5081, 33.1902, 89.0607
1745315503.725, 3.628, 3.251, 0.4911, -1.2221, -3.3182, 1.4761, 33.2053, 89.0679
1745315503.805, 3.628, 3.261, 0.4948, -1.2217, -3.3241, 1.5386, 33.5362, 89.0096
1745315503.884, 3.628, 3.261, 0.4986, -1.2216, -3.3309, 1.5898, 33.9842, 88.9475
1745315503.964, 3.624, 3.263, 0.5028, -1.2218, -3.3367, 1.5180, 33.9867, 88.9903
1745315504.044, 3.622, 3.275, 0.5070, -1.2219, -3.3431, 1.5342, 33.9749, 88.9300
1745315504.123, 3.616, 3.278, 0.5112, -1.2219, -3.3488, 1.5239, 34.0089, 88.9190
1745315504.203, 3.616, 3.293, 0.5152, -1.2220, -3.3548, 1.5138, 34.1272, 88.8664
1745315504.283, 3.613, 3.293, 0.5182, -1.2219, -3.3612, 1.5667, 35.1762, 88.8990
1745315504.362, 3.613, 3.300, 0.5211, -1.2223, -3.3678, 1.6736, 36.4221, 88.7706
1745315504.442, 3.603, 3.301, 0.5252, -1.2221, -3.3736, 1.6618, 36.8627, 88.8351
1745315504.522, 3.592, 3.306, 0.5293, -1.2218, -3.3794, 1.7091, 36.7974, 88.8204
1745315504.601, 3.592, 3.315, 0.5338, -1.2217, -3.3854, 1.7597, 36.7967, 88.8197
1745315504.681, 3.594, 3.315, 0.5377, -1.2217, -3.3910, 1.8683, 36.7621, 88.7170
1745315504.761, 3.594, 3.319, 0.5427, -1.2219, -3.3967, 1.7107, 36.7141, 88.8081
1745315504.840, 3.588, 3.326, 0.5470, -1.2218, -3.4024, 1.6772, 36.8927, 88.7952
1745315504.920, 3.591, 3.337, 0.5501, -1.2219, -3.4083, 1.7490, 37.9487, 88.7676
1745315504.999, 3.591, 3.351, 0.5536, -1.2219, -3.4140, 1.8350, 38.4015, 88.7267
1745315505.079, 3.586, 3.351, 0.5580, -1.2222, -3.4195, 1.8596, 38.3823, 88.6467
1745315505.159, 3.582, 3.355, 0.5627, -1.2223, -3.4255, 1.8588, 38.3533, 88.6261
1745315505.238, 3.580, 3.363, 0.5680, -1.2221, -3.4315, 1.8257, 38.3322, 88.6005
1745315505.318, 3.584, 3.369, 0.5727, -1.2221, -3.4374, 1.8168, 38.2905, 88.6099
1745315505.398, 3.584, 3.383, 0.5802, -1.2226, -3.4464, 1.7945, 38.1886, 88.6446
1745315505.477, 1.071, 3.383, 0.5907, -1.2215, -3.4593, 1.7984, 38.1601, 88.6968
1745315505.557, 1.066, 3.391, 0.6027, -1.2215, -3.4746, 1.9069, 38.1171, 88.7694
1745315505.637, 1.066, 3.412, 0.6158, -1.2216, -3.4913, 2.0039, 38.0521, 88.7854
1745315505.716, 1.061, 3.435, 0.6294, -1.2220, -3.5080, 1.9222, 37.9421, 88.8003
1745315505.796, 1.061, 3.464, 0.6412, -1.2217, -3.5236, 2.0315, 37.8002, 88.6723
1745315505.876, 0.172, 3.464, 0.6529, -1.2217, -3.5381, 2.0289, 37.6328, 88.6786
1745315506.075, 0.148, 3.513, 0.6779, -1.2218, -3.5695, 1.9809, 37.3875, 88.7890
1745315506.274, 0.174, 3.551, 0.7050, -1.2217, -3.6034, 1.9860, 36.9729, 88.6339
1745315506.473, 3.581, 3.598, 0.7327, -1.2217, -3.6394, 1.9696, 36.7342, 88.7213
1745315506.553, 0.555, 3.624, 0.7434, -1.2218, -3.6533, 1.8969, 36.6051, 88.7908
1745315506.632, 0.554, 3.645, 0.7542, -1.2215, -3.6676, 1.9892, 36.5501, 88.6858
1745315506.831, 0.561, 3.690, 0.7814, -1.2217, -3.7039, 2.0523, 36.3111, 88.4716
1745315506.911, 0.561, 3.713, 0.7916, -1.2217, -3.7180, 2.1859, 36.2948, 88.5733
1745315506.990, 0.574, 3.713, 0.8027, -1.2218, -3.7322, 2.0997, 36.2007, 88.5884
1745315507.070, 0.555, 3.739, 0.8131, -1.2215, -3.7465, 2.2183, 36.3356, 88.4550
1745315507.150, 0.562, 3.761, 0.8240, -1.2215, -3.7607, 2.1809, 36.2515, 88.3959
1745315507.229, 0.577, 3.784, 0.8349, -1.2217, -3.7753, 2.1850, 36.4310, 88.3516
1745315507.309, 0.577, 3.806, 0.8425, -1.2218, -3.7907, 2.3349, 39.2619, 88.3244
1745315507.389, 3.567, 3.806, 0.8509, -1.2219, -3.8060, 2.5250, 42.9827, 88.3822
1745315507.468, 3.562, 3.823, 0.8617, -1.2220, -3.8187, 2.5165, 43.8800, 88.4707
1745315507.548, 3.551, 3.843, 0.8739, -1.2212, -3.8313, 2.5128, 43.5666, 88.5257
1745315507.628, 3.556, 3.867, 0.8870, -1.2214, -3.8440, 2.4295, 43.3735, 88.5340
1745315507.707, 3.556, 3.892, 0.9001, -1.2215, -3.8573, 2.3755, 43.0699, 88.4743
1745315507.787, 3.548, 3.892, 0.9124, -1.2211, -3.8699, 2.2749, 42.8501, 88.6462
1745315507.867, 3.549, 3.911, 0.9254, -1.2214, -3.8832, 2.2335, 42.6846, 88.7126
1745315507.946, 3.549, 3.935, 0.9382, -1.2211, -3.8952, 1.9915, 42.4511, 88.8335
1745315508.026, 3.552, 3.956, 0.9459, -1.2214, -3.9031, 2.0402, 42.0731, 88.8322
1745315508.106, 3.552, 3.978, 0.9469, -1.2215, -3.9045, 1.9787, 42.3118, 88.8370
1745315508.185, 3.553, 3.978, 0.9453, -1.2213, -3.9030, 1.9902, 42.2512, 88.8394
1745315508.265, 3.554, 3.987, 0.9434, -1.2213, -3.9008, 1.9476, 42.3506, 88.8328
1745315508.345, 3.554, 3.985, 0.9415, -1.2214, -3.8990, 1.9662, 42.3653, 88.8376
1745315508.424, 3.550, 3.982, 0.9414, -1.2214, -3.8986, 1.9312, 42.3803, 88.8820
1745315508.504, 3.550, 3.978, 0.9412, -1.2214, -3.8985, 1.9649, 42.3669, 88.8850
1745315508.583, 3.556, 3.978, 0.9423, -1.2214, -3.8998, 2.0060, 42.3871, 88.8452
1745315508.663, 3.553, 3.979, 0.9478, -1.2215, -3.9058, 2.0253, 42.3891, 88.9557
1745315508.743, 3.555, 3.978, 0.9590, -1.2223, -3.9175, 1.9610, 42.2076, 88.9728
1745315508.822, 3.551, 3.989, 0.9747, -1.2214, -3.9331, 1.6919, 41.8835, 89.0746
1745315508.902, 3.551, 4.009, 0.9911, -1.2210, -3.9500, 1.5729, 41.7048, 89.2086
1745315508.982, 3.551, 4.009, 1.0031, -1.2204, -3.9632, 1.6127, 41.4452, 89.2306
1745315509.061, 3.551, 4.036, 1.0058, -1.2206, -3.9661, 1.5681, 41.3914, 89.2221
1745315509.141, 3.555, 4.066, 1.0033, -1.2206, -3.9635, 1.6215, 41.4120, 89.1683
1745315509.221, 3.551, 4.073, 1.0002, -1.2206, -3.9600, 1.6012, 41.5297, 89.1409
1745315509.300, 3.551, 4.067, 0.9977, -1.2208, -3.9574, 1.5713, 41.6777, 89.1830
1745315509.380, 3.553, 4.067, 0.9967, -1.2206, -3.9563, 1.5695, 41.6907, 89.1688
1745315509.460, 3.554, 4.063, 0.9969, -1.2207, -3.9563, 1.5786, 41.6295, 89.1617
1745315509.539, 3.552, 4.057, 0.9969, -1.2207, -3.9562, 1.5575, 41.6388, 89.1672
1745315509.619, 3.556, 4.058, 0.9968, -1.2207, -3.9563, 1.5634, 41.6397, 89.1582
1745315509.698, 3.556, 4.058, 0.9968, -1.2206, -3.9560, 1.5499, 41.6390, 89.1743
1745315509.778, 3.558, 4.058, 0.9967, -1.2207, -3.9560, 1.5599, 41.6418, 89.1623
1745315509.858, 3.552, 4.057, 0.9967, -1.2207, -3.9561, 1.5560, 41.6465, 89.1570
1745315509.937, 3.551, 4.059, 0.9968, -1.2205, -3.9559, 1.5465, 41.6458, 89.1679
1745315510.017, 3.551, 4.058, 0.9969, -1.2206, -3.9559, 1.5441, 41.6543, 89.1623
1745315510.097, 3.551, 4.058, 0.9968, -1.2205, -3.9558, 1.5445, 41.6510, 89.1589
1745315510.176, 3.551, 4.058, 0.9967, -1.2206, -3.9558, 1.5494, 41.6540, 89.1530
1745315510.256, 3.552, 4.060, 0.9968, -1.2205, -3.9557, 1.5461, 41.6593, 89.1557
1745315510.336, 3.551, 4.058, 0.9967, -1.2205, -3.9556, 1.5517, 41.6594, 89.1494
1745315510.415, 3.550, 4.060, 0.9967, -1.2205, -3.9555, 1.5469, 41.6549, 89.1534
1745315510.495, 3.550, 4.057, 0.9966, -1.2205, -3.9555, 1.5433, 41.6586, 89.1492
1745315510.574, 3.551, 4.057, 0.9967, -1.2204, -3.9554, 1.5370, 41.6596, 89.1567
1745315510.654, 3.552, 4.059, 0.9967, -1.2204, -3.9554, 1.5423, 41.6602, 89.1514
1745315510.734, 3.555, 4.058, 0.9967, -1.2204, -3.9554, 1.5370, 41.6621, 89.1506
1745315510.814, 3.551, 4.059, 0.9967, -1.2206, -3.9555, 1.5346, 41.6618, 89.1533
1745315510.893, 3.551, 4.058, 0.9965, -1.2204, -3.9552, 1.5305, 41.6658, 89.1668
1745315510.973, 3.555, 4.058, 0.9966, -1.2204, -3.9552, 1.5345, 41.6683, 89.1571
1745315511.053, 3.555, 4.057, 0.9965, -1.2204, -3.9552, 1.5328, 41.6663, 89.1570
1745315511.132, 3.553, 4.057, 0.9966, -1.2203, -3.9550, 1.5345, 41.6715, 89.1554
1745315511.212, 3.552, 4.061, 0.9965, -1.2203, -3.9551, 1.5315, 41.6727, 89.1604
1745315511.291, 3.552, 4.061, 0.9966, -1.2203, -3.9551, 1.5255, 41.6676, 89.1667
1745315511.371, 3.555, 4.061, 0.9965, -1.2203, -3.9549, 1.5372, 41.6658, 89.1572
1745315511.451, 3.557, 4.058, 0.9965, -1.2204, -3.9550, 1.5389, 41.6687, 89.1529
1745315511.530, 3.555, 4.057, 0.9965, -1.2203, -3.9549, 1.5404, 41.6754, 89.1555
1745315511.612, 3.557, 4.057, 0.9965, -1.2203, -3.9549, 1.5452, 41.6756, 89.1465
1745315511.690, 3.557, 4.059, 0.9965, -1.2203, -3.9548, 1.5461, 41.6734, 89.1450
1745315511.769, 3.557, 4.059, 0.9965, -1.2203, -3.9547, 1.5499, 41.6735, 89.1358
1745315511.849, 3.554, 4.058, 0.9964, -1.2203, -3.9548, 1.5600, 41.6708, 89.1220
1745315511.929, 3.552, 4.058, 0.9966, -1.2204, -3.9547, 1.5469, 41.6641, 89.1332
1745315512.008, 3.555, 4.058, 0.9966, -1.2203, -3.9547, 1.5482, 41.6708, 89.1360
1745315512.088, 3.555, 4.058, 0.9966, -1.2203, -3.9547, 1.5497, 41.6671, 89.1364
1745315512.168, 3.556, 4.060, 0.9964, -1.2202, -3.9547, 1.5555, 41.6713, 89.1345
1745315512.247, 3.555, 4.056, 0.9964, -1.2203, -3.9545, 1.5534, 41.6767, 89.1407
1745315512.327, 3.555, 4.058, 0.9963, -1.2202, -3.9544, 1.5514, 41.6744, 89.1388
1745315512.406, 3.555, 4.059, 0.9963, -1.2202, -3.9544, 1.5391, 41.6756, 89.1425
1745315512.486, 3.557, 4.059, 0.9964, -1.2201, -3.9543, 1.5288, 41.6810, 89.1489
1745315512.566, 3.551, 4.058, 0.9964, -1.2202, -3.9545, 1.5349, 41.6823, 89.1368
1745315512.645, 3.555, 4.057, 0.9965, -1.2202, -3.9544, 1.5218, 41.6722, 89.1476
1745315512.725, 3.555, 4.059, 0.9963, -1.2202, -3.9543, 1.5291, 41.6713, 89.1515
1745315512.805, 3.555, 4.057, 0.9964, -1.2204, -3.9546, 1.5378, 41.6709, 89.1364
1745315512.884, 3.557, 4.057, 0.9964, -1.2203, -3.9543, 1.5236, 41.6697, 89.1546
1745315512.964, 3.558, 4.058, 0.9964, -1.2202, -3.9544, 1.5179, 41.6672, 89.1556
1745315513.043, 3.550, 4.059, 0.9962, -1.2202, -3.9540, 1.5120, 41.6724, 89.1690
1745315513.123, 3.551, 4.059, 0.9964, -1.2201, -3.9542, 1.5130, 41.6709, 89.1593
1745315513.203, 3.551, 4.058, 0.9963, -1.2200, -3.9542, 1.5186, 41.6757, 89.1551
1745315513.282, 3.552, 4.058, 0.9964, -1.2201, -3.9543, 1.5208, 41.6747, 89.1501
1745315513.362, 3.555, 4.059, 0.9964, -1.2201, -3.9541, 1.5188, 41.6746, 89.1587
1745315513.442, 3.556, 4.059, 0.9963, -1.2201, -3.9542, 1.5233, 41.6750, 89.1561
1745315513.521, 3.551, 4.058, 0.9963, -1.2201, -3.9540, 1.5283, 41.6735, 89.1526
1745315513.601, 3.551, 4.060, 0.9962, -1.2200, -3.9539, 1.5357, 41.6647, 89.1506
1745315513.681, 3.555, 4.060, 0.9962, -1.2201, -3.9538, 1.5293, 41.6712, 89.1556
1745315513.762, 3.555, 4.057, 0.9962, -1.2201, -3.9541, 1.5321, 41.6675, 89.1474
1745315513.840, 3.555, 4.059, 0.9963, -1.2200, -3.9540, 1.5377, 41.6681, 89.1461
1745315513.920, 3.551, 4.059, 0.9963, -1.2201, -3.9539, 1.5250, 41.6683, 89.1484
1745315513.999, 3.551, 4.060, 0.9963, -1.2201, -3.9539, 1.5314, 41.6671, 89.1453
1745315514.079, 3.557, 4.060, 0.9962, -1.2200, -3.9538, 1.5354, 41.6633, 89.1494
1745315514.158, 3.553, 4.058, 0.9964, -1.2199, -3.9538, 1.5252, 41.6658, 89.1524
1745315514.238, 3.552, 4.057, 0.9962, -1.2200, -3.9537, 1.5247, 41.6624, 89.1503
1745315514.318, 3.552, 4.058, 0.9962, -1.2200, -3.9537, 1.5347, 41.6668, 89.1444
1745315514.397, 3.552, 4.059, 0.9963, -1.2200, -3.9539, 1.5395, 41.6593, 89.1361
1745315514.477, 3.552, 4.059, 0.9963, -1.2200, -3.9538, 1.5313, 41.6604, 89.1361
1745315514.557, 3.551, 4.058, 0.9962, -1.2200, -3.9538, 1.5319, 41.6573, 89.1333
1745315514.636, 3.552, 4.059, 0.9962, -1.2200, -3.9536, 1.5253, 41.6582, 89.1411
1745315514.716, 3.552, 4.060, 0.9962, -1.2199, -3.9536, 1.5208, 41.6630, 89.1378
1745315514.796, 3.552, 4.059, 0.9962, -1.2201, -3.9537, 1.5294, 41.6642, 89.1325
1745315514.875, 3.557, 4.059, 0.9962, -1.2200, -3.9537, 1.5282, 41.6652, 89.1283
1745315514.955, 3.556, 4.059, 0.9962, -1.2200, -3.9535, 1.5240, 41.6618, 89.1378
1745315515.035, 3.555, 4.057, 0.9962, -1.2199, -3.9535, 1.5193, 41.6630, 89.1368
1745315515.114, 3.551, 4.059, 0.9963, -1.2200, -3.9536, 1.5248, 41.6680, 89.1353
1745315515.194, 3.551, 4.057, 0.9961, -1.2199, -3.9535, 1.5262, 41.6731, 89.1407
1745315515.274, 3.552, 4.057, 0.9962, -1.2199, -3.9533, 1.5253, 41.6692, 89.1399
1745315515.353, 3.552, 4.058, 0.9962, -1.2199, -3.9534, 1.5277, 41.6678, 89.1371
1745315515.433, 3.550, 4.057, 0.9961, -1.2199, -3.9535, 1.5387, 41.6660, 89.1293
1745315515.513, 3.555, 4.058, 0.9962, -1.2199, -3.9534, 1.5336, 41.6652, 89.1338
1745315515.592, 3.555, 4.059, 0.9961, -1.2199, -3.9533, 1.5428, 41.6719, 89.1396
1745315515.672, 3.551, 4.059, 0.9960, -1.2198, -3.9533, 1.5396, 41.6712, 89.1424
1745315515.751, 3.555, 4.058, 0.9961, -1.2200, -3.9533, 1.5342, 41.6671, 89.1368
1745315515.831, 3.555, 4.059, 0.9960, -1.2198, -3.9534, 1.5386, 41.6690, 89.1375
1745315515.911, 3.552, 4.057, 0.9962, -1.2198, -3.9533, 1.5319, 41.6677, 89.1418
1745315515.990, 3.552, 4.058, 0.9961, -1.2198, -3.9532, 1.5324, 41.6657, 89.1435
1745315516.070, 3.551, 4.058, 0.9961, -1.2198, -3.9532, 1.5279, 41.6677, 89.1387
1745315516.150, 3.557, 4.059, 0.9961, -1.2198, -3.9532, 1.5233, 41.6738, 89.1403
1745315516.229, 3.557, 4.058, 0.9961, -1.2200, -3.9532, 1.5264, 41.6804, 89.1342
1745315516.309, 3.557, 4.057, 0.9960, -1.2199, -3.9531, 1.5265, 41.6788, 89.1390
1745315516.389, 3.557, 4.058, 0.9961, -1.2199, -3.9531, 1.5271, 41.6724, 89.1362
1745315516.468, 3.550, 4.058, 0.9961, -1.2198, -3.9531, 1.5207, 41.6713, 89.1365
1745315516.548, 3.551, 4.057, 0.9960, -1.2198, -3.9531, 1.5273, 41.6660, 89.1308
1745315516.628, 3.555, 4.057, 0.9960, -1.2198, -3.9530, 1.5218, 41.6690, 89.1375
1745315516.707, 3.555, 4.057, 0.9961, -1.2198, -3.9530, 1.5192, 41.6724, 89.1463
1745315516.787, 3.555, 4.058, 0.9961, -1.2198, -3.9531, 1.5213, 41.6728, 89.1434
1745315516.866, 3.555, 4.058, 0.9960, -1.2198, -3.9531, 1.5286, 41.6721, 89.1420
1745315516.946, 3.548, 4.058, 0.9961, -1.2198, -3.9531, 1.5284, 41.6746, 89.1386
1745315517.026, 3.551, 4.057, 0.9960, -1.2198, -3.9530, 1.5245, 41.6767, 89.1398
1745315517.105, 3.556, 4.058, 0.9961, -1.2198, -3.9529, 1.5267, 41.6780, 89.1373
1745315517.185, 3.556, 4.058, 0.9959, -1.2197, -3.9530, 1.5292, 41.6801, 89.1326
1745315517.265, 3.553, 4.058, 0.9962, -1.2197, -3.9530, 1.5165, 41.6805, 89.1373
1745315517.344, 3.553, 4.058, 0.9960, -1.2197, -3.9530, 1.5191, 41.6792, 89.1448
1745315517.424, 3.551, 4.057, 0.9959, -1.2198, -3.9528, 1.5235, 41.6797, 89.1486
1745315517.504, 3.552, 4.058, 0.9960, -1.2198, -3.9530, 1.5194, 41.6767, 89.1451
1745315517.583, 3.552, 4.058, 0.9960, -1.2198, -3.9530, 1.5102, 41.6767, 89.1466
1745315517.663, 3.551, 4.060, 0.9961, -1.2198, -3.9529, 1.5141, 41.6776, 89.1435
1745315517.743, 3.556, 4.058, 0.9959, -1.2198, -3.9528, 1.5215, 41.6765, 89.1504
1745315517.822, 3.557, 4.059, 0.9959, -1.2198, -3.9528, 1.5119, 41.6807, 89.1515
1745315517.902, 3.550, 4.058, 0.9960, -1.2197, -3.9527, 1.5116, 41.6790, 89.1507
1745315517.982, 3.550, 4.058, 0.9960, -1.2197, -3.9529, 1.5229, 41.6801, 89.1440
1745315518.061, 3.558, 4.058, 0.9959, -1.2197, -3.9527, 1.5222, 41.6808, 89.1469
1745315518.141, 3.551, 4.057, 0.9961, -1.2198, -3.9529, 1.5227, 41.6788, 89.1391
1745315518.220, 3.555, 4.058, 0.9959, -1.2198, -3.9528, 1.5263, 41.6749, 89.1410
1745315518.300, 3.555, 4.058, 0.9959, -1.2197, -3.9528, 1.5181, 41.6757, 89.1419
1745315518.380, 3.555, 4.058, 0.9961, -1.2198, -3.9529, 1.5089, 41.6780, 89.1466
1745315518.459, 3.557, 4.059, 0.9960, -1.2197, -3.9528, 1.5235, 41.6726, 89.1399
1745315518.539, 3.550, 4.058, 0.9960, -1.2196, -3.9528, 1.5210, 41.6715, 89.1449
1745315518.619, 3.552, 4.057, 0.9960, -1.2198, -3.9528, 1.5134, 41.6713, 89.1504
1745315518.698, 3.552, 4.058, 0.9960, -1.2197, -3.9529, 1.5171, 41.6656, 89.1507
1745315518.778, 3.556, 4.058, 0.9961, -1.2197, -3.9529, 1.5113, 41.6689, 89.1591
1745315518.858, 3.555, 4.057, 0.9959, -1.2197, -3.9528, 1.5148, 41.6714, 89.1572
1745315518.937, 3.551, 4.057, 0.9960, -1.2197, -3.9528, 1.5172, 41.6682, 89.1544
1745315519.017, 3.551, 4.058, 0.9959, -1.2196, -3.9526, 1.5170, 41.6756, 89.1650
1745315519.097, 3.551, 4.058, 0.9960, -1.2198, -3.9528, 1.5159, 41.6774, 89.1516
1745315519.176, 3.555, 4.058, 0.9959, -1.2196, -3.9526, 1.5116, 41.6775, 89.1527
1745315519.256, 3.553, 4.058, 0.9960, -1.2197, -3.9528, 1.5089, 41.6788, 89.1520
1745315519.335, 3.551, 4.057, 0.9959, -1.2198, -3.9526, 1.5069, 41.6689, 89.1594
1745315519.415, 3.551, 4.058, 0.9959, -1.2197, -3.9526, 1.5078, 41.6775, 89.1555
1745315519.495, 3.551, 4.058, 0.9959, -1.2196, -3.9526, 1.5161, 41.6768, 89.1501
1745315519.574, 3.557, 4.058, 0.9958, -1.2196, -3.9526, 1.5089, 41.6792, 89.1489
1745315519.654, 3.552, 4.057, 0.9961, -1.2197, -3.9527, 1.5015, 41.6756, 89.1519
1745315519.734, 3.551, 4.059, 0.9960, -1.2196, -3.9526, 1.5128, 41.6845, 89.1491
1745315519.813, 3.557, 4.057, 0.9958, -1.2196, -3.9526, 1.5235, 41.6874, 89.1453
1745315519.893, 3.557, 4.058, 0.9960, -1.2196, -3.9526, 1.5143, 41.6888, 89.1408
1745315519.973, 3.552, 4.058, 0.9960, -1.2197, -3.9527, 1.5135, 41.6864, 89.1503
1745315520.052, 3.555, 4.058, 0.9959, -1.2197, -3.9525, 1.5211, 41.6851, 89.1484
1745315520.132, 3.556, 4.059, 0.9958, -1.2197, -3.9524, 1.5174, 41.6825, 89.1484
1745315520.211, 3.551, 4.058, 0.9959, -1.2197, -3.9525, 1.5234, 41.6788, 89.1429
1745315520.291, 3.551, 4.058, 0.9960, -1.2196, -3.9526, 1.5177, 41.6724, 89.1423
1745315520.371, 3.555, 4.058, 0.9959, -1.2196, -3.9525, 1.5171, 41.6767, 89.1455
1745315520.451, 3.551, 4.060, 0.9959, -1.2196, -3.9525, 1.5132, 41.6766, 89.1506
1745315520.530, 3.550, 4.059, 0.9959, -1.2196, -3.9525, 1.5165, 41.6793, 89.1476
1745315520.610, 3.555, 4.058, 0.9958, -1.2196, -3.9524, 1.5155, 41.6748, 89.1515
1745315520.689, 3.555, 4.059, 0.9958, -1.2197, -3.9524, 1.5088, 41.6720, 89.1535
1745315520.769, 3.551, 4.059, 0.9958, -1.2196, -3.9523, 1.5065, 41.6758, 89.1479
1745315520.849, 3.551, 4.058, 0.9959, -1.2196, -3.9525, 1.5139, 41.6741, 89.1483
1745315520.928, 3.556, 4.058, 0.9959, -1.2196, -3.9525, 1.5046, 41.6787, 89.1578
1745315521.008, 3.557, 4.058, 0.9959, -1.2196, -3.9524, 1.5063, 41.6817, 89.1623
