Timestamp, Distance_2, Distance_3, X, Y, Z, Roll, Yaw, Pitch
1741334467.840, 2.032, 3.846, 0.6449, -0.8737, -5.0415, -0.4487, 55.6427, 92.2278
1741334467.919, 2.033, 3.847, 0.6448, -0.8738, -5.0415, -0.4490, 55.6432, 92.2200
1741334467.999, 2.033, 3.846, 0.6449, -0.8738, -5.0415, -0.4426, 55.6447, 92.2180
1741334468.078, 2.034, 3.843, 0.6449, -0.8738, -5.0414, -0.4476, 55.6414, 92.2150
1741334468.158, 2.034, 3.843, 0.6449, -0.8738, -5.0415, -0.4577, 55.6495, 92.2248
1741334468.238, 2.033, 3.844, 0.6448, -0.8737, -5.0415, -0.4561, 55.6439, 92.2310
1741334468.317, 2.033, 3.842, 0.6448, -0.8738, -5.0416, -0.4697, 55.6515, 92.2399
1741334468.397, 2.034, 3.845, 0.6449, -0.8737, -5.0416, -0.4749, 55.6426, 92.2439
1741334468.477, 2.034, 3.847, 0.6448, -0.8738, -5.0415, -0.4793, 55.6534, 92.2532
1741334468.557, 2.034, 3.847, 0.6448, -0.8737, -5.0416, -0.4812, 55.6477, 92.2502
1741334468.636, 2.033, 3.845, 0.6449, -0.8739, -5.0415, -0.4802, 55.6675, 92.2621
1741334468.716, 2.033, 3.843, 0.6449, -0.8738, -5.0416, -0.4933, 55.6598, 92.2677
1741334468.795, 2.034, 3.846, 0.6449, -0.8739, -5.0416, -0.4930, 55.6609, 92.2676
1741334468.875, 2.033, 3.844, 0.6449, -0.8738, -5.0415, -0.4889, 55.6549, 92.2550
1741334468.955, 2.033, 3.844, 0.6449, -0.8737, -5.0416, -0.4725, 55.6559, 92.2520
1741334469.034, 2.033, 3.845, 0.6448, -0.8739, -5.0416, -0.4899, 55.6568, 92.2663
1741334469.114, 2.034, 3.843, 0.6448, -0.8739, -5.0416, -0.5027, 55.6468, 92.2785
1741334469.193, 2.033, 3.844, 0.6449, -0.8738, -5.0416, -0.4834, 55.6318, 92.2426
1741334469.273, 2.033, 3.845, 0.6449, -0.8738, -5.0416, -0.4755, 55.6419, 92.2456
1741334469.353, 2.033, 3.845, 0.6449, -0.8738, -5.0416, -0.4553, 55.6383, 92.2363
1741334469.432, 2.033, 3.845, 0.6449, -0.8739, -5.0416, -0.4636, 55.6395, 92.2327
1741334469.512, 2.032, 3.846, 0.6448, -0.8739, -5.0416, -0.4699, 55.6370, 92.2442
1741334469.592, 2.033, 3.846, 0.6449, -0.8739, -5.0416, -0.4859, 55.6506, 92.2388
1741334469.671, 2.034, 3.847, 0.6448, -0.8738, -5.0416, -0.4879, 55.6527, 92.2378
1741334469.751, 2.034, 3.847, 0.6449, -0.8739, -5.0416, -0.4746, 55.6527, 92.2369
1741334469.831, 2.033, 3.846, 0.6448, -0.8739, -5.0416, -0.4608, 55.6547, 92.2290
1741334469.910, 2.033, 3.845, 0.6448, -0.8739, -5.0416, -0.4726, 55.6524, 92.2332
1741334469.990, 2.034, 3.845, 0.6429, -0.8739, -5.0402, -0.5262, 55.7075, 92.3295
1741334470.070, 2.035, 3.847, 0.6366, -0.8739, -5.0359, -0.5730, 55.6935, 92.2493
1741334470.149, 2.035, 3.847, 0.6269, -0.8746, -5.0295, -0.5148, 55.5159, 92.1993
1741334470.229, 2.032, 3.839, 0.6157, -0.8751, -5.0217, -0.3986, 55.5122, 92.1378
1741334470.309, 2.033, 3.824, 0.6051, -0.8751, -5.0144, -0.3583, 55.4895, 92.1312
1741334470.388, 2.031, 3.811, 0.5958, -0.8753, -5.0081, -0.2472, 55.4065, 92.0700
1741334470.468, 2.033, 3.795, 0.5876, -0.8755, -5.0023, -0.2107, 55.2549, 92.0573
1741334470.547, 2.033, 3.795, 0.5801, -0.8760, -4.9971, -0.2273, 55.2174, 92.1184
1741334470.627, 2.034, 3.779, 0.5726, -0.8761, -4.9918, -0.2700, 55.1350, 92.1641
1741334470.707, 2.036, 3.770, 0.5644, -0.8765, -4.9856, -0.3823, 55.0483, 92.2774
1741334470.786, 2.037, 3.756, 0.5546, -0.8764, -4.9791, -0.3113, 55.0417, 92.1869
1741334470.866, 2.038, 3.744, 0.5441, -0.8773, -4.9717, -0.3425, 54.9997, 92.1516
1741334470.946, 2.038, 3.744, 0.5339, -0.8777, -4.9643, -0.3691, 54.9275, 92.1521
1741334471.025, 2.037, 3.727, 0.5239, -0.8782, -4.9569, -0.4622, 54.9194, 92.2365
1741334471.344, 2.040, 3.681, 0.4884, -0.8800, -4.9314, -0.3387, 54.4638, 92.2347
1741334471.543, 2.041, 3.657, 0.4657, -0.8796, -4.9150, -0.5233, 54.1991, 92.2697
1741334471.742, 2.044, 3.626, 0.4431, -0.8806, -4.8986, -0.3362, 53.8184, 92.0707
1741334473.755, 2.057, 3.351, 0.2143, -0.8886, -4.7342, -0.3895, 55.7487, 92.3266
1741334473.833, 2.057, 3.335, 0.2058, -0.8891, -4.7285, -0.4378, 55.7792, 92.3403
1741334473.912, 2.057, 3.318, 0.1979, -0.8894, -4.7230, -0.4328, 55.7983, 92.3019
1741334473.992, 2.057, 3.302, 0.1906, -0.8897, -4.7180, -0.5028, 55.7746, 92.2972
1741334474.072, 2.058, 3.294, 0.1831, -0.8896, -4.7127, -0.5280, 55.7937, 92.2482
1741334474.152, 2.058, 3.294, 0.1749, -0.8902, -4.7073, -0.5267, 55.7706, 92.2719
1741334474.231, 2.057, 3.279, 0.1665, -0.8903, -4.7015, -0.4032, 55.6554, 92.2111
1741334474.311, 2.058, 3.266, 0.1573, -0.8904, -4.6955, -0.2971, 55.4722, 92.0931
1741334474.390, 2.058, 3.257, 0.1482, -0.8907, -4.6891, -0.3585, 55.3445, 92.0943
1741334474.470, 2.058, 3.244, 0.1386, -0.8913, -4.6825, -0.1256, 55.1258, 91.8421
1741334474.550, 2.058, 3.244, 0.1294, -0.8914, -4.6763, -0.2317, 55.1986, 91.8940
1741334474.629, 2.059, 3.229, 0.1205, -0.8919, -4.6696, -0.2387, 54.9780, 91.8280
1741334474.709, 2.059, 3.218, 0.1119, -0.8924, -4.6635, -0.1488, 54.7482, 91.6772
1741334474.789, 2.061, 3.200, 0.1033, -0.8927, -4.6579, 0.0231, 54.6885, 91.4930
1741334474.868, 2.062, 3.190, 0.0951, -0.8929, -4.6519, 0.0818, 54.6333, 91.4469
1741334474.948, 2.062, 3.190, 0.0871, -0.8933, -4.6462, 0.1467, 54.6142, 91.3875
1741334475.028, 2.064, 3.178, 0.0793, -0.8934, -4.6408, 0.0926, 54.5496, 91.4254
1741334475.107, 2.064, 3.169, 0.0743, -0.8933, -4.6372, 0.0588, 54.4723, 91.4828
1741334475.187, 2.065, 3.153, 0.0734, -0.8934, -4.6365, 0.1016, 54.5009, 91.4627
1741334475.266, 2.066, 3.145, 0.0738, -0.8935, -4.6367, 0.1175, 54.5008, 91.4205
1741334475.346, 2.066, 3.145, 0.0739, -0.8935, -4.6368, 0.1374, 54.4873, 91.4218
1741334475.426, 2.064, 3.151, 0.0740, -0.8935, -4.6369, 0.0888, 54.5835, 91.4599
1741334475.505, 2.064, 3.145, 0.0740, -0.8935, -4.6368, 0.1549, 54.5414, 91.4513
1741334475.585, 2.065, 3.150, 0.0739, -0.8936, -4.6370, 0.1471, 54.5293, 91.4651
1741334475.665, 2.064, 3.150, 0.0738, -0.8936, -4.6368, 0.1334, 54.5231, 91.4514
1741334475.744, 2.064, 3.150, 0.0739, -0.8936, -4.6368, 0.1846, 54.5279, 91.4162
1741334475.824, 2.065, 3.146, 0.0739, -0.8936, -4.6371, 0.2057, 54.5181, 91.4045
1741334475.904, 2.064, 3.151, 0.0740, -0.8937, -4.6369, 0.2013, 54.5090, 91.4199
1741334475.983, 2.065, 3.145, 0.0738, -0.8936, -4.6368, 0.2143, 54.4972, 91.4043
1741334476.063, 2.065, 3.146, 0.0722, -0.8937, -4.6354, 0.1860, 54.2776, 91.4814
1741334476.142, 2.065, 3.146, 0.0697, -0.8937, -4.6330, 0.1540, 53.8127, 91.4823
1741334476.222, 2.065, 3.143, 0.0656, -0.8938, -4.6290, 0.1858, 53.0190, 91.5160
1741334476.302, 2.068, 3.145, 0.0611, -0.8940, -4.6246, 0.2115, 52.3027, 91.5628
1741334476.381, 2.071, 3.139, 0.0569, -0.8941, -4.6204, 0.2118, 51.5883, 91.6095
1741334476.461, 2.078, 3.141, 0.0534, -0.8942, -4.6168, 0.1911, 50.9564, 91.6547
1741334476.541, 2.078, 3.141, 0.0505, -0.8944, -4.6138, 0.1839, 50.4465, 91.6579
1741334476.620, 2.084, 3.138, 0.0482, -0.8946, -4.6112, 0.2328, 50.0140, 91.6062
1741334476.700, 2.086, 3.132, 0.0456, -0.8947, -4.6084, 0.2472, 49.5567, 91.5862
1741334476.780, 2.089, 3.132, 0.0434, -0.8948, -4.6061, 0.2735, 49.1203, 91.5321
1741334476.859, 2.096, 3.132, 0.0413, -0.8950, -4.6036, 0.2320, 48.6676, 91.5914
1741334476.939, 2.096, 3.132, 0.0388, -0.8949, -4.6009, 0.2063, 48.3903, 91.6207
1741334477.019, 2.100, 3.136, 0.0364, -0.8950, -4.5990, 0.1635, 48.3436, 91.6291
1741334477.098, 2.103, 3.136, 0.0341, -0.8952, -4.5969, 0.0823, 48.3016, 91.6982
1741334477.178, 2.105, 3.133, 0.0319, -0.8953, -4.5948, 0.0812, 48.3270, 91.7077
1741334477.258, 2.104, 3.128, 0.0299, -0.8956, -4.5931, 0.0682, 48.2984, 91.7033
1741334477.337, 2.104, 3.128, 0.0278, -0.8955, -4.5912, 0.0865, 48.3192, 91.6972
1741334477.417, 2.107, 3.124, 0.0254, -0.8955, -4.5891, 0.0469, 48.3038, 91.7161
1741334477.497, 2.107, 3.119, 0.0228, -0.8954, -4.5867, 0.0378, 48.3236, 91.7276
1741334477.576, 2.105, 3.119, 0.0201, -0.8958, -4.5843, 0.0264, 48.2957, 91.7162
1741334477.656, 2.108, 3.108, 0.0174, -0.8957, -4.5818, 0.0028, 48.3020, 91.7136
1741334477.735, 2.108, 3.108, 0.0143, -0.8958, -4.5791, 0.0231, 48.3177, 91.6944
1741334477.815, 2.108, 3.103, 0.0113, -0.8960, -4.5765, 0.0459, 48.3287, 91.6651
1741334477.895, 2.109, 3.098, 0.0075, -0.8960, -4.5729, 0.0885, 48.0867, 91.6170
1741334477.974, 2.111, 3.092, 0.0038, -0.8960, -4.5687, 0.1350, 47.6118, 91.5891
1741334478.054, 2.116, 3.090, -0.0003, -0.8962, -4.5647, 0.1701, 47.1360, 91.5689
1741334478.134, 2.116, 3.090, -0.0041, -0.8963, -4.5606, 0.1301, 46.6053, 91.5942
1741334478.213, 2.120, 3.094, -0.0073, -0.8967, -4.5570, 0.2215, 46.1620, 91.5275
1741334478.293, 2.127, 3.093, -0.0106, -0.8967, -4.5533, 0.2149, 45.7058, 91.5584
1741334478.373, 2.133, 3.093, -0.0140, -0.8966, -4.5494, 0.2162, 45.2141, 91.5455
1741334478.453, 2.138, 3.093, -0.0172, -0.8970, -4.5457, 0.2094, 44.7547, 91.5430
1741334478.532, 2.138, 3.093, -0.0202, -0.8971, -4.5418, 0.1844, 44.2204, 91.5542
1741334478.611, 2.146, 3.088, -0.0234, -0.8973, -4.5380, 0.1970, 43.6629, 91.5581
1741334478.691, 2.154, 3.095, -0.0266, -0.8974, -4.5343, 0.2570, 43.1772, 91.5230
1741334478.771, 2.163, 3.098, -0.0295, -0.8977, -4.5301, 0.1403, 42.7055, 91.6354
1741334478.851, 2.172, 3.094, -0.0328, -0.8979, -4.5266, 0.1522, 42.6547, 91.6035
1741334478.930, 2.172, 3.094, -0.0359, -0.8980, -4.5231, 0.0709, 42.6006, 91.6373
1741334479.010, 2.177, 3.097, -0.0387, -0.8980, -4.5202, 0.1175, 42.5767, 91.6034
1741334479.089, 2.179, 3.093, -0.0415, -0.8982, -4.5172, 0.1635, 42.5454, 91.5681
1741334479.169, 2.180, 3.088, -0.0442, -0.8981, -4.5142, 0.1414, 42.5257, 91.5824
1741334479.249, 2.180, 3.088, -0.0471, -0.8984, -4.5110, 0.1068, 42.5294, 91.5858
1741334479.328, 2.183, 3.084, -0.0503, -0.8983, -4.5078, 0.0978, 42.4922, 91.5855
1741334479.408, 2.183, 3.072, -0.0535, -0.8984, -4.5043, 0.0575, 42.4556, 91.5795
1741334479.487, 2.187, 3.074, -0.0569, -0.8986, -4.5006, 0.0805, 42.4272, 91.5542
1741334479.567, 2.191, 3.062, -0.0600, -0.8986, -4.4974, 0.1667, 42.4087, 91.4865
1741334479.647, 2.191, 3.062, -0.0633, -0.8989, -4.4940, 0.1990, 42.4396, 91.4601
1741334479.726, 2.191, 3.063, -0.0663, -0.8989, -4.4908, 0.2172, 42.3849, 91.4954
1741334479.806, 2.193, 3.057, -0.0692, -0.8989, -4.4877, 0.2186, 42.5482, 91.4879
1741334479.886, 2.194, 3.050, -0.0726, -0.8990, -4.4844, 0.1862, 42.7603, 91.5404
1741334479.966, 2.193, 3.039, -0.0763, -0.8993, -4.4813, 0.1748, 43.1849, 91.5702
1741334480.045, 2.193, 3.039, -0.0799, -0.8994, -4.4780, 0.1295, 43.7214, 91.6133
1741334480.125, 2.191, 3.029, -0.0837, -0.8995, -4.4754, 0.1486, 44.3646, 91.5877
1741334480.204, 2.184, 3.020, -0.0874, -0.8996, -4.4725, 0.1125, 45.0458, 91.6305
1741334480.284, 2.178, 3.002, -0.0913, -0.8997, -4.4697, 0.1026, 45.6908, 91.6520
1741334480.364, 2.171, 2.980, -0.0950, -0.8999, -4.4669, 0.0736, 46.4130, 91.6589
1741334480.443, 2.171, 2.980, -0.0991, -0.9000, -4.4642, 0.0615, 47.1226, 91.6488
1741334480.523, 2.161, 2.966, -0.1033, -0.9002, -4.4614, 0.0419, 47.9380, 91.6186
1741334480.603, 2.156, 2.958, -0.1071, -0.9003, -4.4589, -0.0181, 48.6278, 91.6319
1741334480.682, 2.148, 2.944, -0.1107, -0.9004, -4.4566, -0.0258, 49.2863, 91.6025
1741334480.762, 2.143, 2.932, -0.1143, -0.9006, -4.4543, -0.0772, 49.9766, 91.6059
1741334480.842, 2.143, 2.932, -0.1180, -0.9006, -4.4523, -0.0609, 50.6614, 91.5617
1741334480.921, 2.138, 2.914, -0.1219, -0.9008, -4.4499, -0.1000, 51.3597, 91.6092
1741334481.001, 2.134, 2.910, -0.1259, -0.9010, -4.4475, -0.1011, 52.1043, 91.5742
1741334481.080, 2.130, 2.900, -0.1302, -0.9012, -4.4452, -0.1652, 52.9004, 91.6147
1741334481.160, 2.125, 2.884, -0.1347, -0.9010, -4.4426, -0.2228, 53.7650, 91.6924
1741334481.240, 2.125, 2.884, -0.1393, -0.9012, -4.4402, -0.2636, 54.5795, 91.7006
1741334481.319, 2.121, 2.878, -0.1439, -0.9012, -4.4381, -0.2014, 55.4408, 91.6744
1741334481.399, 2.119, 2.870, -0.1496, -0.9013, -4.4346, -0.1329, 55.7313, 91.6586
1741334481.479, 2.113, 2.855, -0.1559, -0.9013, -4.4304, -0.0319, 55.7062, 91.5782
1741334481.558, 2.115, 2.847, -0.1629, -0.9014, -4.4255, -0.0368, 55.6599, 91.5277
1741334481.638, 2.115, 2.847, -0.1706, -0.9018, -4.4201, -0.0269, 55.6277, 91.4959
1741334481.718, 2.115, 2.836, -0.1789, -0.9020, -4.4143, -0.0070, 55.6138, 91.4393
1741334481.797, 2.116, 2.830, -0.1869, -0.9023, -4.4085, -0.0621, 55.5061, 91.4262
1741334481.877, 2.114, 2.818, -0.1943, -0.9029, -4.4031, -0.1098, 55.3891, 91.4277
1741334481.957, 2.116, 2.799, -0.2019, -0.9029, -4.3978, 0.0092, 55.3031, 91.3294
1741334482.036, 2.116, 2.799, -0.2091, -0.9030, -4.3928, 0.0405, 55.2764, 91.2813
1741334482.116, 2.116, 2.795, -0.2164, -0.9030, -4.3885, 0.0228, 55.7651, 91.2901
1741334482.196, 2.116, 2.778, -0.2245, -0.9030, -4.3855, 0.1995, 57.6042, 91.0804
1741334482.275, 2.117, 2.769, -0.2327, -0.9033, -4.3828, -0.0269, 59.8491, 91.2472
1741334482.355, 2.109, 2.757, -0.2410, -0.9037, -4.3796, -0.0592, 61.1776, 91.3274
1741334484.247, 2.096, 2.526, -0.4545, -0.9081, -4.2527, 0.3847, 58.8520, 90.6260
1741334484.326, 2.096, 2.526, -0.4658, -0.9085, -4.2453, 0.2691, 58.7996, 90.6407
1741334484.406, 2.096, 2.509, -0.4781, -0.9083, -4.2381, 0.5142, 58.6816, 90.3552
1741334484.485, 2.096, 2.488, -0.4907, -0.9087, -4.2305, 0.5385, 58.5262, 90.3603
1741334484.565, 2.093, 2.477, -0.5032, -0.9089, -4.2226, 0.4643, 58.4399, 90.5181
1741334484.645, 2.095, 2.477, -0.5153, -0.9088, -4.2148, 0.4867, 58.2830, 90.5335
1741334484.724, 2.095, 2.454, -0.5282, -0.9092, -4.2074, 0.3044, 58.6183, 90.6771
1741334484.804, 2.092, 2.440, -0.5413, -0.9096, -4.2016, 0.3539, 60.3447, 90.5587
1741334484.883, 2.092, 2.420, -0.5542, -0.9101, -4.1950, 0.4214, 60.8038, 90.4370
1741334484.963, 2.094, 2.404, -0.5666, -0.9103, -4.1880, 0.5575, 60.7473, 90.2641
1741334485.043, 2.094, 2.404, -0.5789, -0.9100, -4.1810, 0.5583, 60.7041, 90.2828
1741334485.123, 2.094, 2.389, -0.5908, -0.9108, -4.1749, 0.8554, 60.6488, 89.9483
1741334485.202, 2.090, 2.373, -0.6029, -0.9110, -4.1674, 0.5083, 60.5921, 90.3406
1741334485.282, 2.089, 2.355, -0.6161, -0.9107, -4.1599, 0.6773, 60.5301, 90.1824
1741334485.362, 2.088, 2.338, -0.6296, -0.9114, -4.1520, 0.4526, 60.3760, 90.4457
1741334485.441, 2.088, 2.338, -0.6439, -0.9119, -4.1434, 0.3758, 60.3891, 90.5586
1741334485.521, 2.086, 2.315, -0.6591, -0.9113, -4.1347, 0.5840, 60.4500, 90.3728
1741334485.601, 2.085, 2.299, -0.6744, -0.9122, -4.1262, 0.6554, 60.4551, 90.3907
1741334485.680, 2.085, 2.276, -0.6884, -0.9123, -4.1166, 0.6242, 59.4160, 90.6099
1741334485.760, 2.084, 2.255, -0.7027, -0.9123, -4.1061, 0.4466, 57.9992, 90.8939
1741334485.840, 2.084, 2.255, -0.7179, -0.9134, -4.0964, 0.5078, 57.8832, 90.9614
1741334485.919, 2.082, 2.231, -0.7326, -0.9135, -4.0868, 0.4563, 57.7822, 90.9541
1741334485.998, 2.082, 2.207, -0.7471, -0.9141, -4.0781, 0.6481, 57.5479, 90.8027
1741334486.078, 2.082, 2.184, -0.7616, -0.9143, -4.0693, 0.8107, 57.4684, 90.5745
1741334486.158, 2.081, 2.163, -0.7752, -0.9146, -4.0608, 0.8816, 57.3945, 90.4302
1741334486.238, 2.081, 2.163, -0.7888, -0.9147, -4.0518, 0.8552, 57.2732, 90.5109
1741334486.317, 2.084, 2.143, -0.8025, -0.9152, -4.0424, 0.7632, 57.1828, 90.5644
1741334486.397, 2.082, 2.122, -0.8168, -0.9158, -4.0333, 0.7879, 57.2012, 90.4530
1741334486.477, 2.084, 2.100, -0.8316, -0.9163, -4.0237, 0.7508, 57.1553, 90.3506
1741334486.556, 2.085, 2.079, -0.8462, -0.9169, -4.0143, 0.6624, 57.2023, 90.5262
1741334486.636, 2.085, 2.079, -0.8604, -0.9170, -4.0050, 0.7990, 57.2376, 90.5131
1741334486.715, 2.084, 2.058, -0.8743, -0.9172, -3.9958, 0.7189, 57.1753, 90.7387
1741334486.795, 2.084, 2.037, -0.8883, -0.9176, -3.9864, 0.6225, 57.0694, 90.9220
1741334486.875, 2.081, 2.016, -0.9024, -0.9181, -3.9773, 0.6460, 56.9834, 90.8121
1741334486.956, 2.083, 1.995, -0.9177, -0.9185, -3.9672, 0.6807, 56.6789, 90.8922
1741334487.034, 2.083, 1.995, -0.9318, -0.9188, -3.9581, 0.7630, 56.4569, 90.8434
1741334487.114, 2.084, 1.972, -0.9462, -0.9195, -3.9489, 1.0262, 56.4114, 90.6235
1741334487.193, 2.096, 1.951, -0.9605, -0.9196, -3.9394, 1.0129, 56.4315, 90.7204
1741334487.273, 2.106, 1.929, -0.9741, -0.9204, -3.9300, 0.9466, 56.2738, 90.7846
1741334487.353, 2.108, 1.909, -0.9883, -0.9210, -3.9199, 0.6928, 56.1163, 91.0393
1741334487.432, 2.108, 1.909, -1.0026, -0.9214, -3.9098, 0.5228, 56.0354, 91.0947
1741334487.512, 2.108, 1.888, -1.0165, -0.9218, -3.9004, 0.5931, 56.0361, 90.9423
1741334487.591, 2.109, 1.865, -1.0304, -0.9223, -3.8908, 0.5578, 56.0326, 91.0067
1741334487.671, 2.112, 1.846, -1.0435, -0.9231, -3.8817, 0.6012, 55.9620, 91.0577
1741334487.751, 2.111, 1.823, -1.0567, -0.9230, -3.8726, 0.6043, 55.7950, 91.0959
1741334487.830, 2.111, 1.823, -1.0702, -0.9234, -3.8633, 0.6580, 55.6829, 91.0242
1741334487.910, 2.112, 1.803, -1.0844, -0.9241, -3.8537, 0.5240, 55.8004, 91.0339
1741334487.990, 2.112, 1.781, -1.0990, -0.9247, -3.8447, 0.6221, 56.1786, 90.9643
1741334488.069, 2.113, 1.761, -1.1135, -0.9254, -3.8353, 0.7086, 56.3235, 90.9502
1741334488.149, 2.113, 1.740, -1.1271, -0.9257, -3.8261, 0.7579, 56.2488, 90.8908
1741334488.229, 2.113, 1.740, -1.1403, -0.9263, -3.8172, 0.7657, 56.2200, 90.8527
1741334488.308, 2.114, 1.720, -1.1535, -0.9264, -3.8081, 0.6283, 56.1604, 90.9756
1741334488.388, 2.113, 1.701, -1.1673, -0.9273, -3.7986, 0.4952, 56.0496, 91.0917
1741334488.468, 2.114, 1.680, -1.1810, -0.9276, -3.7891, 0.4073, 56.0615, 91.1123
1741334488.547, 2.116, 1.661, -1.1947, -0.9278, -3.7798, 0.3953, 56.0391, 91.0985
1741334488.627, 2.116, 1.661, -1.2085, -0.9282, -3.7708, 0.4533, 56.0533, 91.0898
1741334488.706, 2.114, 1.637, -1.2219, -0.9286, -3.7615, 0.5118, 56.0018, 91.0805
1741334488.786, 2.116, 1.617, -1.2349, -0.9285, -3.7524, 0.3975, 55.8434, 91.0873
1741334488.866, 2.116, 1.595, -1.2488, -0.9291, -3.7431, 0.4482, 55.8450, 91.0089
1741334488.945, 2.115, 1.575, -1.2628, -0.9300, -3.7334, 0.4488, 55.7268, 90.9134
1741334489.025, 2.115, 1.575, -1.2770, -0.9302, -3.7238, 0.4546, 55.5843, 90.9231
1741334489.105, 2.116, 1.554, -1.2905, -0.9307, -3.7145, 0.6007, 55.6643, 90.7304
1741334489.185, 2.117, 1.532, -1.3040, -0.9307, -3.7056, 0.6599, 55.7178, 90.6453
1741334489.383, 2.118, 1.491, -1.3380, -0.9322, -3.6822, 0.4826, 55.6618, 90.7799
1741334489.463, 2.118, 1.470, -1.3519, -0.9326, -3.6723, 0.3990, 55.6940, 90.7954
1741334489.543, 2.119, 1.448, -1.3658, -0.9328, -3.6628, 0.5155, 55.7107, 90.6456
1741334489.622, 2.119, 1.448, -1.3795, -0.9330, -3.6537, 0.5452, 55.7299, 90.6548
1741334489.702, 2.120, 1.430, -1.3892, -0.9325, -3.6447, -0.1834, 55.0200, 90.5004
1741334489.782, 2.121, 1.409, -1.3960, -0.9320, -3.6386, -0.6009, 54.9827, 90.5558
1741334489.981, 2.124, 1.381, -1.4287, -0.9321, -3.6201, 0.3488, 56.5444, 88.6205
1741334490.180, 2.119, 1.338, -1.4812, -0.9345, -3.5940, 0.7067, 60.2984, 90.6074
1741334490.260, 2.117, 1.308, -1.4968, -0.9349, -3.5846, 0.7019, 60.1300, 90.8562
1741334490.341, 2.114, 1.282, -1.5087, -0.9358, -3.5739, -1.1969, 60.8983, 92.6919
1741334490.419, 2.114, 1.282, -1.5160, -0.9349, -3.5667, -3.1701, 61.2530, 94.6141
1741334490.498, 2.116, 1.261, -1.5216, -0.9347, -3.5613, -3.2503, 59.8915, 94.2003
1741334490.578, 2.121, 1.249, -1.5267, -0.9341, -3.5559, -3.5364, 58.4262, 93.7034
1741334490.658, 2.120, 1.238, -1.5355, -0.9328, -3.5495, -4.1345, 58.8960, 93.0819
1741334490.738, 2.120, 1.238, -1.5526, -0.9327, -3.5397, -4.1179, 59.6206, 93.0073
1741334490.817, 2.122, 1.228, -1.5802, -0.9360, -3.5356, 2.7625, 59.6994, 87.7412
1741334490.897, 2.122, 1.228, -1.6011, -0.9375, -3.5204, -1.2525, 59.7415, 92.1565
1741334490.976, 2.109, 1.178, -1.6209, -0.9366, -3.5101, 0.9044, 59.9858, 90.3997
1741334491.056, 2.109, 1.144, -1.6362, -0.9388, -3.4999, 0.4249, 59.7257, 90.7068
1741334491.136, 2.109, 1.144, -1.6477, -0.9387, -3.4954, 1.8254, 59.0280, 89.8031
1741334491.215, 2.107, 1.118, -1.6543, -0.9382, -3.4950, 3.6969, 58.8207, 88.2820
1741334491.295, 2.105, 1.102, -1.6631, -0.9377, -3.4922, 4.9425, 58.6824, 87.2205
1741334491.375, 2.103, 1.092, -1.6770, -0.9387, -3.4842, 5.2059, 58.3382, 86.9274
1741334491.454, 2.100, 1.081, -1.6951, -0.9392, -3.4713, 4.4189, 57.8928, 87.6711
1741334491.534, 2.100, 1.081, -1.7128, -0.9404, -3.4563, 3.1958, 57.1662, 88.6290
1741334491.614, 2.100, 1.059, -1.7281, -0.9406, -3.4406, 0.7397, 56.8912, 90.3829
1741334491.693, 2.101, 1.030, -1.7428, -0.9419, -3.4303, 0.5670, 56.9539, 90.5636
1741334491.773, 2.105, 1.002, -1.7543, -0.9424, -3.4230, 0.7455, 56.8715, 90.4515
1741334491.852, 2.105, 0.981, -1.7647, -0.9428, -3.4162, 0.7528, 56.9238, 90.3867
1741334491.933, 2.105, 0.981, -1.7759, -0.9426, -3.4086, 0.7244, 56.9543, 90.3682
1741334492.012, 2.105, 0.964, -1.7887, -0.9436, -3.4004, 0.7904, 56.8518, 90.3328
1741334492.091, 2.106, 0.948, -1.8030, -0.9438, -3.3909, 0.8268, 56.6484, 90.2794
1741334492.171, 2.106, 0.932, -1.8177, -0.9438, -3.3808, 0.8476, 56.4601, 90.2806
1741334492.251, 2.107, 0.908, -1.8322, -0.9439, -3.3707, 0.8436, 56.2820, 90.2244
1741334492.330, 2.107, 0.908, -1.8462, -0.9441, -3.3613, 0.9203, 56.3265, 90.0503
1741334492.410, 2.106, 0.886, -1.8598, -0.9443, -3.3520, 0.7759, 56.2478, 90.1510
1741334492.490, 2.105, 0.862, -1.8733, -0.9448, -3.3425, 0.7482, 56.1986, 90.1932
1741334492.569, 2.109, 0.842, -1.8868, -0.9449, -3.3331, 0.6699, 56.1343, 90.2478
1741334492.649, 2.109, 0.828, -1.8997, -0.9453, -3.3242, 0.7371, 56.0623, 90.2211
1741334492.728, 2.109, 0.828, -1.9127, -0.9461, -3.3156, 0.7615, 56.0177, 90.2549
1741334492.808, 2.110, 0.810, -1.9246, -0.9464, -3.3076, 0.6562, 56.1811, 90.3064
1741334492.888, 2.110, 0.789, -1.9375, -0.9461, -3.3017, 0.7635, 58.2628, 90.1638
1741334492.967, 2.111, 0.772, -1.9517, -0.9462, -3.2973, 0.7639, 61.7821, 90.0742
1741334493.047, 2.105, 0.754, -1.9665, -0.9472, -3.2926, 0.9098, 64.0405, 89.9647
1741334493.127, 2.105, 0.754, -1.9802, -0.9471, -3.2862, 1.1390, 64.1550, 89.8766
1741334493.206, 2.110, 0.739, -1.9936, -0.9475, -3.2797, 1.2416, 63.9483, 89.7794
1741334493.406, 2.108, 0.700, -2.0283, -0.9480, -3.2620, 1.2343, 63.6758, 89.6356
1741334493.485, 2.103, 0.681, -2.0429, -0.9486, -3.2520, 1.1804, 61.6715, 89.7269
1741334493.565, 2.102, 0.666, -2.0559, -0.9484, -3.2391, 1.1329, 57.1760, 89.7481
1741334493.645, 2.094, 0.643, -2.0702, -0.9491, -3.2257, 0.8675, 54.6582, 90.1098
1741334493.724, 2.094, 0.643, -2.0860, -0.9490, -3.2144, 0.8818, 54.6886, 90.1269
1741334493.804, 2.097, 0.618, -2.1017, -0.9493, -3.2034, 0.9823, 54.7578, 90.1493
1741334493.884, 2.100, 0.590, -2.1165, -0.9497, -3.1932, 1.0636, 54.9381, 89.9935
1741334493.963, 2.101, 0.573, -2.1313, -0.9500, -3.1846, 0.9948, 56.1981, 89.9377
1741334494.043, 2.100, 0.551, -2.1469, -0.9503, -3.1788, 1.1512, 59.4740, 89.7516
1741334494.123, 2.100, 0.551, -2.1622, -0.9512, -3.1731, 1.3249, 61.9940, 89.5600
1741334494.202, 2.096, 0.524, -2.1767, -0.9512, -3.1656, 1.2881, 62.2361, 89.5932
1741334494.282, 2.097, 0.512, -2.1907, -0.9514, -3.1578, 1.3015, 61.9953, 89.4850
1741334494.361, 2.096, 0.487, -2.2053, -0.9510, -3.1499, 1.1558, 61.9994, 89.5220
1741334494.441, 2.095, 0.473, -2.2202, -0.9520, -3.1410, 1.1004, 61.4636, 89.5516
1741334494.520, 2.095, 0.473, -2.2337, -0.9523, -3.1299, 1.1420, 58.5296, 89.5056
1741334494.600, 2.091, 0.445, -2.2453, -0.9521, -3.1167, 0.9022, 54.2861, 89.7712
1741334494.680, 2.086, 0.424, -2.2587, -0.9523, -3.1050, 0.8894, 52.8760, 89.8756
1741334494.760, 1.967, 0.404, -2.2709, -0.9524, -3.0956, 0.8727, 52.9788, 90.0018
1741334494.839, 1.948, 0.386, -2.2760, -0.9525, -3.0915, 0.8595, 53.0683, 90.0563
1741334494.919, 1.948, 0.386, -2.2749, -0.9526, -3.0926, 0.8786, 53.0370, 90.0075
1741334494.998, 0.968, 0.364, -2.2731, -0.9527, -3.0939, 0.8874, 53.0002, 89.9714
1741334495.078, 0.964, 0.363, -2.2721, -0.9527, -3.0948, 0.9516, 52.9472, 89.8872
1741334495.158, 0.967, 0.366, -2.2717, -0.9526, -3.0950, 0.8454, 53.1692, 89.9821
1741334495.238, 1.951, 0.367, -2.2718, -0.9526, -3.0948, 0.8118, 53.1594, 89.9894
1741334495.317, 1.951, 0.367, -2.2719, -0.9527, -3.0950, 0.8853, 53.1486, 89.9652
1741334495.397, 1.947, 0.367, -2.2718, -0.9526, -3.0949, 0.8931, 53.1677, 89.9711
1741334495.476, 1.948, 0.367, -2.2718, -0.9526, -3.0950, 0.8915, 53.1615, 89.9636
1741334495.556, 1.948, 0.371, -2.2719, -0.9527, -3.0948, 0.8887, 53.1619, 89.9713
1741334495.636, 1.948, 0.367, -2.2718, -0.9527, -3.0948, 0.8952, 53.1586, 89.9734
1741334495.715, 1.948, 0.367, -2.2718, -0.9527, -3.0948, 0.9199, 53.1594, 89.9610
1741334495.795, 1.948, 0.371, -2.2719, -0.9527, -3.0948, 0.9193, 53.1595, 89.9651
1741334495.875, 1.947, 0.371, -2.2717, -0.9528, -3.0947, 0.9086, 53.1599, 89.9495
1741334495.954, 1.949, 0.371, -2.2718, -0.9526, -3.0947, 0.9359, 53.1033, 89.9375
1741334496.034, 1.949, 0.368, -2.2710, -0.9526, -3.0957, 0.9695, 53.2524, 89.9300
1741334496.114, 1.949, 0.368, -2.2674, -0.9524, -3.0986, 0.9596, 53.5893, 89.9133
1741334496.193, 1.949, 0.372, -2.2632, -0.9525, -3.1018, 0.9059, 53.5445, 89.9209
1741334496.273, 1.946, 0.371, -2.2597, -0.9525, -3.1043, 0.8967, 53.5646, 89.8710
1741334496.352, 1.947, 0.384, -2.2584, -0.9524, -3.1054, 0.8664, 53.5676, 89.8646
1741334496.432, 1.947, 0.384, -2.2583, -0.9525, -3.1052, 0.8604, 53.5587, 89.8786
1741334496.512, 1.945, 0.384, -2.2584, -0.9524, -3.1052, 0.8741, 53.5587, 89.8642
1741334496.591, 1.945, 0.385, -2.2575, -0.9525, -3.1057, 0.8642, 53.6197, 89.8824
1741334496.671, 1.945, 0.385, -2.2523, -0.9524, -3.1095, 0.8878, 53.5656, 89.8360
1741334496.751, 1.946, 0.391, -2.2439, -0.9523, -3.1159, 0.8953, 53.6292, 89.7726
1741334496.830, 1.946, 0.401, -2.2335, -0.9520, -3.1236, 0.9324, 53.6665, 89.7815
1741334496.910, 1.945, 0.401, -2.2235, -0.9520, -3.1312, 1.0111, 53.6721, 89.7064
1741334496.990, 1.961, 0.415, -2.2147, -0.9517, -3.1379, 1.0618, 53.6893, 89.7162
1741334497.069, 2.075, 0.431, -2.2088, -0.9517, -3.1425, 1.1164, 53.6779, 89.6359
1741334497.149, 2.096, 0.441, -2.2054, -0.9517, -3.1451, 1.1564, 53.6819, 89.6158
1741334497.229, 2.096, 0.453, -2.2038, -0.9515, -3.1461, 1.1229, 53.6772, 89.6525
1741334497.308, 2.096, 0.453, -2.2030, -0.9514, -3.1467, 1.0926, 53.6902, 89.6928
1741334497.388, 2.096, 0.456, -2.2012, -0.9513, -3.1481, 1.0896, 53.6704, 89.6924
1741334497.468, 2.096, 0.453, -2.1982, -0.9514, -3.1501, 1.0487, 53.6544, 89.7763
1741334497.547, 2.095, 0.456, -2.1932, -0.9513, -3.1536, 1.0626, 53.7175, 89.7916
1741334497.627, 2.095, 0.456, -2.1869, -0.9512, -3.1586, 1.1229, 53.7186, 89.7768
1741334497.706, 2.096, 0.466, -2.1786, -0.9507, -3.1647, 1.1381, 53.7654, 89.7783
1741334497.786, 2.094, 0.476, -2.1697, -0.9509, -3.1709, 1.1065, 53.7694, 89.8436
1741334497.866, 2.093, 0.482, -2.1609, -0.9505, -3.1773, 1.1091, 53.7959, 89.8852
1741334497.945, 2.092, 0.500, -2.1529, -0.9504, -3.1833, 1.1020, 53.7958, 89.8598
1741334498.025, 2.092, 0.500, -2.1455, -0.9504, -3.1888, 1.1218, 53.7930, 89.8407
1741334498.105, 2.091, 0.514, -2.1385, -0.9500, -3.1937, 1.0880, 53.7957, 89.8679
1741334498.184, 2.091, 0.525, -2.1317, -0.9499, -3.1987, 1.0310, 53.7713, 89.8855
1741334498.264, 2.090, 0.530, -2.1248, -0.9497, -3.2037, 1.0775, 53.7486, 89.9473
1741334498.343, 2.089, 0.543, -2.1171, -0.9493, -3.2092, 1.0437, 53.7096, 90.0087
1741334498.423, 2.089, 0.543, -2.1092, -0.9493, -3.2153, 1.0429, 53.6583, 90.0601
1741334498.503, 2.088, 0.550, -2.1009, -0.9496, -3.2213, 1.0315, 53.6307, 90.0260
1741334498.582, 2.088, 0.562, -2.0927, -0.9494, -3.2272, 0.9836, 53.6792, 90.0418
1741334498.662, 2.087, 0.579, -2.0847, -0.9494, -3.2330, 0.9403, 53.7469, 90.0254
1741334498.742, 2.087, 0.587, -2.0772, -0.9492, -3.2385, 0.9151, 53.7193, 90.0124
1741334498.822, 2.087, 0.587, -2.0699, -0.9485, -3.2437, 0.9041, 53.7145, 90.0044
1741334498.901, 2.086, 0.600, -2.0629, -0.9489, -3.2492, 0.9893, 53.7330, 89.9964
1741334498.981, 2.085, 0.615, -2.0554, -0.9488, -3.2549, 1.0368, 53.7031, 89.9334
1741334499.060, 2.085, 0.627, -2.0477, -0.9486, -3.2607, 1.1062, 53.6938, 89.8891
1741334499.140, 2.085, 0.638, -2.0403, -0.9485, -3.2665, 1.1925, 53.7038, 89.8163
1741334499.220, 2.085, 0.638, -2.0344, -0.9479, -3.2708, 1.1963, 53.6239, 89.8002
1741334499.299, 2.083, 0.651, -2.0318, -0.9478, -3.2728, 1.1692, 53.6095, 89.7982
1741334499.379, 2.083, 0.659, -2.0316, -0.9481, -3.2729, 1.1358, 53.7083, 89.8299
1741334499.459, 2.082, 0.664, -2.0319, -0.9480, -3.2727, 1.1151, 53.8989, 89.8861
1741334499.538, 2.083, 0.660, -2.0321, -0.9480, -3.2727, 1.1120, 53.9042, 89.9010
1741334499.618, 2.083, 0.660, -2.0321, -0.9480, -3.2726, 1.0988, 53.9125, 89.9104
1741334499.697, 2.083, 0.664, -2.0321, -0.9480, -3.2727, 1.1275, 53.9227, 89.8908
1741334499.777, 2.082, 0.664, -2.0321, -0.9480, -3.2726, 1.1212, 53.9246, 89.8958
1741334499.857, 2.083, 0.664, -2.0320, -0.9480, -3.2726, 1.1020, 53.9249, 89.9087
1741334499.937, 2.083, 0.663, -2.0321, -0.9480, -3.2725, 1.1263, 53.9272, 89.8896
1741334500.016, 2.083, 0.663, -2.0320, -0.9480, -3.2726, 1.0887, 53.9245, 89.9274
1741334500.096, 2.083, 0.664, -2.0320, -0.9481, -3.2726, 1.0982, 53.9340, 89.9170
1741334500.175, 2.082, 0.664, -2.0320, -0.9480, -3.2725, 1.0955, 53.9298, 89.9182
1741334500.255, 2.082, 0.660, -2.0320, -0.9480, -3.2725, 1.0870, 53.9923, 89.9002
1741334500.335, 2.082, 0.660, -2.0340, -0.9480, -3.2719, 1.1336, 54.4161, 89.8981
1741334500.414, 2.082, 0.660, -2.0386, -0.9482, -3.2700, 1.0445, 55.8510, 89.8906
1741334500.494, 2.082, 0.663, -2.0470, -0.9484, -3.2672, 1.0014, 58.2111, 89.8602
1741334500.574, 2.080, 0.655, -2.0577, -0.9483, -3.2642, 1.0477, 60.9534, 89.8739
1741334500.653, 2.076, 0.650, -2.0681, -0.9486, -3.2615, 0.9148, 63.7658, 89.9000
1741334500.733, 2.078, 0.638, -2.0760, -0.9489, -3.2601, 0.9037, 65.9624, 89.9498
1741334500.813, 2.078, 0.638, -2.0787, -0.9493, -3.2594, 1.0025, 66.4778, 89.8635
1741334500.892, 2.084, 0.629, -2.0785, -0.9491, -3.2594, 0.9718, 66.4188, 89.9054
1741334500.972, 2.089, 0.627, -2.0782, -0.9490, -3.2599, 1.0019, 66.3866, 89.8800
1741334501.051, 2.086, 0.627, -2.0781, -0.9491, -3.2595, 0.9886, 66.3795, 89.9140
1741334501.131, 2.086, 0.627, -2.0782, -0.9491, -3.2596, 0.9942, 66.3817, 89.9145
1741334501.211, 2.086, 0.627, -2.0781, -0.9490, -3.2596, 0.9796, 66.3784, 89.9334
1741334501.290, 2.087, 0.627, -2.0744, -0.9490, -3.2612, 0.9712, 66.3619, 89.9978
1741334501.370, 2.086, 0.620, -2.0623, -0.9478, -3.2666, 1.1324, 66.3472, 89.8159
1741334501.450, 2.089, 0.624, -2.0436, -0.9484, -3.2751, 1.2338, 66.4025, 89.7507
1741334501.529, 2.089, 0.641, -2.0226, -0.9482, -3.2851, 1.6206, 66.4625, 89.2885
1741334501.609, 2.092, 0.668, -2.0064, -0.9476, -3.2922, 1.5295, 66.4556, 89.4159
1741334501.689, 2.099, 0.668, -2.0014, -0.9471, -3.2944, 1.4318, 66.5109, 89.4894
1741334501.768, 2.100, 0.695, -2.0033, -0.9473, -3.2936, 1.5009, 66.4778, 89.4334
1741334501.848, 2.100, 0.705, -2.0064, -0.9475, -3.2925, 1.5386, 66.4521, 89.4011
1741334501.928, 2.100, 0.705, -2.0090, -0.9477, -3.2912, 1.4911, 66.4701, 89.4267
1741334502.007, 2.101, 0.698, -2.0094, -0.9477, -3.2908, 1.5666, 66.3699, 89.3782
1741334502.087, 2.101, 0.698, -2.0096, -0.9476, -3.2910, 1.6145, 66.3404, 89.3444
1741334502.167, 2.099, 0.695, -2.0095, -0.9477, -3.2907, 1.6360, 66.3250, 89.3327
1741334502.246, 2.099, 0.696, -2.0095, -0.9478, -3.2908, 1.6632, 66.3189, 89.2972
1741334502.326, 2.099, 0.699, -2.0099, -0.9477, -3.2905, 1.6506, 66.2414, 89.3034
1741334502.405, 2.100, 0.700, -2.0125, -0.9475, -3.2888, 1.6239, 65.7914, 89.3008
1741334502.485, 2.099, 0.700, -2.0175, -0.9476, -3.2856, 1.6575, 64.8233, 89.2586
1741334502.565, 2.097, 0.697, -2.0223, -0.9479, -3.2826, 1.6614, 64.1902, 89.2744
1741334502.644, 2.091, 0.685, -2.0252, -0.9480, -3.2810, 1.5547, 64.1688, 89.3733
1741334502.724, 2.091, 0.681, -2.0258, -0.9479, -3.2807, 1.5874, 64.1831, 89.3504
1741334502.804, 2.089, 0.674, -2.0257, -0.9479, -3.2807, 1.5561, 64.1712, 89.3839
1741334502.883, 2.088, 0.674, -2.0256, -0.9478, -3.2807, 1.5466, 64.1738, 89.3857
1741334502.963, 2.089, 0.673, -2.0257, -0.9478, -3.2806, 1.5393, 64.1740, 89.3965
1741334503.043, 2.087, 0.677, -2.0266, -0.9479, -3.2802, 1.5978, 64.0940, 89.3962
1741334503.122, 2.087, 0.674, -2.0289, -0.9477, -3.2788, 1.5986, 63.6659, 89.3406
1741334503.202, 2.090, 0.676, -2.0334, -0.9481, -3.2751, 1.4813, 62.6642, 89.4861
1741334503.281, 2.086, 0.676, -2.0374, -0.9481, -3.2714, 1.3874, 61.5713, 89.6023
1741334503.361, 2.084, 0.669, -2.0413, -0.9481, -3.2688, 1.3413, 61.1507, 89.6825
1741334503.441, 2.080, 0.660, -2.0420, -0.9483, -3.2681, 1.3046, 61.0998, 89.7073
1741334503.520, 2.080, 0.650, -2.0420, -0.9484, -3.2682, 1.3305, 61.0990, 89.6778
1741334503.600, 2.080, 0.649, -2.0419, -0.9483, -3.2683, 1.3366, 61.0946, 89.6754
1741334503.680, 2.081, 0.649, -2.0419, -0.9483, -3.2683, 1.3286, 61.0925, 89.6715
1741334503.759, 2.080, 0.653, -2.0421, -0.9483, -3.2680, 1.3536, 60.8206, 89.6383
1741334503.839, 2.081, 0.649, -2.0423, -0.9483, -3.2678, 1.3565, 60.8600, 89.6415
1741334503.919, 2.081, 0.654, -2.0424, -0.9483, -3.2678, 1.2942, 60.8367, 89.7164
1741334503.998, 2.081, 0.649, -2.0424, -0.9483, -3.2677, 1.2935, 60.8635, 89.6990
1741334504.078, 2.080, 0.649, -2.0424, -0.9483, -3.2677, 1.2863, 60.8661, 89.6954
1741334504.158, 2.080, 0.654, -2.0426, -0.9483, -3.2677, 1.2833, 60.8581, 89.6616
1741334504.237, 2.080, 0.651, -2.0451, -0.9482, -3.2659, 1.3088, 60.3893, 89.6217
1741334504.317, 2.080, 0.654, -2.0487, -0.9483, -3.2625, 1.2829, 59.2261, 89.6851
1741334504.396, 2.081, 0.645, -2.0516, -0.9483, -3.2598, 1.1330, 58.5902, 89.8293
1741334504.476, 2.079, 0.645, -2.0531, -0.9486, -3.2584, 1.1262, 58.4971, 89.8472
1741334504.556, 2.079, 0.643, -2.0528, -0.9486, -3.2588, 1.1390, 58.5557, 89.8154
1741334504.635, 2.080, 0.634, -2.0527, -0.9486, -3.2589, 1.1381, 58.5513, 89.8147
1741334504.715, 2.080, 0.635, -2.0530, -0.9484, -3.2586, 1.1217, 58.5395, 89.7876
1741334504.795, 2.079, 0.639, -2.0578, -0.9486, -3.2553, 1.1572, 58.3694, 89.7831
1741334504.874, 2.079, 0.639, -2.0641, -0.9491, -3.2505, 1.0391, 57.5964, 89.8856
1741334504.954, 2.079, 0.636, -2.0688, -0.9493, -3.2472, 0.9751, 57.4247, 89.9837
1741334505.034, 2.080, 0.622, -2.0705, -0.9489, -3.2459, 0.9723, 57.4788, 90.0003
1741334505.113, 2.080, 0.620, -2.0705, -0.9489, -3.2459, 0.9742, 57.4658, 89.9954
1741334505.193, 2.080, 0.618, -2.0705, -0.9488, -3.2459, 0.9764, 57.4712, 89.9854
1741334505.273, 2.080, 0.618, -2.0705, -0.9488, -3.2460, 0.9817, 57.4720, 89.9694
1741334505.352, 2.081, 0.613, -2.0705, -0.9490, -3.2458, 0.9755, 57.4653, 89.9696
1741334505.432, 2.080, 0.618, -2.0705, -0.9489, -3.2458, 0.9913, 57.4645, 89.9486
1741334505.511, 2.080, 0.619, -2.0706, -0.9490, -3.2458, 1.0053, 57.4632, 89.9267
1741334505.591, 2.080, 0.619, -2.0704, -0.9488, -3.2459, 1.0170, 57.4645, 89.9115
1741334505.671, 2.080, 0.619, -2.0705, -0.9488, -3.2459, 1.0055, 57.4643, 89.9242
1741334505.750, 2.080, 0.618, -2.0704, -0.9490, -3.2459, 0.9999, 57.4638, 89.9261
1741334505.830, 2.080, 0.618, -2.0705, -0.9490, -3.2459, 0.9993, 57.4677, 89.9247
1741334505.910, 2.080, 0.614, -2.0706, -0.9490, -3.2458, 0.9768, 57.4571, 89.9441
1741334505.989, 2.080, 0.618, -2.0704, -0.9489, -3.2457, 0.9867, 57.4584, 89.9321
1741334506.069, 2.080, 0.618, -2.0704, -0.9488, -3.2458, 1.0027, 57.4592, 89.9196
1741334506.149, 2.080, 0.618, -2.0703, -0.9489, -3.2458, 0.9929, 57.4535, 89.9286
1741334506.228, 2.080, 0.618, -2.0705, -0.9490, -3.2457, 0.9756, 57.4619, 89.9494
1741334506.308, 2.080, 0.614, -2.0704, -0.9489, -3.2457, 0.9886, 57.4538, 89.9391
1741334506.388, 2.081, 0.618, -2.0704, -0.9489, -3.2457, 0.9862, 57.4578, 89.9381
1741334506.467, 2.080, 0.618, -2.0704, -0.9488, -3.2457, 0.9995, 57.4614, 89.9240
1741334506.547, 2.081, 0.613, -2.0704, -0.9487, -3.2457, 0.9883, 57.4632, 89.9411
1741334506.626, 2.080, 0.613, -2.0703, -0.9488, -3.2456, 0.9858, 57.4671, 89.9332
1741334506.706, 2.080, 0.614, -2.0703, -0.9489, -3.2457, 1.0008, 57.4654, 89.9211
1741334506.786, 2.080, 0.618, -2.0704, -0.9489, -3.2455, 1.0242, 57.4728, 89.8995
1741334506.866, 2.082, 0.618, -2.0703, -0.9488, -3.2457, 1.0098, 57.4712, 89.9164
1741334506.945, 2.081, 0.614, -2.0702, -0.9489, -3.2457, 0.9897, 57.4741, 89.9415
1741334507.025, 2.081, 0.618, -2.0703, -0.9489, -3.2456, 0.9926, 57.4674, 89.9440
1741334507.105, 2.080, 0.614, -2.0703, -0.9489, -3.2456, 0.9828, 57.4595, 89.9509
1741334507.184, 2.080, 0.614, -2.0703, -0.9489, -3.2456, 0.9684, 57.4552, 89.9648
1741334547.225, 2.080, 0.619, -2.0690, -0.9484, -3.2438, 179.8300, -122.3277, -90.3866
1741334547.305, 2.080, 0.614, -2.0690, -0.9483, -3.2437, 179.8153, -122.3356, -90.4044
1741334547.385, 2.080, 0.614, -2.0691, -0.9483, -3.2437, 179.8199, -122.3303, -90.3980
1741334547.464, 2.079, 0.614, -2.0689, -0.9484, -3.2438, 179.8357, -122.3307, -90.3784
1741334547.544, 2.079, 0.614, -2.0690, -0.9484, -3.2438, 179.8388, -122.3265, -90.3766
1741334547.624, 2.080, 0.614, -2.0690, -0.9484, -3.2438, 179.8495, -122.3271, -90.3585
1741334547.703, 2.080, 0.614, -2.0690, -0.9483, -3.2438, 179.8600, -122.3340, -90.3519
1741334547.783, 2.080, 0.619, -2.0691, -0.9483, -3.2439, 179.8879, -122.3337, -90.3285
1741334547.862, 2.080, 0.619, -2.0691, -0.9484, -3.2438, 179.9022, -122.3318, -90.3139
1741334547.942, 2.080, 0.614, -2.0690, -0.9484, -3.2439, 179.9058, -122.3327, -90.3108
1741334548.022, 2.079, 0.614, -2.0691, -0.9484, -3.2439, 179.9114, -122.3318, -90.3087
1741334548.101, 2.081, 0.619, -2.0691, -0.9484, -3.2439, 179.8968, -122.3288, -90.3143
1741334548.181, 2.081, 0.619, -2.0691, -0.9483, -3.2439, 179.8873, -122.3300, -90.3122
1741334548.261, 2.079, 0.614, -2.0690, -0.9484, -3.2439, 179.9025, -122.3256, -90.2958
1741334548.340, 2.079, 0.614, -2.0691, -0.9484, -3.2441, 179.9055, -122.3260, -90.2975
1741334548.420, 2.080, 0.619, -2.0692, -0.9485, -3.2439, 179.8768, -122.3384, -90.3253
1741334548.500, 2.080, 0.614, -2.0692, -0.9484, -3.2440, 179.8859, -122.3305, -90.3153
1741334548.579, 2.080, 0.614, -2.0691, -0.9485, -3.2440, 179.8755, -122.3291, -90.3241
1741334548.659, 2.079, 0.619, -2.0691, -0.9484, -3.2442, 179.8770, -122.3256, -90.3235
1741334548.738, 2.080, 0.619, -2.0692, -0.9484, -3.2440, 179.8546, -122.3267, -90.3462
1741334548.818, 2.080, 0.620, -2.0692, -0.9485, -3.2441, 179.8529, -122.3234, -90.3461
1741334548.898, 2.079, 0.619, -2.0692, -0.9485, -3.2442, 179.8481, -122.3276, -90.3533
1741334548.977, 2.079, 0.619, -2.0680, -0.9484, -3.2447, 179.8432, -122.4113, -90.3519
1741334549.057, 2.079, 0.614, -2.0615, -0.9482, -3.2492, 179.9073, -122.3688, -90.3538
1741334549.137, 2.081, 0.614, -2.0479, -0.9477, -3.2585, -179.9432, -122.2316, -90.2537
1741334549.216, 2.079, 0.622, -2.0295, -0.9476, -3.2705, -179.8231, -122.1010, -90.2171
1741334549.296, 2.080, 0.642, -2.0094, -0.9476, -3.2833, -179.8496, -121.9265, -90.1517
1741334549.376, 2.080, 0.642, -1.9907, -0.9469, -3.2949, 179.9014, -121.7324, -90.3840
1741334549.455, 2.080, 0.670, -1.9741, -0.9466, -3.3049, 179.6711, -121.6205, -90.6059
1741334549.535, 2.081, 0.698, -1.9611, -0.9461, -3.3131, 179.6055, -121.5768, -90.6822
1741334549.614, 2.080, 0.723, -1.9489, -0.9461, -3.3210, 179.6750, -121.5251, -90.6359
1741334549.694, 2.084, 0.747, -1.9372, -0.9453, -3.3287, 179.7803, -121.5770, -90.5083
1741334549.774, 2.084, 0.747, -1.9238, -0.9451, -3.3372, 179.8200, -121.5275, -90.4921
1741334549.854, 2.083, 0.765, -1.9086, -0.9455, -3.3465, 179.6043, -121.4552, -90.5492
1741334549.933, 2.082, 0.778, -1.8932, -0.9448, -3.3561, 179.5600, -121.3263, -90.6284
1741334550.013, 2.083, 0.805, -1.8778, -0.9447, -3.3658, 179.6001, -121.2919, -90.5985
1741334550.093, 2.083, 0.825, -1.8631, -0.9441, -3.3754, 179.7335, -121.1750, -90.4967
1741334550.172, 2.083, 0.825, -1.8488, -0.9435, -3.3845, 179.7767, -121.1241, -90.4852
1741334550.252, 2.084, 0.842, -1.8349, -0.9432, -3.3932, 179.7382, -120.9535, -90.4631
1741334550.331, 2.084, 0.863, -1.8202, -0.9432, -3.4022, 179.7027, -120.8925, -90.5280
1741334550.411, 2.084, 0.887, -1.8052, -0.9430, -3.4110, 179.4919, -120.7725, -90.8031
1741334550.491, 2.085, 0.908, -1.7903, -0.9429, -3.4199, 179.3572, -120.6806, -90.9477
1741334550.570, 2.085, 0.908, -1.7758, -0.9421, -3.4287, 179.3707, -120.6285, -90.9845
1741334550.650, 2.086, 0.929, -1.7615, -0.9423, -3.4375, 179.4496, -120.5656, -90.8711
1741334550.730, 2.089, 0.950, -1.7475, -0.9416, -3.4464, 179.6294, -120.5672, -90.7401
1741334550.809, 2.088, 0.972, -1.7327, -0.9412, -3.4548, 179.4693, -120.4791, -90.8455
1741334550.889, 2.090, 0.995, -1.7177, -0.9413, -3.4636, 179.2772, -120.3534, -90.9576
1741334550.969, 2.090, 0.995, -1.7047, -0.9402, -3.4730, 179.7856, -120.2112, -90.6517
1741334551.048, 2.091, 1.015, -1.6966, -0.9389, -3.4848, -176.7013, -120.0802, -87.8035
1741334551.128, 2.090, 1.035, -1.6853, -0.9386, -3.4926, -176.4009, -119.6926, -87.7244
1741334551.208, 2.085, 1.054, -1.6716, -0.9377, -3.5011, -175.8554, -119.3676, -87.3902
1741334551.287, 2.086, 1.070, -1.6552, -0.9371, -3.5110, -175.7132, -119.1711, -87.1370
1741334551.367, 2.086, 1.070, -1.6326, -0.9388, -3.5162, -179.7339, -118.8319, -90.3418
1741334551.446, 2.088, 1.093, -1.6130, -0.9397, -3.5244, 179.1683, -118.3796, -91.2413
1741334551.526, 2.091, 1.116, -1.5970, -0.9387, -3.5338, 179.1464, -118.6614, -91.2323
1741334551.606, 2.097, 1.145, -1.5832, -0.9375, -3.5425, 179.4012, -118.2494, -90.7973
1741334551.685, 2.097, 1.167, -1.5738, -0.9362, -3.5497, -179.6053, -117.6867, -89.3875
1741334551.765, 2.100, 1.167, -1.5706, -0.9353, -3.5527, -178.8760, -117.9854, -88.9561
1741334551.845, 2.103, 1.187, -1.5720, -0.9353, -3.5534, -177.8973, -117.9405, -88.4914
1741334551.924, 2.100, 1.197, -1.5726, -0.9357, -3.5534, -177.9046, -117.9117, -88.4811
1741334552.004, 2.099, 1.196, -1.5719, -0.9357, -3.5533, -178.2161, -117.8957, -88.6718
1741334552.084, 2.099, 1.197, -1.5721, -0.9338, -3.5539, -177.2174, -117.3508, -88.9059
1741334552.163, 2.099, 1.197, -1.5660, -0.9323, -3.5556, -176.4871, -115.5973, -89.3633
1741334552.243, 2.099, 1.195, -1.5454, -0.9314, -3.5601, -177.2668, -112.9640, -89.4962
1741334552.322, 2.110, 1.204, -1.5120, -0.9358, -3.5724, -177.0381, -112.7108, -86.8136
1741334552.402, 2.133, 1.236, -1.4856, -0.9348, -3.5753, 178.8221, -111.0696, -91.6500
1741334552.482, 2.133, 1.276, -1.4625, -0.9355, -3.5858, 179.3488, -110.2708, -91.0713
1741334552.561, 2.153, 1.276, -1.4434, -0.9331, -3.5932, 178.6428, -110.1470, -90.0673
1741334552.641, 2.171, 1.319, -1.4324, -0.9319, -3.5985, 179.2491, -109.5122, -89.0895
1741334552.721, 2.177, 1.349, -1.4216, -0.9316, -3.6020, 178.8054, -109.5825, -89.5232
1741334552.800, 2.188, 1.370, -1.4085, -0.9320, -3.6064, 178.5792, -109.5158, -90.0388
1741334552.880, 2.188, 1.381, -1.3949, -0.9334, -3.6112, 178.7179, -109.0970, -91.0581
1741334552.960, 2.191, 1.381, -1.3787, -0.9324, -3.6173, 179.0365, -108.9320, -91.2529
1741334553.039, 2.200, 1.404, -1.3613, -0.9322, -3.6235, 179.4392, -108.8904, -90.9757
1741334553.119, 2.198, 1.429, -1.3495, -0.9318, -3.6279, 179.3848, -109.1242, -90.9214
1741334553.318, 2.186, 1.458, -1.3507, -0.9319, -3.6276, 179.4388, -109.0628, -90.9584
1741334553.517, 2.188, 1.454, -1.3537, -0.9320, -3.6265, 179.3875, -109.0822, -91.0711
1741334553.597, 2.188, 1.452, -1.3537, -0.9320, -3.6265, 179.3485, -109.0387, -91.1097
1741334553.676, 2.188, 1.452, -1.3535, -0.9321, -3.6262, 179.4412, -109.1636, -91.0058
1741334553.756, 2.187, 1.452, -1.3536, -0.9320, -3.6263, 179.4691, -109.2462, -90.9875
1741334553.836, 2.188, 1.451, -1.3537, -0.9320, -3.6262, 179.4487, -109.2286, -91.0144
1741334553.915, 2.191, 1.451, -1.3535, -0.9320, -3.6263, 179.4537, -109.2143, -90.9993
1741334553.995, 2.191, 1.452, -1.3535, -0.9319, -3.6263, 179.4093, -109.2096, -91.0442
1741334554.075, 2.191, 1.451, -1.3537, -0.9319, -3.6262, 179.3899, -109.2024, -91.0578
1741334554.274, 2.190, 1.452, -1.3536, -0.9319, -3.6260, 179.3660, -109.2058, -91.0792
1741334554.353, 2.191, 1.452, -1.3538, -0.9319, -3.6259, 179.4399, -109.2725, -90.9930
1741334554.433, 2.191, 1.451, -1.3561, -0.9318, -3.6242, 179.4384, -109.9406, -90.9802
1741334554.513, 2.193, 1.453, -1.3628, -0.9319, -3.6195, 179.5618, -111.9009, -90.8528
1741334554.592, 2.201, 1.445, -1.3713, -0.9325, -3.6129, 179.7300, -114.6288, -90.7205
1741334554.672, 2.201, 1.419, -1.3795, -0.9327, -3.6057, 179.7454, -117.3199, -90.6860
1741334554.752, 2.179, 1.419, -1.3844, -0.9329, -3.6010, 179.7231, -119.0285, -90.7298
1741334554.831, 2.164, 1.396, -1.3854, -0.9329, -3.6000, 179.6868, -119.0520, -90.7932
1741334554.911, 2.158, 1.376, -1.3848, -0.9328, -3.6005, 179.6391, -119.1332, -90.8211
1741334554.990, 2.157, 1.375, -1.3842, -0.9329, -3.6009, 179.6236, -119.1314, -90.8487
1741334555.070, 2.157, 1.377, -1.3842, -0.9329, -3.6007, 179.5879, -119.1315, -90.8861
1741334555.150, 2.159, 1.377, -1.3842, -0.9330, -3.6008, 179.5593, -119.1248, -90.9031
1741334555.229, 2.158, 1.376, -1.3839, -0.9330, -3.6011, 179.5406, -119.0286, -90.9098
1741334555.309, 2.157, 1.377, -1.3805, -0.9329, -3.6032, 179.5353, -119.0709, -90.9564
1741334555.389, 2.157, 1.377, -1.3721, -0.9328, -3.6077, 179.5099, -119.0845, -91.0110
1741334555.469, 2.157, 1.377, -1.3589, -0.9326, -3.6156, 179.6495, -119.0231, -90.8752
1741334555.548, 2.159, 1.386, -1.3415, -0.9323, -3.6253, 179.6514, -119.0199, -90.7606
1741334555.628, 2.160, 1.400, -1.3232, -0.9319, -3.6350, 179.5399, -119.0670, -90.8074
1741334555.707, 2.162, 1.422, -1.3063, -0.9316, -3.6440, 179.4177, -119.0969, -90.9624
1741334555.787, 2.164, 1.449, -1.2911, -0.9309, -3.6527, 179.2427, -119.1318, -91.1656
1741334555.867, 2.164, 1.449, -1.2780, -0.9306, -3.6601, 179.3574, -119.2685, -91.1655
1741334555.946, 2.167, 1.472, -1.2664, -0.9309, -3.6661, 179.2681, -119.3064, -91.2983
1741334556.026, 2.168, 1.493, -1.2556, -0.9299, -3.6730, 179.4039, -119.3295, -91.2482
1741334556.105, 2.168, 1.510, -1.2429, -0.9295, -3.6801, 179.3302, -119.3669, -91.2549
1741334556.185, 2.170, 1.527, -1.2293, -0.9289, -3.6877, 179.2176, -119.4811, -91.3397
1741334556.265, 2.170, 1.527, -1.2158, -0.9288, -3.6954, 179.2885, -119.6227, -91.3396
1741334556.344, 2.170, 1.546, -1.2017, -0.9286, -3.7035, 179.2366, -119.7015, -91.4837
1741334556.424, 2.171, 1.565, -1.1901, -0.9276, -3.7124, -179.9230, -119.3916, -91.0232
1741334556.504, 2.171, 1.584, -1.1839, -0.9261, -3.7213, -176.7335, -119.3332, -88.3129
1741334556.583, 2.169, 1.603, -1.1750, -0.9257, -3.7280, -176.0681, -119.3388, -87.7236
1741334556.663, 2.169, 1.603, -1.1628, -0.9245, -3.7348, -175.9788, -119.2106, -87.7330
1741334556.743, 2.168, 1.616, -1.1495, -0.9245, -3.7428, -175.8588, -119.0601, -87.7648
1741334556.822, 2.170, 1.634, -1.1346, -0.9235, -3.7519, -175.9249, -118.8291, -87.9055
1741334556.902, 2.170, 1.655, -1.1197, -0.9233, -3.7605, -175.9110, -118.7290, -87.9299
1741334556.982, 2.171, 1.675, -1.1052, -0.9224, -3.7691, -175.8810, -118.5482, -87.9120
1741334557.061, 2.171, 1.675, -1.0874, -0.9236, -3.7732, -178.8892, -118.3562, -90.2947
1741334557.141, 2.173, 1.697, -1.0708, -0.9239, -3.7792, 179.3598, -117.8838, -91.5676
1741334557.221, 2.178, 1.718, -1.0582, -0.9226, -3.7873, -179.7660, -117.1287, -89.9862
1741334557.300, 2.179, 1.739, -1.0498, -0.9217, -3.7937, -178.9667, -117.4497, -88.8971
1741334557.380, 2.179, 1.761, -1.0418, -0.9215, -3.7984, -178.6645, -117.7712, -88.6763
1741334557.460, 2.158, 1.761, -1.0313, -0.9209, -3.8050, -178.0573, -117.8624, -88.1350
1741334557.539, 2.159, 1.771, -1.0156, -0.9201, -3.8115, -179.0948, -118.2292, -88.6235
1741334557.619, 2.173, 1.782, -0.9995, -0.9199, -3.8209, -178.5806, -118.3656, -88.4291
1741334557.699, 2.159, 1.803, -0.9805, -0.9192, -3.8296, -179.3029, -118.8893, -88.7598
1741334557.778, 2.159, 1.829, -0.9658, -0.9206, -3.8342, 179.1282, -119.9393, -92.0726
1741334557.858, 2.172, 1.829, -0.9523, -0.9205, -3.8427, 179.3893, -119.3220, -91.6134
1741334557.937, 2.163, 1.850, -0.9412, -0.9196, -3.8500, -179.8161, -118.3014, -91.0533
1741334558.017, 2.167, 1.868, -0.9384, -0.9190, -3.8523, -179.1303, -117.8298, -90.7178
1741334558.097, 2.171, 1.887, -0.9371, -0.9180, -3.8534, -178.9479, -117.8694, -90.8006
1741334558.176, 2.171, 1.892, -0.9335, -0.9183, -3.8548, -178.9167, -117.4252, -91.0560
1741334558.256, 2.175, 1.892, -0.9266, -0.9172, -3.8590, -178.4127, -117.6257, -91.2449
1741334558.336, 2.174, 1.898, -0.9117, -0.9162, -3.8667, -178.8746, -117.8130, -91.9743
1741334558.415, 2.185, 1.906, -0.8897, -0.9157, -3.8798, -178.4585, -117.5717, -91.2288
1741334558.495, 2.183, 1.924, -0.8655, -0.9150, -3.8971, -176.0817, -117.3061, -88.2590
1741334558.575, 2.183, 1.959, -0.8444, -0.9144, -3.9091, -175.9022, -117.2497, -87.6161
1741334558.654, 2.196, 1.959, -0.8259, -0.9142, -3.9178, -176.9116, -117.0649, -88.0505
1741334558.734, 2.203, 1.998, -0.8077, -0.9147, -3.9219, 179.9489, -117.1336, -89.2234
1741334558.813, 2.207, 2.021, -0.7967, -0.9140, -3.9282, -179.6635, -117.2702, -88.6244
1741334558.893, 2.186, 2.041, -0.7865, -0.9133, -3.9335, -179.6944, -117.3724, -88.5745
1741334558.973, 2.186, 2.058, -0.7747, -0.9131, -3.9394, -179.8288, -117.5135, -88.6618
1741334559.052, 2.188, 2.058, -0.7606, -0.9125, -3.9464, -179.9219, -117.6776, -88.6865
1741334559.132, 2.189, 2.074, -0.7466, -0.9120, -3.9543, -179.7368, -117.8688, -88.6906
1741334559.212, 2.190, 2.093, -0.7318, -0.9117, -3.9619, -179.9763, -118.0425, -88.7455
1741334559.291, 2.191, 2.112, -0.7180, -0.9115, -3.9692, -179.9207, -118.1607, -89.0230
1741334559.371, 2.191, 2.134, -0.7038, -0.9115, -3.9763, 179.7602, -118.6082, -89.5545
1741334559.451, 2.193, 2.134, -0.6911, -0.9126, -3.9813, 178.9351, -119.2359, -91.3298
1741334559.530, 2.193, 2.152, -0.6780, -0.9126, -3.9899, 179.1849, -118.6801, -91.6226
1741334559.610, 2.195, 2.167, -0.6662, -0.9124, -3.9966, 179.1200, -118.4824, -91.6480
1741334559.690, 2.196, 2.185, -0.6550, -0.9120, -4.0031, 179.2815, -118.3047, -91.5073
1741334559.769, 2.196, 2.204, -0.6425, -0.9116, -4.0098, 179.1750, -118.1724, -91.4570
1741334559.849, 2.198, 2.204, -0.6291, -0.9113, -4.0172, 179.2484, -118.0162, -91.2410
1741334559.929, 2.200, 2.221, -0.6149, -0.9110, -4.0251, 179.2302, -117.9467, -91.1203
1741334560.008, 2.204, 2.241, -0.5997, -0.9112, -4.0329, 178.9629, -117.6799, -91.3201
1741334560.088, 2.204, 2.261, -0.5848, -0.9107, -4.0409, 178.7585, -117.4795, -91.4989
1741334560.168, 2.204, 2.283, -0.5707, -0.9104, -4.0483, 178.6214, -117.2907, -91.6357
1741334560.247, 2.207, 2.283, -0.5579, -0.9099, -4.0554, 178.7820, -117.1163, -91.5203
1741334560.327, 2.210, 2.304, -0.5455, -0.9095, -4.0619, 178.7559, -117.0423, -91.5416
1741334560.406, 2.211, 2.323, -0.5331, -0.9094, -4.0683, 178.7290, -116.9552, -91.5461
1741334560.605, 2.215, 2.363, -0.4983, -0.9088, -4.0864, 178.6440, -116.5768, -91.7175
1741334560.805, 2.220, 2.398, -0.4640, -0.9083, -4.1045, 178.8927, -116.2510, -91.5616
1741334562.577, 2.242, 2.558, -0.3601, -0.9056, -4.1545, 178.5212, -115.7518, -91.9681
1741334562.656, 2.245, 2.558, -0.3670, -0.9059, -4.1503, 178.6106, -116.4748, -91.9226
1741334562.736, 2.243, 2.557, -0.3736, -0.9060, -4.1459, 178.6634, -117.3961, -91.8766
1741334562.816, 2.236, 2.541, -0.3791, -0.9063, -4.1420, 178.6389, -118.0419, -91.8994
1741334562.895, 2.232, 2.531, -0.3818, -0.9064, -4.1402, 178.6558, -118.3504, -91.8801
1741334562.975, 2.232, 2.514, -0.3817, -0.9063, -4.1399, 178.5461, -118.3224, -91.9582
1741334563.055, 2.231, 2.514, -0.3817, -0.9064, -4.1399, 178.5921, -118.3368, -91.9086
1741334563.134, 2.231, 2.517, -0.3817, -0.9063, -4.1401, 178.5890, -118.3469, -91.9150
1741334563.214, 2.232, 2.518, -0.3817, -0.9064, -4.1400, 178.5848, -118.3465, -91.9155
1741334563.293, 2.232, 2.517, -0.3808, -0.9064, -4.1405, 178.5646, -118.2909, -91.9422
1741334563.373, 2.232, 2.517, -0.3746, -0.9059, -4.1442, 178.7523, -118.3731, -91.8938
1741334563.453, 2.230, 2.517, -0.3611, -0.9053, -4.1516, 178.6486, -118.1618, -91.8915
1741334563.532, 2.232, 2.520, -0.3426, -0.9054, -4.1612, 178.5033, -118.1807, -91.9625
1741334563.612, 2.233, 2.536, -0.3268, -0.9056, -4.1701, 178.4748, -118.2353, -91.9484
1741334563.692, 2.235, 2.556, -0.3208, -0.9055, -4.1737, 178.4914, -118.2558, -91.9625
1741334563.771, 2.235, 2.576, -0.3220, -0.9051, -4.1731, 178.4804, -118.2523, -91.9759
1741334563.851, 2.234, 2.576, -0.3247, -0.9052, -4.1715, 178.4804, -118.2867, -91.9991
1741334563.930, 2.235, 2.584, -0.3273, -0.9053, -4.1700, 178.5157, -118.3111, -91.9770
1741334564.010, 2.233, 2.579, -0.3286, -0.9053, -4.1689, 178.5391, -118.4913, -91.9469
1741334564.090, 2.234, 2.578, -0.3287, -0.9053, -4.1687, 178.5194, -118.5327, -91.9573
1741334564.169, 2.234, 2.570, -0.3287, -0.9054, -4.1688, 178.5337, -118.5341, -91.9430
1741334564.249, 2.236, 2.570, -0.3287, -0.9053, -4.1688, 178.5349, -118.5325, -91.9384
1741334564.329, 2.234, 2.570, -0.3287, -0.9053, -4.1689, 178.5413, -118.5335, -91.9282
1741334564.408, 2.236, 2.570, -0.3288, -0.9053, -4.1689, 178.5240, -118.5458, -91.9361
1741334564.488, 2.234, 2.575, -0.3302, -0.9053, -4.1675, 178.5178, -118.8915, -91.9358
1741334564.568, 2.234, 2.575, -0.3345, -0.9054, -4.1642, 178.5850, -119.6209, -91.8427
1741334564.647, 2.235, 2.575, -0.3403, -0.9051, -4.1600, 178.8516, -120.5312, -91.6410
1741334564.727, 2.233, 2.569, -0.3472, -0.9054, -4.1560, 178.7834, -120.4943, -91.7014
1741334564.807, 2.233, 2.559, -0.3540, -0.9054, -4.1521, 178.8381, -120.4826, -91.6916
1741334564.886, 2.230, 2.550, -0.3585, -0.9057, -4.1494, 178.7989, -120.5456, -91.7186
1741334564.966, 2.230, 2.535, -0.3592, -0.9057, -4.1490, 178.8862, -120.5870, -91.6359
1741334565.045, 2.230, 2.535, -0.3592, -0.9057, -4.1488, 178.7904, -120.5346, -91.7274
1741334565.125, 2.232, 2.530, -0.3592, -0.9057, -4.1490, 178.8071, -120.5414, -91.7083
1741334565.205, 2.232, 2.530, -0.3590, -0.9057, -4.1492, 178.7694, -120.5314, -91.7420
1741334565.285, 2.231, 2.535, -0.3544, -0.9056, -4.1520, 178.8218, -120.5956, -91.7375
1741334565.364, 2.231, 2.537, -0.3414, -0.9053, -4.1596, 178.6659, -120.6648, -91.8173
1741334565.444, 2.232, 2.537, -0.3223, -0.9051, -4.1707, 178.5885, -120.7284, -91.8633
1741334565.523, 2.233, 2.549, -0.3015, -0.9052, -4.1832, 178.6312, -120.8145, -91.8469
1741334565.603, 2.232, 2.568, -0.2815, -0.9048, -4.1952, 178.8707, -120.8194, -91.7757
1741334565.683, 2.233, 2.601, -0.2633, -0.9043, -4.2065, 178.9900, -120.9157, -91.5437
1741334565.762, 2.233, 2.631, -0.2484, -0.9040, -4.2159, 179.0750, -120.9666, -91.5254
1741334565.842, 2.234, 2.631, -0.2355, -0.9034, -4.2235, 178.8994, -120.9928, -91.6754
1741334565.922, 2.233, 2.648, -0.2228, -0.9035, -4.2307, 178.7262, -120.9982, -91.8851
1741334566.001, 2.235, 2.666, -0.2095, -0.9033, -4.2384, 178.6155, -121.0547, -91.9723
1741334566.081, 2.236, 2.683, -0.1953, -0.9030, -4.2472, 178.5480, -121.0347, -92.1163
1741334566.161, 2.236, 2.703, -0.1799, -0.9024, -4.2565, 178.4970, -121.0500, -92.1706
1741334566.240, 2.237, 2.703, -0.1643, -0.9016, -4.2661, 178.4926, -121.2371, -92.0953
1741334566.320, 2.237, 2.733, -0.1485, -0.9015, -4.2757, 178.4415, -121.2606, -92.1570
1741334566.400, 2.240, 2.749, -0.1329, -0.9011, -4.2854, 178.5220, -121.3501, -92.1880
1741334566.479, 2.239, 2.776, -0.1176, -0.9007, -4.2952, 178.6694, -121.4138, -92.1685
1741334566.559, 2.239, 2.776, -0.1027, -0.9004, -4.3046, 178.8060, -121.4517, -92.2100
1741334566.638, 2.240, 2.793, -0.0882, -0.9002, -4.3136, 178.8650, -121.4885, -92.1246
1741334566.718, 2.238, 2.813, -0.0745, -0.8994, -4.3221, 178.8943, -121.5419, -92.1051
1741334566.798, 2.238, 2.843, -0.0615, -0.8991, -4.3299, 178.8686, -121.5762, -92.0676
1741334566.877, 2.241, 2.863, -0.0486, -0.8989, -4.3373, 178.5969, -121.5655, -92.3230
1741334566.957, 2.241, 2.863, -0.0368, -0.8984, -4.3446, 178.5753, -121.5371, -92.3753
1741334567.037, 2.242, 2.874, -0.0292, -0.8985, -4.3489, 178.4400, -121.5384, -92.4498
1741334567.116, 2.242, 2.892, -0.0287, -0.8984, -4.3492, 178.5009, -121.5623, -92.4309
1741334567.196, 2.244, 2.905, -0.0299, -0.8982, -4.3487, 178.4809, -121.5765, -92.4410
1741334567.276, 2.242, 2.905, -0.0305, -0.8983, -4.3481, 178.4993, -121.5915, -92.4284
1741334567.355, 2.242, 2.905, -0.0305, -0.8982, -4.3481, 178.4797, -121.5874, -92.4426
1741334567.435, 2.244, 2.905, -0.0304, -0.8982, -4.3479, 178.4624, -121.5832, -92.4688
1741334567.514, 2.244, 2.904, -0.0305, -0.8984, -4.3479, 178.4723, -121.5867, -92.4662
1741334567.594, 2.241, 2.910, -0.0305, -0.8983, -4.3478, 178.4808, -121.5814, -92.4447
1741334567.674, 2.244, 2.906, -0.0305, -0.8982, -4.3479, 178.4696, -121.5816, -92.4475
1741334567.754, 2.244, 2.906, -0.0304, -0.8983, -4.3478, 178.4508, -121.5662, -92.4762
1741334567.833, 2.241, 2.904, -0.0304, -0.8982, -4.3478, 178.4458, -121.5741, -92.4850
1741334567.913, 2.244, 2.911, -0.0304, -0.8983, -4.3477, 178.4147, -121.5644, -92.5145
1741334567.993, 2.242, 2.909, -0.0305, -0.8983, -4.3479, 178.4278, -121.5683, -92.5024
1741334568.072, 2.242, 2.904, -0.0304, -0.8982, -4.3478, 178.4334, -121.5667, -92.4991
1741334568.152, 2.242, 2.904, -0.0304, -0.8982, -4.3476, 178.4513, -121.5638, -92.4812
1741334568.232, 2.242, 2.905, -0.0304, -0.8981, -4.3478, 178.4473, -121.5753, -92.4800
1741334568.311, 2.241, 2.904, -0.0305, -0.8981, -4.3477, 178.4252, -121.5643, -92.4987
1741334568.391, 2.242, 2.910, -0.0304, -0.8983, -4.3477, 178.4277, -121.5679, -92.4881
1741334568.470, 2.242, 2.909, -0.0304, -0.8981, -4.3476, 178.4116, -121.5638, -92.5104
1741334568.550, 2.244, 2.909, -0.0305, -0.8982, -4.3476, 178.4245, -121.5689, -92.5015
1741334568.630, 2.243, 2.909, -0.0305, -0.8982, -4.3477, 178.4404, -121.5742, -92.4933
1741334568.709, 2.241, 2.905, -0.0304, -0.8981, -4.3478, 178.4570, -121.5835, -92.4743
1741334568.789, 2.242, 2.909, -0.0305, -0.8982, -4.3477, 178.4630, -121.5770, -92.4711
1741334568.869, 2.242, 2.904, -0.0304, -0.8982, -4.3477, 178.4564, -121.5859, -92.4658
1741334569.068, 2.241, 2.904, -0.0305, -0.8982, -4.3477, 178.4314, -121.5836, -92.4841
1741334569.147, 2.244, 2.904, -0.0305, -0.8982, -4.3477, 178.4170, -121.5784, -92.4990
1741334569.227, 2.241, 2.905, -0.0304, -0.8981, -4.3477, 178.4029, -121.5765, -92.5192
1741334569.307, 2.244, 2.910, -0.0303, -0.8983, -4.3475, 178.3903, -121.4928, -92.5277
1741334569.386, 2.244, 2.904, -0.0304, -0.8982, -4.3478, 178.3881, -121.4787, -92.5407
1741334569.466, 2.244, 2.905, -0.0304, -0.8981, -4.3479, 178.3961, -121.4817, -92.5396
1741334569.545, 2.244, 2.905, -0.0305, -0.8982, -4.3478, 178.4070, -121.4796, -92.5271
1741334569.625, 2.244, 2.911, -0.0305, -0.8981, -4.3477, 178.3863, -121.4756, -92.5332
1741334569.705, 2.242, 2.905, -0.0305, -0.8982, -4.3479, 178.3599, -121.4699, -92.5335
1741334569.784, 2.243, 2.905, -0.0304, -0.8982, -4.3479, 178.3501, -121.4542, -92.5477
1741334569.864, 2.243, 2.904, -0.0304, -0.8982, -4.3479, 178.3581, -121.4638, -92.5526
1741334569.944, 2.244, 2.904, -0.0347, -0.8984, -4.3462, 178.1426, -120.5316, -92.6565
1741334570.023, 2.243, 2.909, -0.0486, -0.8986, -4.3414, 178.0872, -118.0729, -92.7288
1741334570.103, 2.246, 2.902, -0.0692, -0.8986, -4.3338, 178.2033, -116.0502, -92.5499
1741334570.183, 2.245, 2.900, -0.0923, -0.8989, -4.3254, 177.9059, -113.8044, -92.9203
1741334570.262, 2.245, 2.884, -0.1066, -0.8993, -4.3199, 177.5319, -112.8412, -93.1705
1741334570.342, 2.250, 2.884, -0.1080, -0.9000, -4.3194, 177.6462, -112.8024, -93.0451
1741334570.422, 2.255, 2.869, -0.1045, -0.8999, -4.3211, 177.7682, -112.8076, -92.8940
1741334570.501, 2.256, 2.870, -0.1002, -0.8999, -4.3231, 177.7595, -112.7525, -92.8715
1741334570.581, 2.258, 2.874, -0.0973, -0.8999, -4.3243, 177.7690, -112.8496, -92.8446
1741334570.661, 2.258, 2.874, -0.1003, -0.9001, -4.3240, 177.5183, -112.1153, -93.0474
1741334570.740, 2.259, 2.874, -0.1109, -0.9003, -4.3230, 177.1992, -109.4424, -93.2110
1741334570.820, 2.261, 2.883, -0.1260, -0.9005, -4.3214, 176.0162, -105.4948, -94.3724
1741334570.900, 2.277, 2.890, -0.1382, -0.9004, -4.3218, 174.4753, -102.1510, -95.7737
1741334570.979, 2.318, 2.628, -0.1419, -0.9005, -4.3222, 173.8940, -101.0901, -96.2620
1741334571.059, 2.318, 2.680, -0.1403, -0.9009, -4.3221, 174.1874, -101.5461, -95.9666
1741334571.138, 2.359, 2.680, -0.1380, -0.9009, -4.3221, 174.5392, -102.0249, -95.6023
1741334571.218, 2.362, 2.679, -0.1373, -0.9009, -4.3220, 174.7417, -102.1376, -95.4440
1741334571.298, 2.355, 2.669, -0.1373, -0.9009, -4.3223, 174.7800, -102.2035, -95.4178
1741334571.377, 2.346, 2.673, -0.1373, -0.9008, -4.3223, 174.7892, -102.2035, -95.3917
1741334571.457, 2.346, 2.664, -0.1372, -0.9010, -4.3224, 174.8052, -102.2015, -95.3583
1741334571.537, 2.351, 2.664, -0.1373, -0.9009, -4.3223, 174.8125, -102.1989, -95.3484
1741334571.616, 2.345, 2.672, -0.1374, -0.9009, -4.3222, 174.8850, -102.1956, -95.2823
1741334571.696, 2.351, 2.671, -0.1384, -0.9008, -4.3222, 174.9823, -102.1898, -95.1444
1741334571.775, 2.349, 2.665, -0.1433, -0.9010, -4.3209, 174.8341, -102.2471, -95.3057
1741334571.855, 2.349, 2.663, -0.1511, -0.9010, -4.3190, 174.6823, -102.1927, -95.3886
1741334571.935, 2.345, 2.663, -0.1605, -0.9012, -4.3171, 174.8419, -102.2104, -95.1987
1741334572.014, 2.340, 2.654, -0.1703, -0.9014, -4.3150, 175.0712, -102.3067, -95.0087
1741334572.094, 2.337, 2.642, -0.1795, -0.9015, -4.3128, 174.8731, -102.4026, -95.2187
1741334572.174, 2.329, 2.631, -0.1871, -0.9018, -4.3109, 174.6955, -102.4532, -95.3665
1741334572.254, 2.329, 2.631, -0.1947, -0.9020, -4.3088, 174.6871, -102.5987, -95.3937
1741334572.333, 2.329, 2.622, -0.2021, -0.9021, -4.3070, 174.6955, -102.6649, -95.4217
1741334572.413, 2.325, 2.613, -0.2100, -0.9024, -4.3051, 174.4694, -102.7232, -95.5723
1741334572.492, 2.315, 2.594, -0.2187, -0.9024, -4.3030, 174.7121, -102.8095, -95.3055
1741334572.572, 2.309, 2.583, -0.2290, -0.9025, -4.3006, 175.1198, -102.9008, -94.8735
1741334572.652, 2.309, 2.583, -0.2415, -0.9029, -4.2981, 175.5882, -103.0657, -94.3602
1741334572.731, 2.310, 2.576, -0.2562, -0.9026, -4.2949, 176.1203, -103.1151, -93.8024
1741334572.811, 2.300, 2.554, -0.2725, -0.9037, -4.2906, 176.3454, -103.3451, -93.6128
1741334572.891, 2.277, 2.539, -0.2891, -0.9040, -4.2862, 176.3942, -103.5564, -93.5941
1741334572.970, 2.270, 2.516, -0.3047, -0.9044, -4.2820, 176.0558, -103.6444, -93.9495
1741334573.050, 2.270, 2.516, -0.3197, -0.9046, -4.2781, 176.1629, -103.8021, -93.8166
1741334573.129, 2.265, 2.489, -0.3338, -0.9051, -4.2741, 176.2536, -104.0429, -93.7202
1741334573.209, 2.261, 2.464, -0.3473, -0.9049, -4.2697, 176.4264, -104.8391, -93.4806
1741334573.289, 2.251, 2.448, -0.3611, -0.9048, -4.2652, 176.9778, -105.9813, -92.9542
1741334573.368, 2.234, 2.416, -0.3748, -0.9055, -4.2594, 177.5324, -107.4347, -92.4232
1741334573.448, 2.234, 2.416, -0.3892, -0.9052, -4.2529, 177.8631, -109.3536, -92.1676
1741334573.528, 2.212, 2.466, -0.4033, -0.9058, -4.2455, 177.7723, -111.1453, -92.3678
1741334573.607, 2.187, 2.633, -0.4168, -0.9063, -4.2375, 177.8954, -113.0696, -92.2440
1741334573.687, 2.165, 2.598, -0.4274, -0.9068, -4.2314, 178.1332, -114.5738, -92.0391
1741334573.767, 2.165, 2.556, -0.4305, -0.9069, -4.2299, 178.3772, -114.8111, -91.8178
1741334573.846, 2.149, 2.556, -0.4289, -0.9071, -4.2303, 178.2945, -114.7945, -91.9219
1741334573.926, 2.141, 2.535, -0.4273, -0.9070, -4.2312, 178.3048, -114.8002, -91.9300
1741334574.005, 2.143, 2.540, -0.4254, -0.9069, -4.2323, 178.3273, -114.7835, -91.9242
1741334574.085, 2.144, 2.537, -0.4246, -0.9070, -4.2328, 178.2903, -114.7766, -91.9720
1741334574.165, 2.144, 2.545, -0.4246, -0.9070, -4.2329, 178.2989, -114.7714, -91.9850
1741334574.244, 2.144, 2.545, -0.4247, -0.9069, -4.2331, 178.2979, -114.7702, -91.9991
1741334574.324, 2.145, 2.541, -0.4247, -0.9069, -4.2331, 178.2844, -114.7756, -92.0273
1741334574.404, 2.144, 2.546, -0.4255, -0.9070, -4.2327, 178.2588, -114.7889, -92.0625
1741334574.483, 2.146, 2.545, -0.4291, -0.9070, -4.2311, 178.2802, -114.8613, -92.0087
1741334574.563, 2.146, 2.540, -0.4363, -0.9070, -4.2280, 178.3145, -114.8933, -91.9576
1741334574.643, 2.143, 2.540, -0.4455, -0.9070, -4.2229, 178.5960, -115.9655, -91.6412
1741334574.722, 2.142, 2.538, -0.4549, -0.9073, -4.2167, 178.8528, -117.2987, -91.4071
1741334574.802, 2.137, 2.521, -0.4639, -0.9076, -4.2110, 179.1262, -118.4834, -91.1306
1741334574.882, 2.131, 2.499, -0.4705, -0.9075, -4.2063, 179.2129, -119.4310, -91.0572
1741334574.961, 2.131, 2.481, -0.4724, -0.9081, -4.2049, 179.2245, -119.7503, -91.0990
1741334575.041, 2.128, 2.481, -0.4713, -0.9079, -4.2055, 179.1781, -119.7159, -91.1444
1741334575.121, 2.126, 2.470, -0.4707, -0.9078, -4.2060, 179.1801, -119.6839, -91.1361
1741334575.200, 2.127, 2.470, -0.4706, -0.9079, -4.2061, 179.2034, -119.6902, -91.1104
1741334575.280, 2.128, 2.473, -0.4706, -0.9079, -4.2064, 179.1893, -119.6996, -91.1124
1741334575.359, 2.128, 2.467, -0.4688, -0.9080, -4.2074, 179.1955, -119.6508, -91.0598
1741334575.439, 2.128, 2.467, -0.4605, -0.9079, -4.2122, 179.1523, -119.7174, -91.1157
1741334575.519, 2.127, 2.468, -0.4449, -0.9073, -4.2206, 178.9161, -119.8330, -91.3713
1741334575.598, 2.128, 2.478, -0.4253, -0.9074, -4.2318, 178.7444, -119.7597, -91.6198
1741334575.678, 2.130, 2.498, -0.4060, -0.9069, -4.2435, 178.7462, -119.7332, -91.7303
1741334575.758, 2.130, 2.532, -0.3884, -0.9063, -4.2541, 178.8214, -119.7347, -91.6449
1741334575.837, 2.131, 2.532, -0.3730, -0.9064, -4.2630, 178.6687, -119.7835, -91.6660
1741334575.917, 2.132, 2.553, -0.3595, -0.9059, -4.2708, 178.5984, -119.8389, -91.7117
1741334575.997, 2.133, 2.580, -0.3481, -0.9058, -4.2777, 178.6092, -119.8743, -91.8011
1741334576.076, 2.133, 2.597, -0.3361, -0.9056, -4.2848, 178.6012, -119.9594, -91.8925
1741334576.156, 2.133, 2.614, -0.3237, -0.9055, -4.2925, 178.7662, -119.9538, -91.8401
1741334576.236, 2.134, 2.614, -0.3104, -0.9050, -4.3004, 178.7263, -119.9402, -91.8883
1741334576.315, 2.134, 2.627, -0.2966, -0.9045, -4.3082, 178.6767, -119.9245, -91.9009
1741334576.395, 2.134, 2.644, -0.2828, -0.9042, -4.3163, 178.7462, -120.0117, -91.7978
1741334576.474, 2.136, 2.670, -0.2696, -0.9042, -4.3236, 178.5558, -120.0334, -91.9752
1741334576.554, 2.136, 2.685, -0.2570, -0.9039, -4.3307, 178.4001, -120.0621, -92.1579
1741334576.634, 2.137, 2.685, -0.2451, -0.9038, -4.3376, 178.2970, -120.0283, -92.2940
1741334576.713, 2.138, 2.701, -0.2334, -0.9032, -4.3442, 178.2263, -120.0082, -92.4773
1741334576.793, 2.139, 2.718, -0.2216, -0.9031, -4.3514, 178.3298, -119.9692, -92.4565
1741334576.873, 2.139, 2.736, -0.2096, -0.9026, -4.3581, 178.2782, -119.9831, -92.4841
1741334576.952, 2.139, 2.758, -0.1973, -0.9024, -4.3655, 178.1993, -119.9759, -92.4812
1741334577.032, 2.141, 2.758, -0.1850, -0.9013, -4.3724, 178.0916, -120.0039, -92.5720
1741334577.112, 2.142, 2.770, -0.1726, -0.9015, -4.3797, 178.0382, -120.0769, -92.6507
1741334577.191, 2.144, 2.793, -0.1602, -0.9014, -4.3869, 178.1094, -120.1187, -92.6586
1741334577.271, 2.144, 2.810, -0.1482, -0.9009, -4.3943, 178.3141, -120.0807, -92.5710
1741334577.351, 2.144, 2.824, -0.1365, -0.9009, -4.4015, 178.3194, -120.0685, -92.5663
1741334577.430, 2.144, 2.824, -0.1253, -0.9003, -4.4081, 178.3836, -120.0342, -92.5485
1741334577.510, 2.146, 2.842, -0.1136, -0.9002, -4.4148, 178.3609, -120.0315, -92.5348
1741334577.590, 2.146, 2.857, -0.1021, -0.9000, -4.4216, 178.3881, -120.0605, -92.4605
1741334577.669, 2.147, 2.871, -0.0905, -0.8996, -4.4282, 178.2093, -120.0795, -92.5822
1741334577.749, 2.147, 2.871, -0.0788, -0.8990, -4.4348, 178.1235, -120.1358, -92.6998
1741334577.828, 2.148, 2.896, -0.0672, -0.8987, -4.4412, 177.9201, -120.0974, -92.8738
1741334577.908, 2.150, 2.910, -0.0558, -0.8984, -4.4480, 178.0486, -120.0019, -92.7984
1741334577.988, 2.150, 2.923, -0.0444, -0.8979, -4.4548, 177.9292, -120.0048, -92.9670
1741334578.067, 2.151, 2.942, -0.0331, -0.8982, -4.4615, 178.0645, -119.9350, -92.8687
1741334578.147, 2.151, 2.942, -0.0218, -0.8978, -4.4679, 177.9055, -119.9084, -92.9612
1741334578.227, 2.151, 2.960, -0.0098, -0.8973, -4.4748, 177.8700, -119.9111, -92.8463
1741334578.306, 2.152, 2.971, 0.0019, -0.8971, -4.4813, 177.7654, -119.9354, -92.8802
1741334578.386, 2.153, 2.984, 0.0135, -0.8966, -4.4884, 177.8030, -119.9926, -92.8970
1741334578.466, 2.153, 3.008, 0.0253, -0.8960, -4.4954, 177.8757, -119.9920, -92.8575
1741334578.545, 2.153, 3.008, 0.0370, -0.8959, -4.5025, 177.9200, -119.9872, -92.8798
1741334578.625, 2.153, 3.028, 0.0483, -0.8958, -4.5094, 177.9763, -119.8932, -92.8149
1741334578.705, 2.155, 3.042, 0.0600, -0.8952, -4.5162, 177.9507, -119.8742, -92.7873
1741334578.784, 2.155, 3.060, 0.0719, -0.8948, -4.5233, 178.0959, -119.8317, -92.5542
1741334578.864, 2.158, 3.072, 0.0834, -0.8945, -4.5298, 177.9556, -119.8561, -92.6036
1741334578.943, 2.158, 3.072, 0.0952, -0.8942, -4.5366, 177.9071, -119.8400, -92.4944
1741334579.023, 2.157, 3.088, 0.1071, -0.8941, -4.5430, 177.6270, -119.8096, -92.7566
1741334579.103, 2.159, 3.111, 0.1182, -0.8937, -4.5493, 177.5547, -119.7321, -92.7977
1741334579.182, 2.160, 3.120, 0.1294, -0.8936, -4.5557, 177.5039, -119.7133, -92.8979
1741334579.262, 2.160, 3.144, 0.1403, -0.8933, -4.5622, 177.4132, -119.6458, -92.9679
1741334579.342, 2.160, 3.144, 0.1515, -0.8929, -4.5686, 177.3259, -119.5741, -93.0600
1741334579.421, 2.162, 3.155, 0.1630, -0.8922, -4.5754, 177.4156, -119.5863, -92.8992
1741334579.501, 2.163, 3.172, 0.1745, -0.8920, -4.5817, 177.1797, -119.6439, -92.9506
1741334579.581, 2.164, 3.193, 0.1860, -0.8916, -4.5883, 177.1753, -119.6202, -92.9805
1741334579.660, 2.164, 3.210, 0.1975, -0.8913, -4.5950, 177.1586, -119.6612, -93.0847
1741334579.740, 2.165, 3.210, 0.2090, -0.8912, -4.6016, 177.2356, -119.6761, -93.0910
1741334579.820, 2.167, 3.225, 0.2206, -0.8905, -4.6084, 177.2988, -119.6598, -93.1051
1741334579.899, 2.168, 3.242, 0.2321, -0.8903, -4.6149, 177.3264, -119.6556, -93.1014
1741334579.979, 2.168, 3.251, 0.2436, -0.8899, -4.6214, 177.2970, -119.6176, -93.1614
1741334580.058, 2.168, 3.274, 0.2551, -0.8893, -4.6278, 177.2927, -119.6038, -93.1363
1741334580.138, 2.166, 3.274, 0.2663, -0.8889, -4.6342, 177.2777, -119.6287, -93.1351
1741334580.218, 2.162, 3.289, 0.2743, -0.8877, -4.6421, 178.7920, -119.1479, -92.0584
1741334580.297, 2.170, 3.301, 0.2798, -0.8866, -4.6478, -179.4985, -119.3654, -90.7337
1741334580.377, 2.178, 3.322, 0.2876, -0.8860, -4.6536, -179.0236, -119.1805, -90.3974
1741334580.457, 2.178, 3.328, 0.2987, -0.8854, -4.6603, -178.8490, -118.7641, -90.3428
1741334580.536, 2.192, 3.328, 0.3113, -0.8845, -4.6685, -178.2308, -118.4758, -89.8488
1741334580.616, 2.194, 3.343, 0.3247, -0.8839, -4.6766, -178.1315, -118.2097, -89.8012
1741334580.696, 2.196, 3.364, 0.3385, -0.8836, -4.6846, -178.0999, -118.0356, -89.6810
1741334580.775, 2.197, 3.383, 0.3516, -0.8828, -4.6922, -177.9553, -117.7353, -89.3936
1741334580.855, 2.197, 3.407, 0.3630, -0.8825, -4.6984, -178.0072, -117.6680, -89.4575
1741334580.935, 2.200, 3.407, 0.3756, -0.8828, -4.7030, -179.1115, -117.3602, -90.2617
1741334581.014, 2.202, 3.425, 0.3915, -0.8849, -4.7050, 177.2068, -116.8349, -93.6773
1741334581.094, 2.202, 3.441, 0.4038, -0.8846, -4.7124, 177.8707, -115.9029, -92.2196
1741334581.174, 2.188, 3.463, 0.4112, -0.8831, -4.7173, 178.9747, -115.9677, -91.0393
1741334581.253, 2.188, 3.490, 0.4162, -0.8823, -4.7207, 179.3705, -116.0019, -90.6692
1741334581.333, 2.188, 3.490, 0.4217, -0.8812, -4.7241, 179.5956, -116.1810, -90.4390
1741334581.412, 2.191, 3.495, 0.4282, -0.8808, -4.7259, 178.8132, -116.3486, -90.6962
1741334581.492, 2.193, 3.501, 0.4306, -0.8810, -4.7262, 178.5795, -116.3521, -90.7891
1741334581.572, 2.190, 3.514, 0.4293, -0.8808, -4.7266, 179.1755, -116.3753, -90.5189
1741334581.651, 2.190, 3.514, 0.4299, -0.8809, -4.7263, 178.8561, -116.3915, -90.6805
1741334581.731, 2.189, 3.514, 0.4297, -0.8809, -4.7263, 178.9391, -116.3980, -90.6125
1741334581.811, 2.190, 3.510, 0.4299, -0.8810, -4.7260, 178.8647, -116.3898, -90.6251
1741334581.891, 2.190, 3.515, 0.4297, -0.8808, -4.7261, 178.9493, -116.3827, -90.6050
1741334581.970, 2.188, 3.514, 0.4297, -0.8809, -4.7258, 178.9759, -116.3817, -90.5921
1741334582.050, 2.188, 3.511, 0.4298, -0.8808, -4.7259, 179.0256, -116.3833, -90.5696
1741334582.129, 2.189, 3.511, 0.4297, -0.8808, -4.7258, 179.0854, -116.3793, -90.5338
1741334582.209, 2.189, 3.511, 0.4298, -0.8809, -4.7257, 179.0717, -116.3937, -90.5186
1741334582.289, 2.189, 3.514, 0.4297, -0.8809, -4.7256, 179.0992, -116.3725, -90.5106
1741334582.368, 2.189, 3.515, 0.4295, -0.8807, -4.7257, 179.1048, -116.3729, -90.5038
1741334582.448, 2.189, 3.512, 0.4296, -0.8807, -4.7257, 179.1098, -116.3699, -90.5165
1741334582.528, 2.188, 3.512, 0.4296, -0.8808, -4.7258, 178.9865, -116.4100, -90.5306
1741334582.607, 2.189, 3.516, 0.4296, -0.8808, -4.7256, 178.9920, -116.4011, -90.5233
1741334582.687, 2.188, 3.515, 0.4296, -0.8807, -4.7256, 179.0262, -116.3909, -90.5200
1741334582.767, 2.189, 3.513, 0.4296, -0.8807, -4.7255, 179.0691, -116.3897, -90.5160
1741334582.846, 2.189, 3.512, 0.4295, -0.8808, -4.7256, 178.9888, -116.4178, -90.5410
1741334582.926, 2.189, 3.512, 0.4295, -0.8807, -4.7257, 178.9159, -116.4264, -90.5562
1741334583.005, 2.189, 3.515, 0.4297, -0.8807, -4.7256, 178.9788, -116.4082, -90.5537
1741334583.085, 2.189, 3.511, 0.4296, -0.8808, -4.7256, 178.9471, -116.4189, -90.5436
1741334583.165, 2.190, 3.516, 0.4296, -0.8808, -4.7255, 178.9609, -116.4021, -90.5538
1741334583.244, 2.190, 3.516, 0.4297, -0.8808, -4.7254, 178.9953, -116.4062, -90.5311
1741334583.324, 2.189, 3.511, 0.4296, -0.8807, -4.7255, 179.0344, -116.3764, -90.5368
1741334583.404, 2.189, 3.510, 0.4296, -0.8807, -4.7256, 179.0426, -116.3850, -90.5333
1741334583.483, 2.189, 3.513, 0.4295, -0.8808, -4.7257, 178.9816, -116.4071, -90.5431
1741334583.563, 2.189, 3.511, 0.4295, -0.8807, -4.7256, 179.0185, -116.3843, -90.5561
1741334583.643, 2.189, 3.511, 0.4296, -0.8808, -4.7256, 179.0480, -116.3845, -90.5596
1741334583.722, 2.189, 3.516, 0.4296, -0.8808, -4.7255, 179.0643, -116.3799, -90.5730
1741334583.802, 2.189, 3.511, 0.4295, -0.8808, -4.7257, 179.0637, -116.3997, -90.5570
1741334583.881, 2.188, 3.514, 0.4295, -0.8808, -4.7256, 179.1098, -116.3947, -90.5315
1741334583.961, 2.188, 3.515, 0.4296, -0.8807, -4.7257, 179.1500, -116.3883, -90.5143
1741334584.041, 2.188, 3.515, 0.4300, -0.8808, -4.7259, 179.2522, -116.4026, -90.4546
1741334584.120, 2.189, 3.513, 0.4323, -0.8806, -4.7280, 179.7071, -116.3327, -90.1657
1741334584.200, 2.191, 3.511, 0.4391, -0.8802, -4.7318, 179.9609, -116.4482, -89.7639
1741334584.280, 2.195, 3.514, 0.4518, -0.8798, -4.7361, 178.7005, -116.6837, -90.2890
1741334584.359, 2.196, 3.528, 0.4644, -0.8791, -4.7420, 178.5039, -116.8373, -90.4140
1741334584.439, 2.196, 3.528, 0.4754, -0.8789, -4.7474, 178.2837, -116.9862, -90.5532
1741334584.519, 2.192, 3.544, 0.4831, -0.8787, -4.7512, 178.3928, -117.1829, -90.4912
1741334584.598, 2.192, 3.559, 0.4872, -0.8785, -4.7533, 178.4672, -117.3376, -90.4831
1741334584.678, 2.193, 3.571, 0.4894, -0.8784, -4.7541, 178.3219, -117.5122, -90.6954
1741334584.758, 2.191, 3.572, 0.4921, -0.8786, -4.7555, 178.4958, -117.7142, -90.6497
1741334584.837, 2.191, 3.572, 0.4956, -0.8788, -4.7570, 178.4639, -117.9674, -91.1702
1741334584.917, 2.193, 3.577, 0.5010, -0.8800, -4.7578, 177.4942, -118.6324, -93.1255
1741334584.996, 2.192, 3.574, 0.5066, -0.8797, -4.7609, 177.4671, -118.1833, -93.1692
1741334585.076, 2.194, 3.577, 0.5103, -0.8797, -4.7631, 177.5526, -118.1624, -93.0814
1741334585.156, 2.194, 3.582, 0.5128, -0.8795, -4.7644, 177.5651, -118.1302, -93.0135
1741334585.235, 2.194, 3.582, 0.5152, -0.8796, -4.7658, 177.5305, -118.1640, -93.1127
1741334585.315, 2.195, 3.593, 0.5171, -0.8795, -4.7668, 177.4989, -118.1993, -93.1884
1741334585.395, 2.195, 3.592, 0.5186, -0.8794, -4.7674, 177.4380, -118.2715, -93.3103
1741334585.474, 2.195, 3.594, 0.5208, -0.8794, -4.7686, 177.4934, -118.4412, -93.2375
1741334585.554, 2.195, 3.599, 0.5244, -0.8793, -4.7712, 177.5256, -118.4979, -93.1787
1741334585.634, 2.196, 3.599, 0.5297, -0.8792, -4.7743, 177.5928, -118.6389, -93.0801
1741334585.713, 2.195, 3.598, 0.5362, -0.8790, -4.7784, 177.8179, -118.7197, -92.8529
1741334585.793, 2.196, 3.609, 0.5435, -0.8788, -4.7826, 177.9264, -118.6930, -92.7474
1741334585.873, 2.196, 3.618, 0.5505, -0.8784, -4.7869, 178.0791, -118.6592, -92.6174
1741334585.952, 2.196, 3.628, 0.5568, -0.8782, -4.7906, 178.0813, -118.6163, -92.6961
1741334586.032, 2.197, 3.628, 0.5611, -0.8781, -4.7931, 178.0755, -118.6344, -92.6774
1741334586.112, 2.197, 3.637, 0.5648, -0.8779, -4.7952, 178.0774, -118.5373, -92.7071
1741334586.191, 2.197, 3.646, 0.5684, -0.8778, -4.7973, 178.1584, -118.5036, -92.6955
1741334586.271, 2.200, 3.652, 0.5732, -0.8775, -4.8001, 178.1945, -118.3694, -92.7525
1741334586.350, 2.200, 3.657, 0.5789, -0.8773, -4.8036, 178.2709, -118.1803, -92.7116
1741334586.430, 2.198, 3.657, 0.5851, -0.8771, -4.8071, 178.2779, -118.0515, -92.6719
1741334586.510, 2.199, 3.671, 0.5907, -0.8770, -4.8103, 178.3243, -117.9629, -92.6871
1741334586.589, 2.199, 3.677, 0.5960, -0.8768, -4.8130, 178.3111, -117.8653, -92.7112
1741334586.669, 2.203, 3.684, 0.6006, -0.8767, -4.8155, 178.3930, -117.7666, -92.6351
1741334586.749, 2.203, 3.694, 0.6049, -0.8766, -4.8179, 178.3953, -117.7130, -92.5610
1741334586.828, 2.204, 3.694, 0.6094, -0.8763, -4.8205, 178.4046, -117.6272, -92.4813
1741334586.908, 2.205, 3.698, 0.6143, -0.8761, -4.8234, 178.4935, -117.4663, -92.4227
1741334586.988, 2.204, 3.710, 0.6150, -0.8760, -4.8242, 178.4952, -116.9012, -92.4374
1741334587.067, 2.205, 3.714, 0.6149, -0.8760, -4.8239, 178.5944, -117.2407, -92.3959
1741334587.147, 2.205, 3.718, 0.6150, -0.8760, -4.8240, 178.6107, -117.0612, -92.3472
1741334587.226, 2.204, 3.718, 0.6150, -0.8759, -4.8242, 178.6922, -117.1148, -92.3420
1741334587.306, 2.205, 3.720, 0.6153, -0.8755, -4.8248, 179.2484, -117.3499, -92.0476
1741334587.386, 2.204, 3.718, 0.6168, -0.8750, -4.8266, 179.8219, -117.4078, -92.1292
1741334587.465, 2.206, 3.717, 0.6221, -0.8738, -4.8301, -179.8103, -117.5734, -92.5286
1741334587.545, 2.206, 3.720, 0.6348, -0.8733, -4.8361, 179.4760, -117.5977, -93.4930
1741334587.625, 2.214, 3.720, 0.6525, -0.8724, -4.8479, -179.3635, -117.4976, -92.0099
1741334587.704, 2.205, 3.731, 0.6745, -0.8739, -4.8540, 176.8915, -117.8839, -94.3170
1741334587.784, 2.221, 3.759, 0.6891, -0.8743, -4.8627, 178.3532, -117.3957, -92.5702
1741334587.864, 2.209, 3.783, 0.6951, -0.8738, -4.8657, 178.1772, -117.3681, -92.7604
1741334587.943, 2.209, 3.805, 0.6988, -0.8733, -4.8679, 178.0382, -117.4084, -92.8407
1741334588.023, 2.211, 3.805, 0.7022, -0.8733, -4.8698, 178.0316, -117.4998, -92.7885
1741334588.103, 2.211, 3.808, 0.7069, -0.8731, -4.8723, 178.0953, -117.4543, -92.7052
1741334588.182, 2.213, 3.813, 0.7137, -0.8730, -4.8758, 178.0546, -117.4611, -92.7229
1741334588.262, 2.213, 3.822, 0.7216, -0.8726, -4.8803, 178.1794, -117.4648, -92.5484
1741334588.341, 2.213, 3.833, 0.7300, -0.8723, -4.8850, 178.1999, -117.4665, -92.5207
1741334588.421, 2.214, 3.833, 0.7379, -0.8717, -4.8903, 178.6405, -117.1594, -91.8722
1741334588.501, 2.213, 3.846, 0.7405, -0.8714, -4.8924, 178.9584, -116.8338, -91.2610
1741334588.580, 2.215, 3.857, 0.7396, -0.8714, -4.8921, 178.9089, -116.7831, -91.4738
1741334588.660, 2.210, 3.865, 0.7394, -0.8711, -4.8924, 178.9696, -116.7936, -91.4305
1741334588.740, 2.210, 3.865, 0.7399, -0.8713, -4.8926, 178.9068, -116.7397, -91.4630
1741334588.819, 2.211, 3.862, 0.7420, -0.8708, -4.8940, 179.2060, -116.4051, -91.0223
1741334588.899, 2.211, 3.863, 0.7464, -0.8699, -4.8975, -179.5957, -115.9116, -89.8484
1741334588.979, 0.771, 3.866, 0.7556, -0.8695, -4.9037, -178.5475, -116.0951, -88.9204
1741334589.058, 2.241, 3.880, 0.7720, -0.8691, -4.9116, -178.4961, -116.4520, -88.8480
1741334589.138, 2.241, 3.880, 0.7924, -0.8702, -4.9176, 178.1458, -116.8067, -92.2267
1741334589.218, 2.247, 3.891, 0.8079, -0.8703, -4.9237, 177.5788, -116.8459, -93.1422
1741334589.297, 2.221, 3.915, 0.8177, -0.8695, -4.9294, 177.6229, -116.4126, -93.1252
1741334589.377, 2.226, 3.936, 0.8218, -0.8694, -4.9318, 177.7783, -116.5247, -93.0080
1741334589.457, 2.228, 3.953, 0.8229, -0.8694, -4.9321, 177.6785, -116.4829, -93.1124
1741334589.536, 2.228, 3.953, 0.8225, -0.8694, -4.9320, 177.6725, -116.4592, -93.1159
1741334589.616, 2.229, 3.958, 0.8225, -0.8694, -4.9319, 177.6787, -116.4749, -93.1275
1741334589.696, 2.228, 3.958, 0.8225, -0.8694, -4.9320, 177.6781, -116.4637, -93.1430
1741334589.775, 2.229, 3.958, 0.8226, -0.8694, -4.9320, 177.6857, -116.4703, -93.1422
1741334589.855, 2.227, 3.958, 0.8225, -0.8694, -4.9321, 177.7150, -116.4987, -93.1115
1741334589.934, 2.227, 3.958, 0.8225, -0.8694, -4.9321, 177.7245, -116.5049, -93.0624
1741334590.014, 2.227, 3.958, 0.8225, -0.8695, -4.9321, 177.7286, -116.5186, -93.0736
1741334590.094, 2.228, 3.959, 0.8224, -0.8696, -4.9320, 177.7088, -116.5076, -93.0763
1741334590.173, 2.227, 3.957, 0.8221, -0.8698, -4.9315, 177.7021, -116.5796, -93.0635
1741334590.253, 2.227, 3.958, 0.8199, -0.8697, -4.9302, 177.7021, -116.8470, -93.0131
1741334590.333, 2.227, 3.958, 0.8161, -0.8696, -4.9275, 177.6586, -117.3735, -93.0217
1741334590.412, 2.229, 3.954, 0.8108, -0.8700, -4.9236, 177.7677, -118.2705, -92.9725
1741334590.492, 2.226, 3.945, 0.8051, -0.8703, -4.9190, 178.0306, -119.4750, -92.7583
1741334590.572, 2.226, 3.932, 0.8001, -0.8704, -4.9152, 178.1437, -120.3022, -92.6498
1741334590.651, 2.226, 3.918, 0.7975, -0.8704, -4.9131, 178.2793, -120.8610, -92.5296
1741334590.731, 2.224, 3.918, 0.7971, -0.8705, -4.9129, 178.2180, -120.8037, -92.5465
1741334590.811, 0.776, 3.906, 0.7973, -0.8704, -4.9130, 178.3114, -120.8257, -92.4479
1741334590.890, 2.211, 3.905, 0.7974, -0.8704, -4.9131, 178.3627, -120.8361, -92.3830
1741334590.970, 2.209, 3.904, 0.7975, -0.8704, -4.9131, 178.3951, -120.8405, -92.3562
1741334591.049, 2.209, 3.904, 0.7973, -0.8703, -4.9132, 178.4323, -120.8310, -92.3244
1741334591.129, 2.207, 3.904, 0.7975, -0.8704, -4.9130, 178.4277, -120.8290, -92.3038
1741334591.209, 2.207, 3.905, 0.7974, -0.8705, -4.9131, 178.4746, -120.8395, -92.2513
1741334591.288, 2.207, 3.904, 0.7974, -0.8704, -4.9132, 178.4903, -120.8282, -92.2446
1741334591.368, 2.207, 3.904, 0.7974, -0.8704, -4.9131, 178.4950, -120.8280, -92.2356
1741334591.448, 2.207, 3.906, 0.7974, -0.8704, -4.9130, 178.5047, -120.8223, -92.2236
1741334591.527, 2.207, 3.906, 0.7974, -0.8703, -4.9131, 178.5128, -120.8188, -92.2085
1741334591.607, 2.208, 3.905, 0.7974, -0.8704, -4.9131, 178.5240, -120.8125, -92.1956
1741334591.687, 2.208, 3.905, 0.7974, -0.8704, -4.9131, 178.5405, -120.8167, -92.1730
1741334591.766, 2.207, 3.906, 0.7974, -0.8705, -4.9130, 178.5406, -120.8130, -92.1733
1741334591.846, 2.207, 3.905, 0.7975, -0.8704, -4.9130, 178.5523, -120.8065, -92.1817
1741334591.926, 2.208, 3.905, 0.7982, -0.8704, -4.9134, 178.5492, -120.8139, -92.1824
1741334592.005, 2.208, 3.905, 0.8026, -0.8703, -4.9166, 178.6160, -120.7109, -92.1434
1741334592.085, 2.210, 3.904, 0.8119, -0.8699, -4.9220, 178.4750, -120.5809, -92.2536
1741334592.165, 0.775, 3.910, 0.8231, -0.8691, -4.9293, 178.5898, -120.4612, -92.1410
1741334592.244, 0.775, 3.926, 0.8357, -0.8686, -4.9369, 178.4894, -120.4381, -92.2469
1741334592.324, 2.222, 3.926, 0.8468, -0.8684, -4.9437, 178.4818, -120.3931, -92.3201
1741334592.404, 2.220, 3.945, 0.8558, -0.8682, -4.9494, 178.4711, -120.2514, -92.4653
1741334592.483, 2.222, 3.964, 0.8650, -0.8679, -4.9544, 178.0685, -120.1916, -92.6666
1741334592.563, 2.223, 3.980, 0.8733, -0.8678, -4.9593, 178.0401, -120.1138, -92.7167
1741334592.642, 2.223, 3.993, 0.8816, -0.8677, -4.9645, 178.0711, -120.1684, -92.6598
1741334592.722, 2.225, 3.993, 0.8904, -0.8676, -4.9697, 178.0416, -120.1639, -92.7131
1741334592.802, 2.226, 4.003, 0.8992, -0.8674, -4.9751, 178.1204, -120.1611, -92.6822
1741334592.882, 2.224, 4.014, 0.9080, -0.8668, -4.9806, 178.1258, -120.1701, -92.7299
1741334592.961, 2.226, 4.030, 0.9172, -0.8664, -4.9861, 178.2080, -120.2336, -92.6154
1741334593.041, 2.226, 4.041, 0.9261, -0.8661, -4.9914, 178.1974, -120.2040, -92.6279
1741334593.120, 2.225, 4.041, 0.9325, -0.8660, -4.9954, 178.2920, -120.2427, -92.5138
1741334593.200, 2.226, 4.059, 0.9340, -0.8659, -4.9963, 178.2936, -120.2048, -92.5064
1741334593.280, 2.227, 4.069, 0.9335, -0.8659, -4.9959, 178.2822, -120.2278, -92.5398
1741334593.359, 2.225, 4.071, 0.9334, -0.8659, -4.9959, 178.3274, -120.2277, -92.4955
1741334593.439, 2.225, 4.071, 0.9334, -0.8658, -4.9960, 178.3648, -120.2495, -92.4451
1741334593.519, 2.227, 4.071, 0.9335, -0.8659, -4.9959, 178.3786, -120.2421, -92.4382
1741334593.598, 2.226, 4.071, 0.9334, -0.8659, -4.9960, 178.3780, -120.2323, -92.4372
1741334593.678, 2.226, 4.071, 0.9334, -0.8659, -4.9959, 178.4095, -120.2223, -92.4084
1741334593.757, 2.227, 4.071, 0.9334, -0.8658, -4.9960, 178.4264, -120.2231, -92.3937
1741334593.837, 2.227, 4.071, 0.9335, -0.8659, -4.9959, 178.4175, -120.2248, -92.4011
1741334593.917, 2.227, 4.071, 0.9335, -0.8659, -4.9959, 178.4439, -120.2151, -92.3764
1741334593.996, 2.226, 4.072, 0.9334, -0.8659, -4.9960, 178.4433, -120.2121, -92.3836
1741334594.076, 2.226, 4.071, 0.9334, -0.8658, -4.9960, 178.4436, -120.2205, -92.3722
1741334594.156, 2.226, 4.071, 0.9334, -0.8658, -4.9960, 178.4549, -120.2338, -92.3603
1741334594.235, 2.226, 4.071, 0.9334, -0.8659, -4.9960, 178.4511, -120.2317, -92.3648
1741334594.315, 2.226, 4.070, 0.9335, -0.8660, -4.9959, 178.4385, -120.2293, -92.3676
1741334594.394, 2.226, 4.070, 0.9333, -0.8658, -4.9960, 178.4444, -120.2215, -92.3754
1741334594.474, 2.226, 4.072, 0.9335, -0.8658, -4.9960, 178.4596, -120.2346, -92.3586
1741334594.554, 2.226, 4.070, 0.9334, -0.8659, -4.9960, 178.4765, -120.2319, -92.3608
1741334594.634, 2.226, 4.070, 0.9334, -0.8659, -4.9960, 178.4643, -120.2396, -92.3675
1741334594.713, 2.227, 4.070, 0.9335, -0.8660, -4.9960, 178.4750, -120.2417, -92.3450
1741334594.793, 2.226, 4.071, 0.9335, -0.8658, -4.9960, 178.5079, -120.2337, -92.3301
1741334594.873, 2.226, 4.072, 0.9334, -0.8659, -4.9961, 178.4795, -120.2206, -92.3578
1741334594.952, 2.227, 4.071, 0.9333, -0.8659, -4.9962, 178.4900, -120.2253, -92.3609
1741334595.032, 2.227, 4.071, 0.9335, -0.8660, -4.9960, 178.4790, -120.2200, -92.3629
1741334595.111, 2.227, 4.071, 0.9335, -0.8659, -4.9961, 178.4738, -120.2200, -92.3595
1741334595.191, 2.226, 4.070, 0.9335, -0.8660, -4.9960, 178.4685, -120.2248, -92.3630
1741334595.271, 2.226, 4.071, 0.9335, -0.8659, -4.9961, 178.4758, -120.2301, -92.3480
1741334595.350, 2.227, 4.070, 0.9334, -0.8660, -4.9961, 178.4865, -120.2265, -92.3472
1741334595.430, 2.227, 4.070, 0.9335, -0.8660, -4.9961, 178.5058, -120.2214, -92.3431
1741334595.510, 2.227, 4.069, 0.9334, -0.8659, -4.9961, 178.5045, -120.2206, -92.3568
1741334595.589, 2.226, 4.071, 0.9334, -0.8659, -4.9961, 178.5073, -120.2288, -92.3595
1741334595.669, 2.227, 4.071, 0.9334, -0.8659, -4.9962, 178.5113, -120.2482, -92.3510
1741334595.749, 2.226, 4.072, 0.9335, -0.8660, -4.9961, 178.5066, -120.2368, -92.3668
1741334595.828, 2.226, 4.072, 0.9334, -0.8658, -4.9962, 178.5373, -120.2490, -92.3327
1741334612.952, 2.527, 4.076, 1.1072, -0.8641, -4.7486, -0.8058, 56.6068, 93.9862
1741334613.032, 2.527, 4.077, 1.1072, -0.8640, -4.7487, -0.8236, 56.6174, 94.0362
1741334613.111, 2.528, 4.077, 1.1072, -0.8641, -4.7487, -0.7492, 56.6175, 93.8386
1741334613.191, 2.527, 4.077, 1.1071, -0.8639, -4.7490, -0.8055, 56.6359, 93.9302
1741334613.270, 2.527, 4.077, 1.1071, -0.8640, -4.7489, -0.8058, 56.6389, 93.9411
1741334613.350, 2.533, 4.076, 1.1072, -0.8641, -4.7489, -0.7885, 56.6411, 93.9247
1741334613.430, 2.533, 4.076, 1.1072, -0.8640, -4.7488, -0.7577, 56.6173, 93.8722
1741334613.509, 2.532, 4.076, 1.1071, -0.8638, -4.7487, -0.7357, 56.6014, 93.8118
1741334613.589, 2.526, 4.075, 1.1071, -0.8642, -4.7490, -0.8040, 56.6435, 93.8962
1741334613.669, 2.531, 4.076, 1.1071, -0.8642, -4.7490, -0.8071, 56.6305, 93.9324
1741334613.748, 2.532, 4.075, 1.1072, -0.8642, -4.7490, -0.7925, 56.6199, 93.9359
1741334613.828, 2.532, 4.076, 1.1072, -0.8642, -4.7491, -0.8028, 56.6154, 93.9460
1741334613.907, 2.527, 4.076, 1.1073, -0.8639, -4.7487, -0.7568, 56.5870, 93.7806
1741334613.987, 2.527, 4.076, 1.1071, -0.8642, -4.7493, -0.7400, 56.5844, 93.7656
1741334614.186, 2.532, 4.076, 1.1072, -0.8643, -4.7494, -0.7296, 56.6333, 93.8739
1741334614.266, 2.532, 4.076, 1.1072, -0.8641, -4.7494, -0.7540, 56.6253, 93.8955
1741334614.346, 2.533, 4.076, 1.1072, -0.8642, -4.7494, -0.7985, 56.6191, 93.9496
1741334614.425, 2.533, 4.076, 1.1072, -0.8641, -4.7494, -0.8021, 56.6201, 93.9439
1741334614.505, 2.528, 4.076, 1.1073, -0.8642, -4.7494, -0.8241, 56.6218, 93.9501
1741334614.585, 2.527, 4.075, 1.1073, -0.8642, -4.7495, -0.8631, 56.6172, 93.9965
1741334614.664, 2.532, 4.077, 1.1073, -0.8639, -4.7495, -0.8217, 56.5990, 93.8463
1741334614.744, 2.533, 4.075, 1.1073, -0.8642, -4.7496, -0.7941, 56.6216, 93.8632
1741334614.823, 2.533, 4.075, 1.1072, -0.8641, -4.7494, -0.7850, 56.5977, 93.8207
1741334614.903, 2.526, 4.075, 1.1073, -0.8642, -4.7496, -0.7867, 56.5991, 93.8571
1741334614.983, 2.526, 4.076, 1.1072, -0.8643, -4.7496, -0.7881, 56.6169, 93.8736
1741334615.062, 2.527, 4.076, 1.1053, -0.8644, -4.7484, -0.7805, 56.7198, 93.8116
1741334615.142, 2.532, 4.075, 1.0998, -0.8645, -4.7443, -0.8302, 56.5530, 93.9380
1741334615.222, 2.532, 4.073, 1.0905, -0.8649, -4.7380, -0.9178, 56.5580, 93.9988
1741334615.301, 2.532, 4.073, 1.0797, -0.8652, -4.7308, -1.0547, 56.4187, 94.0810
1741334615.381, 2.532, 4.060, 1.0696, -0.8658, -4.7240, -1.1256, 56.3875, 94.1608
1741334615.461, 2.533, 4.042, 1.0606, -0.8656, -4.7173, -1.2525, 56.3142, 94.1465
1741334615.540, 2.532, 4.027, 1.0529, -0.8659, -4.7123, -1.2346, 56.2950, 94.0981
1741334615.620, 2.532, 4.015, 1.0472, -0.8666, -4.7086, -1.2856, 56.3163, 94.1027
1741334615.700, 2.527, 4.015, 1.0413, -0.8665, -4.7047, -1.2620, 56.2521, 94.1699
1741334615.779, 2.532, 4.003, 1.0347, -0.8661, -4.7007, -0.8944, 56.1449, 93.9228
1741334615.859, 2.533, 3.996, 1.0279, -0.8667, -4.6956, -0.9149, 56.1413, 93.6895
1741334615.938, 2.532, 3.984, 1.0192, -0.8673, -4.6897, -0.9783, 56.0853, 93.5994
1741334616.018, 2.532, 3.984, 1.0097, -0.8675, -4.6839, -0.9848, 56.1631, 93.7451
1741334616.098, 2.533, 3.976, 1.0007, -0.8681, -4.6775, -1.0091, 56.0262, 93.8513
1741334616.177, 1.087, 3.960, 0.9922, -0.8684, -4.6716, -1.0693, 55.9877, 93.9604
1741334616.257, 2.530, 3.945, 0.9838, -0.8688, -4.6659, -1.0474, 55.8131, 94.0420
1741334616.337, 2.530, 3.932, 0.9760, -0.8693, -4.6606, -1.1309, 55.8104, 94.1050
1741334616.416, 2.530, 3.932, 0.9683, -0.8699, -4.6552, -1.1317, 55.7063, 94.2217
1741334616.496, 2.533, 3.920, 0.9640, -0.8683, -4.6522, -1.0719, 55.4837, 93.3252
1741334616.576, 2.532, 3.908, 0.9628, -0.8678, -4.6509, -1.1275, 55.5652, 92.4995
1741334616.655, 2.537, 3.902, 0.9598, -0.8676, -4.6494, -0.8674, 55.6135, 91.5280
1741334616.735, 2.533, 3.899, 0.9515, -0.8678, -4.6442, -0.7430, 55.8049, 91.1962
1741334616.815, 2.533, 3.899, 0.9385, -0.8679, -4.6353, -0.6774, 55.9724, 91.1930
1741334616.894, 2.533, 3.899, 0.9229, -0.8689, -4.6252, -0.6837, 56.0312, 91.8042
1741334616.974, 2.533, 3.882, 0.9039, -0.8709, -4.6122, -1.0519, 56.1454, 93.8975
1741334617.053, 2.532, 3.858, 0.8943, -0.8715, -4.6060, -0.6067, 55.6702, 93.0911
1741334617.133, 2.536, 3.825, 0.8918, -0.8717, -4.6035, -0.6512, 55.2188, 93.1405
1741334617.213, 2.536, 3.825, 0.8916, -0.8714, -4.6031, -0.6070, 55.2211, 92.9630
1741334617.292, 2.537, 3.817, 0.8896, -0.8721, -4.6009, -0.5491, 55.0750, 92.8014
1741334617.372, 2.534, 3.814, 0.8825, -0.8721, -4.5960, -0.1939, 54.6355, 92.5007
1741334617.452, 2.534, 3.813, 0.8725, -0.8729, -4.5870, -0.6310, 53.8199, 92.7993
1741334617.531, 2.544, 3.805, 0.8594, -0.8726, -4.5792, 0.5200, 53.5201, 91.5015
1741334617.611, 2.544, 3.805, 0.8503, -0.8715, -4.5713, -0.4033, 54.1807, 93.0677
1741334617.691, 2.548, 3.785, 0.8478, -0.8702, -4.5664, -1.7884, 54.1832, 94.1310
1741334617.770, 2.540, 3.768, 0.8363, -0.8708, -4.5607, -0.6867, 54.2548, 95.0724
1741334617.850, 2.549, 3.759, 0.8245, -0.8708, -4.5527, -0.2766, 53.6805, 94.9080
1741334617.930, 2.550, 3.746, 0.8123, -0.8720, -4.5441, -0.1353, 53.7448, 94.7453
1741334618.009, 2.550, 3.746, 0.8010, -0.8730, -4.5401, 1.6516, 53.2832, 91.8815
1741334618.089, 2.546, 3.728, 0.7939, -0.8761, -4.5319, 0.4245, 53.7818, 92.1952
1741334618.168, 2.560, 3.710, 0.7872, -0.8755, -4.5268, 0.0387, 53.5798, 92.4336
1741334618.248, 2.547, 3.694, 0.7830, -0.8759, -4.5229, -0.1935, 53.5946, 92.5893
1741334618.328, 2.547, 3.686, 0.7791, -0.8762, -4.5193, -0.2395, 53.6265, 92.6025
1741334618.407, 2.547, 3.686, 0.7737, -0.8764, -4.5154, -0.1219, 53.6631, 92.4869
1741334618.487, 2.552, 3.679, 0.7657, -0.8769, -4.5114, -0.0834, 54.7672, 92.3471
1741334618.567, 2.553, 3.675, 0.7559, -0.8769, -4.5075, 0.2542, 56.4462, 92.0340
1741334618.646, 2.550, 3.657, 0.7466, -0.8765, -4.5054, 1.4743, 57.4973, 91.2519
1741334618.726, 2.531, 3.644, 0.7378, -0.8767, -4.5006, 1.8701, 57.5533, 91.0280
1741334618.806, 2.531, 3.644, 0.7287, -0.8781, -4.4906, -0.2936, 58.0061, 92.2928
1741334618.885, 2.531, 3.633, 0.7154, -0.8781, -4.4824, -0.1508, 57.8524, 92.2102
1741334618.965, 2.530, 3.617, 0.7050, -0.8786, -4.4759, -0.1128, 57.8157, 92.2914
1741334619.045, 2.536, 3.593, 0.6979, -0.8786, -4.4712, -0.0298, 57.7018, 92.2174
1741334619.124, 2.536, 3.578, 0.6922, -0.8789, -4.4674, -0.1683, 57.7350, 92.2006
1741334619.204, 2.532, 3.578, 0.6856, -0.8794, -4.4628, -0.1385, 57.5369, 92.2450
1741334619.284, 2.533, 3.571, 0.6778, -0.8796, -4.4578, -0.1019, 57.5289, 92.1517
1741334619.363, 2.535, 3.560, 0.6680, -0.8796, -4.4517, 0.0108, 57.3169, 91.9883
1741334619.443, 2.536, 3.554, 0.6565, -0.8797, -4.4442, 0.0062, 57.3315, 91.9438
1741334619.522, 2.536, 3.540, 0.6452, -0.8812, -4.4372, 0.2036, 57.1998, 91.6768
1741334619.602, 2.536, 3.540, 0.6352, -0.8810, -4.4309, 0.3515, 57.0836, 91.5976
1741334619.682, 2.538, 3.518, 0.6260, -0.8808, -4.4248, 0.3901, 56.8847, 91.6373
1741334619.761, 2.541, 3.502, 0.6176, -0.8816, -4.4190, 0.4383, 56.7913, 91.5703
1741334619.841, 2.534, 3.494, 0.6091, -0.8821, -4.4127, 0.3612, 56.5654, 91.6441
1741334619.921, 2.534, 3.480, 0.6001, -0.8823, -4.4062, 0.2669, 56.3968, 91.6901
1741334620.000, 2.523, 3.480, 0.5902, -0.8824, -4.3997, 0.4032, 56.2947, 91.5706
1741334620.080, 2.529, 3.464, 0.5799, -0.8830, -4.3927, 0.4112, 56.2779, 91.4984
1741334620.160, 2.538, 3.454, 0.5694, -0.8833, -4.3853, 0.3631, 56.3298, 91.4648
1741334620.239, 2.536, 3.437, 0.5592, -0.8836, -4.3784, 0.3837, 56.2691, 91.3887
1741334620.319, 2.536, 3.420, 0.5493, -0.8840, -4.3715, 0.3000, 56.2669, 91.4318
1741334620.399, 2.544, 3.420, 0.5393, -0.8843, -4.3646, 0.3071, 56.2714, 91.4453
1741334620.478, 2.545, 3.405, 0.5289, -0.8843, -4.3578, 0.4759, 56.0908, 91.3892
1741334620.558, 2.546, 3.390, 0.5188, -0.8847, -4.3509, 0.5214, 56.0580, 91.3534
1741334620.638, 2.541, 3.378, 0.5080, -0.8848, -4.3427, 0.4240, 55.9324, 91.4374
1741334620.717, 2.541, 3.362, 0.4961, -0.8852, -4.3345, 0.4837, 55.8688, 91.3170
1741334620.797, 2.546, 3.362, 0.4834, -0.8859, -4.3257, 0.5238, 55.7343, 91.1403
1741334620.876, 2.540, 3.342, 0.4770, -0.8851, -4.3190, -0.4714, 55.4041, 91.0124
1741334620.956, 2.548, 3.320, 0.4707, -0.8840, -4.3169, 0.3856, 55.3837, 89.1131
1741334621.036, 2.547, 3.309, 0.4601, -0.8844, -4.3094, 0.5178, 55.7238, 88.9196
1741334621.115, 2.547, 3.307, 0.4466, -0.8846, -4.3011, 1.0192, 55.6808, 88.3432
1741334621.195, 2.549, 3.307, 0.4296, -0.8856, -4.2913, 1.7699, 56.1834, 88.4206
1741334621.275, 2.549, 3.286, 0.4117, -0.8870, -4.2808, 2.1058, 57.1330, 89.0200
1741334621.354, 2.547, 3.263, 0.3944, -0.8876, -4.2679, 0.8145, 57.0364, 90.8692
1741334621.434, 2.536, 3.234, 0.3813, -0.8888, -4.2586, 0.6251, 57.0876, 90.8905
1741334621.514, 2.536, 3.234, 0.3700, -0.8892, -4.2505, 0.4141, 57.2060, 91.0877
1741334621.593, 2.546, 3.206, 0.3632, -0.8884, -4.2423, -1.3706, 57.8333, 93.0944
1741334621.673, 2.541, 3.193, 0.3590, -0.8879, -4.2371, -2.6425, 57.9428, 94.1332
1741334621.752, 2.550, 3.178, 0.3505, -0.8874, -4.2294, -3.5173, 57.9950, 95.0192
1741334621.832, 2.553, 3.165, 0.3297, -0.8876, -4.2246, 0.5781, 57.6814, 93.5534
1741334621.912, 2.553, 3.165, 0.3118, -0.8880, -4.2139, 1.1594, 57.0863, 92.7125
1741334621.991, 2.548, 3.154, 0.2940, -0.8894, -4.2097, 4.8169, 56.4026, 87.7671
1741334622.071, 2.540, 3.121, 0.2827, -0.8900, -4.1934, 0.9384, 56.6789, 90.8592
1741334622.151, 2.560, 3.104, 0.2685, -0.8885, -4.1857, 0.8042, 56.8471, 90.8252
1741334622.230, 2.549, 3.076, 0.2596, -0.8898, -4.1831, 2.3024, 57.4267, 88.9209
1741334622.310, 2.549, 3.076, 0.2571, -0.8903, -4.1794, 1.9952, 57.0162, 88.3924
1741334622.390, 2.540, 3.064, 0.2520, -0.8906, -4.1751, 2.1191, 56.8864, 87.9172
1741334622.469, 2.543, 3.053, 0.2404, -0.8905, -4.1670, 2.0499, 57.0664, 87.9371
1741334622.549, 2.548, 3.047, 0.2278, -0.8909, -4.1566, 0.9694, 56.3420, 88.1070
1741334622.629, 2.542, 3.031, 0.2117, -0.8919, -4.1431, 0.3024, 55.0816, 89.1839
1741334622.708, 2.542, 3.031, 0.1955, -0.8925, -4.1308, 0.4107, 54.3445, 89.3274
1741334622.788, 2.552, 3.007, 0.1811, -0.8927, -4.1186, -0.4742, 53.8139, 90.8656
1741334622.867, 2.549, 2.989, 0.1690, -0.8931, -4.1102, 0.0067, 53.5418, 90.2690
1741334622.947, 2.560, 2.964, 0.1590, -0.8937, -4.1022, 0.0419, 53.2011, 90.2843
1741334623.027, 2.556, 2.944, 0.1503, -0.8926, -4.0977, 0.8607, 52.6741, 90.0144
1741334623.107, 2.556, 2.944, 0.1481, -0.8924, -4.0997, 2.2809, 52.7351, 88.4300
1741334623.186, 2.565, 2.930, 0.1447, -0.8916, -4.1020, 4.5589, 52.7621, 85.8674
1741334623.266, 2.564, 2.933, 0.1359, -0.8902, -4.0960, 4.6170, 53.0415, 86.2913
1741334623.345, 2.578, 2.935, 0.1224, -0.8910, -4.0763, 0.5527, 52.8301, 91.7132
1741334623.425, 2.566, 2.915, 0.1063, -0.8918, -4.0601, -0.3950, 52.9219, 91.5776
1741334623.505, 2.566, 2.915, 0.0902, -0.8944, -4.0429, -2.4269, 53.6356, 92.5993
1741334623.584, 2.566, 2.882, 0.0732, -0.8948, -4.0304, -2.1478, 53.1398, 92.5561
1741334623.664, 2.574, 2.856, 0.0620, -0.8955, -4.0222, -1.9069, 52.9053, 92.2053
1741334623.743, 2.572, 2.831, 0.0536, -0.8958, -4.0155, -1.9953, 52.7291, 92.2168
1741334623.823, 2.574, 2.817, 0.0458, -0.8955, -4.0085, -2.2775, 52.5641, 92.5634
1741334623.903, 2.574, 2.817, 0.0366, -0.8958, -4.0012, -2.3232, 52.3625, 92.6517
1741334623.982, 2.584, 2.796, 0.0256, -0.8963, -3.9925, -2.3454, 52.2422, 92.7770
1741334624.062, 2.581, 2.790, 0.0118, -0.8966, -3.9820, -1.9686, 52.4301, 92.8777
1741334624.142, 2.585, 2.770, -0.0056, -0.8970, -3.9736, -0.1305, 52.5962, 92.6596
1741334624.221, 2.580, 2.745, -0.0196, -0.8970, -3.9651, 0.8181, 52.6787, 92.4046
1741334624.301, 2.580, 2.745, -0.0295, -0.8971, -3.9559, 0.1829, 52.8592, 92.6698
1741334624.381, 2.586, 2.729, -0.0380, -0.8978, -3.9469, -0.5872, 53.0462, 92.8077
1741334624.460, 2.579, 2.706, -0.0461, -0.8975, -3.9380, -1.7027, 53.1441, 93.1157
1741334624.540, 2.590, 2.694, -0.0574, -0.8980, -3.9296, -1.3792, 53.2347, 92.9787
1741334624.620, 2.590, 2.679, -0.0682, -0.8991, -3.9213, -1.4213, 53.3407, 92.9090
1741334624.705, 2.592, 2.679, -0.0801, -0.8990, -3.9116, -1.5760, 53.3495, 92.8416
1741334625.993, 2.619, 2.459, -0.2668, -0.9055, -3.7671, 1.5546, 50.4399, 89.3909
1741334626.073, 2.623, 2.441, -0.2780, -0.9052, -3.7572, 1.5233, 50.2360, 89.4759
1741334626.153, 2.617, 2.418, -0.2893, -0.9051, -3.7475, 1.4330, 50.1218, 89.5588
1741334626.232, 2.626, 2.403, -0.3007, -0.9054, -3.7380, 1.4902, 49.9466, 89.5583
1741334626.312, 2.626, 2.387, -0.3119, -0.9062, -3.7291, 1.4641, 50.1616, 89.5631
1741334626.392, 2.628, 2.387, -0.3236, -0.9059, -3.7203, 1.6912, 50.6350, 89.3041
1741334626.471, 2.628, 2.367, -0.3354, -0.9061, -3.7108, 1.6176, 51.3140, 89.2659
1741334626.551, 2.625, 2.347, -0.3480, -0.9065, -3.7021, 1.6694, 52.0776, 89.2696
1741334626.631, 2.629, 2.327, -0.3605, -0.9066, -3.6934, 1.6878, 52.7648, 89.2994
1741334626.710, 2.629, 2.301, -0.3730, -0.9064, -3.6852, 1.8579, 53.5650, 89.1781
1741334626.790, 2.617, 2.301, -0.3853, -0.9067, -3.6772, 1.9468, 54.4368, 89.0584
1741334626.869, 2.614, 2.281, -0.3977, -0.9072, -3.6694, 2.0447, 55.2902, 88.9687
1741334626.949, 2.617, 2.263, -0.4100, -0.9077, -3.6608, 2.1402, 55.2716, 88.8891
1741334627.029, 2.609, 2.244, -0.4230, -0.9076, -3.6516, 1.9517, 55.2357, 89.2709
1741334627.108, 2.609, 2.244, -0.4357, -0.9087, -3.6422, 1.7265, 55.1835, 89.5734
1741334627.188, 2.609, 2.223, -0.4485, -0.9091, -3.6332, 1.7617, 55.1200, 89.6233
1741334627.268, 2.614, 2.203, -0.4610, -0.9095, -3.6242, 1.7312, 54.9506, 89.7711
1741334627.347, 2.611, 2.183, -0.4735, -0.9092, -3.6155, 1.7583, 54.8986, 89.8044
1741334627.427, 2.611, 2.163, -0.4855, -0.9094, -3.6067, 1.5593, 54.9759, 89.9493
1741334627.507, 2.611, 2.163, -0.4980, -0.9098, -3.5978, 1.6487, 54.8471, 89.8872
1741334627.586, 2.619, 2.145, -0.5106, -0.9103, -3.5888, 1.6563, 54.8085, 89.9408
1741334627.666, 2.620, 2.125, -0.5235, -0.9107, -3.5798, 1.8540, 54.5596, 89.6831
1741334627.746, 2.623, 2.106, -0.5361, -0.9112, -3.5700, 1.4506, 54.5421, 89.9537
1741334627.825, 2.626, 2.086, -0.5484, -0.9113, -3.5611, 1.5821, 54.4246, 89.8950
1741334627.905, 2.626, 2.086, -0.5608, -0.9123, -3.5518, 1.7278, 54.2910, 89.7755
1741334627.985, 2.639, 2.065, -0.5732, -0.9125, -3.5434, 1.8697, 54.2917, 89.6448
1741334628.064, 2.648, 2.047, -0.5852, -0.9127, -3.5342, 1.7515, 54.3071, 89.7692
1741334628.144, 2.648, 2.028, -0.5974, -0.9131, -3.5254, 1.9116, 54.3373, 89.5954
1741334628.223, 2.649, 2.010, -0.6097, -0.9137, -3.5162, 1.8317, 54.3339, 89.7308
1741334628.303, 2.649, 2.010, -0.6225, -0.9140, -3.5070, 1.8278, 54.2074, 89.7876
1741334628.383, 2.650, 1.992, -0.6352, -0.9144, -3.4977, 1.9081, 54.0775, 89.7848
1741334628.462, 2.651, 1.971, -0.6480, -0.9147, -3.4889, 1.9171, 54.3115, 89.8417
1741334628.542, 2.653, 1.950, -0.6607, -0.9154, -3.4804, 2.0261, 54.6096, 89.6949
1741334628.622, 2.647, 1.932, -0.6730, -0.9154, -3.4716, 1.9400, 54.9058, 89.6748
1741334628.701, 2.647, 1.932, -0.6856, -0.9162, -3.4633, 1.9864, 55.1269, 89.6864
1741334628.781, 2.652, 1.912, -0.6987, -0.9168, -3.4549, 2.0589, 55.4118, 89.6465
1741334628.861, 2.648, 1.893, -0.7069, -0.9163, -3.4469, 1.2421, 54.9495, 89.8058
1741334628.940, 2.645, 1.871, -0.7124, -0.9156, -3.4425, 1.0959, 55.3671, 89.1724
1741334629.020, 2.649, 1.863, -0.7217, -0.9153, -3.4376, 1.9090, 56.0353, 87.8010
1741334629.099, 2.649, 1.863, -0.7357, -0.9156, -3.4302, 2.0143, 56.6144, 87.5319
1741334629.179, 2.644, 1.853, -0.7518, -0.9161, -3.4198, 1.5865, 57.4056, 87.8629
1741334629.259, 2.649, 1.832, -0.7688, -0.9168, -3.4098, 1.5318, 57.9198, 87.8643
1741334629.339, 2.649, 1.810, -0.7851, -0.9182, -3.4005, 1.5031, 58.3974, 88.1827
1741334629.418, 2.648, 1.786, -0.8043, -0.9198, -3.3898, 1.8950, 58.5710, 89.4902
1741334629.498, 2.648, 1.786, -0.8180, -0.9202, -3.3788, 0.3195, 59.3083, 91.4678
1741334629.577, 2.641, 1.760, -0.8254, -0.9198, -3.3717, -0.9064, 59.7633, 92.7624
1741334629.657, 2.642, 1.736, -0.8325, -0.9194, -3.3654, -2.2007, 59.7209, 93.6965
1741334629.737, 2.650, 1.721, -0.8441, -0.9195, -3.3582, -2.3349, 59.9144, 93.8822
1741334629.816, 2.653, 1.711, -0.8539, -0.9188, -3.3517, -1.8177, 57.8140, 93.3892
1741334629.896, 2.653, 1.711, -0.8574, -0.9183, -3.3452, -2.9157, 56.9519, 93.0808
1741334629.976, 2.645, 1.693, -0.8640, -0.9174, -3.3402, -2.9363, 57.0456, 92.0518
1741334630.055, 2.650, 1.681, -0.8773, -0.9179, -3.3319, -2.7034, 57.2810, 91.7366
1741334630.135, 2.657, 1.673, -0.8949, -0.9185, -3.3216, -2.4355, 57.7708, 91.6745
1741334630.215, 2.657, 1.653, -0.9202, -0.9207, -3.3162, 3.5600, 57.3976, 87.1492
1741334630.294, 2.657, 1.653, -0.9397, -0.9224, -3.3066, 4.2093, 58.0019, 86.9453
1741334630.374, 2.645, 1.627, -0.9544, -0.9245, -3.2919, 1.3741, 58.2144, 90.0172
1741334630.453, 2.636, 1.594, -0.9684, -0.9258, -3.2838, 1.5244, 58.2537, 89.8665
1741334630.533, 2.640, 1.568, -0.9786, -0.9248, -3.2806, 3.3372, 57.3888, 89.0233
1741334630.613, 2.640, 1.547, -0.9826, -0.9239, -3.2802, 4.5411, 57.4321, 87.9291
1741334630.692, 2.638, 1.547, -0.9903, -0.9236, -3.2770, 5.3976, 57.3779, 87.2682
1741334630.772, 2.636, 1.541, -1.0040, -0.9247, -3.2695, 5.7817, 57.2542, 86.8452
1741334630.852, 2.634, 1.534, -1.0223, -0.9251, -3.2573, 5.3691, 56.9874, 87.4452
1741334630.931, 2.640, 1.516, -1.0410, -0.9254, -3.2450, 5.3144, 56.6740, 87.2605
1741334631.011, 2.640, 1.486, -1.0581, -0.9260, -3.2341, 5.4376, 56.5561, 86.9867
1741334631.091, 2.641, 1.486, -1.0689, -0.9284, -3.2195, 1.7862, 56.8428, 89.8600
1741334631.170, 2.643, 1.455, -1.0794, -0.9286, -3.2115, 1.5592, 56.9436, 89.9088
1741334631.250, 2.638, 1.435, -1.0897, -0.9285, -3.2055, 1.7035, 56.8225, 89.7252
1741334631.330, 2.645, 1.416, -1.0987, -0.9291, -3.1994, 1.7564, 56.9039, 89.6758
1741334631.409, 2.645, 1.406, -1.1088, -0.9292, -3.1924, 1.5014, 57.0347, 89.7329
1741334631.489, 2.642, 1.406, -1.1209, -0.9292, -3.1845, 1.5479, 57.1971, 89.6460
1741334631.569, 2.646, 1.392, -1.1353, -0.9298, -3.1754, 1.5295, 57.2420, 89.7541
1741334631.648, 2.646, 1.372, -1.1478, -0.9294, -3.1661, 1.3533, 57.1548, 89.7705
1741334631.728, 2.645, 1.351, -1.1554, -0.9287, -3.1592, 0.4448, 56.7589, 89.5737
1741334631.807, 2.645, 1.335, -1.1643, -0.9283, -3.1543, 1.0459, 56.7761, 88.5205
1741334631.887, 2.647, 1.335, -1.1762, -0.9284, -3.1461, 0.8101, 56.7165, 88.6962
1741334631.967, 2.647, 1.323, -1.1902, -0.9293, -3.1379, 1.1555, 56.9565, 88.1115
1741334632.046, 2.642, 1.307, -1.2058, -0.9294, -3.1280, 1.2223, 56.6186, 87.9978
1741334632.126, 2.643, 1.283, -1.2203, -0.9298, -3.1187, 1.4174, 56.4146, 87.8027
1741334632.206, 2.643, 1.263, -1.2365, -0.9310, -3.1087, 1.6844, 56.3887, 88.3006
1741334632.285, 2.643, 1.263, -1.2548, -0.9327, -3.0967, 1.7673, 56.3396, 89.8164
1741334632.365, 2.647, 1.243, -1.2654, -0.9325, -3.0859, 0.1833, 57.0215, 91.1299
1741334632.445, 2.642, 1.215, -1.2728, -0.9319, -3.0788, -1.1169, 57.2059, 92.6033
1741334632.524, 2.646, 1.197, -1.2805, -0.9315, -3.0720, -1.8477, 57.2677, 92.8893
1741334632.604, 2.646, 1.197, -1.2922, -0.9319, -3.0636, -2.2575, 57.3556, 93.3209
1741334632.684, 2.655, 1.183, -1.3042, -0.9306, -3.0554, -1.2258, 55.1854, 92.8382
1741334632.763, 2.656, 1.167, -1.3071, -0.9312, -3.0485, -2.3904, 53.4110, 93.1438
1741334632.843, 2.651, 1.152, -1.3115, -0.9300, -3.0432, -2.5970, 53.2440, 91.6235
1741334632.922, 2.666, 1.143, -1.3227, -0.9294, -3.0353, -2.2639, 53.5654, 91.1277
1741334633.002, 2.666, 1.143, -1.3392, -0.9299, -3.0255, -1.7401, 54.1308, 90.6968
1741334633.082, 2.674, 1.135, -1.3640, -0.9323, -3.0196, 3.2841, 53.6623, 87.5457
1741334633.161, 2.669, 1.110, -1.3836, -0.9347, -3.0077, 4.0060, 54.1163, 86.7536
1741334633.241, 2.651, 1.085, -1.3989, -0.9355, -2.9936, 2.7138, 54.6012, 87.8609
1741334633.321, 2.660, 1.056, -1.4142, -0.9364, -2.9794, 1.6832, 54.1902, 89.6617
1741334633.400, 2.660, 1.056, -1.4264, -0.9352, -2.9728, 2.6077, 54.2468, 89.5689
1741334633.480, 2.660, 1.028, -1.4311, -0.9354, -2.9716, 3.5210, 54.1665, 89.0155
1741334633.560, 2.656, 1.008, -1.4370, -0.9354, -2.9719, 5.6323, 54.2269, 86.8268
1741334633.639, 2.662, 1.000, -1.4476, -0.9352, -2.9651, 5.7199, 54.1208, 86.7508
1741334633.719, 2.657, 0.994, -1.4632, -0.9354, -2.9536, 5.5223, 54.0681, 87.0080
1741334633.799, 2.657, 0.994, -1.4815, -0.9356, -2.9403, 5.3490, 53.7616, 87.4203
1741334633.878, 2.660, 0.976, -1.4979, -0.9368, -2.9269, 4.5952, 53.6204, 88.1064
1741334633.958, 2.661, 0.952, -1.5125, -0.9373, -2.9163, 4.5162, 53.6400, 87.9005
1741334634.037, 2.664, 0.923, -1.5203, -0.9392, -2.9022, 0.9844, 54.0701, 90.0437
1741334634.117, 2.666, 0.900, -1.5319, -0.9396, -2.8945, 1.5784, 54.0107, 89.5126
1741334634.197, 2.666, 0.900, -1.5420, -0.9397, -2.8873, 1.5182, 54.0738, 89.6358
1741334634.276, 2.666, 0.884, -1.5520, -0.9401, -2.8801, 1.6649, 53.7902, 89.5484
1741334634.356, 2.670, 0.865, -1.5631, -0.9404, -2.8714, 1.6081, 53.6547, 89.6219
1741334634.436, 2.666, 0.848, -1.5750, -0.9405, -2.8627, 1.6564, 53.4357, 89.5511
1741334634.515, 2.674, 0.832, -1.5880, -0.9407, -2.8530, 1.5670, 53.3098, 89.5889
1741334634.595, 2.674, 0.832, -1.6011, -0.9410, -2.8430, 1.5619, 53.4370, 89.4949
1741334634.675, 2.675, 0.818, -1.6141, -0.9414, -2.8332, 1.4715, 53.4396, 89.5444
1741334634.754, 2.671, 0.799, -1.6267, -0.9418, -2.8239, 1.3686, 53.4585, 89.5684
1741334634.834, 2.673, 0.778, -1.6390, -0.9424, -2.8150, 1.5149, 53.3881, 89.4505
1741334634.914, 2.672, 0.755, -1.6507, -0.9421, -2.8064, 1.5811, 53.3728, 89.4627
1741334635.113, 2.676, 0.725, -1.6795, -0.9424, -2.7840, 1.3039, 53.4626, 89.5430
1741334635.193, 2.676, 0.725, -1.6917, -0.9429, -2.7751, 1.2896, 53.5835, 89.5192
1741334635.272, 2.684, 0.702, -1.7044, -0.9433, -2.7663, 1.4129, 53.5159, 89.3533
1741334635.352, 2.677, 0.683, -1.7173, -0.9435, -2.7565, 1.4886, 53.5629, 89.3524
1741334635.431, 2.686, 0.662, -1.7298, -0.9434, -2.7474, 1.5434, 53.4704, 89.3683
1741334635.511, 2.686, 0.648, -1.7419, -0.9435, -2.7379, 1.3841, 53.3458, 89.5507
1741334635.591, 2.686, 0.648, -1.7538, -0.9439, -2.7292, 1.5401, 53.1802, 89.4133
1741334635.670, 2.682, 0.627, -1.7660, -0.9437, -2.7202, 1.4523, 53.3578, 89.4565
1741334635.750, 2.683, 0.606, -1.7714, -0.9427, -2.7136, 0.6831, 52.9096, 88.9037
1741334635.829, 2.686, 0.588, -1.7792, -0.9427, -2.7082, 0.9342, 53.0318, 88.1401
1741334635.909, 2.686, 0.582, -1.7905, -0.9425, -2.6991, 0.8133, 53.0546, 88.2093
1741334635.989, 2.691, 0.582, -1.8041, -0.9427, -2.6907, 1.3742, 53.3060, 87.3547
1741334636.069, 2.690, 0.562, -1.8186, -0.9429, -2.6805, 1.4862, 53.0804, 87.4141
1741334636.148, 2.688, 0.550, -1.8389, -0.9450, -2.6659, 1.5417, 53.3653, 89.7683
1741334636.228, 2.698, 0.522, -1.8537, -0.9464, -2.6543, 1.4636, 53.0259, 89.3008
1741334636.307, 2.698, 0.495, -1.8650, -0.9459, -2.6451, 1.4261, 52.9123, 89.3361
1741334636.387, 2.572, 0.495, -1.8755, -0.9456, -2.6368, 1.3039, 52.9739, 89.5825
1741334636.467, 2.552, 0.482, -1.8817, -0.9449, -2.6292, 0.1171, 53.2687, 91.1463
1741334636.546, 2.553, 0.456, -1.8815, -0.9444, -2.6264, -0.8719, 53.0500, 91.0638
1741334636.626, 2.552, 0.451, -1.8816, -0.9430, -2.6243, -1.4170, 52.4902, 90.8456
1741334636.706, 2.552, 0.445, -1.8836, -0.9425, -2.6229, -1.3586, 52.4572, 90.2851
1741334636.785, 2.557, 0.445, -1.8857, -0.9422, -2.6214, -1.3381, 52.4500, 89.9481
1741334636.865, 1.575, 0.445, -1.8873, -0.9421, -2.6204, -1.2804, 52.5374, 89.8065
1741334636.945, 1.576, 0.436, -1.8876, -0.9421, -2.6199, -1.3504, 52.5072, 89.7891
1741334637.024, 1.576, 0.440, -1.8878, -0.9421, -2.6200, -1.3370, 52.5077, 89.7999
1741334637.104, 1.576, 0.435, -1.8877, -0.9420, -2.6199, -1.3417, 52.5208, 89.8052
1741334637.184, 1.574, 0.435, -1.8877, -0.9421, -2.6200, -1.3469, 52.5276, 89.8185
1741334637.263, 1.573, 0.439, -1.8878, -0.9421, -2.6199, -1.3615, 52.5212, 89.8318
1741334637.343, 1.576, 0.432, -1.8877, -0.9422, -2.6198, -1.3734, 52.5201, 89.8423
1741334637.422, 1.575, 0.432, -1.8878, -0.9421, -2.6199, -1.3692, 52.5313, 89.8348
1741334637.502, 1.575, 0.437, -1.8878, -0.9421, -2.6199, -1.3742, 52.5324, 89.8349
1741334637.582, 1.576, 0.437, -1.8876, -0.9420, -2.6198, -1.3885, 52.5362, 89.8437
1741334637.661, 1.575, 0.432, -1.8877, -0.9421, -2.6198, -1.3799, 52.5336, 89.8395
1741334637.741, 1.576, 0.432, -1.8877, -0.9421, -2.6198, -1.3745, 52.5383, 89.8331
1741334637.821, 1.577, 0.437, -1.8877, -0.9421, -2.6199, -1.3703, 52.5349, 89.8312
1741334637.900, 1.577, 0.437, -1.8878, -0.9421, -2.6199, -1.3670, 52.5326, 89.8387
1741334637.980, 1.576, 0.437, -1.8877, -0.9421, -2.6198, -1.3896, 52.5342, 89.8583
1741334638.060, 1.576, 0.433, -1.8877, -0.9421, -2.6198, -1.3878, 52.5326, 89.8612
1741334638.139, 1.576, 0.432, -1.8878, -0.9422, -2.6199, -1.3837, 52.5374, 89.8555
1741334638.219, 1.576, 0.432, -1.8878, -0.9422, -2.6200, -1.4057, 52.5307, 89.8632
1741334638.299, 1.576, 0.432, -1.8878, -0.9421, -2.6198, -1.4093, 52.5361, 89.8696
1741334638.378, 1.576, 0.432, -1.8877, -0.9421, -2.6198, -1.4122, 52.5430, 89.8637
1741334638.458, 1.576, 0.432, -1.8877, -0.9422, -2.6198, -1.4148, 52.5517, 89.8656
1741334638.538, 1.575, 0.432, -1.8877, -0.9422, -2.6199, -1.3757, 52.5221, 89.9131
1741334638.617, 1.577, 0.437, -1.8847, -0.9426, -2.6223, -1.3601, 52.3930, 90.2417
1741334638.697, 1.577, 0.435, -1.8803, -0.9443, -2.6274, -0.8288, 52.3901, 91.9906
1741334638.776, 1.576, 0.435, -1.8713, -0.9456, -2.6410, 1.8777, 52.6060, 89.0058
1741334638.856, 1.573, 0.440, -1.8589, -0.9457, -2.6502, 1.4993, 53.0542, 89.2827
1741334638.936, 2.551, 0.456, -1.8488, -0.9455, -2.6580, 1.4814, 53.1787, 89.2765
1741334639.015, 2.558, 0.476, -1.8391, -0.9453, -2.6654, 1.4499, 53.2974, 89.3111
1741334639.095, 2.558, 0.496, -1.8290, -0.9445, -2.6725, 1.2404, 53.0787, 89.0351
1741334639.175, 2.621, 0.496, -1.8203, -0.9439, -2.6798, 1.3130, 53.2761, 87.9473
1741334639.254, 2.690, 0.509, -1.8119, -0.9430, -2.6865, 1.4417, 53.5716, 87.3257
1741334639.334, 2.694, 0.522, -1.7991, -0.9427, -2.6962, 1.4362, 53.8526, 87.3877
1741334639.415, 2.688, 0.531, -1.7834, -0.9430, -2.7070, 0.9314, 54.1264, 88.2061
1741334639.493, 2.688, 0.550, -1.7681, -0.9428, -2.7181, 0.8640, 54.6734, 88.5599
1741334639.573, 2.685, 0.550, -1.7576, -0.9448, -2.7280, 1.5803, 55.0484, 89.2513
1741334639.652, 2.680, 0.578, -1.7464, -0.9442, -2.7358, 1.4876, 54.5485, 89.4420
1741334639.732, 2.681, 0.594, -1.7366, -0.9431, -2.7425, 1.5535, 54.4775, 89.3802
1741334639.812, 2.682, 0.616, -1.7281, -0.9437, -2.7486, 1.5547, 54.4506, 89.3844
1741334639.891, 2.682, 0.616, -1.7186, -0.9433, -2.7554, 1.5318, 54.4331, 89.3633
1741334639.971, 2.675, 0.616, -1.7081, -0.9435, -2.7633, 1.5907, 54.3443, 89.3652
1741334640.051, 2.674, 0.638, -1.6962, -0.9438, -2.7712, 1.4313, 54.2466, 89.4200
1741334640.130, 2.673, 0.655, -1.6844, -0.9425, -2.7796, 1.4003, 54.0465, 89.4364
1741334640.210, 2.674, 0.672, -1.6724, -0.9424, -2.7881, 1.2966, 53.8528, 89.5449
1741334640.289, 2.674, 0.694, -1.6608, -0.9424, -2.7969, 1.4438, 53.7265, 89.4898
1741334640.369, 2.683, 0.694, -1.6495, -0.9424, -2.8057, 1.6131, 53.6044, 89.3432
1741334640.449, 2.683, 0.709, -1.6386, -0.9425, -2.8139, 1.6636, 53.5423, 89.3810
1741334640.529, 2.682, 0.728, -1.6272, -0.9420, -2.8221, 1.5858, 53.4965, 89.4354
1741334640.608, 2.673, 0.744, -1.6162, -0.9423, -2.8302, 1.5016, 53.3899, 89.4985
1741334640.688, 2.673, 0.765, -1.6056, -0.9414, -2.8380, 1.4979, 53.2606, 89.5069
1741334640.767, 2.681, 0.765, -1.5951, -0.9408, -2.8458, 1.5873, 53.1405, 89.4492
1741334640.847, 2.678, 0.777, -1.5846, -0.9412, -2.8540, 1.5736, 52.9622, 89.5236
1741334640.927, 2.672, 0.794, -1.5741, -0.9410, -2.8623, 1.7022, 52.8505, 89.4609
1741334641.006, 2.678, 0.809, -1.5635, -0.9406, -2.8702, 1.6432, 52.8110, 89.5528
1741334641.086, 2.678, 0.824, -1.5525, -0.9402, -2.8787, 1.7402, 52.8547, 89.4500
1741334641.166, 2.676, 0.824, -1.5419, -0.9398, -2.8865, 1.6324, 52.8538, 89.6684
1741334641.245, 2.669, 0.843, -1.5307, -0.9402, -2.8947, 1.5235, 52.8343, 89.7488
1741334641.325, 2.669, 0.861, -1.5200, -0.9398, -2.9027, 1.4182, 52.7133, 89.8129
1741334641.405, 2.669, 0.875, -1.5145, -0.9383, -2.9122, 3.4568, 52.9997, 88.5902
1741334641.484, 2.672, 0.895, -1.5097, -0.9366, -2.9188, 4.4710, 52.7884, 88.0843
1741334641.564, 2.665, 0.895, -1.5004, -0.9364, -2.9265, 4.8317, 52.9619, 87.8059
1741334641.644, 2.662, 0.901, -1.4887, -0.9368, -2.9356, 4.9717, 53.0856, 87.7196
1741334641.723, 2.659, 0.919, -1.4763, -0.9362, -2.9468, 5.6007, 53.2488, 87.2068
1741334641.803, 2.659, 0.935, -1.4630, -0.9358, -2.9569, 5.4463, 53.3695, 87.2568
1741334642.002, 2.660, 0.976, -1.4328, -0.9359, -2.9794, 5.1837, 53.4614, 87.2977
1741334642.201, 2.655, 1.011, -1.4001, -0.9361, -2.9968, 2.4772, 54.4979, 88.3521
1741334642.400, 2.656, 1.042, -1.3859, -0.9344, -3.0111, 4.2165, 54.1407, 86.8526
1741334642.480, 2.648, 1.053, -1.3756, -0.9344, -3.0181, 3.9991, 53.8543, 86.9506
1741334642.560, 2.648, 1.053, -1.3593, -0.9337, -3.0271, 2.7562, 53.6223, 87.1899
1741334642.759, 2.650, 1.087, -1.3311, -0.9303, -3.0402, -0.2983, 52.8660, 90.5888
1741334642.838, 2.660, 1.109, -1.3172, -0.9301, -3.0486, -1.3337, 52.9097, 90.9882
1741334642.918, 2.665, 1.119, -1.3057, -0.9320, -3.0547, -2.1855, 52.6046, 93.5440
1741334642.997, 2.665, 1.141, -1.3001, -0.9319, -3.0676, 0.9384, 52.4033, 92.4155
1741334643.077, 2.667, 1.153, -1.2818, -0.9319, -3.0757, -1.3669, 52.3502, 92.8068
1741334643.157, 2.662, 1.153, -1.2710, -0.9325, -3.0838, -1.0618, 52.2813, 92.6139
1741334643.236, 2.666, 1.173, -1.2605, -0.9319, -3.0921, -1.1072, 52.0171, 92.5476
1741334643.316, 2.655, 1.194, -1.2519, -0.9327, -3.1033, 0.8932, 52.2130, 90.8924
1741334643.396, 2.655, 1.212, -1.2401, -0.9320, -3.1140, 1.5110, 51.8077, 89.4234
1741334643.476, 2.659, 1.231, -1.2309, -0.9308, -3.1213, 1.5545, 51.9745, 88.3221
1741334643.555, 2.648, 1.231, -1.2227, -0.9301, -3.1284, 1.5671, 52.2749, 87.7932
1741334643.635, 2.647, 1.245, -1.2119, -0.9307, -3.1365, 1.3617, 52.3896, 87.9589
1741334643.714, 2.649, 1.259, -1.1979, -0.9300, -3.1470, 1.1198, 52.8263, 88.1808
1741334643.913, 2.644, 1.295, -1.1653, -0.9288, -3.1719, 1.2104, 53.4337, 88.3662
1741334643.993, 2.644, 1.316, -1.1548, -0.9284, -3.1796, 1.0186, 53.8924, 88.5688
1741334644.073, 2.640, 1.316, -1.1462, -0.9282, -3.1867, 1.2018, 54.2477, 88.6032
1741334644.152, 2.632, 1.334, -1.1386, -0.9298, -3.1928, 1.3661, 54.5323, 89.5196
1741334644.232, 2.631, 1.350, -1.1282, -0.9301, -3.2008, 1.4727, 54.4475, 89.8728
1741334644.312, 2.633, 1.360, -1.1176, -0.9293, -3.2082, 1.4461, 54.5167, 89.9623
1741334644.391, 2.633, 1.375, -1.1073, -0.9288, -3.2156, 1.4126, 54.4414, 89.9832
1741334644.471, 2.632, 1.375, -1.0977, -0.9290, -3.2225, 1.4678, 54.4323, 89.9549
1741334644.551, 2.626, 1.393, -1.0878, -0.9291, -3.2297, 1.5179, 54.4002, 89.9543
1741334644.630, 2.631, 1.408, -1.0781, -0.9283, -3.2371, 1.7971, 54.2361, 89.7096
1741334644.710, 2.630, 1.408, -1.0671, -0.9280, -3.2450, 1.6953, 54.2206, 89.8596
1741334644.789, 2.630, 1.436, -1.0556, -0.9274, -3.2527, 1.6522, 54.1608, 89.9489
1741334644.869, 2.631, 1.436, -1.0491, -0.9263, -3.2633, 4.1595, 54.5561, 88.1758
1741334644.949, 2.626, 1.455, -1.0420, -0.9254, -3.2703, 4.6095, 54.4133, 88.0992
1741334645.028, 2.625, 1.469, -1.0325, -0.9256, -3.2773, 4.7787, 54.4789, 87.8497
1741334645.108, 2.618, 1.484, -1.0199, -0.9249, -3.2866, 4.9763, 54.6181, 87.8239
1741334645.188, 2.618, 1.501, -1.0081, -0.9238, -3.2959, 5.1961, 54.5714, 87.7411
1741334645.268, 2.623, 1.501, -0.9966, -0.9238, -3.3051, 5.5665, 54.6792, 87.2523
1741334645.347, 2.615, 1.518, -0.9855, -0.9236, -3.3136, 5.7120, 54.7111, 87.1075
1741334645.427, 2.615, 1.538, -0.9752, -0.9231, -3.3211, 5.5893, 54.9046, 87.2261
1741334645.506, 2.617, 1.556, -0.9630, -0.9238, -3.3279, 4.7828, 55.1801, 87.7692
1741334645.586, 2.617, 1.573, -0.9463, -0.9247, -3.3333, 1.6601, 55.8716, 89.9518
1741334645.666, 2.617, 1.573, -0.9333, -0.9240, -3.3418, 1.8613, 56.8919, 89.5223
1741334645.746, 2.622, 1.592, -0.9274, -0.9234, -3.3483, 2.5634, 57.3746, 88.4552
1741334645.825, 2.615, 1.612, -0.9246, -0.9228, -3.3517, 3.3244, 57.3652, 87.8394
1741334646.024, 2.609, 1.629, -0.9105, -0.9215, -3.3631, 4.6320, 56.8644, 86.9196
1741334646.104, 2.613, 1.632, -0.8950, -0.9211, -3.3727, 4.4733, 56.7850, 86.6905
1741334646.183, 2.613, 1.648, -0.8778, -0.9187, -3.3774, 1.4558, 55.4442, 89.5591
1741334646.263, 2.609, 1.648, -0.8604, -0.9178, -3.3835, -0.8664, 55.9048, 91.0844
1741334646.343, 2.620, 1.674, -0.8424, -0.9173, -3.3912, -2.8665, 55.7608, 92.1566
1741334646.422, 2.621, 1.694, -0.8343, -0.9185, -3.4007, -0.8868, 55.6039, 93.0092
1741334646.502, 2.623, 1.717, -0.8244, -0.9187, -3.4105, 0.2405, 55.6371, 93.1165
1741334646.582, 2.623, 1.734, -0.8074, -0.9183, -3.4176, -2.1689, 55.4375, 93.5030
1741334646.661, 2.620, 1.734, -0.8002, -0.9185, -3.4239, -0.9244, 55.2890, 93.1231
1741334646.741, 2.627, 1.752, -0.7908, -0.9178, -3.4297, -1.4641, 55.0616, 93.1236
1741334646.821, 2.624, 1.771, -0.7815, -0.9183, -3.4393, 0.1129, 55.1308, 91.7029
1741334646.900, 2.624, 1.779, -0.7701, -0.9182, -3.4503, 1.4646, 55.0126, 89.7628
1741334646.980, 2.617, 1.797, -0.7600, -0.9170, -3.4584, 1.7290, 54.8661, 88.4289
1741334647.060, 2.616, 1.797, -0.7515, -0.9162, -3.4644, 1.7602, 55.0910, 88.0467
1741334647.139, 2.611, 1.822, -0.7413, -0.9155, -3.4723, 2.0614, 55.3423, 87.6786
1741334647.219, 2.609, 1.834, -0.7279, -0.9156, -3.4816, 2.0289, 55.6070, 87.7216
1741334647.298, 2.609, 1.848, -0.7141, -0.9147, -3.4909, 1.8639, 55.9271, 87.9378
1741334647.378, 2.612, 1.867, -0.7014, -0.9143, -3.5000, 1.8498, 56.3162, 88.0117
1741334647.458, 2.608, 1.867, -0.6900, -0.9148, -3.5069, 1.4726, 56.6320, 88.6714
1741334647.537, 2.611, 1.888, -0.6804, -0.9141, -3.5132, 1.2965, 56.9396, 89.0060
1741334647.617, 2.611, 1.905, -0.6716, -0.9137, -3.5188, 1.0549, 57.1923, 89.4575
1741334647.697, 2.611, 1.919, -0.6637, -0.9145, -3.5251, 1.6662, 57.4842, 89.9046
1741334647.776, 2.603, 1.932, -0.6521, -0.9144, -3.5334, 2.0071, 57.4901, 89.9773
1741334647.856, 2.587, 1.932, -0.6402, -0.9142, -3.5414, 2.0701, 57.4819, 89.9546
1741334647.936, 2.587, 1.946, -0.6289, -0.9139, -3.5476, 1.8158, 57.4123, 90.1160
1741334648.015, 2.589, 1.965, -0.6178, -0.9139, -3.5541, 1.6726, 57.3005, 90.1219
1741334648.095, 2.589, 1.983, -0.6070, -0.9132, -3.5612, 1.7753, 57.1636, 89.9355
1741334648.174, 2.587, 1.999, -0.5965, -0.9129, -3.5678, 1.6478, 57.0172, 90.0507
1741334648.254, 2.589, 1.999, -0.5855, -0.9126, -3.5750, 1.6252, 56.8850, 90.0745
1741334648.334, 2.589, 2.015, -0.5742, -0.9119, -3.5827, 1.8509, 56.7624, 89.8652
1741334648.413, 2.589, 2.032, -0.5627, -0.9116, -3.5902, 1.9167, 56.7437, 89.7612
1741334648.493, 2.589, 2.046, -0.5515, -0.9118, -3.5970, 1.7505, 56.6409, 89.9067
1741334648.573, 2.589, 2.064, -0.5409, -0.9111, -3.6042, 1.8481, 56.5440, 89.9241
1741334648.652, 2.583, 2.064, -0.5304, -0.9106, -3.6108, 1.7171, 56.4903, 90.1340
1741334648.732, 2.589, 2.082, -0.5190, -0.9099, -3.6178, 1.4794, 56.3415, 90.2896
1741334648.812, 2.589, 2.096, -0.5079, -0.9095, -3.6252, 1.5500, 56.2128, 90.1782
1741334648.891, 2.589, 2.114, -0.4972, -0.9094, -3.6320, 1.3598, 56.0281, 90.4060
1741334648.971, 2.588, 2.131, -0.4861, -0.9089, -3.6396, 1.5266, 55.9560, 90.2279
1741334649.050, 2.589, 2.131, -0.4749, -0.9084, -3.6476, 1.6171, 55.8740, 90.1416
1741334649.130, 2.584, 2.149, -0.4637, -0.9087, -3.6552, 1.7098, 55.8357, 89.9633
1741334649.210, 2.581, 2.166, -0.4523, -0.9080, -3.6624, 1.5349, 55.7895, 90.0380
1741334649.289, 2.581, 2.182, -0.4410, -0.9082, -3.6700, 1.5220, 55.7368, 89.9034
1741334649.489, 2.582, 2.217, -0.4135, -0.9068, -3.6887, 1.7406, 55.4580, 89.4355
1741334649.688, 2.587, 2.252, -0.3857, -0.9066, -3.7081, 2.0319, 55.4496, 89.0321
1741334649.887, 2.587, 2.286, -0.3579, -0.9054, -3.7265, 1.7810, 55.4424, 89.3054
1741334649.967, 2.581, 2.286, -0.3470, -0.9052, -3.7339, 1.8289, 55.3583, 89.2352
1741334650.046, 2.586, 2.301, -0.3363, -0.9049, -3.7409, 1.7659, 55.3603, 89.2647
1741334650.245, 2.579, 2.337, -0.3109, -0.9045, -3.7601, 1.8984, 56.6732, 89.3099
1741334650.444, 2.579, 2.363, -0.2817, -0.9036, -3.7792, 1.8802, 57.0903, 89.2334
1741334650.524, 2.573, 2.382, -0.2702, -0.9035, -3.7866, 1.8195, 57.1581, 89.2526
1741334650.604, 2.578, 2.400, -0.2593, -0.9036, -3.7935, 1.7404, 57.1748, 89.2288
1741334650.683, 2.578, 2.420, -0.2484, -0.9033, -3.8007, 1.8499, 57.1671, 89.1496
1741334650.763, 2.577, 2.420, -0.2375, -0.9031, -3.8075, 1.7698, 57.2006, 89.2524
1741334650.843, 2.578, 2.428, -0.2267, -0.9026, -3.8144, 1.9871, 56.7388, 89.0897
1741334650.922, 2.574, 2.450, -0.2153, -0.9019, -3.8200, 2.0713, 54.7516, 89.0605
1741334651.002, 2.579, 2.466, -0.2039, -0.9023, -3.8260, 1.9067, 52.9152, 89.2178
1741334651.082, 2.579, 2.483, -0.1936, -0.9023, -3.8337, 1.9709, 52.6545, 89.2646
1741334651.161, 2.584, 2.483, -0.1827, -0.9021, -3.8417, 1.7929, 52.8876, 89.4347
1741334651.241, 2.588, 2.504, -0.1715, -0.9016, -3.8498, 1.7207, 53.0112, 89.5133
1741334651.320, 2.590, 2.517, -0.1607, -0.9012, -3.8583, 1.6980, 53.0920, 89.5361
1741334651.400, 2.585, 2.533, -0.1505, -0.9007, -3.8662, 1.7281, 53.1433, 89.5875
1741334651.599, 2.585, 2.562, -0.1241, -0.9003, -3.8862, 1.8388, 53.5118, 89.5958
1741334651.798, 2.580, 2.600, -0.0975, -0.8996, -3.9052, 1.3462, 53.5691, 89.9814
1741334651.997, 2.583, 2.630, -0.0848, -0.8997, -3.9180, 1.2121, 51.5534, 90.3130
1741334652.077, 2.583, 2.637, -0.0785, -0.8999, -3.9259, 1.8087, 50.4826, 89.5632
1741334652.157, 2.585, 2.637, -0.0701, -0.8996, -3.9340, 1.2709, 49.5032, 90.3572
1741334652.356, 2.591, 2.671, -0.0490, -0.8980, -3.9571, 1.8182, 46.7513, 89.6985
1741334652.435, 2.590, 2.694, -0.0401, -0.8986, -3.9667, 1.3627, 45.8224, 90.0794
1741334652.515, 2.600, 2.729, -0.0333, -0.8979, -3.9767, 1.3774, 45.3164, 90.3126
1741334652.595, 2.600, 2.749, -0.0286, -0.8994, -3.9859, 1.9094, 46.1336, 89.5643
1741334652.675, 2.609, 2.767, -0.0248, -0.8973, -3.9945, 1.5450, 47.8756, 90.0971
1741334652.754, 2.602, 2.767, -0.0209, -0.8978, -4.0043, 1.5458, 49.5810, 90.0459
1741334652.834, 2.575, 2.763, -0.0170, -0.8975, -4.0126, 1.4702, 51.1762, 90.1967
1741334652.913, 2.552, 2.752, -0.0121, -0.8977, -4.0197, 1.4420, 51.4580, 90.3501
1741334652.993, 2.552, 2.753, -0.0045, -0.8968, -4.0265, 1.1186, 50.7330, 90.8319
1741334653.073, 2.542, 2.770, 0.0033, -0.8964, -4.0349, 1.5173, 49.5729, 90.2624
1741334653.152, 2.536, 2.770, 0.0130, -0.8966, -4.0452, 1.9412, 49.3956, 89.6999
1741334653.232, 2.540, 2.789, 0.0242, -0.8965, -4.0560, 2.0172, 49.3997, 89.6651
1741334653.311, 2.538, 2.808, 0.0353, -0.8959, -4.0658, 2.0850, 49.6934, 89.6057
1741334653.391, 2.538, 2.822, 0.0448, -0.8961, -4.0766, 2.2228, 52.0700, 89.5128
1741334653.471, 2.534, 2.836, 0.0525, -0.8960, -4.0874, 2.4552, 56.1862, 89.3585
1741334653.551, 2.523, 2.836, 0.0605, -0.8961, -4.0962, 2.5941, 59.1335, 89.2861
1741334653.630, 2.504, 2.836, 0.0692, -0.8956, -4.1012, 2.4640, 59.5734, 89.4611
1741334653.710, 2.496, 2.855, 0.0742, -0.8945, -4.1068, 3.8044, 59.7963, 88.5944
1741334653.789, 2.496, 2.863, 0.0750, -0.8942, -4.1085, 4.5463, 59.6558, 88.2258
1741334653.869, 2.494, 2.877, 0.0764, -0.8935, -4.1097, 4.5462, 59.7147, 88.5564
1741334653.949, 2.513, 2.877, 0.0804, -0.8927, -4.1131, 4.9188, 59.6376, 88.5219
1741334654.028, 2.515, 2.879, 0.0912, -0.8925, -4.1187, 4.5850, 59.5152, 89.1314
1741334654.108, 2.516, 2.876, 0.1093, -0.8915, -4.1288, 4.6975, 58.1049, 88.6929
1741334654.188, 2.516, 2.899, 0.1364, -0.8912, -4.1366, 1.1577, 54.9680, 89.1473
1741334654.267, 2.507, 2.918, 0.1544, -0.8914, -4.1467, 0.7497, 53.1492, 88.8976
1741334654.347, 2.500, 2.918, 0.1637, -0.8929, -4.1549, 1.2999, 54.0664, 90.3437
1741334654.427, 2.512, 2.960, 0.1747, -0.8897, -4.1670, 1.9276, 54.3281, 89.9258
1741334654.506, 2.503, 2.968, 0.1824, -0.8914, -4.1718, 1.8351, 54.3526, 89.9571
1741334654.586, 2.503, 2.982, 0.1860, -0.8917, -4.1746, 2.2220, 55.1450, 89.4455
1741334654.665, 2.508, 2.982, 0.1859, -0.8918, -4.1740, 2.1876, 55.2335, 89.4881
1741334654.745, 2.505, 2.999, 0.1857, -0.8914, -4.1733, 2.0324, 55.2928, 89.6512
1741334654.825, 2.496, 3.000, 0.1868, -0.8914, -4.1738, 2.1776, 55.8531, 89.5228
1741334654.904, 2.497, 2.994, 0.1905, -0.8910, -4.1749, 2.5751, 57.3293, 89.0075
1741334654.984, 2.497, 2.994, 0.1962, -0.8898, -4.1789, 3.6939, 59.1090, 87.7524
1741334655.064, 2.497, 2.994, 0.2062, -0.8888, -4.1852, 4.5749, 59.6102, 86.6846
1741334655.143, 2.501, 2.999, 0.2233, -0.8884, -4.1956, 4.8328, 59.3790, 86.5722
1741334655.223, 2.525, 3.018, 0.2479, -0.8900, -4.2012, 0.1091, 58.6943, 91.6466
1741334655.303, 2.523, 3.043, 0.2656, -0.8885, -4.2143, 1.1555, 59.7221, 90.2834
1741334655.382, 2.523, 3.069, 0.2766, -0.8887, -4.2244, 3.2773, 59.9795, 88.8904
1741334655.462, 2.511, 3.069, 0.2797, -0.8878, -4.2283, 4.6980, 60.0238, 87.6797
1741334655.541, 2.508, 3.098, 0.2794, -0.8875, -4.2285, 4.7943, 59.8800, 87.8454
1741334655.621, 2.533, 3.106, 0.2799, -0.8873, -4.2287, 4.5628, 59.9347, 88.1232
1741334655.701, 2.533, 3.107, 0.2815, -0.8870, -4.2296, 4.4228, 59.9364, 88.5552
1741334655.780, 2.533, 3.107, 0.2881, -0.8862, -4.2323, 3.7074, 59.9206, 89.6591
1741334655.860, 2.532, 3.107, 0.3017, -0.8857, -4.2343, 0.9454, 58.9441, 93.1500
1741334655.940, 2.529, 3.110, 0.3184, -0.8854, -4.2405, 0.3386, 57.9302, 93.2478
1741334656.019, 2.512, 3.125, 0.3395, -0.8855, -4.2446, -3.8979, 57.1910, 94.8368
1741334656.099, 2.512, 3.141, 0.3494, -0.8853, -4.2533, -2.3199, 56.7861, 93.7730
1741334656.179, 2.512, 3.165, 0.3587, -0.8861, -4.2628, -1.1543, 56.3954, 92.7473
1741334656.258, 2.527, 3.165, 0.3674, -0.8865, -4.2728, 0.8853, 56.3427, 90.8541
1741334656.338, 2.521, 3.179, 0.3763, -0.8863, -4.2794, 1.0187, 55.9743, 90.7144
1741334656.418, 2.513, 3.197, 0.3838, -0.8864, -4.2843, 1.0159, 55.9900, 90.8318
1741334656.497, 2.516, 3.216, 0.3912, -0.8856, -4.2908, 1.7612, 56.4655, 89.7615
1741334656.577, 2.516, 3.229, 0.3953, -0.8849, -4.2938, 1.7707, 56.5639, 89.2341
1741334656.656, 2.516, 3.229, 0.3967, -0.8848, -4.2948, 1.8673, 56.7364, 89.0892
1741334656.736, 2.514, 3.239, 0.3976, -0.8841, -4.2957, 2.0491, 56.7606, 88.8791
1741334656.816, 2.509, 3.238, 0.4008, -0.8838, -4.2996, 2.9971, 56.7966, 88.1803
1741334656.895, 2.513, 3.241, 0.4086, -0.8829, -4.3077, 4.2189, 56.3547, 87.5600
1741334656.975, 2.513, 3.250, 0.4295, -0.8833, -4.3147, 0.6250, 55.7342, 88.7654
1741334657.055, 2.527, 3.250, 0.4459, -0.8822, -4.3232, 0.2058, 54.7737, 89.3823
1741334657.134, 2.512, 3.269, 0.4618, -0.8821, -4.3339, 0.5259, 54.7810, 88.9532
1741334657.214, 2.520, 3.300, 0.4726, -0.8827, -4.3399, -0.0714, 54.6743, 90.6068
1741334657.294, 2.515, 3.321, 0.4797, -0.8833, -4.3473, 0.7699, 55.3303, 90.8600
1741334657.373, 2.515, 3.331, 0.4870, -0.8831, -4.3527, 0.7898, 55.3493, 91.0440
1741334657.453, 2.514, 3.331, 0.4933, -0.8827, -4.3573, 0.9040, 55.4378, 90.9586
1741334657.533, 2.515, 3.345, 0.4995, -0.8827, -4.3621, 1.0172, 55.4929, 90.8848
1741334657.732, 2.512, 3.365, 0.5213, -0.8811, -4.3774, 1.0707, 55.8095, 90.9058
1741334657.931, 2.510, 3.393, 0.5477, -0.8809, -4.3943, 0.5129, 55.9734, 91.3156
1741334658.011, 2.510, 3.403, 0.5575, -0.8810, -4.4010, 0.4716, 56.1042, 91.4083
1741334658.090, 2.510, 3.418, 0.5669, -0.8809, -4.4072, 0.3770, 56.2465, 91.5954
1741334658.170, 2.510, 3.431, 0.5758, -0.8804, -4.4132, 0.4076, 56.2956, 91.5706
1741334658.250, 2.513, 3.431, 0.5847, -0.8798, -4.4198, 0.6321, 56.4040, 91.3802
1741334658.329, 2.505, 3.451, 0.5933, -0.8804, -4.4261, 0.7299, 56.4946, 91.2965
1741334658.409, 2.496, 3.461, 0.6019, -0.8799, -4.4317, 0.7395, 56.5642, 91.2659
1741334658.488, 2.496, 3.475, 0.6109, -0.8790, -4.4375, 0.5779, 56.6585, 91.4121
1741334658.568, 2.505, 3.492, 0.6209, -0.8788, -4.4440, 0.4194, 56.6761, 91.4441
1741334658.648, 2.506, 3.492, 0.6312, -0.8788, -4.4504, 0.2893, 56.7757, 91.5776
1741334658.727, 2.510, 3.503, 0.6409, -0.8786, -4.4570, 0.2198, 56.8702, 91.6830
1741334658.807, 2.511, 3.519, 0.6506, -0.8785, -4.4629, 0.1684, 56.9261, 91.7685
1741334658.887, 2.511, 3.535, 0.6596, -0.8779, -4.4691, 0.1613, 56.9877, 91.7436
1741334658.966, 2.511, 3.545, 0.6683, -0.8777, -4.4750, 0.2848, 57.0962, 91.6680
1741334659.046, 2.513, 3.545, 0.6764, -0.8771, -4.4808, 0.3565, 57.1726, 91.6125
1741334659.126, 2.505, 3.559, 0.6847, -0.8761, -4.4866, 0.4227, 57.2954, 91.6149
1741334659.205, 2.510, 3.573, 0.6937, -0.8766, -4.4927, 0.5264, 57.3839, 91.5405
1741334659.285, 2.510, 3.581, 0.7023, -0.8756, -4.4988, 0.7696, 57.5103, 91.4838
1741334659.364, 2.505, 3.599, 0.7119, -0.8755, -4.5045, 0.2892, 57.5262, 91.8457
1741334659.444, 2.501, 3.599, 0.7166, -0.8745, -4.5097, 1.3437, 58.9853, 91.1941
1741334659.524, 2.505, 3.610, 0.7166, -0.8744, -4.5108, 2.4232, 58.4494, 90.4974
1741334659.603, 2.511, 3.610, 0.7165, -0.8745, -4.5107, 2.2777, 58.5186, 90.6743
1741334659.683, 2.511, 3.623, 0.7150, -0.8733, -4.5131, 3.4602, 58.0549, 89.9481
1741334659.763, 2.508, 3.624, 0.7131, -0.8727, -4.5180, 5.1503, 56.3266, 88.7566
1741334659.842, 2.509, 3.624, 0.7160, -0.8718, -4.5252, 6.3320, 55.5113, 87.7595
1741334659.922, 2.524, 3.624, 0.7255, -0.8705, -4.5339, 7.4450, 55.6247, 86.5619
1741334660.002, 2.521, 3.633, 0.7360, -0.8705, -4.5435, 7.9632, 55.8728, 86.0423
1741334660.081, 2.521, 3.645, 0.7506, -0.8704, -4.5526, 7.2896, 55.9338, 86.9281
1741334660.161, 2.520, 3.645, 0.7740, -0.8727, -4.5567, 2.2311, 56.1287, 90.4874
1741334660.241, 2.519, 3.669, 0.7857, -0.8739, -4.5594, -0.4078, 56.6996, 93.8276
1741334660.320, 2.522, 3.693, 0.7907, -0.8714, -4.5603, -0.6464, 56.2917, 94.9170
1741334660.400, 2.509, 3.706, 0.7961, -0.8701, -4.5662, -0.2064, 56.3054, 94.6749
1741334660.479, 2.509, 3.713, 0.8042, -0.8698, -4.5725, -0.1361, 56.3804, 94.6896
1741334660.559, 2.508, 3.713, 0.8151, -0.8695, -4.5795, -0.3282, 56.4156, 94.6293
1741334660.639, 2.502, 3.726, 0.8321, -0.8719, -4.5907, -0.5627, 56.5538, 92.5301
1741334660.718, 2.506, 3.745, 0.8419, -0.8716, -4.5988, 0.2662, 56.7919, 91.6711
1741334660.798, 2.498, 3.765, 0.8448, -0.8707, -4.6012, 0.1988, 57.5602, 91.5111
1741334660.878, 2.498, 3.779, 0.8442, -0.8707, -4.6011, 0.1747, 57.4875, 91.5948
1741334660.958, 2.498, 3.779, 0.8442, -0.8709, -4.6010, 0.0946, 57.5446, 91.6285
1741334661.037, 2.499, 3.782, 0.8457, -0.8710, -4.6005, -0.0936, 58.1631, 91.7358
1741334661.117, 2.502, 3.785, 0.8483, -0.8708, -4.6008, -0.1226, 59.7593, 91.7629
1741334661.196, 2.488, 3.784, 0.8524, -0.8699, -4.6008, -0.4019, 61.6459, 92.1575
1741334661.276, 2.488, 3.788, 0.8580, -0.8711, -4.6028, -0.9330, 64.0106, 93.0131
1741334661.356, 2.503, 3.788, 0.8646, -0.8694, -4.6042, -1.0848, 66.1567, 93.2595
1741334661.435, 2.519, 3.808, 0.8746, -0.8702, -4.6096, -1.2308, 67.5942, 93.5666
1741334661.515, 2.530, 3.840, 0.8849, -0.8692, -4.6150, -0.9763, 69.6534, 92.8797
1741334661.595, 2.549, 3.868, 0.8915, -0.8682, -4.6153, -1.7190, 70.7193, 92.6595
1741334661.674, 2.549, 3.920, 0.8962, -0.8675, -4.6152, -2.3443, 71.7634, 92.8789
1741334661.754, 2.568, 3.920, 0.9019, -0.8667, -4.6149, -2.7316, 73.2734, 92.9651
1741334661.833, 2.589, 3.949, 0.9104, -0.8665, -4.6164, -2.5421, 74.9575, 92.4806
1741334661.913, 2.608, 3.976, 0.9222, -0.8654, -4.6211, -0.5396, 74.8407, 90.7144
1741334661.993, 2.633, 3.721, 0.9394, -0.8648, -4.6267, -0.2164, 74.7157, 90.4154
1741334662.072, 2.633, 3.733, 0.9599, -0.8647, -4.6305, -1.7885, 74.0737, 93.0151
1741334662.152, 2.654, 3.733, 0.9792, -0.8665, -4.6352, -4.0785, 74.7106, 96.8190
1741334662.231, 2.632, 3.762, 0.9935, -0.8670, -4.6406, -6.3472, 75.8987, 99.3126
1741334662.311, 2.652, 3.772, 1.0064, -0.8660, -4.6438, -6.9369, 76.5444, 99.8330
1741334662.391, 2.684, 3.829, 1.0133, -0.8664, -4.6466, -7.9771, 77.2823, 100.9891
1741334664.521, 2.583, 3.984, 0.9770, -0.8660, -4.6169, -2.1014, 63.0201, 94.2456
1741334664.601, 2.568, 3.929, 0.9767, -0.8657, -4.6163, -2.0841, 63.2619, 94.2493
1741334664.680, 2.568, 3.922, 0.9768, -0.8661, -4.6167, -2.1312, 63.0943, 94.3023
1741334664.760, 2.570, 3.922, 0.9760, -0.8663, -4.6166, -1.6730, 62.6255, 94.1034
1741334664.840, 2.570, 3.922, 0.9768, -0.8662, -4.6162, -0.1505, 59.9893, 92.8166
1741334664.920, 2.564, 3.921, 0.9768, -0.8663, -4.6158, -0.2872, 60.1944, 92.9563
1741334664.999, 2.564, 3.903, 0.9767, -0.8664, -4.6158, -0.3489, 60.2826, 92.8916
1741334665.079, 2.564, 3.905, 0.9768, -0.8664, -4.6159, -0.3678, 60.2978, 92.9768
1741334665.158, 2.557, 3.904, 0.9767, -0.8661, -4.6153, -0.3492, 60.2270, 92.8198
1741334665.238, 2.564, 3.904, 0.9767, -0.8663, -4.6156, -0.3286, 60.2577, 92.8769
1741334665.318, 2.563, 3.905, 0.9770, -0.8663, -4.6156, -0.3938, 60.2580, 92.9918
1741334665.397, 2.557, 3.906, 0.9810, -0.8669, -4.6164, -1.3733, 59.9367, 94.4634
1741334665.477, 2.557, 3.904, 0.9913, -0.8663, -4.6225, -1.2912, 60.0221, 94.3300
1741334665.557, 2.563, 3.912, 1.0063, -0.8663, -4.6314, -1.3910, 60.0886, 94.3423
1741334665.636, 2.559, 3.912, 1.0243, -0.8657, -4.6414, -1.6032, 60.0344, 94.6058
1741334665.716, 2.560, 3.934, 1.0426, -0.8652, -4.6522, -1.6042, 60.1148, 94.6105
1741334665.796, 2.568, 3.957, 1.0602, -0.8640, -4.6625, -1.6924, 60.3305, 94.7064
1741334665.875, 2.568, 3.984, 1.0764, -0.8637, -4.6723, -1.5331, 60.4991, 94.5018
1741334665.955, 2.570, 3.984, 1.0874, -0.8633, -4.6782, -1.6382, 60.4501, 94.3995
1741334666.035, 2.566, 4.010, 1.0882, -0.8633, -4.6790, -1.5150, 60.5253, 94.3282
1741334666.114, 2.569, 4.032, 1.0862, -0.8632, -4.6777, -1.5580, 60.4855, 94.3469
1741334666.194, 2.572, 4.034, 1.0839, -0.8631, -4.6764, -1.5766, 60.4649, 94.3855
1741334666.274, 2.572, 4.034, 1.0824, -0.8633, -4.6758, -1.5274, 60.4730, 94.3509
1741334666.353, 2.566, 4.034, 1.0822, -0.8634, -4.6754, -1.5234, 60.4868, 94.3352
1741334666.433, 2.571, 4.032, 1.0822, -0.8634, -4.6756, -1.4845, 60.5058, 94.3035
1741334666.512, 2.570, 4.030, 1.0821, -0.8634, -4.6756, -1.4683, 60.5159, 94.2876
1741334666.592, 2.567, 4.028, 1.0822, -0.8633, -4.6756, -1.4717, 60.5086, 94.2834
1741334666.672, 2.567, 4.031, 1.0822, -0.8635, -4.6757, -1.4963, 60.5146, 94.2993
1741334666.751, 2.569, 4.031, 1.0822, -0.8635, -4.6757, -1.5123, 60.5150, 94.3078
1741334666.831, 2.566, 4.028, 1.0823, -0.8634, -4.6758, -1.5191, 60.5128, 94.3040
1741334666.911, 2.567, 4.030, 1.0823, -0.8634, -4.6758, -1.5118, 60.5028, 94.3039
1741334666.990, 2.566, 4.029, 1.0822, -0.8634, -4.6760, -1.5168, 60.5039, 94.3154
1741334667.070, 2.566, 4.031, 1.0823, -0.8634, -4.6759, -1.5115, 60.5028, 94.3183
1741334667.150, 2.570, 4.031, 1.0823, -0.8635, -4.6759, -1.4784, 60.4555, 94.2056
1741334667.229, 2.566, 4.031, 1.0822, -0.8635, -4.6762, -1.5093, 60.4885, 94.2882
1741334667.309, 2.571, 4.030, 1.0822, -0.8634, -4.6760, -1.5112, 60.4870, 94.2811
1741334667.388, 2.567, 4.029, 1.0823, -0.8634, -4.6759, -1.4930, 60.4992, 94.2785
1741334667.468, 2.567, 4.029, 1.0823, -0.8636, -4.6760, -1.5014, 60.5043, 94.2980
1741334667.548, 2.571, 4.029, 1.0821, -0.8633, -4.6759, -1.4761, 60.4889, 94.1634
1741334667.627, 2.567, 4.029, 1.0823, -0.8635, -4.6761, -1.4669, 60.5091, 94.2018
1741334667.707, 2.567, 4.028, 1.0823, -0.8636, -4.6761, -1.4824, 60.5095, 94.2401
1741334667.787, 2.567, 4.029, 1.0824, -0.8635, -4.6761, -1.4672, 60.5217, 94.2460
1741334667.866, 2.567, 4.031, 1.0823, -0.8634, -4.6762, -1.4659, 60.5063, 94.2522
1741334667.946, 2.571, 4.031, 1.0823, -0.8634, -4.6763, -1.4757, 60.5057, 94.2641
1741334668.026, 2.570, 4.030, 1.0823, -0.8635, -4.6762, -1.4633, 60.5113, 94.2542
1741334668.105, 2.567, 4.029, 1.0824, -0.8634, -4.6763, -1.5108, 60.5207, 94.2961
1741334668.185, 2.570, 4.031, 1.0823, -0.8635, -4.6764, -1.5052, 60.5204, 94.3141
1741334668.265, 2.570, 4.030, 1.0823, -0.8635, -4.6766, -1.5524, 60.5168, 94.3675
1741334668.344, 2.571, 4.030, 1.0824, -0.8633, -4.6763, -1.5505, 60.4929, 94.2983
1741334668.424, 2.566, 4.030, 1.0823, -0.8635, -4.6766, -1.5168, 60.4965, 94.2665
1741334668.503, 2.566, 4.030, 1.0824, -0.8636, -4.6765, -1.5393, 60.5069, 94.2940
1741334668.583, 2.566, 4.030, 1.0824, -0.8634, -4.6764, -1.5097, 60.4902, 94.2214
1741334668.663, 2.566, 4.030, 1.0825, -0.8635, -4.6766, -1.5359, 60.5079, 94.2946
1741334668.743, 2.567, 4.030, 1.0824, -0.8635, -4.6767, -1.5014, 60.4977, 94.2606
1741334668.822, 2.570, 4.031, 1.0824, -0.8635, -4.6767, -1.4827, 60.5085, 94.2497
1741334668.902, 2.570, 4.028, 1.0824, -0.8634, -4.6766, -1.5049, 60.4950, 94.2736
1741334668.981, 2.567, 4.030, 1.0825, -0.8635, -4.6768, -1.5310, 60.4962, 94.3183
1741334669.061, 2.567, 4.030, 1.0824, -0.8635, -4.6768, -1.5339, 60.4983, 94.3097
1741334669.141, 2.570, 4.030, 1.0825, -0.8636, -4.6770, -1.5491, 60.4993, 94.3319
1741334669.220, 2.570, 4.030, 1.0824, -0.8634, -4.6765, -1.5140, 60.4842, 94.2486
1741334669.300, 2.572, 4.030, 1.0824, -0.8636, -4.6769, -1.5364, 60.4948, 94.2896
1741334669.380, 2.567, 4.030, 1.0825, -0.8635, -4.6769, -1.5628, 60.4933, 94.3207
1741334669.459, 2.567, 4.029, 1.0824, -0.8635, -4.6770, -1.5935, 60.5057, 94.3455
1741334669.539, 2.567, 4.029, 1.0825, -0.8636, -4.6770, -1.6055, 60.5139, 94.3521
1741334669.619, 2.567, 4.030, 1.0825, -0.8636, -4.6771, -1.6182, 60.5020, 94.3749
1741334669.698, 2.567, 4.030, 1.0824, -0.8636, -4.6772, -1.6105, 60.5041, 94.3719
1741334669.778, 2.567, 4.031, 1.0825, -0.8636, -4.6771, -1.6074, 60.4951, 94.3734
1741334669.857, 2.567, 4.031, 1.0826, -0.8637, -4.6772, -1.5944, 60.5002, 94.3675
1741334669.937, 2.570, 4.031, 1.0826, -0.8636, -4.6772, -1.5977, 60.5009, 94.3681
1741334670.017, 2.566, 4.031, 1.0824, -0.8634, -4.6770, -1.6012, 60.4726, 94.3336
1741334670.096, 2.567, 4.030, 1.0824, -0.8634, -4.6769, -1.5596, 60.4452, 94.1873
1741334682.481, 2.566, 4.029, 1.0826, -0.8641, -4.6775, 178.6055, -119.3648, -92.3919
1741334682.561, 2.566, 4.029, 1.0825, -0.8641, -4.6773, 178.5871, -119.3571, -92.4123
1741334682.641, 2.570, 4.029, 1.0825, -0.8642, -4.6774, 178.5962, -119.3506, -92.3969
1741334682.720, 2.571, 4.029, 1.0826, -0.8642, -4.6775, 178.6156, -119.3575, -92.3702
1741334682.800, 2.570, 4.031, 1.0826, -0.8642, -4.6775, 178.6129, -119.3549, -92.3791
1741334682.879, 2.567, 4.029, 1.0826, -0.8642, -4.6776, 178.5945, -119.3603, -92.4060
1741334682.959, 2.567, 4.030, 1.0826, -0.8641, -4.6775, 178.5946, -119.3616, -92.3989
1741334683.039, 2.571, 4.030, 1.0826, -0.8642, -4.6776, 178.5964, -119.3647, -92.3950
1741334683.118, 2.566, 4.028, 1.0826, -0.8642, -4.6775, 178.5878, -119.3652, -92.4027
1741334683.198, 2.568, 4.028, 1.0826, -0.8642, -4.6775, 178.5712, -119.3597, -92.4404
1741334683.278, 2.567, 4.029, 1.0826, -0.8642, -4.6776, 178.5734, -119.3582, -92.4385
1741334683.357, 2.567, 4.029, 1.0826, -0.8642, -4.6776, 178.5752, -119.3591, -92.4304
1741334683.437, 2.567, 4.029, 1.0826, -0.8641, -4.6778, 178.5953, -119.3625, -92.4069
1741334683.517, 2.570, 4.029, 1.0826, -0.8642, -4.6777, 178.5941, -119.3665, -92.4043
1741334683.596, 2.566, 4.029, 1.0826, -0.8643, -4.6777, 178.5858, -119.3571, -92.4157
1741334683.676, 2.571, 4.029, 1.0827, -0.8643, -4.6776, 178.5926, -119.3587, -92.4096
1741334683.755, 2.571, 4.027, 1.0827, -0.8642, -4.6777, 178.5942, -119.3633, -92.4111
1741334683.835, 2.567, 4.027, 1.0826, -0.8642, -4.6777, 178.5933, -119.3631, -92.4098
1741334683.915, 2.566, 4.030, 1.0827, -0.8642, -4.6776, 178.5962, -119.3604, -92.4031
1741334683.995, 2.570, 4.030, 1.0827, -0.8642, -4.6778, 178.6195, -119.3593, -92.3737
1741334684.074, 2.570, 4.028, 1.0826, -0.8642, -4.6776, 178.5953, -119.3521, -92.4252
1741334684.154, 2.570, 4.029, 1.0826, -0.8642, -4.6778, 178.6045, -119.3566, -92.4016
1741334684.233, 2.570, 4.029, 1.0821, -0.8641, -4.6775, 178.6002, -119.4355, -92.4056
1741334684.313, 2.570, 4.030, 1.0763, -0.8644, -4.6740, 178.5911, -119.4698, -92.4245
1741334684.393, 2.567, 4.027, 1.0622, -0.8653, -4.6658, 178.6263, -119.6686, -92.4776
1741334684.472, 2.569, 4.020, 1.0427, -0.8661, -4.6537, 178.6448, -119.8979, -92.5199
1741334684.552, 2.569, 4.000, 1.0206, -0.8664, -4.6409, 178.6989, -119.9941, -92.4154
1741334684.632, 2.563, 4.000, 0.9994, -0.8667, -4.6290, 178.8171, -120.1734, -92.4091
1741334684.711, 2.566, 3.968, 0.9812, -0.8672, -4.6185, 179.0306, -120.3596, -92.2984
1741334684.791, 2.559, 3.937, 0.9742, -0.8653, -4.6141, 179.2149, -120.3392, -90.1737
1741334684.870, 1.118, 3.907, 0.9674, -0.8654, -4.6095, 178.8413, -120.6930, -90.0502
1741334684.950, 1.118, 3.900, 0.9555, -0.8663, -4.6020, 178.9090, -120.7779, -89.9340
1741334685.030, 2.558, 3.900, 0.9393, -0.8669, -4.5912, 178.6918, -121.0787, -90.2978
1741334685.109, 2.562, 3.889, 0.9139, -0.8699, -4.5767, 178.7599, -121.0522, -92.0723
1741334685.189, 2.557, 3.865, 0.8947, -0.8705, -4.5638, 178.8715, -121.3342, -91.9836
1741334685.269, 2.547, 3.826, 0.8788, -0.8708, -4.5545, 179.2320, -121.4521, -91.7118
1741334685.348, 2.547, 3.799, 0.8669, -0.8704, -4.5466, 179.8142, -122.4681, -90.7841
1741334685.428, 2.555, 3.799, 0.8532, -0.8693, -4.5391, -179.9050, -121.9277, -92.4160
1741334685.508, 2.560, 3.774, 0.8407, -0.8690, -4.5295, 179.1854, -122.2584, -94.1297
1741334685.587, 2.550, 3.758, 0.8244, -0.8700, -4.5192, 179.1701, -122.0109, -94.1951
1741334685.667, 2.561, 3.739, 0.8093, -0.8737, -4.5089, 178.9334, -121.9632, -92.1232
1741334685.747, 2.561, 3.713, 0.7891, -0.8739, -4.4966, 179.5239, -122.2391, -91.7615
1741334685.826, 2.559, 3.713, 0.7712, -0.8746, -4.4865, -179.9850, -122.3516, -91.3613
1741334685.906, 2.551, 3.688, 0.7579, -0.8751, -4.4780, -179.9806, -122.5994, -91.2679
1741334685.986, 2.556, 3.657, 0.7458, -0.8746, -4.4711, -179.4526, -122.3978, -90.8885
1741334686.065, 2.555, 3.634, 0.7353, -0.8755, -4.4628, 179.4618, -121.7734, -91.4344
1741334686.145, 2.555, 3.623, 0.7202, -0.8761, -4.4533, 179.2964, -121.5623, -91.5812
1741334686.224, 2.548, 3.623, 0.7041, -0.8767, -4.4430, 179.1732, -121.6078, -91.8598
1741334686.304, 2.552, 3.603, 0.6873, -0.8779, -4.4328, 179.2680, -121.5452, -91.8075
1741334686.384, 2.553, 3.578, 0.6709, -0.8785, -4.4226, 179.2039, -121.5617, -91.7934
1741334686.463, 2.553, 3.554, 0.6549, -0.8791, -4.4136, 179.5317, -121.5657, -91.4245
1741334686.543, 2.553, 3.527, 0.6400, -0.8795, -4.4050, 179.8206, -121.7430, -91.0980
1741334686.623, 2.546, 3.527, 0.6256, -0.8796, -4.3958, 179.6869, -121.7780, -91.3010
1741334686.702, 2.550, 3.510, 0.6110, -0.8797, -4.3868, 179.4141, -121.7482, -91.6234
1741334686.901, 2.553, 3.463, 0.5732, -0.8816, -4.3632, 179.3246, -121.7284, -91.5634
1741334686.981, 2.554, 3.441, 0.5576, -0.8820, -4.3537, 179.1959, -121.5834, -91.5304
1741334687.061, 2.550, 3.419, 0.5426, -0.8824, -4.3449, 179.4239, -121.5363, -91.3387
1741334687.140, 2.550, 3.399, 0.5278, -0.8836, -4.3358, 179.4919, -121.5117, -91.5280
1741334687.220, 2.548, 3.399, 0.5129, -0.8843, -4.3263, 179.2448, -121.4177, -91.7625
1741334687.300, 2.547, 3.373, 0.4970, -0.8841, -4.3165, 179.1415, -121.4205, -91.7708
1741334687.379, 2.551, 3.356, 0.4815, -0.8846, -4.3076, 179.2831, -121.3572, -91.5791
1741334687.459, 2.548, 3.331, 0.4727, -0.8829, -4.3010, 178.6107, -121.7551, -90.7479
1741334687.539, 2.548, 3.307, 0.4622, -0.8835, -4.2951, 179.0906, -121.5811, -89.6436
1741334687.618, 2.554, 3.307, 0.4481, -0.8841, -4.2872, 179.3818, -121.1709, -89.0242
1741334687.698, 2.545, 3.298, 0.4296, -0.8846, -4.2783, -179.6480, -120.9214, -88.7379
1741334687.778, 2.550, 3.281, 0.4074, -0.8871, -4.2629, 178.8882, -119.9689, -92.0206
1741334687.857, 2.556, 3.257, 0.3875, -0.8871, -4.2524, 179.2790, -120.0967, -91.4189
1741334687.937, 2.556, 3.257, 0.3703, -0.8878, -4.2422, 179.0054, -119.8833, -91.5711
1741334688.016, 2.547, 3.225, 0.3576, -0.8866, -4.2317, 177.0898, -119.1159, -93.7352
1741334688.096, 2.550, 3.201, 0.3488, -0.8855, -4.2240, 174.7857, -118.8324, -96.0284
1741334688.176, 2.555, 3.179, 0.3325, -0.8850, -4.2212, 178.4203, -119.0450, -94.5140
1741334688.255, 2.555, 3.167, 0.3161, -0.8863, -4.2116, 178.9978, -119.4013, -94.0332
1741334688.335, 2.555, 3.167, 0.2969, -0.8870, -4.2065, -178.1579, -120.0462, -90.5120
1741334688.415, 2.544, 3.147, 0.2808, -0.8905, -4.1944, 179.6491, -119.6733, -91.0164
1741334688.494, 2.547, 3.117, 0.2624, -0.8923, -4.1800, 179.6146, -119.9388, -91.2451
1741334688.574, 2.536, 3.089, 0.2500, -0.8898, -4.1760, -179.4566, -119.8062, -89.3308
1741334688.654, 2.536, 3.060, 0.2425, -0.8892, -4.1713, -178.2114, -122.4832, -88.1690
1741334688.733, 2.532, 3.060, 0.2353, -0.8890, -4.1624, -179.8917, -123.3081, -88.7476
1741334688.813, 2.527, 3.047, 0.2218, -0.8894, -4.1515, 179.1611, -123.6130, -89.3580
1741334688.893, 2.541, 3.037, 0.2053, -0.8906, -4.1392, 178.9214, -124.5133, -89.7458
1741334688.972, 2.545, 3.023, 0.1877, -0.8910, -4.1267, 179.0509, -124.5914, -89.7083
1741334689.052, 2.545, 2.994, 0.1705, -0.8916, -4.1134, 178.6208, -125.2783, -90.6054
1741334689.132, 2.540, 2.994, 0.1550, -0.8917, -4.1021, 178.5752, -125.5666, -90.7148
1741334689.211, 2.549, 2.969, 0.1421, -0.8903, -4.0963, -179.8947, -126.2494, -90.1466
1741334689.291, 2.547, 2.937, 0.1351, -0.8895, -4.0995, -176.5605, -126.1790, -86.2366
1741334689.370, 2.546, 2.919, 0.1256, -0.8893, -4.0928, -176.7030, -125.8437, -86.5108
1741334689.450, 2.546, 2.920, 0.1124, -0.8890, -4.0735, 178.7849, -126.1941, -92.4504
1741334689.530, 2.570, 2.920, 0.0983, -0.8919, -4.0554, 175.2392, -125.6383, -94.6865
1741334689.609, 2.549, 2.895, 0.0790, -0.8916, -4.0423, 175.2709, -125.1715, -94.6581
1741334689.689, 2.558, 2.875, 0.0604, -0.8929, -4.0289, 175.5866, -125.6462, -94.1656
1741334689.769, 2.562, 2.842, 0.0437, -0.8947, -4.0172, 175.9783, -125.3947, -94.3495
1741334689.848, 2.562, 2.816, 0.0262, -0.8949, -4.0095, 177.9512, -124.8834, -94.0132
1741334689.928, 2.563, 2.816, 0.0173, -0.8949, -4.0019, 177.3286, -124.9273, -94.1907
1741334690.008, 2.556, 2.784, 0.0108, -0.8953, -3.9939, 175.8469, -124.8446, -94.8245
1741334690.087, 2.553, 2.766, -0.0004, -0.8953, -3.9877, 176.5316, -124.6928, -94.4750
1741334690.167, 2.554, 2.759, -0.0114, -0.8954, -3.9797, 176.2234, -124.5880, -94.6055
1741334690.247, 2.554, 2.743, -0.0244, -0.8955, -3.9703, 176.0302, -124.3509, -94.8277
1741334690.326, 2.554, 2.743, -0.0391, -0.8961, -3.9608, 176.4623, -124.2336, -94.6850
1741334690.406, 2.558, 2.724, -0.0535, -0.8970, -3.9508, 176.6273, -124.2165, -94.5573
1741334690.485, 2.557, 2.705, -0.0685, -0.8972, -3.9418, 177.0369, -124.1206, -94.0037
1741334690.565, 2.562, 2.680, -0.0858, -0.8988, -3.9367, -178.9888, -124.5801, -89.7305
1741334690.645, 2.562, 2.652, -0.0985, -0.9017, -3.9240, -179.7647, -126.0438, -90.0511
1741334690.724, 2.554, 2.652, -0.1069, -0.9012, -3.9154, -179.3057, -127.9981, -89.4969
1741334690.804, 2.562, 2.642, -0.1170, -0.9015, -3.9051, -179.6164, -129.2253, -90.3555
1741334690.884, 2.571, 2.624, -0.1287, -0.9004, -3.8962, -179.7140, -129.5870, -90.4321
1741334690.963, 2.584, 2.620, -0.1449, -0.9005, -3.8825, -179.8177, -129.8089, -90.4979
1741334691.043, 2.584, 2.600, -0.1617, -0.9009, -3.8682, -179.7139, -130.1514, -90.3176
1741334691.123, 2.581, 2.600, -0.1778, -0.9015, -3.8539, -179.7599, -130.3827, -90.2954
1741334691.202, 2.592, 2.571, -0.1922, -0.9014, -3.8415, -179.6447, -130.5684, -90.1839
1741334691.282, 2.598, 2.547, -0.2052, -0.9021, -3.8301, -179.6294, -130.7663, -90.2117
1741334691.362, 2.597, 2.525, -0.2173, -0.9021, -3.8196, -179.4937, -131.0723, -90.1335
1741334691.441, 2.597, 2.511, -0.2293, -0.9024, -3.8084, -179.8445, -131.0784, -90.3881
1741334691.521, 2.603, 2.511, -0.2424, -0.9025, -3.7967, -179.8558, -131.2020, -90.4180
1741334691.601, 2.607, 2.485, -0.2560, -0.9029, -3.7844, -179.8230, -131.2796, -90.3227
1741334691.680, 2.616, 2.472, -0.2700, -0.9033, -3.7716, -179.8882, -131.3408, -90.4175
1741334691.760, 2.621, 2.447, -0.2839, -0.9032, -3.7597, -179.9500, -131.1515, -90.4815
1741334691.840, 2.621, 2.422, -0.2993, -0.9037, -3.7490, 179.9481, -129.2788, -90.6108
1741334691.919, 2.623, 2.422, -0.3137, -0.9039, -3.7395, 179.9755, -127.9969, -90.5773
1741334691.999, 2.613, 2.392, -0.3276, -0.9041, -3.7290, -179.9480, -127.8809, -90.4295
1741334692.078, 2.601, 2.362, -0.3412, -0.9045, -3.7182, -179.9681, -127.9905, -90.3401
1741334692.158, 2.606, 2.345, -0.3552, -0.9049, -3.7072, -179.8700, -128.1283, -90.2666
1741334692.238, 2.606, 2.322, -0.3694, -0.9052, -3.6958, -179.8256, -128.4370, -90.2868
1741334692.317, 2.607, 2.322, -0.3835, -0.9053, -3.6845, -179.7709, -128.7506, -90.3208
1741334692.397, 2.608, 2.300, -0.3979, -0.9055, -3.6732, -179.8600, -128.6131, -90.4239
1741334692.477, 2.619, 2.280, -0.4133, -0.9059, -3.6636, -179.9189, -126.5798, -90.4393
1741334692.556, 2.611, 2.254, -0.4292, -0.9065, -3.6536, 179.9050, -125.3527, -90.8166
1741334692.636, 2.611, 2.225, -0.4448, -0.9071, -3.6428, 179.9873, -125.4202, -90.9029
1741334692.715, 2.605, 2.225, -0.4597, -0.9072, -3.6320, 179.9102, -125.6128, -91.0759
1741334692.795, 2.607, 2.201, -0.4740, -0.9073, -3.6218, -179.9829, -125.8576, -91.1076
1741334692.875, 2.603, 2.177, -0.4889, -0.9079, -3.6124, 179.7955, -124.6704, -91.3655
1741334692.954, 2.607, 2.155, -0.5049, -0.9085, -3.6069, 179.4789, -120.6393, -91.5560
1741334693.034, 2.607, 2.131, -0.5231, -0.9087, -3.6017, 179.2613, -116.9402, -91.7589
1741334693.114, 2.598, 2.131, -0.5398, -0.9097, -3.5940, 179.2030, -116.2040, -91.8429
1741334693.193, 2.599, 2.117, -0.5568, -0.9100, -3.5856, 179.5300, -116.5490, -91.4505
1741334693.273, 2.603, 2.102, -0.5729, -0.9107, -3.5774, 179.5121, -116.7664, -91.4312
1741334693.353, 2.596, 2.075, -0.5889, -0.9110, -3.5695, 179.6200, -116.8671, -91.3410
1741334693.432, 2.596, 2.075, -0.6047, -0.9119, -3.5609, 179.6535, -117.2213, -91.3387
1741334693.512, 2.598, 2.051, -0.6191, -0.9126, -3.5510, 179.8823, -119.0861, -91.1910
1741334693.592, 2.590, 2.030, -0.6342, -0.9130, -3.5413, 179.9555, -120.1156, -91.1828
1741334693.671, 2.589, 2.000, -0.6498, -0.9132, -3.5324, -179.7214, -120.3499, -90.9949
1741334693.751, 2.582, 1.976, -0.6616, -0.9125, -3.5231, 179.4200, -121.1473, -91.0255
1741334693.830, 2.582, 1.976, -0.6715, -0.9127, -3.5155, 178.1928, -121.0856, -92.0178
1741334693.910, 2.587, 1.952, -0.6821, -0.9126, -3.5115, 179.4542, -120.9667, -89.9710
1741334693.990, 2.589, 1.936, -0.6964, -0.9132, -3.5024, 179.6691, -121.6013, -89.5048
1741334694.069, 2.580, 1.920, -0.7116, -0.9137, -3.4905, 179.7939, -123.9111, -89.3552
1741334694.149, 2.580, 1.901, -0.7283, -0.9134, -3.4795, -179.7245, -124.5641, -88.7954
1741334694.229, 2.599, 1.901, -0.7453, -0.9144, -3.4681, -179.7391, -124.6634, -88.8048
1741334694.308, 2.608, 1.878, -0.7638, -0.9159, -3.4557, -179.7946, -124.6924, -89.6543
1741334694.388, 2.611, 1.850, -0.7836, -0.9179, -3.4389, 178.1889, -123.4278, -93.6415
1741334694.468, 2.608, 1.825, -0.7924, -0.9173, -3.4297, 177.0640, -122.8379, -94.3868
1741334694.547, 2.608, 1.791, -0.8026, -0.9168, -3.4217, 176.2747, -122.9786, -94.6935
1741334694.627, 2.613, 1.791, -0.8164, -0.9175, -3.4131, 176.4799, -122.8188, -94.8038
1741334694.707, 2.621, 1.777, -0.8322, -0.9179, -3.4033, 176.7435, -122.7734, -95.0463
1741334694.786, 2.614, 1.756, -0.8426, -0.9176, -3.3937, 178.1191, -126.1463, -94.1358
1741334694.866, 2.613, 1.734, -0.8426, -0.9172, -3.3873, 175.6331, -126.7697, -93.8215
1741334694.945, 2.613, 1.722, -0.8506, -0.9158, -3.3811, 175.9012, -126.5163, -92.5333
1741334695.025, 2.629, 1.722, -0.8665, -0.9167, -3.3721, 176.5963, -126.1205, -91.9948
1741334695.105, 2.633, 1.717, -0.8949, -0.9191, -3.3663, -177.6559, -125.7942, -88.4833
1741334695.185, 2.628, 1.697, -0.9164, -0.9216, -3.3527, -178.0871, -124.5003, -88.5576
1741334695.264, 2.613, 1.665, -0.9359, -0.9237, -3.3370, -179.3014, -123.9979, -90.0466
1741334695.344, 2.613, 1.632, -0.9547, -0.9232, -3.3237, -179.5191, -124.4271, -90.9820
1741334695.543, 2.617, 1.577, -0.9841, -0.9231, -3.3101, -176.2894, -125.1354, -88.6135
1741334695.622, 2.614, 1.577, -0.9971, -0.9230, -3.3023, -176.0275, -125.3018, -88.2923
1741334695.702, 2.620, 1.563, -1.0121, -0.9230, -3.2913, -176.4473, -125.5102, -88.7085
1741334695.782, 2.620, 1.544, -1.0276, -0.9240, -3.2794, -176.9267, -125.6686, -88.7129
1741334695.861, 2.624, 1.522, -1.0442, -0.9244, -3.2667, -177.0862, -125.7387, -88.9372
1741334695.941, 2.624, 1.498, -1.0571, -0.9264, -3.2512, 179.3237, -125.2543, -91.2469
1741334696.021, 2.620, 1.498, -1.0725, -0.9276, -3.2410, -179.7960, -125.5147, -90.5279
1741334696.100, 2.625, 1.471, -1.0852, -0.9280, -3.2314, -179.8515, -125.5392, -90.6009
1741334696.180, 2.629, 1.446, -1.0974, -0.9285, -3.2224, -179.9881, -125.5196, -90.6508
1741334696.260, 2.630, 1.428, -1.1103, -0.9289, -3.2130, 179.9681, -125.6152, -90.6880
1741334696.339, 2.630, 1.409, -1.1238, -0.9296, -3.2035, 179.9096, -125.5098, -90.5816
1741334696.419, 2.626, 1.409, -1.1385, -0.9299, -3.1929, 179.6879, -125.3300, -90.7863
1741334696.498, 2.627, 1.389, -1.1474, -0.9285, -3.1832, 178.9034, -126.1606, -90.4477
1741334696.698, 2.638, 1.351, -1.1795, -0.9286, -3.1624, 179.6906, -125.9561, -88.8840
1741334696.897, 2.631, 1.312, -1.2208, -0.9299, -3.1333, 179.9892, -126.3027, -88.5216
1741334697.096, 2.635, 1.260, -1.2614, -0.9311, -3.0999, 177.7459, -125.4008, -93.2034
1741334697.295, 2.647, 1.209, -1.2910, -0.9312, -3.0755, 176.8363, -125.2561, -93.9106
1741334697.375, 2.651, 1.190, -1.3028, -0.9306, -3.0678, 178.1597, -126.9397, -92.4670
1741334697.454, 2.652, 1.169, -1.3089, -0.9309, -3.0588, 177.1112, -128.4358, -92.8997
1741334697.653, 2.672, 1.146, -1.3319, -0.9301, -3.0389, 176.7771, -128.3177, -91.0035
1741334697.733, 2.672, 1.132, -1.3600, -0.9324, -3.0303, -177.7075, -128.1393, -88.0297
1741334697.813, 2.669, 1.132, -1.3813, -0.9353, -3.0159, -178.0619, -126.9030, -88.0080
1741334697.892, 2.654, 1.110, -1.4005, -0.9358, -3.0003, -178.3754, -126.3569, -88.3633
1741334697.972, 2.651, 1.069, -1.4203, -0.9371, -2.9853, -179.0278, -126.4895, -89.9930
1741334698.052, 2.651, 1.037, -1.4349, -0.9363, -2.9786, -176.8860, -127.2143, -88.9282
1741334698.251, 2.653, 0.997, -1.4601, -0.9364, -2.9623, -176.0362, -127.5118, -87.8809
1741334698.450, 2.664, 0.962, -1.5005, -0.9374, -2.9310, -176.4064, -127.9272, -88.3170
1741334698.530, 2.664, 0.936, -1.5154, -0.9385, -2.9178, -177.1407, -127.9871, -88.6051
1741334698.609, 2.666, 0.936, -1.5268, -0.9401, -2.9037, -179.4791, -127.8245, -89.9835
1741334698.689, 2.666, 0.910, -1.5396, -0.9410, -2.8927, -179.7637, -127.7702, -90.2094
1741334700.700, 2.552, 0.481, -1.8850, -0.9455, -2.6283, 178.0108, -128.0213, -91.7996
1741334700.779, 2.551, 0.459, -1.8860, -0.9458, -2.6274, 178.1944, -127.9763, -91.6134
1741334700.859, 1.577, 0.449, -1.8856, -0.9460, -2.6274, 178.1534, -127.9672, -91.7193
1741334700.939, 1.577, 0.448, -1.8855, -0.9459, -2.6275, 178.0454, -127.9270, -91.7474
1741334701.018, 1.578, 0.448, -1.8853, -0.9460, -2.6276, 178.0558, -127.9190, -91.7185
1741334701.098, 1.576, 0.448, -1.8854, -0.9460, -2.6276, 178.0580, -127.9070, -91.7187
1741334701.178, 1.576, 0.448, -1.8853, -0.9459, -2.6276, 178.0682, -127.9110, -91.7123
1741334701.257, 1.578, 0.448, -1.8853, -0.9459, -2.6276, 178.0903, -127.8761, -91.7094
1741334701.337, 1.578, 0.448, -1.8852, -0.9462, -2.6287, 178.3116, -127.6354, -91.7119
1741334701.417, 1.576, 0.448, -1.8832, -0.9468, -2.6326, 179.3339, -127.0051, -90.9270
1741334701.496, 1.576, 0.448, -1.8761, -0.9475, -2.6417, -179.1008, -127.3162, -89.1543
1741334701.576, 2.553, 0.450, -1.8649, -0.9475, -2.6504, -179.2318, -127.2205, -89.2056
1741334701.655, 2.554, 0.456, -1.8513, -0.9472, -2.6606, -179.3989, -126.9971, -89.3551
1741334701.735, 2.554, 0.479, -1.8357, -0.9466, -2.6724, -179.4473, -126.8854, -89.3582
1741334701.815, 2.554, 0.494, -1.8192, -0.9444, -2.6850, -179.7431, -126.8028, -87.7799
1741334701.894, 2.671, 0.494, -1.8043, -0.9441, -2.6963, -179.6620, -126.4319, -87.6726
1741334701.974, 2.698, 0.522, -1.7884, -0.9444, -2.7082, -179.6326, -126.1969, -87.8662
1741334702.054, 2.686, 0.537, -1.7725, -0.9449, -2.7191, 179.8322, -125.5397, -88.9081
1741334702.133, 2.686, 0.563, -1.7598, -0.9448, -2.7306, -179.6316, -125.0205, -89.9181
1741334702.213, 2.690, 0.563, -1.7456, -0.9461, -2.7398, -179.4828, -125.4538, -89.4835
1741334702.293, 2.684, 0.587, -1.7333, -0.9459, -2.7490, -179.3335, -125.7539, -89.4118
1741334702.372, 2.679, 0.612, -1.7211, -0.9455, -2.7577, -179.3857, -125.8660, -89.5019
1741334702.452, 2.679, 0.628, -1.7086, -0.9449, -2.7670, -179.3190, -126.0075, -89.4460
1741334702.532, 2.679, 0.648, -1.6950, -0.9448, -2.7762, -179.5130, -126.2369, -89.6084
1741334702.611, 2.680, 0.648, -1.6802, -0.9447, -2.7866, -179.6388, -126.4294, -89.6591
1741334702.691, 2.682, 0.666, -1.6657, -0.9442, -2.7973, -179.6339, -126.6124, -89.6488
1741334702.771, 2.684, 0.691, -1.6516, -0.9439, -2.8085, -179.3943, -126.8277, -89.5068
1741334702.850, 2.685, 0.715, -1.6375, -0.9439, -2.8189, -179.3178, -127.0648, -89.5503
1741334702.930, 2.685, 0.736, -1.6236, -0.9435, -2.8294, -179.3495, -127.1153, -89.5830
1741334703.009, 2.678, 0.736, -1.6097, -0.9436, -2.8396, -179.4963, -127.1928, -89.7365
1741334703.089, 2.678, 0.753, -1.5962, -0.9431, -2.8498, -179.4697, -127.3638, -89.7329
1741334703.169, 2.683, 0.778, -1.5827, -0.9427, -2.8600, -179.4333, -127.5316, -89.7014
1741334703.248, 2.683, 0.800, -1.5696, -0.9425, -2.8706, -179.2407, -127.6903, -89.5355
1741334703.328, 2.683, 0.818, -1.5561, -0.9422, -2.8809, -179.2943, -127.6834, -89.6763
1741334703.408, 2.683, 0.818, -1.5424, -0.9419, -2.8916, -179.3430, -127.6855, -89.7592
1741334703.487, 2.679, 0.838, -1.5286, -0.9415, -2.9020, -179.5200, -127.7755, -89.9452
1741334703.567, 2.671, 0.857, -1.5195, -0.9399, -2.9141, -177.7945, -127.4685, -88.8490
1741334703.646, 2.678, 0.883, -1.5110, -0.9390, -2.9243, -176.4378, -127.8556, -88.0959
1741334703.726, 2.678, 0.901, -1.4985, -0.9386, -2.9340, -176.3141, -127.4857, -88.0207
1741334703.806, 2.668, 0.901, -1.4854, -0.9383, -2.9455, -175.8686, -127.2620, -87.7940
1741334703.885, 2.664, 0.918, -1.4702, -0.9374, -2.9571, -175.9831, -127.2582, -87.9043
1741334703.965, 2.665, 0.935, -1.4540, -0.9372, -2.9704, -175.6673, -127.0925, -87.3959
1741334704.045, 2.658, 0.956, -1.4378, -0.9370, -2.9827, -175.7698, -127.0422, -87.4008
1741334704.124, 2.658, 0.986, -1.4160, -0.9385, -2.9888, 179.6423, -126.6932, -90.3847
1741334704.204, 2.651, 0.986, -1.4040, -0.9374, -3.0013, -178.4327, -125.6547, -88.3388
1741334704.284, 2.663, 1.009, -1.3942, -0.9369, -3.0106, -177.6991, -125.9563, -87.5899
1741334704.363, 2.648, 1.032, -1.3850, -0.9366, -3.0176, -177.6231, -126.1571, -87.5060
1741334704.443, 2.653, 1.050, -1.3732, -0.9357, -3.0255, -177.9235, -126.3744, -87.3885
1741334704.522, 2.653, 1.064, -1.3573, -0.9353, -3.0341, -179.0818, -126.8012, -87.5864
1741334704.602, 2.650, 1.064, -1.3441, -0.9336, -3.0409, 179.5871, -127.8085, -89.4054
1741334704.682, 2.650, 1.085, -1.3334, -0.9319, -3.0486, 179.3868, -127.5084, -90.3958
1741334704.761, 2.658, 1.107, -1.3192, -0.9327, -3.0578, 179.0410, -128.5092, -91.6131
1741334704.841, 2.662, 1.122, -1.2998, -0.9347, -3.0694, 177.3861, -127.8079, -93.3529
1741334704.921, 2.662, 1.146, -1.2807, -0.9340, -3.0842, 177.7003, -128.2206, -92.7886
1741334705.000, 2.663, 1.146, -1.2639, -0.9336, -3.0970, 177.5172, -128.7230, -92.6741
1741334705.080, 2.666, 1.174, -1.2518, -0.9343, -3.1113, 179.2757, -128.9579, -91.2975
1741334705.160, 2.668, 1.203, -1.2400, -0.9337, -3.1234, -179.7592, -129.2783, -89.5055
1741334705.239, 2.668, 1.227, -1.2302, -0.9325, -3.1321, -179.6583, -128.8112, -88.2470
1741334705.319, 2.661, 1.247, -1.2202, -0.9319, -3.1400, -179.9641, -128.8038, -88.4352
1741334705.399, 2.659, 1.247, -1.2069, -0.9317, -3.1513, -179.7927, -128.2919, -88.2678
1741334705.478, 2.655, 1.261, -1.1902, -0.9317, -3.1644, 179.8827, -127.9137, -88.6280
1741334705.558, 2.649, 1.279, -1.1732, -0.9311, -3.1778, 179.7471, -127.3398, -88.9037
1741334705.638, 2.649, 1.307, -1.1576, -0.9307, -3.1894, 179.5026, -127.2516, -89.4972
1741334705.717, 2.644, 1.332, -1.1443, -0.9310, -3.2020, -179.8957, -126.6598, -89.1582
1741334705.797, 2.641, 1.332, -1.1336, -0.9318, -3.2107, -179.6240, -126.4685, -90.3276
1741334705.877, 2.629, 1.353, -1.1214, -0.9315, -3.2192, -179.8741, -126.7312, -90.4615
1741334705.956, 2.628, 1.370, -1.1097, -0.9314, -3.2276, -179.9199, -126.7106, -90.5212
1741334706.036, 2.628, 1.392, -1.0978, -0.9309, -3.2371, -179.7552, -126.8785, -90.3844
1741334706.119, 2.626, 1.409, -1.0841, -0.9308, -3.2474, -179.6909, -127.1125, -90.3520
1741334706.195, 2.629, 1.409, -1.0711, -0.9303, -3.2577, -179.5838, -127.1749, -90.3110
1741334706.275, 2.630, 1.427, -1.0563, -0.9301, -3.2693, -179.4625, -127.3200, -90.2239
1741334706.354, 2.625, 1.447, -1.0466, -0.9286, -3.2819, -177.4216, -127.4423, -88.8897
1741334706.434, 2.625, 1.472, -1.0362, -0.9278, -3.2921, -176.6152, -127.1165, -88.5548
1741334706.514, 2.628, 1.492, -1.0238, -0.9271, -3.3022, -176.5662, -126.8675, -88.6634
1741334706.593, 2.623, 1.492, -1.0101, -0.9265, -3.3134, -176.1426, -126.8221, -88.4627
1741334706.673, 2.616, 1.509, -0.9953, -0.9259, -3.3255, -175.9227, -126.8011, -88.1361
1741334706.753, 2.619, 1.530, -0.9803, -0.9253, -3.3374, -175.8510, -126.8229, -88.0079
1741334706.832, 2.619, 1.556, -0.9655, -0.9249, -3.3485, -176.0085, -126.7642, -88.0784
1741334706.912, 2.617, 1.580, -0.9451, -0.9270, -3.3543, -179.8355, -126.6790, -90.7670
1741334706.992, 2.614, 1.580, -0.9314, -0.9258, -3.3662, -179.5116, -124.7035, -90.0870
1741334707.071, 2.616, 1.602, -0.9243, -0.9251, -3.3739, -178.6363, -124.5410, -88.9225
1741334707.151, 2.607, 1.625, -0.9182, -0.9246, -3.3795, -177.9550, -124.7096, -88.4464
1741334707.230, 2.607, 1.639, -0.9110, -0.9240, -3.3854, -177.5613, -124.9072, -88.3372
1741334707.310, 2.602, 1.650, -0.8987, -0.9236, -3.3943, -177.3861, -124.9468, -87.9170
1741334707.390, 2.607, 1.650, -0.8806, -0.9230, -3.4052, -178.0056, -125.3909, -88.0089
1741334707.469, 2.606, 1.665, -0.8598, -0.9199, -3.4118, 178.4051, -126.8275, -91.1072
1741334707.549, 2.608, 1.689, -0.8405, -0.9194, -3.4207, 176.1184, -126.5856, -92.7095
1741334707.629, 2.608, 1.717, -0.8304, -0.9201, -3.4321, 178.2454, -126.7425, -93.6996
1741334707.828, 2.615, 1.762, -0.7896, -0.9209, -3.4615, 177.4962, -127.1936, -93.9061
1741334707.907, 2.616, 1.791, -0.7753, -0.9202, -3.4707, 177.1442, -127.5560, -93.8278
1741334707.987, 2.616, 1.791, -0.7650, -0.9200, -3.4818, 178.3961, -127.6705, -92.8799
1741334708.067, 2.619, 1.811, -0.7528, -0.9187, -3.4966, -179.2985, -128.3311, -88.7492
1741334708.146, 2.609, 1.830, -0.7415, -0.9186, -3.5063, -179.4559, -127.5811, -88.6440
1741334708.226, 2.609, 1.857, -0.7288, -0.9177, -3.5162, -179.5568, -127.4686, -88.7948
1741334708.425, 2.606, 1.897, -0.6895, -0.9161, -3.5452, 179.9233, -126.7738, -89.3013
1741334708.505, 2.604, 1.920, -0.6754, -0.9162, -3.5560, 179.8026, -126.5038, -89.8186
1741334708.584, 2.601, 1.920, -0.6627, -0.9157, -3.5666, -179.9487, -126.1326, -89.5033
1741334708.783, 2.590, 1.960, -0.6332, -0.9172, -3.5891, -179.7066, -125.4058, -90.9861
1741334708.863, 2.591, 1.979, -0.6181, -0.9165, -3.5992, -179.8049, -125.6723, -90.8591
1741334708.943, 2.589, 1.997, -0.6051, -0.9159, -3.6087, -179.7609, -125.8429, -90.9631
1741334709.022, 2.589, 2.019, -0.5913, -0.9157, -3.6189, -179.7694, -125.9641, -91.0089
1741334709.102, 2.590, 2.019, -0.5777, -0.9148, -3.6292, -179.5952, -125.9220, -90.8797
1741334709.182, 2.587, 2.038, -0.5633, -0.9143, -3.6393, -179.6802, -126.1044, -90.9321
1741334709.261, 2.585, 2.060, -0.5498, -0.9136, -3.6492, -179.6779, -126.1071, -90.9933
1741334709.341, 2.566, 2.081, -0.5364, -0.9130, -3.6589, -179.7603, -126.1532, -91.0526
1741334709.421, 2.566, 2.104, -0.5224, -0.9129, -3.6686, -179.8590, -126.3283, -91.1680
1741334709.500, 2.556, 2.104, -0.5085, -0.9126, -3.6788, -179.8892, -126.4871, -91.2466
1741334709.580, 2.555, 2.127, -0.4938, -0.9120, -3.6895, -179.8426, -126.6607, -91.0601
1741334709.660, 2.562, 2.148, -0.4793, -0.9118, -3.7003, -179.9408, -126.6726, -91.0407
1741334709.739, 2.562, 2.170, -0.4644, -0.9115, -3.7111, 179.9345, -126.7507, -90.9616
1741334709.819, 2.562, 2.192, -0.4499, -0.9112, -3.7219, 179.9724, -126.7991, -90.7758
1741334709.899, 2.555, 2.192, -0.4362, -0.9107, -3.7322, -179.9800, -127.0929, -90.5194
1741334709.978, 2.560, 2.217, -0.4226, -0.9104, -3.7425, -179.9719, -127.1880, -90.6254
1741334710.058, 2.557, 2.243, -0.4087, -0.9102, -3.7532, -179.8403, -127.2954, -90.4485
1741334710.138, 2.553, 2.264, -0.3944, -0.9101, -3.7637, -179.8892, -127.2787, -90.5611
1741334710.217, 2.553, 2.285, -0.3802, -0.9098, -3.7743, -179.9508, -127.3251, -90.5396
1741334710.297, 2.552, 2.285, -0.3663, -0.9092, -3.7844, 179.9748, -127.4190, -90.6257
1741334710.376, 2.553, 2.307, -0.3529, -0.9087, -3.7942, 179.8401, -127.5601, -90.7334
1741334710.456, 2.554, 2.327, -0.3399, -0.9088, -3.8039, 179.9092, -127.6059, -90.8112
1741334710.536, 2.550, 2.345, -0.3267, -0.9083, -3.8141, 179.9295, -127.6543, -90.7456
1741334710.615, 2.550, 2.369, -0.3127, -0.9081, -3.8251, -179.8939, -127.7037, -90.4762
1741334710.695, 2.551, 2.369, -0.2981, -0.9080, -3.8363, -179.9558, -127.7936, -90.5071
1741334710.775, 2.550, 2.388, -0.2837, -0.9075, -3.8471, 179.9889, -127.9156, -90.5330
1741334710.854, 2.549, 2.413, -0.2770, -0.9061, -3.8599, -177.0838, -127.3775, -88.2869
1741334710.934, 2.549, 2.439, -0.2686, -0.9053, -3.8676, -176.4667, -127.6026, -88.1624
1741334711.014, 2.541, 2.446, -0.2563, -0.9045, -3.8780, -176.1560, -127.2426, -87.8717
1741334711.093, 2.558, 2.446, -0.2423, -0.9040, -3.8896, -175.8070, -127.1251, -87.6952
1741334711.293, 2.560, 2.484, -0.2028, -0.9032, -3.9198, -176.0217, -126.7846, -87.8981
1741334711.372, 2.555, 2.513, -0.1893, -0.9029, -3.9303, -176.0425, -126.6985, -88.0405
1741334711.452, 2.552, 2.537, -0.1766, -0.9027, -3.9402, -176.0225, -126.5996, -88.0815
1741334711.531, 2.552, 2.553, -0.1643, -0.9023, -3.9504, -175.6772, -126.3862, -87.5279
1741334711.611, 2.551, 2.572, -0.1491, -0.9027, -3.9594, -176.5970, -126.3379, -87.6988
1741334711.691, 2.545, 2.572, -0.1297, -0.9026, -3.9668, -179.3946, -126.7364, -88.3358
1741334711.890, 2.522, 2.623, -0.0936, -0.9012, -3.9940, -178.8054, -127.9769, -88.1562
1741334711.969, 2.538, 2.642, -0.0790, -0.9011, -4.0058, -178.6155, -128.2947, -88.1038
1741334712.049, 2.527, 2.670, -0.0644, -0.9008, -4.0166, -178.8136, -128.5217, -88.2398
1741334712.129, 2.527, 2.696, -0.0509, -0.9007, -4.0269, -178.8803, -128.8995, -88.4595
1741334712.208, 2.537, 2.721, -0.0388, -0.9019, -4.0336, -179.6772, -129.8078, -90.7102
1741334712.288, 2.535, 2.721, -0.0261, -0.9018, -4.0441, -179.7161, -129.5260, -90.7547
1741334712.368, 2.529, 2.743, -0.0149, -0.9013, -4.0535, -179.6545, -129.2672, -90.8270
1741334712.447, 2.526, 2.763, -0.0034, -0.9010, -4.0630, -179.6836, -129.1662, -90.8926
1741334712.527, 2.526, 2.778, 0.0087, -0.9007, -4.0734, -179.4364, -129.1694, -90.6516
1741334712.606, 2.523, 2.796, 0.0217, -0.9003, -4.0840, -179.4199, -129.1154, -90.5686
1741334712.686, 2.520, 2.796, 0.0358, -0.9002, -4.0950, -179.5942, -129.0921, -90.6640
1741334712.766, 2.522, 2.809, 0.0498, -0.8998, -4.1063, -179.6286, -128.9826, -90.8169
1741334712.845, 2.518, 2.831, 0.0628, -0.8991, -4.1176, -179.4011, -128.8935, -90.7474
1741334712.925, 2.518, 2.854, 0.0659, -0.8976, -4.1287, -176.2691, -128.6484, -88.5697
1741334713.005, 2.514, 2.875, 0.0738, -0.8972, -4.1349, -176.1887, -128.5927, -88.9466
1741334713.085, 2.530, 2.875, 0.0857, -0.8961, -4.1440, -176.5135, -128.4966, -89.3416
1741334713.164, 2.527, 2.887, 0.1022, -0.8961, -4.1565, -176.8977, -128.3045, -89.0010
1741334713.244, 2.529, 2.902, 0.1246, -0.8972, -4.1668, 179.9640, -128.4788, -91.1914
1741334713.323, 2.529, 2.927, 0.1412, -0.8961, -4.1787, 179.7664, -128.6426, -91.1768
1741334713.403, 2.506, 2.949, 0.1543, -0.8956, -4.1893, 179.9485, -128.8520, -91.3445
1741334713.483, 2.497, 2.949, 0.1666, -0.8958, -4.1991, -179.9900, -129.1488, -91.2897
1741334713.562, 2.502, 2.978, 0.1769, -0.8949, -4.2095, -179.3386, -128.4082, -89.6853
1741334713.642, 2.496, 2.999, 0.1857, -0.8940, -4.2147, -179.9156, -128.8753, -89.1190
1741334713.722, 2.496, 3.017, 0.1947, -0.8927, -4.2231, -179.3797, -128.9332, -88.8540
1741334713.801, 2.497, 3.037, 0.2069, -0.8925, -4.2345, -178.8035, -129.1854, -88.5821
1741334713.881, 2.495, 3.037, 0.2236, -0.8937, -4.2438, 179.5607, -129.7883, -91.3299
1741334713.960, 2.505, 3.049, 0.2392, -0.8940, -4.2566, 179.8501, -129.3814, -91.1424
1741334714.040, 2.497, 3.075, 0.2531, -0.8932, -4.2698, -179.6272, -128.8618, -90.8646
1741334714.120, 2.497, 3.096, 0.2593, -0.8915, -4.2818, -177.0508, -128.5194, -88.9660
1741334714.200, 2.488, 3.117, 0.2654, -0.8901, -4.2891, -176.7067, -128.4301, -88.9686
1741334714.279, 2.501, 3.117, 0.2742, -0.8901, -4.2952, -177.2070, -128.1640, -89.5806
1741334714.359, 2.504, 3.127, 0.2846, -0.8897, -4.3038, -177.0464, -128.0392, -89.2827
1741334714.438, 2.502, 3.143, 0.3012, -0.8894, -4.3119, -178.9670, -128.2795, -90.4520
1741334714.518, 2.502, 3.153, 0.3168, -0.8899, -4.3133, 175.9357, -127.8492, -94.5993
1741334714.598, 2.497, 3.153, 0.3270, -0.8880, -4.3223, 176.9943, -127.9899, -94.3915
1741334714.677, 2.480, 3.175, 0.3362, -0.8880, -4.3335, 178.7142, -128.4098, -93.9858
1741334714.757, 2.478, 3.191, 0.3553, -0.8881, -4.3429, 176.5713, -128.3865, -94.2485
1741334714.837, 2.476, 3.212, 0.3660, -0.8887, -4.3604, 179.5433, -126.3304, -91.0560
1741334714.916, 2.476, 3.243, 0.3751, -0.8863, -4.3718, -178.2935, -125.4741, -88.5572
1741334714.996, 2.471, 3.243, 0.3882, -0.8865, -4.3790, -179.5126, -126.0952, -88.6197
1741334715.075, 2.473, 3.247, 0.4014, -0.8857, -4.3893, -179.2347, -126.0740, -88.5554
1741334715.155, 2.456, 3.266, 0.4193, -0.8853, -4.3973, 178.6744, -127.4366, -90.4396
1741334715.235, 2.467, 3.293, 0.4331, -0.8861, -4.4053, 178.2620, -127.3402, -90.3989
1741334715.314, 2.467, 3.319, 0.4465, -0.8866, -4.4154, 178.7403, -126.7922, -89.9482
1741334715.394, 2.463, 3.319, 0.4596, -0.8849, -4.4281, 178.9596, -126.4619, -89.7508
1741334715.474, 2.456, 3.339, 0.4722, -0.8848, -4.4377, 178.7923, -126.1250, -90.5397
1741334715.553, 2.451, 3.362, 0.4838, -0.8851, -4.4480, 179.2510, -125.5569, -91.3671
1741334715.633, 2.452, 3.380, 0.4975, -0.8849, -4.4574, 179.1380, -125.9212, -91.6226
1741334715.713, 2.452, 3.389, 0.5099, -0.8847, -4.4664, 179.2588, -126.0757, -91.5965
1741334715.792, 2.452, 3.389, 0.5218, -0.8842, -4.4752, 179.3103, -126.1154, -91.6577
1741334715.872, 2.448, 3.412, 0.5340, -0.8838, -4.4843, 179.4759, -126.1853, -91.5999
1741334715.952, 2.449, 3.434, 0.5478, -0.8834, -4.4942, 179.4643, -126.3122, -91.5344
1741334716.031, 2.446, 3.452, 0.5617, -0.8829, -4.5044, 179.4935, -126.4323, -91.5347
1741334716.111, 2.446, 3.472, 0.5768, -0.8824, -4.5146, 179.2693, -126.6150, -91.7956
1741334716.190, 2.446, 3.472, 0.5917, -0.8819, -4.5250, 179.1750, -126.7738, -91.9700
1741334716.270, 2.443, 3.495, 0.6060, -0.8811, -4.5358, 179.2404, -126.8910, -91.8974
1741334716.350, 2.448, 3.522, 0.6191, -0.8808, -4.5461, 179.4954, -126.9981, -91.7964
1741334716.429, 2.448, 3.545, 0.6325, -0.8802, -4.5560, 179.7749, -127.0903, -91.5768
1741334716.509, 2.442, 3.567, 0.6460, -0.8799, -4.5659, 179.6727, -127.1832, -91.6416
1741334716.589, 2.444, 3.567, 0.6594, -0.8793, -4.5757, 179.5149, -127.2965, -91.9120
1741334716.668, 2.445, 3.587, 0.6735, -0.8789, -4.5858, 179.2933, -127.3026, -92.0389
1741334716.748, 2.436, 3.610, 0.6868, -0.8783, -4.5960, 179.3349, -127.2946, -92.0480
1741334716.828, 2.436, 3.630, 0.7007, -0.8780, -4.6069, 179.4298, -127.3054, -91.9669
1741334716.907, 2.438, 3.652, 0.7142, -0.8777, -4.6168, 179.3517, -127.2426, -91.9910
1741334716.987, 2.430, 3.652, 0.7277, -0.8766, -4.6273, 179.4501, -127.2656, -91.7784
1741334717.067, 2.432, 3.673, 0.7359, -0.8751, -4.6388, -178.7140, -126.9714, -90.7848
1741334717.146, 2.434, 3.694, 0.7438, -0.8733, -4.6390, 179.5014, -127.1664, -93.7508
1741334717.226, 2.434, 3.713, 0.7540, -0.8729, -4.6462, 179.0193, -126.8912, -94.6115
1741334717.305, 2.447, 3.725, 0.7705, -0.8723, -4.6573, 178.5763, -127.0099, -94.6369
1741334717.385, 2.433, 3.725, 0.7922, -0.8729, -4.6734, 178.0518, -127.1286, -92.6481
1741334717.465, 2.434, 3.745, 0.8102, -0.8721, -4.6909, 179.0506, -127.8790, -91.7740
1741334717.545, 2.430, 3.775, 0.8267, -0.8726, -4.7017, 179.1101, -127.8542, -91.8057
1741334717.624, 2.430, 3.810, 0.8400, -0.8726, -4.7110, 179.0796, -127.9670, -91.9237
1741334717.704, 2.432, 3.836, 0.8479, -0.8705, -4.7214, -179.5484, -127.3772, -90.1404
1741334717.784, 2.431, 3.836, 0.8566, -0.8697, -4.7259, 179.5294, -127.6486, -89.8793
1741334717.863, 2.425, 3.853, 0.8677, -0.8687, -4.7331, 179.2856, -128.1276, -89.5049
1741334717.943, 2.425, 3.865, 0.8813, -0.8681, -4.7435, 179.2202, -128.0255, -89.5752
1741334718.023, 2.425, 3.887, 0.8971, -0.8691, -4.7555, 179.1195, -127.8537, -90.4594
1741334718.102, 2.431, 3.908, 0.9106, -0.8682, -4.7670, 178.8908, -127.1626, -92.3969
1741334718.182, 2.428, 3.908, 0.9280, -0.8685, -4.7800, 178.8897, -127.3342, -92.2353
1741334718.261, 2.420, 3.924, 0.9413, -0.8682, -4.7901, 179.1014, -127.4913, -92.0954
1741334718.341, 2.415, 3.952, 0.9529, -0.8680, -4.7992, 179.2727, -127.4323, -91.8607
1741334718.421, 2.415, 3.977, 0.9636, -0.8679, -4.8069, 179.1754, -127.5259, -91.8785
1741334718.500, 2.418, 3.994, 0.9683, -0.8676, -4.8106, 179.1091, -127.5473, -91.8410
1741334718.580, 2.411, 3.994, 0.9675, -0.8674, -4.8101, 179.1240, -127.5139, -91.8960
1741334718.660, 2.416, 4.006, 0.9670, -0.8674, -4.8095, 179.1091, -127.5396, -91.9241
1741334718.739, 2.414, 4.009, 0.9669, -0.8674, -4.8094, 179.0990, -127.5388, -91.9360
1741334718.819, 2.414, 4.008, 0.9669, -0.8674, -4.8094, 179.0902, -127.5393, -91.9528
1741334718.898, 2.412, 4.008, 0.9669, -0.8673, -4.8094, 179.0914, -127.5404, -91.9492
1741334718.978, 2.414, 4.008, 0.9670, -0.8674, -4.8093, 179.0975, -127.5368, -91.9386
1741334719.058, 2.413, 4.006, 0.9669, -0.8674, -4.8091, 179.0963, -127.5452, -91.9402
1741334719.137, 2.416, 4.008, 0.9669, -0.8673, -4.8093, 179.1038, -127.5474, -91.9310
1741334719.217, 2.416, 4.007, 0.9669, -0.8673, -4.8093, 179.1079, -127.5450, -91.9244
1741334719.297, 2.417, 4.008, 0.9669, -0.8673, -4.8092, 179.1104, -127.5472, -91.9257
1741334719.376, 2.413, 4.008, 0.9670, -0.8674, -4.8091, 179.1209, -127.5473, -91.9238
1741334719.456, 2.415, 4.007, 0.9670, -0.8675, -4.8091, 179.1551, -127.5392, -91.8777
1741334719.536, 2.416, 4.008, 0.9669, -0.8673, -4.8091, 179.1655, -127.5415, -91.8783
1741334719.615, 2.416, 4.008, 0.9669, -0.8673, -4.8092, 179.1558, -127.5386, -91.8857
1741334719.695, 2.411, 4.007, 0.9668, -0.8673, -4.8091, 179.1560, -127.5433, -91.8818
1741334719.775, 2.416, 4.007, 0.9668, -0.8673, -4.8091, 179.1499, -127.5428, -91.8764
1741334719.854, 2.416, 4.007, 0.9668, -0.8673, -4.8092, 179.1556, -127.5451, -91.8807
1741334719.934, 2.413, 4.008, 0.9667, -0.8673, -4.8091, 179.1591, -127.5480, -91.8823
1741334720.013, 2.413, 4.008, 0.9669, -0.8674, -4.8091, 179.1571, -127.5533, -91.8882
1741334720.093, 2.414, 4.008, 0.9668, -0.8673, -4.8092, 179.1567, -127.5503, -91.8923
1741334720.173, 2.412, 4.009, 0.9668, -0.8673, -4.8091, 179.1505, -127.5513, -91.8868
1741334720.252, 2.413, 4.006, 0.9668, -0.8673, -4.8091, 179.1627, -127.5500, -91.8848
1741334720.332, 2.413, 4.008, 0.9667, -0.8673, -4.8092, 179.1700, -127.5584, -91.8793
1741334720.412, 2.413, 4.006, 0.9668, -0.8673, -4.8092, 179.1733, -127.5594, -91.8854
1741334764.116, 3.106, 4.093, 1.4467, -0.8544, -4.2532, -12.4914, 57.8180, 102.7547
1741334764.196, 3.106, 4.091, 1.4468, -0.8545, -4.2531, -12.4992, 57.8179, 102.7572
1741334764.276, 3.105, 4.091, 1.4467, -0.8545, -4.2532, -12.4928, 57.8224, 102.7473
1741334764.355, 3.105, 4.091, 1.4467, -0.8544, -4.2532, -12.5046, 57.8219, 102.7541
1741334764.435, 3.111, 4.091, 1.4467, -0.8544, -4.2531, -12.5054, 57.8195, 102.7575
1741334764.514, 3.106, 4.093, 1.4467, -0.8545, -4.2531, -12.4828, 57.8220, 102.7400
1741334764.594, 3.111, 4.093, 1.4468, -0.8545, -4.2530, -12.4841, 57.8265, 102.7413
1741334764.674, 3.106, 4.092, 1.4466, -0.8544, -4.2532, -12.4839, 57.8233, 102.7376
1741334764.754, 3.106, 4.092, 1.4468, -0.8544, -4.2530, -12.4951, 57.8264, 102.7547
1741334764.833, 3.106, 4.092, 1.4467, -0.8545, -4.2531, -12.4936, 57.8243, 102.7388
1741334764.913, 3.111, 4.092, 1.4467, -0.8545, -4.2531, -12.4770, 57.8190, 102.7227
1741334764.992, 3.112, 4.090, 1.4467, -0.8545, -4.2531, -12.4721, 57.8139, 102.6886
1741334765.072, 3.106, 4.091, 1.4467, -0.8545, -4.2531, -12.4890, 57.8205, 102.7046
1741334765.152, 3.106, 4.091, 1.4467, -0.8544, -4.2532, -12.4704, 57.8179, 102.6908
1741334765.231, 3.106, 4.090, 1.4467, -0.8544, -4.2530, -12.4712, 57.8137, 102.6934
1741334765.311, 3.111, 4.091, 1.4467, -0.8543, -4.2530, -12.4544, 57.8188, 102.6769
1741334765.391, 3.106, 4.093, 1.4467, -0.8544, -4.2531, -12.4601, 57.8287, 102.6887
1741334765.470, 3.111, 4.092, 1.4466, -0.8544, -4.2532, -12.4522, 57.8217, 102.6896
1741334765.550, 3.111, 4.092, 1.4468, -0.8544, -4.2530, -12.4709, 57.8227, 102.7176
1741334765.629, 3.111, 4.091, 1.4467, -0.8544, -4.2530, -12.4537, 57.8221, 102.7001
1741334765.709, 3.111, 4.093, 1.4467, -0.8544, -4.2530, -12.4650, 57.8213, 102.7141
1741334765.789, 3.111, 4.091, 1.4467, -0.8544, -4.2531, -12.4879, 57.8243, 102.7290
1741334765.868, 3.111, 4.093, 1.4466, -0.8545, -4.2531, -12.4876, 57.8245, 102.7204
1741334767.879, 3.126, 3.917, 1.2871, -0.8587, -4.1421, -11.7237, 54.2787, 100.1459
1741334767.959, 3.126, 3.899, 1.2828, -0.8577, -4.1391, -11.7488, 54.8820, 99.2631
1741334768.039, 3.127, 3.899, 1.2745, -0.8576, -4.1337, -11.6465, 54.9816, 99.0191
1741334768.118, 3.123, 3.898, 1.2625, -0.8579, -4.1254, -11.6590, 55.0037, 98.9824
1741334768.198, 3.128, 3.887, 1.2468, -0.8589, -4.1149, -11.4764, 55.1798, 99.5735
1741334768.278, 3.127, 3.873, 1.2271, -0.8607, -4.1009, -11.7218, 55.1873, 101.5775
1741334768.357, 3.127, 3.842, 1.2136, -0.8618, -4.0919, -11.9017, 55.5497, 101.6892
1741334768.437, 3.126, 3.842, 1.2028, -0.8625, -4.0849, -11.7329, 55.6236, 101.6083
1741334768.517, 3.127, 3.813, 1.1951, -0.8632, -4.0801, -11.6139, 55.6867, 101.4252
1741334768.596, 3.129, 3.795, 1.1888, -0.8632, -4.0762, -11.5922, 55.7868, 101.3586
1741334768.676, 3.126, 3.784, 1.1814, -0.8631, -4.0716, -11.5229, 55.8378, 101.3599
1741334768.755, 3.126, 3.777, 1.1730, -0.8618, -4.0641, -12.5190, 56.3403, 102.8416
1741334768.835, 3.126, 3.777, 1.1648, -0.8616, -4.0602, -11.6507, 56.0328, 103.1432
1741334768.915, 3.127, 3.763, 1.1563, -0.8612, -4.0548, -11.4797, 56.0571, 103.6919
1741334768.994, 3.121, 3.750, 1.1433, -0.8605, -4.0457, -11.6979, 56.0376, 103.9538
1741334769.074, 3.122, 3.736, 1.1277, -0.8619, -4.0365, -11.5681, 55.9975, 103.6235
1741334769.154, 3.122, 3.715, 1.1153, -0.8658, -4.0277, -12.6480, 56.5499, 102.8838
1741334769.233, 3.125, 3.715, 1.1020, -0.8655, -4.0192, -11.8937, 56.8951, 101.7326
1741334769.313, 3.121, 3.695, 1.0924, -0.8667, -4.0132, -11.6135, 56.7966, 101.5250
1741334769.393, 3.111, 3.674, 1.0867, -0.8663, -4.0094, -11.5610, 56.8132, 101.4272
1741334769.472, 3.125, 3.660, 1.0810, -0.8664, -4.0057, -11.5090, 56.8393, 101.4266
1741334769.552, 3.125, 3.651, 1.0736, -0.8667, -4.0008, -11.5356, 56.8244, 101.4412
1741334769.632, 3.118, 3.651, 1.0643, -0.8667, -3.9942, -11.6303, 56.8171, 101.4866
1741334769.711, 3.125, 3.640, 1.0529, -0.8678, -3.9869, -11.7395, 56.8702, 101.6178
1741334769.791, 3.118, 3.630, 1.0407, -0.8672, -3.9787, -11.6587, 56.9765, 101.5304
1741334769.870, 3.123, 3.610, 1.0289, -0.8683, -3.9719, -11.5067, 57.0623, 101.4409
1741334769.950, 3.123, 3.610, 1.0178, -0.8689, -3.9653, -11.2516, 57.0167, 101.2246
1741334770.030, 3.117, 3.593, 1.0080, -0.8688, -3.9589, -11.2025, 57.0685, 101.1681
1741334770.109, 3.122, 3.573, 0.9985, -0.8682, -3.9526, -11.1343, 57.1086, 101.1284
1741334770.189, 3.116, 3.558, 0.9887, -0.8694, -3.9469, -10.9786, 57.1150, 100.9768
1741334770.269, 3.121, 3.547, 0.9789, -0.8700, -3.9404, -11.1064, 57.1649, 101.1274
1741334770.348, 3.121, 3.547, 0.9682, -0.8701, -3.9329, -11.3308, 57.1501, 101.3401
1741334770.428, 3.113, 3.535, 0.9574, -0.8707, -3.9258, -11.3039, 57.0893, 101.2855
1741334770.508, 3.119, 3.517, 0.9468, -0.8709, -3.9189, -11.4411, 57.1306, 101.3779
1741334770.587, 3.123, 3.503, 0.9362, -0.8712, -3.9122, -11.3772, 57.1786, 101.2635
1741334770.667, 3.125, 3.486, 0.9262, -0.8715, -3.9059, -11.2531, 57.2228, 101.1096
1741334770.747, 3.125, 3.486, 0.9163, -0.8717, -3.8996, -11.1006, 57.1886, 100.9837
1741334770.826, 3.121, 3.469, 0.9068, -0.8714, -3.8938, -10.9671, 57.1475, 100.7991
1741334770.906, 3.116, 3.455, 0.8969, -0.8718, -3.8872, -11.0827, 57.0695, 100.9534
1741334770.985, 3.111, 3.442, 0.8866, -0.8726, -3.8805, -11.1661, 57.1241, 101.0046
1741334771.065, 3.112, 3.428, 0.8761, -0.8732, -3.8732, -11.3798, 57.1533, 101.1584
1741334771.145, 3.112, 3.428, 0.8651, -0.8731, -3.8661, -11.2400, 57.1116, 100.9883
1741334771.225, 3.114, 3.413, 0.8545, -0.8735, -3.8594, -11.1456, 57.1450, 100.8757
1741334771.304, 3.119, 3.395, 0.8437, -0.8741, -3.8530, -11.0206, 57.1258, 100.7679
1741334771.384, 3.115, 3.377, 0.8336, -0.8738, -3.8465, -10.8939, 57.1443, 100.6023
1741334771.463, 3.110, 3.362, 0.8236, -0.8745, -3.8405, -10.8442, 57.1308, 100.5655
1741334771.543, 3.110, 3.362, 0.8134, -0.8743, -3.8347, -10.7824, 57.1868, 100.5227
1741334771.623, 3.113, 3.346, 0.8033, -0.8749, -3.8271, -10.9278, 57.2239, 100.6298
1741334771.702, 3.117, 3.337, 0.7928, -0.8753, -3.8197, -11.1514, 57.1821, 100.8544
1741334771.782, 3.112, 3.322, 0.7819, -0.8753, -3.8126, -11.1063, 57.0615, 100.7560
1741334771.862, 3.120, 3.301, 0.7782, -0.8740, -3.8106, -11.1894, 57.5544, 99.1462
1741334771.941, 3.120, 3.301, 0.7733, -0.8736, -3.8069, -11.4041, 57.5506, 98.6063
1741334772.021, 3.105, 3.295, 0.7639, -0.8732, -3.7999, -11.4341, 57.4020, 98.6020
1741334772.101, 3.112, 3.286, 0.7512, -0.8744, -3.7925, -11.0312, 56.9967, 98.1684
1741334772.180, 3.115, 3.275, 0.7344, -0.8759, -3.7809, -10.7019, 56.4119, 99.1478
1741334772.260, 3.115, 3.253, 0.7166, -0.8777, -3.7696, -10.7602, 56.2656, 100.5498
1741334772.339, 3.115, 3.253, 0.7042, -0.8775, -3.7602, -10.9170, 56.1000, 100.4754
1741334772.419, 3.124, 3.228, 0.6945, -0.8779, -3.7531, -10.8684, 56.0121, 100.3629
1741334772.499, 3.119, 3.208, 0.6871, -0.8782, -3.7481, -10.7996, 55.9262, 100.2023
1741334772.578, 3.120, 3.188, 0.6798, -0.8781, -3.7433, -10.6702, 55.8622, 100.0205
1741334772.658, 3.121, 3.184, 0.6713, -0.8788, -3.7374, -10.5692, 55.7316, 99.8660
1741334772.738, 3.121, 3.184, 0.6617, -0.8770, -3.7305, -10.3600, 55.4405, 100.9997
1741334772.817, 3.122, 3.170, 0.6532, -0.8762, -3.7253, -10.1701, 55.3186, 101.5892
1741334772.897, 3.126, 3.155, 0.6426, -0.8761, -3.7178, -10.1340, 55.2249, 101.7499
1741334772.977, 3.122, 3.147, 0.6283, -0.8763, -3.7081, -9.9568, 55.1096, 101.5142
1741334773.056, 3.122, 3.129, 0.6156, -0.8798, -3.7001, -9.4221, 54.9705, 98.8736
1741334773.136, 3.127, 3.129, 0.6018, -0.8791, -3.6871, -10.3387, 55.3113, 99.5288
1741334773.216, 3.122, 3.107, 0.5928, -0.8796, -3.6788, -10.9279, 54.9090, 99.0883
1741334773.295, 3.129, 3.086, 0.5908, -0.8788, -3.6781, -10.4141, 55.2504, 97.9294
1741334773.375, 3.128, 3.068, 0.5894, -0.8785, -3.6778, -10.4210, 55.1968, 97.4132
1741334773.455, 3.128, 3.066, 0.5834, -0.8778, -3.6745, -10.2283, 55.4639, 96.6633
1741334773.534, 3.131, 3.066, 0.5703, -0.8776, -3.6660, -9.9693, 55.5373, 96.5582
1741334773.614, 3.132, 3.065, 0.5535, -0.8787, -3.6550, -9.8404, 55.6515, 96.7791
1741334773.693, 3.126, 3.055, 0.5308, -0.8811, -3.6383, -10.4256, 55.4841, 98.8276
1741334773.773, 3.125, 3.029, 0.5150, -0.8806, -3.6293, -10.0374, 55.8222, 99.0029
1741334773.853, 3.125, 2.982, 0.5019, -0.8812, -3.6206, -9.9535, 55.8472, 98.9981
1741334773.932, 3.124, 2.982, 0.4925, -0.8819, -3.6139, -9.8074, 55.8335, 98.8792
1741334774.012, 3.124, 2.965, 0.4850, -0.8826, -3.6093, -9.7597, 55.8421, 98.8165
1741334774.092, 3.124, 2.952, 0.4777, -0.8816, -3.6027, -10.6076, 56.2209, 99.8677
1741334774.171, 3.128, 2.936, 0.4704, -0.8804, -3.5988, -10.2166, 55.8042, 100.5936
1741334774.251, 3.128, 2.922, 0.4622, -0.8795, -3.5939, -9.7588, 55.7556, 101.0030
1741334774.331, 3.129, 2.922, 0.4493, -0.8800, -3.5852, -9.7434, 55.7748, 101.1425
1741334774.410, 3.126, 2.916, 0.4314, -0.8801, -3.5730, -9.9560, 55.6725, 101.2067
1741334774.490, 3.128, 2.897, 0.4165, -0.8827, -3.5606, -11.2327, 56.0673, 100.7915
1741334774.570, 3.126, 2.874, 0.4009, -0.8834, -3.5526, -10.0117, 56.2542, 99.0372
1741334774.649, 3.126, 2.850, 0.3896, -0.8833, -3.5444, -10.0000, 56.2183, 99.0544
1741334774.729, 3.126, 2.850, 0.3823, -0.8841, -3.5394, -10.0009, 56.2313, 99.0484
1741334774.808, 3.125, 2.828, 0.3765, -0.8841, -3.5350, -10.1149, 56.2901, 99.1442
1741334774.888, 3.125, 2.822, 0.3686, -0.8838, -3.5300, -10.0690, 56.2212, 99.0818
1741334774.968, 3.125, 2.806, 0.3584, -0.8844, -3.5231, -10.2758, 56.3122, 99.2768
1741334775.048, 3.125, 2.801, 0.3460, -0.8842, -3.5137, -10.2306, 56.2998, 99.2265
1741334775.127, 3.131, 2.801, 0.3329, -0.8850, -3.5055, -10.1174, 56.3036, 99.0876
1741334775.207, 3.127, 2.780, 0.3199, -0.8850, -3.4971, -9.9093, 56.2936, 99.0336
1741334775.287, 3.127, 2.761, 0.3083, -0.8861, -3.4900, -9.8632, 56.2659, 98.9493
1741334775.366, 3.133, 2.743, 0.2976, -0.8856, -3.4827, -9.8630, 56.2719, 98.9392
1741334775.446, 3.133, 2.743, 0.2873, -0.8858, -3.4758, -9.7322, 56.3321, 98.7551
1741334775.525, 3.132, 2.724, 0.2769, -0.8860, -3.4687, -9.9020, 56.4011, 98.9391
1741334775.605, 3.132, 2.715, 0.2660, -0.8865, -3.4612, -10.1003, 56.3995, 99.0969
1741334775.685, 3.133, 2.698, 0.2546, -0.8868, -3.4532, -10.1807, 56.3404, 99.1453
1741334775.764, 3.134, 2.680, 0.2432, -0.8870, -3.4452, -10.2691, 56.3448, 99.1862
1741334775.844, 3.134, 2.680, 0.2314, -0.8861, -3.4377, -10.2600, 56.5883, 99.1517
1741334775.924, 3.132, 2.655, 0.2197, -0.8871, -3.4316, -10.1624, 57.1468, 99.1720
1741334776.003, 3.134, 2.645, 0.2082, -0.8874, -3.4248, -10.1493, 57.6002, 99.2413
1741334776.083, 3.131, 2.626, 0.1969, -0.8877, -3.4183, -10.5155, 58.1741, 99.6082
1741334776.162, 3.120, 2.614, 0.1854, -0.8878, -3.4113, -10.8480, 58.6968, 99.9271
1741334776.242, 3.120, 2.614, 0.1735, -0.8882, -3.4042, -11.1443, 59.2113, 100.2403
1741334776.322, 3.112, 2.594, 0.1612, -0.8883, -3.3972, -11.1929, 59.4175, 100.2575
1741334776.401, 3.128, 2.578, 0.1481, -0.8883, -3.3894, -11.0250, 59.3481, 100.1445
1741334776.481, 3.128, 2.560, 0.1347, -0.8888, -3.3819, -10.7106, 59.2250, 99.8520
1741334776.561, 3.127, 2.543, 0.1219, -0.8897, -3.3744, -10.5545, 59.1147, 99.6935
1741334776.640, 3.127, 2.543, 0.1089, -0.8896, -3.3666, -10.4862, 59.1157, 99.7034
1741334776.720, 3.125, 2.524, 0.0963, -0.8900, -3.3587, -10.4884, 59.0148, 99.6516
1741334776.800, 3.119, 2.505, 0.0836, -0.8907, -3.3502, -10.7984, 58.9776, 99.9567
1741334776.879, 3.125, 2.486, 0.0708, -0.8905, -3.3416, -11.1951, 58.8909, 100.3249
1741334776.959, 3.118, 2.468, 0.0568, -0.8905, -3.3327, -11.1595, 58.7579, 100.3300
1741334777.038, 3.118, 2.468, 0.0432, -0.8905, -3.3241, -10.9477, 58.6107, 100.1607
1741334777.118, 3.120, 2.451, 0.0290, -0.8908, -3.3158, -10.5257, 58.3492, 99.7825
1741334777.198, 3.124, 2.435, 0.0153, -0.8910, -3.3067, -10.6443, 58.3584, 99.8687
1741334777.277, 3.110, 2.414, 0.0014, -0.8920, -3.2977, -10.7100, 58.1842, 99.8882
1741334777.357, 3.117, 2.387, -0.0125, -0.8926, -3.2891, -10.8037, 58.1481, 100.0110
1741334777.437, 3.117, 2.387, -0.0267, -0.8916, -3.2798, -10.6969, 58.0276, 99.8923
1741334777.516, 3.110, 2.371, -0.0411, -0.8926, -3.2707, -10.5394, 57.9429, 99.8577
1741334777.596, 3.107, 2.351, -0.0550, -0.8923, -3.2618, -10.4967, 57.8962, 99.7662
1741334777.675, 3.116, 2.327, -0.0693, -0.8934, -3.2530, -10.5018, 57.8331, 99.8350
1741334777.755, 3.117, 2.306, -0.0836, -0.8934, -3.2435, -10.7355, 57.8973, 100.1049
1741334777.835, 3.117, 2.306, -0.0977, -0.8935, -3.2335, -10.9293, 57.7878, 100.2328
1741334777.914, 3.113, 2.287, -0.1122, -0.8936, -3.2238, -10.9595, 57.6552, 100.2483
1741334777.994, 3.114, 2.264, -0.1263, -0.8940, -3.2149, -10.9327, 57.7114, 100.1949
1741334778.074, 3.122, 2.245, -0.1410, -0.8942, -3.2062, -10.4448, 57.4143, 99.7654
1741334778.154, 3.116, 2.223, -0.1549, -0.8947, -3.1973, -10.3819, 57.2760, 99.7156
1741334778.233, 3.116, 2.223, -0.1688, -0.8949, -3.1880, -10.4680, 57.1967, 99.8349
1741334778.313, 3.117, 2.201, -0.1830, -0.8962, -3.1786, -10.5628, 57.0908, 99.9469
1741334778.392, 3.114, 2.180, -0.1972, -0.8965, -3.1694, -10.5334, 57.0453, 99.9032
1741334778.472, 3.115, 2.159, -0.2122, -0.8970, -3.1602, -10.2940, 56.9744, 99.7679
1741334778.552, 3.123, 2.135, -0.2271, -0.8975, -3.1510, -10.2124, 56.8245, 99.7556
1741334778.631, 3.123, 2.135, -0.2415, -0.8976, -3.1409, -10.1476, 56.7764, 99.7845
1741334778.711, 3.114, 2.115, -0.2556, -0.8978, -3.1315, -10.3305, 56.9170, 99.9623
1741334778.791, 3.115, 2.091, -0.2699, -0.8985, -3.1215, -10.5973, 56.9039, 100.2169
1741334778.870, 3.123, 2.071, -0.2844, -0.8988, -3.1115, -10.7972, 56.7101, 100.3961
1741334778.950, 3.118, 2.048, -0.2991, -0.8991, -3.1019, -10.6636, 56.5930, 100.2622
1741334779.030, 3.118, 2.048, -0.3136, -0.8993, -3.0926, -10.2498, 56.3873, 99.9038
1741334779.109, 3.124, 2.026, -0.3278, -0.8998, -3.0833, -10.0144, 56.1334, 99.6933
1741334779.189, 3.117, 2.006, -0.3415, -0.9004, -3.0740, -10.0529, 56.0635, 99.6811
1741334779.269, 3.135, 1.984, -0.3549, -0.9011, -3.0641, -10.4229, 55.9990, 99.9244
1741334779.348, 3.148, 1.962, -0.3691, -0.9013, -3.0545, -10.3114, 55.8234, 99.8229
1741334779.428, 3.148, 1.962, -0.3836, -0.9018, -3.0449, -10.1379, 55.7265, 99.7036
1741334779.507, 3.150, 1.941, -0.3979, -0.9027, -3.0351, -9.9716, 55.5581, 99.5627
1741334779.587, 3.145, 1.921, -0.4120, -0.9031, -3.0255, -9.8560, 55.4302, 99.4006
1741334779.667, 3.145, 1.899, -0.4260, -0.9035, -3.0162, -9.8041, 55.3876, 99.3000
1741334779.746, 3.145, 1.879, -0.4403, -0.9033, -3.0058, -10.0369, 55.5316, 99.5328
1741334779.826, 3.145, 1.879, -0.4543, -0.9040, -2.9950, -10.3114, 55.4613, 99.6614
1741334779.906, 3.146, 1.856, -0.4689, -0.9047, -2.9847, -10.4026, 55.3840, 99.7660
1741334779.985, 3.154, 1.833, -0.4839, -0.9053, -2.9749, -10.1237, 55.3273, 99.4880
1741334780.065, 3.156, 1.811, -0.4985, -0.9057, -2.9649, -10.0119, 55.1284, 99.4130
1741334780.145, 3.156, 1.789, -0.5131, -0.9060, -2.9547, -9.9337, 55.0485, 99.2591
1741334780.224, 3.149, 1.789, -0.5271, -0.9069, -2.9443, -10.1551, 55.0091, 99.3494
1741334780.304, 3.150, 1.768, -0.5418, -0.9071, -2.9341, -10.0417, 54.9139, 99.3139
1741334780.384, 3.151, 1.747, -0.5567, -0.9075, -2.9240, -9.8738, 54.8683, 99.2383
1741334780.463, 3.154, 1.725, -0.5717, -0.9081, -2.9134, -9.7798, 54.6737, 99.1968
1741334780.543, 3.154, 1.700, -0.5863, -0.9085, -2.9032, -9.6256, 54.5304, 99.0454
1741334780.623, 3.154, 1.700, -0.6008, -0.9087, -2.8928, -9.6518, 54.5918, 99.1409
1741334780.702, 3.155, 1.677, -0.6152, -0.9095, -2.8820, -9.8350, 54.7195, 99.2938
1741334780.782, 3.161, 1.656, -0.6298, -0.9101, -2.8710, -10.0807, 54.6013, 99.5341
1741334780.861, 3.163, 1.634, -0.6450, -0.9106, -2.8605, -9.9814, 54.4801, 99.4180
1741334780.941, 3.163, 1.634, -0.6602, -0.9109, -2.8501, -9.7179, 54.3118, 99.2534
1741334781.021, 3.159, 1.612, -0.6746, -0.9114, -2.8395, -9.6104, 54.1674, 99.1442
1741334781.100, 3.161, 1.587, -0.6885, -0.9115, -2.8293, -9.6052, 54.1860, 99.1670
1741334781.180, 3.166, 1.564, -0.7024, -0.9119, -2.8195, -9.6567, 54.1785, 99.2350
1741334781.260, 3.166, 1.542, -0.7168, -0.9128, -2.8091, -9.6534, 54.1270, 99.1621
1741334781.340, 3.166, 1.542, -0.7317, -0.9131, -2.7987, -9.4482, 54.0023, 98.9629
1741334781.419, 3.163, 1.521, -0.7459, -0.9135, -2.7885, -9.2818, 53.8888, 98.7585
1741334781.499, 3.170, 1.500, -0.7601, -0.9141, -2.7782, -9.1674, 53.8114, 98.5444
1741334781.578, 3.166, 1.476, -0.7742, -0.9143, -2.7676, -9.2630, 53.8729, 98.5518
1741334781.658, 3.174, 1.451, -0.7881, -0.9147, -2.7571, -9.4304, 53.9539, 98.6008
1741334781.738, 3.174, 1.451, -0.8025, -0.9155, -2.7464, -9.5989, 53.8684, 98.7013
1741334781.817, 3.168, 1.431, -0.8170, -0.9158, -2.7357, -9.6247, 53.8337, 98.7287
1741334781.897, 3.177, 1.408, -0.8317, -0.9164, -2.7254, -9.3031, 53.5325, 98.4090
1741334781.976, 3.178, 1.388, -0.8457, -0.9163, -2.7147, -9.3537, 53.5462, 98.4285
1741334782.056, 3.176, 1.367, -0.8598, -0.9162, -2.7040, -9.3306, 53.5068, 98.3383
1741334782.136, 3.176, 1.367, -0.8741, -0.9169, -2.6936, -9.3151, 53.4686, 98.4007
1741334782.215, 3.182, 1.346, -0.8885, -0.9178, -2.6835, -9.1269, 53.3342, 98.2107
1741334782.295, 3.182, 1.324, -0.9030, -0.9179, -2.6726, -9.0474, 53.3089, 98.1436
1741334782.375, 3.184, 1.300, -0.9173, -0.9184, -2.6619, -9.1028, 53.2429, 98.2028
1741334782.454, 3.181, 1.277, -0.9317, -0.9187, -2.6514, -8.8889, 53.1352, 97.9842
1741334782.534, 3.181, 1.277, -0.9453, -0.9188, -2.6406, -9.0430, 53.2246, 98.0123
1741334782.614, 3.181, 1.255, -0.9597, -0.9190, -2.6296, -9.1831, 53.3587, 98.0895
1741334782.693, 3.189, 1.236, -0.9741, -0.9198, -2.6187, -9.3314, 53.3397, 98.1924
1741334782.773, 3.185, 1.212, -0.9887, -0.9203, -2.6081, -9.2293, 53.1748, 98.1399
1741334782.853, 3.192, 1.188, -1.0036, -0.9204, -2.5976, -8.8852, 53.0000, 97.8845
1741334782.932, 3.192, 1.188, -1.0178, -0.9209, -2.5876, -9.0786, 53.5787, 98.0602
1741334783.012, 3.188, 1.165, -1.0319, -0.9209, -2.5774, -9.4409, 54.2163, 98.4454
1741334783.092, 3.194, 1.142, -1.0466, -0.9214, -2.5675, -9.5990, 54.8145, 98.6542
1741334783.171, 3.184, 1.121, -1.0623, -0.9218, -2.5579, -9.5378, 55.3635, 98.7234
1741334783.251, 3.183, 1.098, -1.0717, -0.9203, -2.5498, -10.5983, 55.6058, 98.5646
1741334783.330, 3.183, 1.098, -1.0815, -0.9203, -2.5442, -10.0364, 56.2460, 97.2377
1741334783.410, 3.185, 1.077, -1.0955, -0.9208, -2.5367, -10.2249, 57.1203, 97.2750
1741334783.490, 3.183, 1.066, -1.1125, -0.9211, -2.5258, -10.8166, 57.8122, 98.0000
1741334783.569, 3.185, 1.044, -1.1311, -0.9214, -2.5152, -11.0634, 58.6407, 98.3252
1741334783.649, 3.180, 1.016, -1.1540, -0.9237, -2.5023, -10.7824, 59.2103, 100.0497
1741334783.729, 3.180, 1.016, -1.1736, -0.9219, -2.4917, -10.6736, 59.4770, 100.1554
1741334783.808, 3.177, 0.990, -1.1869, -0.9236, -2.4802, -13.5022, 60.2338, 103.4687
1741334783.888, 3.176, 0.958, -1.1950, -0.9233, -2.4732, -14.2815, 60.0592, 103.9188
1741334783.968, 3.186, 0.940, -1.1980, -0.9220, -2.4688, -14.9017, 59.0765, 102.8610
1741334784.047, 3.189, 0.928, -1.2048, -0.9208, -2.4634, -15.6012, 59.7155, 102.5853
1741334784.127, 3.189, 0.928, -1.2209, -0.9204, -2.4549, -15.6041, 60.3068, 102.6300
1741334784.207, 3.191, 0.919, -1.2434, -0.9210, -2.4442, -14.5981, 60.7444, 102.2696
1741334784.286, 3.191, 0.898, -1.2678, -0.9253, -2.4370, -11.6588, 60.7062, 99.0815
1741334784.366, 3.183, 0.870, -1.2933, -0.9250, -2.4221, -11.6297, 60.2525, 101.3374
1741334784.445, 3.167, 0.838, -1.3091, -0.9296, -2.4152, -11.5389, 60.1829, 100.7488
1741334784.525, 3.167, 0.838, -1.3246, -0.9292, -2.4107, -7.9629, 59.1285, 98.1650
1741334784.605, 3.168, 0.808, -1.3347, -0.9263, -2.4073, -6.3641, 58.8562, 96.6663
1741334784.804, 3.165, 0.779, -1.3708, -0.9270, -2.3853, -6.1931, 57.7807, 96.3268
1741334785.003, 3.161, 0.734, -1.4079, -0.9292, -2.3504, -10.3746, 57.0977, 99.0284
1741334785.082, 3.164, 0.710, -1.4167, -0.9282, -2.3387, -12.8827, 57.0657, 100.6648
1741334785.162, 3.167, 0.686, -1.4262, -0.9275, -2.3386, -9.6418, 57.4703, 96.1895
1741334785.242, 3.177, 0.667, -1.4393, -0.9282, -2.3298, -10.0350, 56.9466, 96.6598
1741334785.322, 3.177, 0.667, -1.4546, -0.9289, -2.3208, -9.8705, 57.3096, 96.5775
1741334785.401, 3.166, 0.653, -1.4743, -0.9289, -2.3122, -8.1418, 57.8547, 96.1019
1741334785.481, 3.171, 0.632, -1.4899, -0.9300, -2.3006, -9.5257, 58.4318, 97.2580
1741334785.561, 3.160, 0.611, -1.5096, -0.9322, -2.2861, -10.6830, 57.8774, 99.3801
1741334785.640, 3.160, 0.584, -1.5247, -0.9312, -2.2739, -12.1997, 58.4996, 101.7277
1741334785.720, 3.163, 0.584, -1.5347, -0.9302, -2.2645, -14.2795, 59.1465, 103.5539
1741334785.799, 3.168, 0.555, -1.5456, -0.9307, -2.2559, -15.2970, 59.3247, 104.3283
1741334785.879, 3.171, 0.534, -1.5610, -0.9309, -2.2468, -15.1797, 59.4910, 104.4785
1741334785.959, 3.180, 0.526, -1.5851, -0.9353, -2.2431, -9.7711, 57.7863, 101.1499
1741334786.039, 3.180, 0.499, -1.6025, -0.9338, -2.2426, -5.2586, 57.4645, 95.2499
1741334786.118, 3.163, 0.499, -1.6175, -0.9337, -2.2257, -8.3354, 57.4066, 97.8310
1741334786.198, 3.160, 0.478, -1.6302, -0.9328, -2.2130, -11.0124, 58.0502, 99.4945
1741334786.277, 3.159, 0.452, -1.6407, -0.9341, -2.2046, -10.9104, 57.5962, 99.7050
1741334786.357, 3.161, 0.433, -1.6397, -0.9345, -2.2054, -10.9241, 57.6858, 99.6763
1741334786.437, 3.161, 0.422, -1.6363, -0.9343, -2.2078, -10.7706, 57.6017, 99.5511
1741334786.516, 3.160, 0.422, -1.6332, -0.9345, -2.2099, -10.7680, 57.6702, 99.5676
1741334786.715, 3.164, 0.424, -1.6317, -0.9342, -2.2108, -10.6410, 57.6352, 99.4805
1741334786.914, 3.159, 0.426, -1.6318, -0.9344, -2.2109, -10.5888, 57.6198, 99.4378
1741334786.994, 3.158, 0.431, -1.6320, -0.9345, -2.2110, -10.5693, 57.6151, 99.4179
1741334787.074, 3.159, 0.426, -1.6319, -0.9344, -2.2110, -10.5475, 57.6174, 99.3891
1741334787.153, 3.160, 0.426, -1.6318, -0.9343, -2.2109, -10.5319, 57.6111, 99.3736
1741334787.233, 3.160, 0.431, -1.6318, -0.9343, -2.2110, -10.5150, 57.6086, 99.3632
1741334787.313, 3.164, 0.431, -1.6319, -0.9344, -2.2110, -10.5095, 57.6025, 99.3518
1741334787.392, 3.164, 0.425, -1.6320, -0.9345, -2.2109, -10.5108, 57.6030, 99.3560
1741334787.472, 3.158, 0.426, -1.6315, -0.9344, -2.2112, -10.4389, 57.5064, 99.2625
1741334787.551, 3.161, 0.426, -1.6282, -0.9343, -2.2134, -10.4286, 57.4392, 99.3362
1741334787.631, 3.161, 0.427, -1.6207, -0.9343, -2.2184, -10.3373, 57.3637, 99.3060
1741334787.711, 3.161, 0.427, -1.6158, -0.9329, -2.2273, -7.7664, 57.6510, 97.3078
1741334787.791, 3.160, 0.440, -1.6121, -0.9317, -2.2326, -6.5966, 57.5475, 96.7114
1741334787.870, 3.154, 0.453, -1.6059, -0.9317, -2.2376, -6.2539, 57.5538, 96.5884
1741334787.950, 3.159, 0.460, -1.5962, -0.9312, -2.2433, -6.5476, 57.5829, 96.9478
1741334788.030, 3.159, 0.460, -1.5859, -0.9302, -2.2468, -7.9321, 57.6823, 98.6165
1741334788.109, 3.152, 0.467, -1.5763, -0.9310, -2.2469, -10.6565, 57.8159, 101.7062
1741334788.189, 3.150, 0.482, -1.5629, -0.9310, -2.2491, -13.9566, 58.3831, 103.5315
1741334788.268, 3.166, 0.499, -1.5522, -0.9307, -2.2536, -14.8928, 58.3553, 103.8133
1741334788.348, 3.178, 0.513, -1.5471, -0.9302, -2.2583, -13.9437, 58.1914, 103.3274
1741334788.428, 3.178, 0.513, -1.5410, -0.9309, -2.2629, -13.4851, 58.0893, 102.9661
1741334788.507, 3.170, 0.518, -1.5328, -0.9312, -2.2679, -13.7204, 57.9743, 102.7647
1741334788.587, 3.176, 0.530, -1.5248, -0.9322, -2.2772, -11.6229, 58.0256, 100.9602
1741334788.667, 3.177, 0.539, -1.5144, -0.9326, -2.2861, -10.4721, 57.9550, 99.4639
1741334788.746, 3.168, 0.556, -1.5054, -0.9323, -2.2921, -10.3940, 57.8328, 99.2713
1741334788.826, 3.168, 0.556, -1.5001, -0.9319, -2.2962, -10.1294, 58.1599, 98.7641
1741334788.906, 3.167, 0.572, -1.4988, -0.9318, -2.2978, -9.9300, 58.3911, 98.4883
1741334788.985, 3.162, 0.582, -1.4988, -0.9317, -2.2980, -9.8529, 58.4103, 98.4598
1741334789.065, 3.161, 0.585, -1.4985, -0.9316, -2.2986, -9.6774, 58.4679, 98.3328
1741334789.144, 3.166, 0.578, -1.4960, -0.9308, -2.3008, -9.2428, 58.6854, 97.7902
1741334789.224, 3.166, 0.578, -1.4922, -0.9307, -2.3060, -8.1648, 58.7126, 96.7088
1741334789.304, 3.165, 0.586, -1.4824, -0.9308, -2.3143, -6.9681, 58.5266, 95.8174
1741334789.383, 3.163, 0.587, -1.4615, -0.9294, -2.3233, -8.7529, 58.3969, 96.1620
1741334789.463, 3.163, 0.601, -1.4435, -0.9292, -2.3305, -10.8708, 58.8461, 97.6407
1741334789.543, 3.164, 0.629, -1.4291, -0.9292, -2.3396, -10.6855, 59.1732, 97.2433
1741334789.622, 3.164, 0.629, -1.4197, -0.9289, -2.3458, -10.9224, 59.5388, 97.6809
1741334789.702, 3.170, 0.655, -1.4141, -0.9293, -2.3478, -11.4677, 59.2428, 98.8555
1741334789.782, 3.173, 0.671, -1.4099, -0.9302, -2.3508, -11.3515, 59.4508, 99.2975
1741334789.861, 3.173, 0.680, -1.4092, -0.9302, -2.3548, -9.7578, 59.7067, 98.9584
1741334789.941, 3.173, 0.682, -1.4074, -0.9292, -2.3588, -8.5878, 59.9100, 98.3284
1741334790.021, 3.173, 0.682, -1.4048, -0.9292, -2.3615, -7.8355, 59.7878, 97.7580
1741334790.100, 3.171, 0.687, -1.4006, -0.9285, -2.3653, -7.1439, 59.7425, 97.1874
1741334790.180, 3.168, 0.692, -1.3926, -0.9283, -2.3710, -6.7710, 59.9381, 96.8570
1741334790.259, 3.163, 0.702, -1.3816, -0.9285, -2.3786, -6.3874, 60.2463, 96.6174
1741334790.339, 3.168, 0.714, -1.3689, -0.9278, -2.3866, -6.0808, 60.3790, 96.3559
1741334790.419, 3.168, 0.714, -1.3545, -0.9276, -2.3949, -6.3221, 60.5922, 96.5068
1741334790.498, 3.170, 0.729, -1.3402, -0.9274, -2.4032, -6.3715, 60.6882, 96.5875
1741334790.578, 3.174, 0.751, -1.3238, -0.9288, -2.4076, -9.0042, 60.8694, 98.7903
1741334790.658, 3.168, 0.768, -1.3078, -0.9292, -2.4127, -11.4698, 61.2133, 100.5956
1741334790.737, 3.176, 0.792, -1.2962, -0.9296, -2.4194, -11.2134, 61.1018, 100.5935
1741334790.817, 3.176, 0.792, -1.2876, -0.9278, -2.4258, -10.9332, 61.8611, 100.0854
1741334790.896, 3.182, 0.810, -1.2820, -0.9271, -2.4305, -10.1381, 62.1149, 99.1979
1741334790.976, 3.179, 0.822, -1.2790, -0.9267, -2.4333, -9.1847, 61.8136, 98.4802
1741334791.056, 3.179, 0.831, -1.2798, -0.9268, -2.4342, -8.5498, 61.7593, 98.2462
1741334791.135, 3.179, 0.835, -1.2803, -0.9269, -2.4343, -8.6051, 61.8441, 98.3241
1741334791.215, 3.178, 0.835, -1.2793, -0.9257, -2.4351, -8.2005, 61.8424, 98.8741
1741334791.295, 3.178, 0.834, -1.2729, -0.9236, -2.4398, -7.4966, 61.4914, 99.4988
1741334791.374, 3.182, 0.835, -1.2541, -0.9230, -2.4496, -7.6532, 61.8489, 99.6415
1741334791.454, 3.182, 0.846, -1.2266, -0.9213, -2.4628, -8.3582, 61.8813, 99.9192
1741334791.534, 3.182, 0.872, -1.1893, -0.9253, -2.4726, -14.2000, 61.8593, 104.3244
1741334791.613, 3.186, 0.872, -1.1627, -0.9289, -2.4895, -13.3150, 61.4246, 103.2584
1741334791.693, 3.186, 0.916, -1.1486, -0.9250, -2.4995, -12.2298, 61.2458, 100.4138
1741334791.773, 3.191, 0.956, -1.1380, -0.9231, -2.5053, -12.1891, 61.6911, 99.7322
1741334791.852, 3.197, 0.979, -1.1326, -0.9231, -2.5090, -12.1522, 61.9070, 99.6619
1741334791.932, 3.197, 0.993, -1.1250, -0.9227, -2.5132, -12.1166, 61.9199, 99.6405
1741334792.012, 3.197, 0.993, -1.1136, -0.9233, -2.5197, -11.9713, 62.1037, 99.5185
1741334792.091, 3.195, 1.001, -1.1001, -0.9227, -2.5273, -12.0650, 62.4420, 99.5718
1741334792.171, 3.197, 1.016, -1.0858, -0.9221, -2.5351, -12.3403, 62.6869, 100.2526
1741334792.251, 3.199, 1.037, -1.0718, -0.9223, -2.5422, -12.7743, 63.0871, 101.0406
1741334792.330, 3.199, 1.057, -1.0617, -0.9237, -2.5488, -12.4699, 63.6072, 102.0263
1741334792.410, 3.207, 1.057, -1.0499, -0.9233, -2.5540, -12.3578, 63.0837, 102.0466
1741334792.490, 3.206, 1.075, -1.0392, -0.9229, -2.5599, -11.9841, 62.8058, 101.7191
1741334792.569, 3.213, 1.094, -1.0291, -0.9229, -2.5654, -11.8733, 62.7758, 101.6383
1741334792.649, 3.206, 1.107, -1.0186, -0.9231, -2.5710, -11.7984, 62.6999, 101.5791
1741334792.728, 3.206, 1.122, -1.0069, -0.9225, -2.5768, -11.7302, 62.6770, 101.4925
1741334792.808, 3.214, 1.122, -0.9934, -0.9212, -2.5832, -12.0309, 62.6070, 101.5658
1741334792.888, 3.216, 1.136, -0.9801, -0.9213, -2.5897, -11.9995, 62.4697, 101.4835
1741334792.967, 3.216, 1.153, -0.9675, -0.9211, -2.5968, -11.8811, 62.3097, 101.4054
1741334793.047, 3.217, 1.173, -0.9548, -0.9211, -2.6036, -11.7575, 62.1640, 101.3085
1741334793.127, 3.217, 1.192, -0.9420, -0.9206, -2.6106, -11.6067, 62.1006, 101.2370
1741334793.206, 3.217, 1.192, -0.9291, -0.9199, -2.6176, -11.4933, 62.0087, 101.1235
1741334793.286, 3.219, 1.209, -0.9157, -0.9200, -2.6245, -11.5115, 62.0533, 101.1621
1741334793.365, 3.218, 1.229, -0.9026, -0.9201, -2.6313, -11.5587, 61.8981, 101.1896
1741334793.445, 3.220, 1.229, -0.8896, -0.9190, -2.6382, -11.6315, 61.8243, 101.2114
1741334793.525, 3.220, 1.262, -0.8761, -0.9190, -2.6453, -11.7234, 61.5639, 101.2947
1741334793.604, 3.222, 1.262, -0.8630, -0.9183, -2.6524, -11.6153, 61.3216, 101.1540
1741334793.684, 3.224, 1.280, -0.8551, -0.9170, -2.6627, -7.9597, 61.1102, 98.2471
1741334793.764, 3.222, 1.301, -0.8477, -0.9165, -2.6683, -6.8825, 60.1527, 97.3125
1741334793.843, 3.218, 1.314, -0.8346, -0.9161, -2.6747, -6.6608, 59.1348, 97.1474
1741334793.923, 3.218, 1.327, -0.8123, -0.9178, -2.6765, -11.8312, 57.9602, 101.0453
1741334794.003, 3.218, 1.327, -0.7971, -0.9156, -2.6866, -10.6028, 57.8833, 99.7371
1741334794.082, 3.215, 1.346, -0.7810, -0.9160, -2.6967, -10.6210, 58.0542, 99.8451
1741334794.162, 3.225, 1.369, -0.7688, -0.9158, -2.7054, -10.3720, 58.0117, 99.6912
1741334794.242, 3.225, 1.393, -0.7581, -0.9157, -2.7126, -10.3381, 58.0018, 99.7546
1741334794.321, 3.225, 1.410, -0.7483, -0.9157, -2.7189, -10.3367, 58.1366, 99.8012
1741334794.401, 3.220, 1.410, -0.7392, -0.9145, -2.7262, -10.1135, 59.3178, 99.1070
1741334794.480, 3.220, 1.424, -0.7343, -0.9133, -2.7327, -8.6752, 59.2157, 97.9322
1741334794.560, 3.223, 1.439, -0.7289, -0.9133, -2.7378, -7.8203, 58.9782, 97.3650
1741334794.640, 3.222, 1.447, -0.7184, -0.9131, -2.7439, -7.6019, 58.6969, 97.2654
1741334794.719, 3.222, 1.458, -0.6998, -0.9142, -2.7477, -11.6678, 58.4553, 101.3558
1741334794.799, 3.222, 1.458, -0.6818, -0.9130, -2.7604, -11.0080, 59.0645, 100.8629
1741334794.879, 3.223, 1.478, -0.6671, -0.9137, -2.7690, -11.3118, 59.1038, 101.1149
1741334794.958, 3.227, 1.503, -0.6531, -0.9133, -2.7772, -11.5035, 59.2306, 101.2952
1741334795.038, 3.222, 1.529, -0.6414, -0.9125, -2.7842, -11.6335, 59.3469, 101.4112
1741334795.118, 3.222, 1.546, -0.6309, -0.9126, -2.7905, -11.5902, 59.4869, 101.4011
1741334795.197, 3.231, 1.546, -0.6205, -0.9120, -2.7967, -11.5226, 59.5532, 101.3328
1741334795.277, 3.229, 1.564, -0.6097, -0.9116, -2.8032, -11.4965, 59.6381, 101.3240
1741334795.357, 3.232, 1.580, -0.5981, -0.9112, -2.8105, -11.3789, 59.6752, 101.2503
1741334795.436, 3.230, 1.597, -0.5849, -0.9108, -2.8181, -11.5040, 59.7947, 101.3350
1741334795.516, 3.230, 1.597, -0.5713, -0.9102, -2.8260, -11.6546, 59.9915, 101.5132
1741334795.596, 3.229, 1.616, -0.5574, -0.9096, -2.8338, -11.8673, 60.2129, 101.6457
1741334795.675, 3.233, 1.635, -0.5439, -0.9095, -2.8412, -12.1391, 60.3780, 101.8586
1741334795.755, 3.235, 1.657, -0.5314, -0.9092, -2.8488, -12.0324, 60.3901, 101.7603
1741334795.835, 3.237, 1.675, -0.5196, -0.9085, -2.8555, -12.1336, 60.4002, 101.8248
1741334795.914, 3.237, 1.675, -0.5083, -0.9080, -2.8621, -11.9817, 60.5018, 101.6663
1741334795.994, 3.239, 1.695, -0.4967, -0.9077, -2.8688, -11.9610, 60.5718, 101.6926
1741334796.074, 3.238, 1.709, -0.4844, -0.9077, -2.8754, -12.0522, 60.6109, 101.7814
1741334796.153, 3.232, 1.726, -0.4718, -0.9074, -2.8826, -12.0153, 60.2995, 101.7492
1741334796.233, 3.228, 1.743, -0.4587, -0.9069, -2.8894, -11.8765, 59.8408, 101.5402
1741334796.312, 3.228, 1.743, -0.4458, -0.9061, -2.8962, -11.7864, 59.5411, 101.4726
1741334796.392, 3.231, 1.760, -0.4340, -0.9058, -2.9036, -11.5150, 59.4973, 101.2055
1741334796.472, 3.239, 1.776, -0.4224, -0.9055, -2.9105, -11.4991, 59.5311, 101.2214
1741334796.551, 3.232, 1.795, -0.4114, -0.9056, -2.9178, -11.3395, 59.6473, 101.1517
1741334796.631, 3.223, 1.815, -0.4001, -0.9049, -2.9243, -11.4941, 59.7877, 101.3471
1741334796.711, 3.223, 1.815, -0.3887, -0.9046, -2.9309, -11.5263, 59.8810, 101.4316
1741334796.790, 3.213, 1.831, -0.3772, -0.9044, -2.9371, -11.7849, 59.9653, 101.6634
1741334796.870, 3.220, 1.847, -0.3659, -0.9038, -2.9439, -11.7977, 60.0774, 101.6804
1741334796.950, 3.219, 1.861, -0.3545, -0.9037, -2.9504, -11.9720, 60.0828, 101.8513
1741334797.029, 3.219, 1.879, -0.3437, -0.9028, -2.9568, -11.8324, 60.0583, 101.7164
1741334797.109, 3.222, 1.879, -0.3325, -0.9024, -2.9633, -11.8135, 60.0334, 101.7183
1741334797.189, 3.220, 1.895, -0.3211, -0.9018, -2.9701, -11.6012, 60.0478, 101.4976
1741334797.268, 3.220, 1.913, -0.3095, -0.9017, -2.9768, -11.6081, 60.0782, 101.5962
1741334797.348, 3.219, 1.926, -0.2975, -0.9014, -2.9836, -11.6852, 60.1525, 101.6915
1741334797.427, 3.219, 1.944, -0.2852, -0.9010, -2.9904, -11.8772, 60.2569, 101.8488
1741334797.507, 3.225, 1.944, -0.2736, -0.9008, -2.9970, -11.9696, 60.2275, 101.9686
1741334797.587, 3.223, 1.962, -0.2624, -0.9002, -3.0031, -11.7464, 59.8497, 101.7270
1741334797.666, 3.228, 1.980, -0.2515, -0.8997, -3.0090, -11.3999, 59.0792, 101.3406
1741334797.746, 3.224, 1.997, -0.2408, -0.8995, -3.0158, -11.1214, 59.0023, 101.0844
1741334797.826, 3.224, 2.010, -0.2294, -0.8992, -3.0227, -11.0457, 59.0763, 100.9745
1741334797.905, 3.229, 2.010, -0.2173, -0.8986, -3.0301, -11.1321, 59.1651, 101.0102
1741334797.985, 3.222, 2.026, -0.2052, -0.8982, -3.0373, -11.2171, 59.2890, 101.0955
1741334798.065, 3.223, 2.041, -0.1934, -0.8985, -3.0446, -11.3540, 59.4063, 101.1936
1741334798.144, 3.231, 2.060, -0.1820, -0.8977, -3.0507, -11.5392, 59.4459, 101.3493
1741334798.224, 3.231, 2.078, -0.1711, -0.8974, -3.0571, -11.4983, 59.3661, 101.3285
1741334798.304, 3.226, 2.078, -0.1597, -0.8967, -3.0619, -11.1080, 57.8237, 100.6421
1741334798.383, 3.232, 2.095, -0.1487, -0.8959, -3.0677, -10.5959, 56.6564, 99.9691
1741334798.463, 3.227, 2.110, -0.1383, -0.8959, -3.0749, -10.4971, 56.6717, 99.8981
1741334798.542, 3.232, 2.127, -0.1280, -0.8963, -3.0829, -10.2761, 56.7428, 99.7679
1741334798.622, 3.232, 2.141, -0.1175, -0.8956, -3.0898, -10.3642, 56.9062, 99.9107
1741334798.821, 3.228, 2.172, -0.0912, -0.8950, -3.1068, -10.5137, 57.2895, 100.1016
1741334798.901, 3.229, 2.172, -0.0814, -0.8949, -3.1136, -10.4539, 57.3901, 100.0163
1741334798.981, 3.226, 2.189, -0.0709, -0.8945, -3.1202, -10.4483, 57.4215, 99.9317
1741334799.060, 3.226, 2.204, -0.0608, -0.8940, -3.1269, -10.3604, 57.4859, 99.8252
1741334799.140, 3.227, 2.219, -0.0505, -0.8942, -3.1337, -10.4053, 57.6186, 99.9349
1741334799.220, 3.227, 2.234, -0.0395, -0.8940, -3.1407, -10.5328, 57.8173, 100.0688
1741334799.299, 3.225, 2.234, -0.0286, -0.8937, -3.1478, -10.5693, 57.9462, 100.1518
1741334799.379, 3.228, 2.250, -0.0175, -0.8932, -3.1547, -10.7499, 58.1065, 100.2069
1741334799.458, 3.222, 2.266, -0.0069, -0.8930, -3.1616, -10.7765, 58.2057, 100.1501
1741334799.538, 3.225, 2.283, 0.0030, -0.8924, -3.1674, -10.8200, 58.2648, 100.1611
1741334799.618, 3.225, 2.298, 0.0135, -0.8926, -3.1740, -10.9499, 58.3648, 100.2672
1741334799.697, 3.225, 2.298, 0.0236, -0.8924, -3.1808, -10.8947, 58.3515, 100.1991
1741334799.777, 3.222, 2.315, 0.0344, -0.8921, -3.1878, -10.9118, 58.4129, 100.2092
1741334799.857, 3.230, 2.331, 0.0461, -0.8913, -3.1947, -10.8795, 58.3574, 100.1606
1741334799.936, 3.229, 2.344, 0.0587, -0.8912, -3.2021, -11.0696, 58.5353, 100.3957
1741334800.016, 3.229, 2.359, 0.0714, -0.8915, -3.2104, -11.1442, 58.6315, 100.5122
1741334801.788, 3.247, 2.659, 0.3398, -0.8850, -3.3712, -11.3963, 61.1421, 101.0319
1741334801.867, 3.242, 2.673, 0.3538, -0.8846, -3.3785, -11.5372, 61.2932, 101.1992
1741334801.947, 3.247, 2.699, 0.3672, -0.8843, -3.3861, -11.6708, 61.4056, 101.3529
1741334802.027, 3.249, 2.715, 0.3811, -0.8837, -3.3937, -11.7316, 61.5031, 101.3347
1741334802.106, 3.249, 2.715, 0.3949, -0.8834, -3.4015, -11.6086, 61.5657, 101.1609
1741334802.186, 3.256, 2.732, 0.4088, -0.8832, -3.4094, -11.5121, 61.6211, 101.0772
1741334802.266, 3.255, 2.753, 0.4229, -0.8829, -3.4167, -11.7323, 61.7956, 101.3039
1741334802.345, 3.260, 2.775, 0.4370, -0.8829, -3.4242, -11.9683, 61.8925, 101.4855
1741334802.425, 3.261, 2.794, 0.4513, -0.8826, -3.4322, -12.0190, 62.0278, 101.5566
1741334802.505, 3.261, 2.794, 0.4652, -0.8821, -3.4392, -11.8561, 61.6299, 101.4428
1741334802.584, 3.261, 2.820, 0.4789, -0.8813, -3.4452, -10.9740, 59.9029, 100.4766
1741334802.664, 3.267, 2.835, 0.4925, -0.8808, -3.4511, -10.2713, 58.0873, 99.6848
1741334802.744, 3.255, 2.847, 0.5006, -0.8794, -3.4552, -10.2019, 57.3644, 100.9355
1741334802.823, 3.244, 2.862, 0.5049, -0.8791, -3.4596, -10.0188, 57.3388, 101.5728
1741334802.903, 3.244, 2.862, 0.5145, -0.8775, -3.4646, -10.2853, 57.3640, 102.0172
1741334802.983, 3.250, 2.876, 0.5286, -0.8768, -3.4730, -10.4177, 57.4156, 102.1571
1741334803.062, 3.251, 2.882, 0.5493, -0.8799, -3.4860, -10.5474, 57.5790, 100.5038
1741334803.142, 3.249, 2.906, 0.5710, -0.8794, -3.5014, -10.3681, 57.6985, 99.5896
1741334803.221, 3.251, 2.930, 0.5851, -0.8793, -3.5104, -10.3225, 57.6114, 99.4922
1741334803.301, 3.251, 2.930, 0.5971, -0.8792, -3.5177, -10.4598, 57.6037, 99.5697
1741334803.381, 3.250, 2.961, 0.6065, -0.8790, -3.5234, -10.5271, 57.6873, 99.6448
1741334803.460, 3.249, 2.982, 0.6156, -0.8781, -3.5288, -10.6792, 57.6242, 99.6692
1741334803.540, 3.253, 2.994, 0.6251, -0.8772, -3.5350, -10.7496, 57.8012, 98.3460
1741334803.620, 3.255, 3.004, 0.6354, -0.8769, -3.5418, -10.6488, 57.8885, 97.5733
1741334803.699, 3.255, 3.004, 0.6499, -0.8762, -3.5513, -10.5638, 57.8771, 97.4521
1741334803.779, 3.255, 3.030, 0.6652, -0.8767, -3.5617, -10.3629, 58.0643, 98.3427
1741334803.859, 3.249, 3.044, 0.6806, -0.8754, -3.5712, -10.4734, 57.7733, 100.1376
1741334803.938, 3.252, 3.070, 0.6953, -0.8768, -3.5805, -10.7195, 57.8413, 100.0995
1741334804.018, 3.252, 3.084, 0.6992, -0.8764, -3.5818, -11.1657, 57.4712, 101.7296
1741334804.098, 3.255, 3.084, 0.7008, -0.8751, -3.5828, -10.9466, 57.2787, 102.2766
1741334804.177, 3.262, 3.104, 0.7067, -0.8746, -3.5866, -10.6290, 57.1986, 102.4774
1741334804.257, 3.261, 3.107, 0.7204, -0.8734, -3.5956, -10.6358, 57.1918, 102.4743
1741334804.336, 3.255, 3.112, 0.7395, -0.8741, -3.6093, -10.0386, 57.2969, 101.2344
1741334804.416, 3.260, 3.133, 0.7644, -0.8754, -3.6244, -10.1068, 58.2550, 99.6402
1741334804.496, 3.260, 3.133, 0.7814, -0.8754, -3.6342, -10.8301, 58.0855, 100.4445
1741334804.576, 3.249, 3.167, 0.7939, -0.8754, -3.6424, -10.9675, 58.2377, 100.7064
1741334804.655, 3.261, 3.194, 0.8033, -0.8746, -3.6482, -10.9081, 58.2693, 100.7316
1741334804.735, 3.263, 3.211, 0.8115, -0.8742, -3.6528, -11.0867, 58.0108, 100.6430
1741334804.814, 3.263, 3.228, 0.8172, -0.8735, -3.6566, -11.2140, 58.0759, 99.9466
1741334804.894, 3.263, 3.228, 0.8233, -0.8725, -3.6607, -11.0742, 58.1806, 99.1215
1741334804.974, 3.246, 3.236, 0.8346, -0.8711, -3.6691, -10.7820, 58.6847, 98.4457
1741334805.053, 3.255, 3.250, 0.8531, -0.8711, -3.6807, -10.8117, 58.7669, 98.4182
1741334805.133, 3.257, 3.268, 0.8700, -0.8729, -3.6895, -11.1562, 57.7171, 101.5014
1741334805.213, 3.257, 3.291, 0.8891, -0.8720, -3.7030, -11.0809, 58.1330, 100.9460
1741334805.292, 3.262, 3.291, 0.9023, -0.8721, -3.7108, -11.0737, 57.9509, 100.9426
1741334805.372, 3.264, 3.317, 0.9114, -0.8723, -3.7169, -11.0929, 58.1184, 101.0330
1741334805.451, 3.258, 3.342, 0.9189, -0.8714, -3.7217, -11.0388, 58.1055, 101.0030
1741334805.531, 3.265, 3.350, 0.9278, -0.8716, -3.7275, -11.0052, 58.1826, 100.9581
1741334805.611, 3.265, 3.366, 0.9392, -0.8709, -3.7347, -10.8971, 58.2495, 100.8198
1741334805.690, 3.260, 3.366, 0.9528, -0.8701, -3.7432, -11.1635, 58.3083, 101.0355
1741334805.770, 3.258, 3.380, 0.9672, -0.8702, -3.7519, -11.3681, 58.4253, 101.2954
1741334805.850, 3.260, 3.400, 0.9808, -0.8704, -3.7606, -11.3974, 58.5345, 101.4321
1741334805.929, 3.263, 3.417, 0.9938, -0.8694, -3.7687, -11.4260, 58.6194, 101.4695
1741334806.009, 3.263, 3.440, 1.0057, -0.8695, -3.7767, -11.2256, 58.7072, 101.3323
1741334806.089, 3.269, 3.440, 1.0170, -0.8687, -3.7840, -11.1948, 58.8402, 101.3339
1741334806.168, 3.270, 3.459, 1.0286, -0.8679, -3.7910, -11.2465, 58.8417, 101.4050
1741334806.248, 3.263, 3.477, 1.0408, -0.8676, -3.7985, -11.4260, 59.0676, 101.5608
1741334806.328, 3.271, 3.491, 1.0499, -0.8675, -3.8039, -11.5932, 59.1068, 101.7084
1741334806.407, 3.271, 3.507, 1.0528, -0.8674, -3.8055, -11.7052, 59.1200, 101.7889
1741334806.487, 3.269, 3.507, 1.0520, -0.8674, -3.8055, -11.6972, 59.1263, 101.8191
1741334806.567, 3.268, 3.519, 1.0519, -0.8675, -3.8051, -11.7214, 59.1142, 101.8486
1741334806.646, 3.274, 3.518, 1.0519, -0.8675, -3.8052, -11.7340, 59.1200, 101.8526
1741334806.726, 3.272, 3.517, 1.0519, -0.8676, -3.8053, -11.7268, 59.1095, 101.8455
1741334806.806, 3.272, 3.517, 1.0518, -0.8677, -3.8055, -11.7185, 59.1003, 101.8350
1741334806.885, 3.273, 3.516, 1.0520, -0.8676, -3.8054, -11.7234, 59.1020, 101.8398
1741334806.965, 3.268, 3.517, 1.0519, -0.8676, -3.8053, -11.7107, 59.0979, 101.8329
1741334807.044, 3.265, 3.517, 1.0523, -0.8668, -3.8050, -11.6609, 59.2700, 102.2269
1741334807.124, 3.272, 3.515, 1.0560, -0.8818, -3.7964, 2.1531, 58.3551, 89.7609
1741334807.204, 3.272, 3.515, 1.0532, -0.8775, -3.7986, 2.8155, 58.3796, 89.4433
1741334807.283, 3.274, 3.517, 1.0524, -0.8727, -3.8041, 2.9280, 58.7688, 89.2799
1741334807.363, 3.266, 3.519, 1.0517, -0.8710, -3.8068, 3.2125, 58.8950, 88.9839
1741334807.442, 3.274, 3.515, 1.0516, -0.8713, -3.8069, 2.8323, 58.8768, 89.2942
1741334807.522, 3.273, 3.518, 1.0518, -0.8715, -3.8065, 2.4858, 58.8870, 89.6140
1741334807.602, 3.273, 3.518, 1.0519, -0.8715, -3.8065, 2.2942, 58.8978, 89.7991
1741334807.681, 3.271, 3.516, 1.0518, -0.8714, -3.8066, 2.0541, 58.8910, 90.0255
1741334807.761, 3.266, 3.515, 1.0519, -0.8714, -3.8064, 1.8714, 58.8939, 90.2088
1741334807.841, 3.267, 3.518, 1.0519, -0.8713, -3.8068, 1.7570, 58.9020, 90.3207
1741334807.920, 3.268, 3.514, 1.0518, -0.8713, -3.8069, 1.6678, 58.9010, 90.4099
1741334808.000, 3.268, 3.514, 1.0519, -0.8714, -3.8068, 1.5473, 58.9024, 90.5253
1741334808.080, 3.273, 3.516, 1.0520, -0.8714, -3.8069, 1.4948, 58.8988, 90.5751
1741334808.159, 3.266, 3.518, 1.0520, -0.8714, -3.8067, 1.4108, 58.9044, 90.6692
1741334808.239, 3.274, 3.517, 1.0522, -0.8714, -3.8067, 1.3431, 58.8840, 90.7517
1741334808.319, 3.265, 3.516, 1.0536, -0.8715, -3.8078, 1.2503, 58.9965, 90.8210
1741334808.398, 3.265, 3.516, 1.0602, -0.8710, -3.8116, 1.0692, 59.0869, 91.0297
1741334808.478, 3.273, 3.520, 1.0734, -0.8710, -3.8199, 1.0869, 59.2816, 91.0066
1741334808.558, 3.269, 3.524, 1.0918, -0.8702, -3.8311, 0.9158, 59.3030, 91.2044
1741334808.637, 3.274, 3.544, 1.1125, -0.8692, -3.8443, 1.2252, 59.5527, 90.7534
1741334808.717, 3.276, 3.571, 1.1323, -0.8694, -3.8561, 1.0989, 59.7907, 90.7510
1741334808.797, 3.276, 3.571, 1.1500, -0.8687, -3.8664, 0.8887, 59.9228, 90.9676
1741334808.876, 3.269, 3.604, 1.1648, -0.8684, -3.8752, 0.7872, 60.0337, 91.1489
1741334808.956, 3.275, 3.628, 1.1719, -0.8669, -3.8857, 4.4030, 61.1710, 88.2328
1741334809.035, 3.279, 3.652, 1.1748, -0.8652, -3.8929, 6.8390, 60.7309, 86.6556
1741334809.115, 3.299, 3.671, 1.1822, -0.8635, -3.9010, 8.7012, 60.9449, 84.8621
1741334809.195, 3.299, 3.671, 1.1943, -0.8625, -3.9101, 9.4475, 60.8729, 84.3867
1741334809.274, 3.301, 3.676, 1.2140, -0.8630, -3.9046, -0.7245, 60.6578, 95.5052
1741334809.354, 3.301, 3.698, 1.2343, -0.8626, -3.9173, 0.6736, 60.9196, 93.1987
1741334809.434, 3.287, 3.715, 1.2601, -0.8651, -3.9357, 2.9745, 60.4594, 89.0178
1741334809.513, 3.286, 3.746, 1.2810, -0.8637, -3.9430, -0.2100, 61.5129, 91.7467
1741334809.593, 3.286, 3.746, 1.2964, -0.8650, -3.9528, 0.6769, 61.6741, 90.7115
1741334809.672, 3.281, 3.780, 1.3070, -0.8639, -3.9578, 0.4354, 62.0090, 90.8848
1741334809.752, 3.293, 3.809, 1.3101, -0.8641, -3.9595, 0.6052, 63.2264, 90.6711
1741334809.832, 3.292, 3.828, 1.3098, -0.8640, -3.9587, 0.3537, 63.8397, 91.0927
1741334809.911, 3.292, 3.843, 1.3118, -0.8642, -3.9574, 0.3227, 65.7001, 91.2379
1741334809.991, 3.303, 3.843, 1.3174, -0.8640, -3.9571, 0.6499, 68.5446, 90.7942
1741334811.763, 3.336, 4.021, 1.5330, -0.8575, -4.0354, -0.0153, 58.0548, 92.2244
1741334811.843, 3.337, 4.037, 1.5329, -0.8574, -4.0354, -0.0348, 58.0534, 92.2542
1741334811.923, 3.337, 4.050, 1.5324, -0.8574, -4.0350, -0.0733, 58.0725, 92.2957
1741334812.002, 3.337, 4.047, 1.5323, -0.8574, -4.0350, -0.0681, 58.0774, 92.2995
1741334812.082, 3.335, 4.047, 1.5324, -0.8574, -4.0350, -0.0906, 58.0784, 92.3192
1741334812.161, 3.336, 4.046, 1.5323, -0.8573, -4.0349, -0.1064, 58.0761, 92.3360
1741334812.241, 3.337, 4.045, 1.5323, -0.8573, -4.0351, -0.1058, 58.0677, 92.3250
1741334812.321, 3.336, 4.046, 1.5323, -0.8574, -4.0350, -0.1221, 58.0723, 92.3354
1741334812.400, 3.336, 4.046, 1.5324, -0.8575, -4.0350, -0.1286, 58.0748, 92.3323
1741334812.480, 3.340, 4.043, 1.5324, -0.8573, -4.0351, -0.1139, 58.0738, 92.3170
1741334812.560, 3.340, 4.047, 1.5323, -0.8573, -4.0351, -0.1071, 58.0708, 92.3107
1741334812.639, 3.340, 4.044, 1.5323, -0.8573, -4.0351, -0.1073, 58.0676, 92.3113
1741334812.719, 3.336, 4.045, 1.5325, -0.8575, -4.0351, -0.1174, 58.0734, 92.3113
1741334812.799, 3.336, 4.045, 1.5324, -0.8575, -4.0353, -0.1058, 58.0747, 92.3055
1741334812.878, 3.339, 4.044, 1.5324, -0.8574, -4.0353, -0.1388, 58.0898, 92.3378
1741334812.958, 3.336, 4.045, 1.5324, -0.8573, -4.0351, -0.1605, 58.0881, 92.3545
1741334813.038, 3.340, 4.046, 1.5325, -0.8574, -4.0353, -0.1763, 58.0905, 92.3688
1741334813.117, 3.339, 4.047, 1.5324, -0.8575, -4.0353, -0.1764, 58.0881, 92.3561
1741334813.197, 3.339, 4.047, 1.5324, -0.8575, -4.0353, -0.1431, 58.0784, 92.3323
1741334813.276, 3.339, 4.046, 1.5324, -0.8575, -4.0354, -0.1452, 58.0774, 92.3350
1741334813.356, 3.340, 4.046, 1.5324, -0.8574, -4.0353, -0.1522, 58.0797, 92.3397
1741334813.436, 3.335, 4.046, 1.5325, -0.8574, -4.0354, -0.1538, 58.0834, 92.3411
1741334813.515, 3.335, 4.047, 1.5323, -0.8574, -4.0353, -0.1627, 58.0811, 92.3495
1741334813.595, 3.335, 4.047, 1.5324, -0.8574, -4.0355, -0.1707, 58.0841, 92.3519
1741334813.675, 3.340, 4.046, 1.5325, -0.8574, -4.0355, -0.1627, 58.0830, 92.3536
1741334813.754, 3.336, 4.048, 1.5325, -0.8574, -4.0355, -0.1541, 58.0731, 92.3434
1741334813.834, 3.339, 4.047, 1.5326, -0.8574, -4.0354, -0.1735, 58.0779, 92.3576
1741334813.913, 3.339, 4.045, 1.5325, -0.8574, -4.0355, -0.1543, 58.0823, 92.3461
1741334813.993, 3.339, 4.045, 1.5325, -0.8575, -4.0356, -0.1569, 58.0837, 92.3336
1741334814.073, 3.340, 4.045, 1.5326, -0.8575, -4.0356, -0.1545, 58.0847, 92.3194
1741334814.152, 3.340, 4.045, 1.5325, -0.8575, -4.0355, -0.1537, 58.0838, 92.3242
1741334814.232, 3.337, 4.045, 1.5325, -0.8575, -4.0355, -0.1666, 58.0785, 92.3418
1741334814.312, 3.336, 4.045, 1.5325, -0.8575, -4.0356, -0.1653, 58.0784, 92.3463
1741334814.391, 3.336, 4.045, 1.5325, -0.8575, -4.0357, -0.1738, 58.0828, 92.3451
1741334814.471, 3.337, 4.047, 1.5325, -0.8575, -4.0357, -0.1836, 58.0784, 92.3642
1741334814.551, 3.337, 4.045, 1.5325, -0.8575, -4.0356, -0.1814, 58.0758, 92.3599
1741334814.630, 3.336, 4.046, 1.5325, -0.8575, -4.0357, -0.1808, 58.0732, 92.3499
1741334814.710, 3.337, 4.045, 1.5326, -0.8575, -4.0357, -0.1828, 58.0765, 92.3417
1741334825.183, 3.573, 4.070, 1.6871, -0.8537, -3.8430, 0.5672, 57.9410, 91.6479
1741334825.283, 3.570, 4.069, 1.6870, -0.8536, -3.8430, 0.5861, 57.9416, 91.6332
1741334825.363, 3.570, 4.069, 1.6869, -0.8536, -3.8429, 0.5780, 57.9442, 91.6449
1741334825.442, 3.573, 4.068, 1.6870, -0.8537, -3.8430, 0.5646, 57.9388, 91.6501
1741334825.522, 3.574, 4.071, 1.6869, -0.8536, -3.8430, 0.5550, 57.9392, 91.6496
1741334825.602, 3.574, 4.070, 1.6870, -0.8535, -3.8430, 0.5553, 57.9367, 91.6418
1741334825.681, 3.575, 4.070, 1.6870, -0.8537, -3.8429, 0.5734, 57.9387, 91.6229
1741334825.761, 3.575, 4.069, 1.6870, -0.8536, -3.8431, 0.5586, 57.9417, 91.6304
1741334825.841, 3.571, 4.069, 1.6870, -0.8537, -3.8430, 0.5833, 57.9472, 91.6119
1741334825.920, 3.570, 4.069, 1.6870, -0.8536, -3.8431, 0.5839, 57.9432, 91.6067
1741334826.000, 3.574, 4.071, 1.6870, -0.8535, -3.8430, 0.5800, 57.9449, 91.6114
1741334826.079, 3.570, 4.071, 1.6870, -0.8535, -3.8430, 0.5723, 57.9445, 91.6161
1741334826.159, 3.570, 4.070, 1.6871, -0.8538, -3.8431, 0.5679, 57.9462, 91.6254
1741334826.239, 3.571, 4.070, 1.6869, -0.8537, -3.8431, 0.5867, 57.9429, 91.6020
1741334826.318, 3.574, 4.069, 1.6870, -0.8537, -3.8430, 0.5930, 57.9368, 91.5994
1741334826.398, 3.574, 4.071, 1.6870, -0.8536, -3.8431, 0.6072, 57.9295, 91.5828
1741334826.478, 3.574, 4.071, 1.6869, -0.8535, -3.8430, 0.6077, 57.9377, 91.5865
1741334826.557, 3.574, 4.070, 1.6870, -0.8536, -3.8430, 0.6032, 57.9452, 91.5872
1741334826.637, 3.574, 4.070, 1.6869, -0.8537, -3.8430, 0.6068, 57.9417, 91.5779
1741334826.716, 3.573, 4.069, 1.6870, -0.8537, -3.8430, 0.6099, 57.9390, 91.5759
1741334826.796, 3.571, 4.070, 1.6870, -0.8536, -3.8430, 0.6016, 57.9424, 91.5855
1741334826.876, 3.575, 4.070, 1.6869, -0.8537, -3.8431, 0.6243, 57.9482, 91.5747
1741334826.955, 3.570, 4.071, 1.6871, -0.8536, -3.8430, 0.6128, 57.9473, 91.5843
1741334827.035, 3.570, 4.068, 1.6870, -0.8537, -3.8431, 0.6267, 57.9405, 91.5685
1741334827.115, 3.573, 4.071, 1.6870, -0.8537, -3.8431, 0.6322, 57.9352, 91.5620
1741334827.194, 3.575, 4.069, 1.6870, -0.8535, -3.8431, 0.6099, 57.9434, 91.5824
1741334827.274, 3.570, 4.069, 1.6870, -0.8536, -3.8431, 0.5832, 57.9478, 91.5989
1741334827.354, 3.573, 4.069, 1.6870, -0.8537, -3.8431, 0.5895, 57.9337, 91.5915
1741334827.433, 3.573, 4.070, 1.6871, -0.8537, -3.8430, 0.5864, 57.9418, 91.5835
1741334827.513, 3.573, 4.069, 1.6869, -0.8536, -3.8432, 0.5909, 57.9357, 91.5737
1741334827.593, 3.574, 4.070, 1.6871, -0.8536, -3.8431, 0.5799, 57.9359, 91.5818
1741334827.672, 3.571, 4.070, 1.6870, -0.8537, -3.8430, 0.5931, 57.9367, 91.5552
1741334827.752, 3.570, 4.070, 1.6870, -0.8537, -3.8431, 0.6188, 57.9385, 91.5465
1741334827.832, 3.570, 4.071, 1.6870, -0.8537, -3.8431, 0.6184, 57.9369, 91.5501
1741334827.911, 3.571, 4.070, 1.6870, -0.8537, -3.8430, 0.6113, 57.9367, 91.5586
1741334827.991, 3.569, 4.071, 1.6872, -0.8536, -3.8431, 0.6130, 57.9435, 91.5571
1741334828.070, 3.575, 4.071, 1.6870, -0.8535, -3.8431, 0.6297, 57.9447, 91.5495
1741334828.150, 3.569, 4.072, 1.6869, -0.8536, -3.8431, 0.6343, 57.9449, 91.5471
1741334828.230, 3.569, 4.069, 1.6871, -0.8539, -3.8431, 0.6305, 57.9474, 91.5453
1741334828.309, 3.573, 4.071, 1.6870, -0.8537, -3.8431, 0.6347, 57.9367, 91.5412
1741334828.389, 3.574, 4.071, 1.6870, -0.8536, -3.8430, 0.6271, 57.9399, 91.5561
1741334828.469, 3.574, 4.071, 1.6870, -0.8537, -3.8432, 0.6434, 57.9361, 91.5389
1741334828.548, 3.570, 4.070, 1.6870, -0.8538, -3.8431, 0.6258, 57.9360, 91.5509
1741334828.628, 3.570, 4.071, 1.6870, -0.8538, -3.8432, 0.6328, 57.9298, 91.5430
1741334828.708, 3.574, 4.071, 1.6871, -0.8538, -3.8432, 0.6376, 57.9312, 91.5446
1741334828.787, 3.574, 4.071, 1.6870, -0.8535, -3.8431, 0.6401, 57.9220, 91.5391
1741334828.867, 3.574, 4.071, 1.6871, -0.8535, -3.8429, 0.6214, 57.9279, 91.5511
1741334828.947, 3.573, 4.069, 1.6870, -0.8536, -3.8430, 0.6241, 57.9402, 91.5500
1741334829.026, 3.573, 4.071, 1.6870, -0.8537, -3.8430, 0.6190, 57.9450, 91.5520
1741334830.918, 3.573, 4.071, 1.6871, -0.8537, -3.8430, 0.5845, 57.9359, 91.5671
1741334830.997, 3.571, 4.069, 1.6870, -0.8537, -3.8432, 0.6094, 57.9326, 91.5444
1741334831.077, 3.571, 4.069, 1.6870, -0.8537, -3.8431, 0.6109, 57.9275, 91.5413
1741334831.157, 3.570, 4.070, 1.6871, -0.8538, -3.8431, 0.6075, 57.9320, 91.5442
1741334831.236, 3.573, 4.070, 1.6871, -0.8537, -3.8431, 0.6094, 57.9356, 91.5365
1741334831.316, 3.574, 4.069, 1.6870, -0.8537, -3.8431, 0.6041, 57.9326, 91.5487
1741334831.395, 3.574, 4.070, 1.6871, -0.8537, -3.8431, 0.5985, 57.9283, 91.5485
1741334831.475, 3.573, 4.070, 1.6871, -0.8537, -3.8430, 0.5999, 57.9269, 91.5550
1741334831.555, 3.573, 4.071, 1.6870, -0.8537, -3.8431, 0.6348, 57.9313, 91.5326
1741334831.635, 3.569, 4.070, 1.6871, -0.8537, -3.8431, 0.6366, 57.9302, 91.5312
1741334831.714, 3.569, 4.069, 1.6871, -0.8538, -3.8430, 0.6373, 57.9267, 91.5344
1741334831.794, 3.569, 4.068, 1.6870, -0.8537, -3.8431, 0.6300, 57.9334, 91.5325
1741334831.873, 3.574, 4.068, 1.6871, -0.8538, -3.8432, 0.6421, 57.9328, 91.5114
1741334831.953, 3.570, 4.070, 1.6871, -0.8537, -3.8431, 0.6292, 57.9403, 91.5225
1741334832.033, 3.571, 4.070, 1.6869, -0.8537, -3.8432, 0.6176, 57.9427, 91.5273
1741334832.112, 3.570, 4.069, 1.6871, -0.8537, -3.8431, 0.6089, 57.9392, 91.5280
1741334832.192, 3.570, 4.070, 1.6871, -0.8538, -3.8432, 0.6107, 57.9358, 91.5213
1741334832.272, 3.570, 4.070, 1.6869, -0.8539, -3.8430, 0.6296, 57.9293, 91.5127
1741334832.351, 3.571, 4.070, 1.6870, -0.8536, -3.8432, 0.6242, 57.9347, 91.5123
1741334832.431, 3.574, 4.071, 1.6870, -0.8537, -3.8432, 0.6274, 57.9316, 91.5121
1741334832.511, 3.574, 4.071, 1.6871, -0.8537, -3.8431, 0.6208, 57.9322, 91.5188
1741334832.590, 3.574, 4.070, 1.6871, -0.8537, -3.8431, 0.6332, 57.9285, 91.5090
1741334832.670, 3.570, 4.070, 1.6872, -0.8538, -3.8432, 0.6364, 57.9260, 91.5112
1741334832.750, 3.573, 4.069, 1.6870, -0.8538, -3.8433, 0.6449, 57.9307, 91.5126
1741334832.829, 3.574, 4.070, 1.6870, -0.8537, -3.8432, 0.6473, 57.9304, 91.5112
1741334832.909, 3.570, 4.069, 1.6871, -0.8537, -3.8431, 0.6406, 57.9297, 91.5018
1741334832.988, 3.570, 4.069, 1.6871, -0.8538, -3.8431, 0.6455, 57.9295, 91.5082
1741334833.068, 3.573, 4.069, 1.6870, -0.8538, -3.8433, 0.6587, 57.9280, 91.4938
1741334833.148, 3.574, 4.070, 1.6871, -0.8538, -3.8432, 0.6549, 57.9270, 91.4919
1741334833.227, 3.570, 4.071, 1.6871, -0.8537, -3.8429, 0.6562, 57.9288, 91.4975
1741334833.307, 3.571, 4.069, 1.6870, -0.8538, -3.8431, 0.6638, 57.9264, 91.4922
1741334833.387, 3.571, 4.072, 1.6871, -0.8538, -3.8431, 0.6600, 57.9294, 91.4936
1741334833.466, 3.571, 4.072, 1.6870, -0.8537, -3.8432, 0.6663, 57.9208, 91.4851
1741334833.546, 3.574, 4.069, 1.6870, -0.8537, -3.8432, 0.6609, 57.9118, 91.4978
1741334833.625, 3.574, 4.070, 1.6865, -0.8537, -3.8429, 0.7044, 57.9684, 91.4494
1741334833.705, 3.574, 4.070, 1.6813, -0.8539, -3.8396, 0.6230, 57.9098, 91.5141
1741334833.785, 3.574, 4.069, 1.6688, -0.8551, -3.8317, 0.5485, 57.8681, 91.5599
1741334833.864, 3.564, 4.069, 1.6507, -0.8546, -3.8201, 0.5067, 57.9230, 91.6195
1741334833.944, 3.575, 4.053, 1.6302, -0.8547, -3.8077, 0.6445, 57.8145, 91.4952
1741334834.024, 3.571, 4.029, 1.6112, -0.8554, -3.7963, 0.8382, 58.1027, 91.2857
1741334834.103, 3.576, 3.997, 1.5955, -0.8562, -3.7868, 0.8100, 58.2615, 91.1650
1741334834.183, 3.576, 3.997, 1.5827, -0.8572, -3.7784, 0.5401, 58.4252, 91.4079
1741334834.263, 3.578, 3.974, 1.5708, -0.8573, -3.7713, 0.6292, 58.4040, 91.4009
1741334834.342, 3.578, 3.952, 1.5590, -0.8578, -3.7647, 0.8235, 58.2985, 91.2784
1741334834.422, 3.580, 3.934, 1.5465, -0.8588, -3.7571, 0.8323, 58.2611, 91.1861
1741334834.502, 3.582, 3.916, 1.5320, -0.8582, -3.7481, 1.0809, 58.1379, 90.8965
1741334834.581, 3.582, 3.916, 1.5169, -0.8586, -3.7393, 1.0964, 58.0079, 90.7649
1741334834.661, 3.567, 3.896, 1.5018, -0.8590, -3.7296, 0.9527, 57.8169, 90.9008
1741334834.741, 3.567, 3.875, 1.4870, -0.8592, -3.7201, 1.0730, 57.5089, 90.7850
1741334834.820, 3.569, 3.853, 1.4729, -0.8597, -3.7110, 1.0322, 57.4096, 90.8357
1741334834.900, 3.576, 3.830, 1.4588, -0.8601, -3.7020, 0.9747, 57.1460, 90.8737
1741334834.979, 3.576, 3.830, 1.4454, -0.8607, -3.6934, 1.0403, 56.8503, 90.8160
1741334835.059, 3.578, 3.809, 1.4320, -0.8610, -3.6845, 0.9256, 56.8252, 90.8115
1741334835.139, 3.580, 3.787, 1.4184, -0.8613, -3.6756, 0.8805, 56.6478, 90.8036
1741334835.218, 3.584, 3.769, 1.4047, -0.8617, -3.6664, 0.7965, 56.7763, 90.9190
1741334835.298, 3.576, 3.748, 1.3904, -0.8620, -3.6572, 0.7947, 56.7049, 90.9922
1741334835.378, 3.576, 3.748, 1.3758, -0.8623, -3.6479, 0.9293, 56.4380, 91.0049
1741334835.458, 3.580, 3.725, 1.3615, -0.8630, -3.6384, 0.9601, 56.3005, 90.8920
1741334835.537, 3.577, 3.706, 1.3473, -0.8632, -3.6289, 0.9703, 56.1445, 90.8570
1741334835.617, 3.583, 3.686, 1.3334, -0.8639, -3.6194, 0.9997, 56.1544, 90.7486
1741334835.696, 3.582, 3.664, 1.3195, -0.8643, -3.6099, 0.9188, 56.0722, 90.8196
1741334835.776, 3.582, 3.664, 1.3056, -0.8645, -3.6004, 0.9758, 55.9176, 90.8103
1741334835.856, 3.583, 3.641, 1.2914, -0.8651, -3.5912, 1.0538, 55.8367, 90.6775
1741334835.935, 3.584, 3.619, 1.2771, -0.8651, -3.5813, 0.9704, 55.6213, 90.7889
1741334836.015, 3.583, 3.599, 1.2629, -0.8652, -3.5714, 0.9285, 55.5882, 90.7739
1741334836.094, 3.587, 3.578, 1.2483, -0.8658, -3.5618, 1.0495, 55.6614, 90.6568
1741334836.174, 3.587, 3.578, 1.2344, -0.8664, -3.5521, 1.0145, 55.7128, 90.5917
1741334836.254, 3.586, 3.557, 1.2204, -0.8671, -3.5425, 0.9228, 55.6619, 90.7663
1741334836.333, 3.587, 3.537, 1.2061, -0.8664, -3.5327, 1.0040, 55.4325, 90.8639
1741334836.413, 3.586, 3.515, 1.1920, -0.8670, -3.5232, 1.1103, 55.2638, 90.6709
1741334836.493, 3.586, 3.492, 1.1779, -0.8681, -3.5132, 1.1686, 55.1134, 90.5796
1741334836.572, 3.586, 3.492, 1.1642, -0.8677, -3.5032, 1.0421, 54.9406, 90.5819
1741334836.652, 3.589, 3.471, 1.1499, -0.8678, -3.4936, 1.0470, 54.6478, 90.5552
1741334836.732, 3.589, 3.451, 1.1360, -0.8684, -3.4834, 1.1078, 54.4445, 90.4764
1741334836.811, 3.591, 3.433, 1.1221, -0.8689, -3.4731, 1.0138, 54.3183, 90.6227
1741334836.891, 3.591, 3.407, 1.1081, -0.8694, -3.4630, 0.9926, 54.1293, 90.6647
1741334836.971, 3.597, 3.407, 1.0939, -0.8697, -3.4526, 0.9291, 53.8926, 90.7348
1741334837.050, 3.593, 3.385, 1.0801, -0.8700, -3.4425, 0.7821, 53.9742, 90.7248
1741334837.130, 3.596, 3.365, 1.0656, -0.8704, -3.4332, 0.9382, 54.9031, 90.5331
1741334837.210, 3.600, 3.342, 1.0507, -0.8710, -3.4244, 0.6486, 56.4656, 90.8341
1741334837.289, 3.600, 3.324, 1.0352, -0.8714, -3.4163, 0.8783, 57.6593, 90.8054
1741334837.369, 3.589, 3.324, 1.0202, -0.8718, -3.4086, 1.0370, 58.8830, 90.6362
1741334837.448, 3.586, 3.301, 1.0056, -0.8719, -3.4003, 1.1096, 59.0146, 90.5425
1741334837.528, 3.586, 3.280, 0.9911, -0.8723, -3.3917, 1.1834, 59.0357, 90.3889
1741334837.608, 3.586, 3.261, 0.9767, -0.8729, -3.3832, 1.1985, 59.0809, 90.3658
1741334837.687, 3.586, 3.237, 0.9619, -0.8734, -3.3743, 1.1580, 58.9312, 90.4198
1741334837.767, 3.584, 3.237, 0.9470, -0.8740, -3.3653, 1.2098, 58.8658, 90.3838
1741334837.847, 3.583, 3.222, 0.9321, -0.8741, -3.3567, 1.2378, 58.8138, 90.2608
1741334837.926, 3.583, 3.194, 0.9173, -0.8745, -3.3475, 1.2191, 58.6153, 90.2717
1741334838.006, 3.583, 3.171, 0.9024, -0.8744, -3.3377, 1.0017, 58.5282, 90.4292
1741334838.085, 3.583, 3.154, 0.8874, -0.8746, -3.3288, 1.1554, 58.4861, 90.3017
1741334838.165, 3.579, 3.154, 0.8732, -0.8751, -3.3200, 1.1882, 58.5398, 90.2322
1741334838.245, 3.580, 3.129, 0.8584, -0.8753, -3.3112, 1.1965, 58.3640, 90.2742
1741334838.325, 3.579, 3.108, 0.8443, -0.8754, -3.3024, 1.2575, 58.1690, 90.2292
1741334838.404, 3.573, 3.084, 0.8299, -0.8752, -3.2936, 1.4590, 58.0617, 89.9665
1741334838.484, 3.573, 3.064, 0.8153, -0.8760, -3.2846, 1.4922, 57.9421, 89.8725
1741334838.563, 3.568, 3.064, 0.8079, -0.8754, -3.2781, 0.1729, 57.4235, 89.8577
1741334838.643, 3.570, 3.049, 0.8003, -0.8742, -3.2742, 1.1738, 57.7343, 87.7482
1741334838.723, 3.576, 3.034, 0.7863, -0.8747, -3.2651, 0.9329, 57.3052, 88.0333
1741334838.804, 3.570, 3.028, 0.7677, -0.8755, -3.2536, 1.0315, 57.3143, 88.5003
1741334838.882, 3.570, 2.997, 0.7495, -0.8752, -3.2458, 3.0507, 58.4638, 86.8851
1741334838.962, 3.571, 2.997, 0.7358, -0.8764, -3.2363, 2.0657, 58.8408, 87.3936
1741334839.041, 3.566, 2.976, 0.7183, -0.8769, -3.2268, 2.5984, 59.5979, 87.6563
1741334839.121, 3.575, 2.951, 0.7005, -0.8782, -3.2137, 0.8146, 59.3440, 90.5081
1741334839.201, 3.576, 2.933, 0.6903, -0.8775, -3.2023, -2.0066, 60.5248, 93.1894
1741334839.280, 3.576, 2.904, 0.6826, -0.8768, -3.1948, -3.3425, 60.4930, 94.5133
1741334839.360, 3.579, 2.904, 0.6703, -0.8777, -3.1877, -3.3439, 60.4783, 94.6601
1741334839.440, 3.585, 2.889, 0.6520, -0.8768, -3.1792, -2.1309, 60.1868, 94.1168
1741334839.519, 3.586, 2.874, 0.6297, -0.8780, -3.1789, 5.7662, 58.1338, 86.9369
1741334839.599, 3.575, 2.846, 0.6121, -0.8783, -3.1679, 5.4614, 57.8086, 87.1653
1741334839.679, 3.575, 2.846, 0.5967, -0.8790, -3.1576, 4.8254, 57.2631, 87.6881
1741334839.758, 3.587, 2.822, 0.5838, -0.8808, -3.1445, 2.7162, 57.3464, 89.0501
1741334839.838, 3.531, 2.801, 0.5709, -0.8818, -3.1335, 1.4574, 57.2819, 89.7797
1741334839.917, 3.554, 2.780, 0.5579, -0.8815, -3.1249, 1.4202, 57.2044, 89.7654
1741334839.997, 3.562, 2.761, 0.5463, -0.8813, -3.1166, 1.3858, 57.1037, 89.7740
1741334840.077, 3.562, 2.761, 0.5341, -0.8819, -3.1086, 1.3459, 56.8579, 89.8325
1741334840.156, 3.558, 2.735, 0.5206, -0.8828, -3.1001, 1.4303, 56.7759, 89.7703
1741334840.236, 3.568, 2.718, 0.5062, -0.8821, -3.0907, 1.6470, 56.5908, 89.6411
1741334840.316, 3.567, 2.704, 0.4912, -0.8822, -3.0801, 1.4636, 56.5044, 89.8028
1741334840.395, 3.567, 2.676, 0.4760, -0.8837, -3.0696, 1.4324, 56.3421, 89.8822
1741334840.475, 3.567, 2.676, 0.4609, -0.8837, -3.0595, 1.4508, 56.1729, 89.8790
1741334840.554, 3.567, 2.657, 0.4468, -0.8843, -3.0501, 1.6130, 56.0274, 89.6845
1741334840.634, 3.569, 2.637, 0.4329, -0.8845, -3.0410, 1.6721, 55.9649, 89.6423
1741334840.714, 3.573, 2.615, 0.4196, -0.8848, -3.0322, 1.7435, 55.8577, 89.5988
1741334840.794, 3.573, 2.591, 0.4058, -0.8855, -3.0225, 1.7035, 55.7406, 89.6375
1741334840.873, 3.573, 2.591, 0.3922, -0.8849, -3.0120, 1.5364, 55.6439, 89.6880
1741334840.953, 3.572, 2.571, 0.3779, -0.8859, -3.0023, 1.5298, 55.5994, 89.6349
1741334841.033, 3.572, 2.551, 0.3636, -0.8859, -2.9919, 1.3188, 55.6209, 89.7773
1741334841.112, 3.574, 2.535, 0.3493, -0.8868, -2.9825, 1.4660, 55.5081, 89.6677
1741334841.192, 3.578, 2.514, 0.3353, -0.8869, -2.9729, 1.6804, 55.5243, 89.5439
1741334841.271, 3.578, 2.514, 0.3220, -0.8870, -2.9636, 1.6904, 55.5078, 89.4781
1741334841.351, 3.573, 2.486, 0.3079, -0.8869, -2.9539, 1.7144, 55.3260, 89.4724
1741334841.431, 3.574, 2.471, 0.2934, -0.8871, -2.9437, 1.7168, 55.1955, 89.4886
1741334841.510, 3.578, 2.449, 0.2790, -0.8878, -2.9336, 1.8472, 55.0329, 89.3873
1741334841.590, 3.580, 2.430, 0.2649, -0.8879, -2.9237, 2.0169, 54.8458, 89.2222
1741334841.670, 3.580, 2.430, 0.2511, -0.8889, -2.9142, 2.0657, 54.7212, 89.1720
1741334841.749, 3.581, 2.411, 0.2378, -0.8888, -2.9047, 2.0435, 54.5187, 89.2747
1741334841.829, 3.580, 2.384, 0.2245, -0.8888, -2.8948, 1.9875, 54.3118, 89.3617
1741334841.908, 3.587, 2.367, 0.2109, -0.8891, -2.8840, 1.7244, 54.0876, 89.4728
1741334841.988, 3.586, 2.344, 0.1970, -0.8894, -2.8735, 1.6433, 54.0717, 89.5222
1741334842.068, 3.586, 2.344, 0.1828, -0.8896, -2.8629, 1.6399, 53.7603, 89.5263
1741334842.148, 3.588, 2.324, 0.1688, -0.8901, -2.8526, 1.6023, 53.6890, 89.6945
1741334842.227, 3.590, 2.302, 0.1556, -0.8901, -2.8425, 1.5800, 53.5857, 89.7078
1741334842.307, 3.596, 2.284, 0.1428, -0.8909, -2.8327, 1.5014, 53.4126, 89.7457
1741334842.386, 3.598, 2.263, 0.1297, -0.8904, -2.8220, 1.3048, 53.2139, 89.8382
1741334842.466, 3.598, 2.263, 0.1159, -0.8908, -2.8114, 1.2688, 53.0606, 89.9166
1741334842.546, 3.595, 2.243, 0.1022, -0.8913, -2.8009, 1.3236, 52.8457, 89.9420
1741334842.625, 3.610, 2.222, 0.0880, -0.8921, -2.7903, 1.5410, 52.6632, 89.7464
1741334842.705, 3.630, 2.200, 0.0746, -0.8921, -2.7800, 1.6129, 52.5165, 89.7396
1741334842.785, 3.630, 2.180, 0.0617, -0.8922, -2.7696, 1.6175, 52.2672, 89.6795
1741334842.864, 3.628, 2.180, 0.0488, -0.8924, -2.7585, 1.2988, 52.1025, 89.8512
1741334842.944, 3.635, 2.160, 0.0354, -0.8932, -2.7475, 0.9951, 52.1165, 90.2371
1741334843.023, 3.639, 2.137, 0.0217, -0.8939, -2.7368, 0.8972, 52.0450, 90.3629
1741334843.103, 3.640, 2.115, 0.0081, -0.8944, -2.7262, 0.9772, 51.9305, 90.4033
1741334843.183, 3.640, 2.095, -0.0052, -0.8944, -2.7154, 1.1232, 51.8161, 90.3399
1741334843.262, 3.643, 2.095, -0.0181, -0.8950, -2.7053, 1.1055, 51.8927, 90.3025
1741334843.342, 3.645, 2.073, -0.0319, -0.8951, -2.6952, 1.1486, 52.3230, 90.3671
1741334843.422, 3.646, 2.051, -0.0466, -0.8951, -2.6847, 1.2773, 52.7959, 90.2857
1741334843.501, 3.648, 2.029, -0.0609, -0.8962, -2.6746, 1.3237, 53.5266, 90.2474
1741334843.581, 3.648, 2.005, -0.0755, -0.8964, -2.6653, 1.5103, 54.3096, 90.0777
1741334843.661, 3.642, 2.005, -0.0898, -0.8966, -2.6563, 1.6674, 55.1145, 89.9231
1741334843.740, 3.638, 1.981, -0.1041, -0.8971, -2.6476, 1.7712, 55.8252, 89.8567
1741334843.820, 3.636, 1.958, -0.1179, -0.8978, -2.6386, 1.6656, 56.5633, 89.8369
1741334843.900, 3.631, 1.939, -0.1319, -0.8983, -2.6294, 1.5979, 56.7492, 89.8907
1741334843.979, 3.631, 1.917, -0.1460, -0.8984, -2.6199, 1.6632, 56.8913, 89.7744
1741334844.059, 3.626, 1.917, -0.1610, -0.8992, -2.6107, 1.8700, 56.8956, 89.7505
1741334844.138, 3.630, 1.895, -0.1756, -0.9000, -2.6015, 2.0898, 56.9604, 89.6364
1741334844.218, 3.631, 1.874, -0.1895, -0.8997, -2.5926, 2.0889, 57.0961, 89.6906
1741334844.298, 3.632, 1.851, -0.2036, -0.9000, -2.5835, 2.1146, 57.1530, 89.6503
1741334844.377, 3.632, 1.830, -0.2182, -0.9006, -2.5741, 2.1468, 57.0955, 89.6256
1741334844.457, 3.631, 1.830, -0.2331, -0.9017, -2.5645, 2.3315, 57.0328, 89.4692
1741334844.537, 3.630, 1.808, -0.2478, -0.9024, -2.5555, 2.4311, 57.0028, 89.3812
1741334844.616, 3.627, 1.788, -0.2616, -0.9021, -2.5463, 2.5818, 56.9921, 89.1799
1741334844.696, 3.630, 1.766, -0.2757, -0.9031, -2.5376, 2.6350, 56.9336, 89.1042
1741334844.776, 3.630, 1.743, -0.2896, -0.9032, -2.5282, 2.6665, 56.8454, 88.9931
1741334844.855, 3.625, 1.743, -0.3039, -0.9032, -2.5181, 2.4723, 56.8581, 89.0800
1741334844.935, 3.625, 1.726, -0.3180, -0.9037, -2.5083, 2.3073, 56.9014, 89.2187
1741334845.015, 3.626, 1.703, -0.3327, -0.9046, -2.4988, 2.4145, 56.7357, 89.1276
1741334845.094, 3.626, 1.679, -0.3467, -0.9048, -2.4895, 2.5541, 56.6042, 89.1091
1741334845.174, 3.626, 1.659, -0.3601, -0.9050, -2.4803, 2.4375, 56.5011, 89.1086
1741334845.253, 3.632, 1.659, -0.3734, -0.9057, -2.4712, 2.4767, 56.4733, 89.0270
1741334845.333, 3.628, 1.640, -0.3873, -0.9065, -2.4619, 2.3666, 56.3642, 89.1658
1741334845.413, 3.634, 1.619, -0.4019, -0.9067, -2.4524, 2.4588, 56.2193, 89.0055
1741334845.492, 3.634, 1.597, -0.4167, -0.9069, -2.4426, 2.6299, 56.1035, 88.9172
1741334845.572, 3.634, 1.597, -0.4306, -0.9068, -2.4331, 2.6785, 56.0497, 88.8351
1741334845.652, 3.633, 1.575, -0.4446, -0.9073, -2.4231, 2.5969, 56.0248, 88.9710
1741334845.731, 3.635, 1.551, -0.4585, -0.9085, -2.4130, 2.3347, 55.9550, 89.2430
1741334845.811, 3.636, 1.529, -0.4722, -0.9089, -2.4031, 1.9824, 55.9201, 89.4984
1741334845.891, 3.633, 1.508, -0.4862, -0.9087, -2.3931, 1.8989, 55.8382, 89.5282
1741334845.970, 3.633, 1.508, -0.5003, -0.9096, -2.3837, 1.8126, 55.8725, 89.5485
1741334846.050, 3.634, 1.487, -0.5142, -0.9097, -2.3740, 1.9384, 55.5729, 89.4811
1741334846.130, 3.637, 1.463, -0.5277, -0.9094, -2.3642, 1.9319, 55.6198, 89.5227
1741334846.209, 3.636, 1.444, -0.5417, -0.9099, -2.3547, 1.9665, 55.5891, 89.5280
1741334846.289, 3.638, 1.425, -0.5557, -0.9097, -2.3445, 1.8723, 55.5826, 89.5525
1741334846.369, 3.638, 1.425, -0.5702, -0.9107, -2.3347, 1.9154, 55.4850, 89.5583
1741334846.448, 3.639, 1.403, -0.5847, -0.9114, -2.3250, 2.0513, 55.4078, 89.4408
1741334846.528, 3.640, 1.382, -0.5988, -0.9118, -2.3154, 2.1910, 55.2987, 89.3450
1741334846.608, 3.640, 1.360, -0.6123, -0.9116, -2.3059, 2.1730, 55.3446, 89.3489
1741334846.687, 3.642, 1.339, -0.6260, -0.9119, -2.2964, 2.1443, 55.4188, 89.3738
1741334846.767, 3.642, 1.339, -0.6396, -0.9127, -2.2865, 1.9473, 55.3591, 89.5222
1741334846.846, 3.641, 1.319, -0.6535, -0.9132, -2.2765, 1.8392, 55.3232, 89.5054
1741334846.926, 3.644, 1.297, -0.6676, -0.9133, -2.2663, 1.6984, 55.3457, 89.5784
1741334847.006, 3.645, 1.274, -0.6817, -0.9143, -2.2570, 1.8646, 55.0981, 89.4439
1741334847.085, 3.644, 1.252, -0.6957, -0.9149, -2.2476, 1.9060, 54.9986, 89.5020
1741334847.165, 3.644, 1.252, -0.7090, -0.9147, -2.2379, 1.8674, 55.0221, 89.5149
1741334847.245, 3.648, 1.234, -0.7226, -0.9148, -2.2283, 1.8673, 55.0149, 89.4545
1741334847.324, 3.647, 1.212, -0.7367, -0.9149, -2.2180, 1.8854, 54.8238, 89.4434
1741334847.404, 3.649, 1.192, -0.7509, -0.9160, -2.2083, 1.9882, 54.7028, 89.3783
1741334847.484, 3.651, 1.169, -0.7648, -0.9166, -2.1985, 1.9519, 54.5914, 89.4644
1741334847.563, 3.651, 1.169, -0.7784, -0.9163, -2.1884, 1.9409, 54.5646, 89.4114
1741334847.643, 3.651, 1.147, -0.7871, -0.9157, -2.1796, 0.9150, 54.1784, 89.3766
1741334847.722, 3.653, 1.125, -0.7953, -0.9149, -2.1738, 1.1407, 54.0176, 88.2523
1741334847.802, 3.658, 1.110, -0.8075, -0.9149, -2.1639, 0.9285, 54.0324, 88.4140
1741334847.882, 3.657, 1.097, -0.8210, -0.9149, -2.1544, 1.1626, 54.1293, 87.7757
1741334847.961, 3.657, 1.097, -0.8375, -0.9158, -2.1431, 1.2843, 53.7440, 87.6098
1741334848.041, 3.657, 1.079, -0.8535, -0.9164, -2.1314, 1.3604, 53.0459, 87.7548
1741334848.121, 3.660, 1.055, -0.8694, -0.9174, -2.1196, 1.0902, 53.5085, 88.4445
1741334848.200, 3.665, 1.031, -0.8908, -0.9187, -2.1101, 2.0808, 56.8090, 89.0191
1741334848.280, 3.665, 1.003, -0.9019, -0.9180, -2.1060, 2.4178, 59.2850, 88.3471
1741334848.360, 3.659, 1.003, -0.8996, -0.9169, -2.1049, 0.5939, 60.9089, 88.6540
1741334848.439, 3.646, 0.975, -0.9016, -0.9165, -2.1033, 0.1599, 61.7613, 88.8542
1741334848.519, 3.655, 0.976, -0.9113, -0.9159, -2.0958, -1.7344, 62.8500, 90.6941
1741334848.598, 3.660, 0.976, -0.9317, -0.9158, -2.0843, -2.1324, 62.5513, 91.1827
1741334848.678, 3.660, 0.958, -0.9644, -0.9181, -2.0714, -0.7404, 63.8538, 92.7516
1741334848.758, 3.670, 0.958, -0.9957, -0.9187, -2.0610, 1.3520, 64.0903, 91.3675
1741334848.837, 3.673, 0.924, -1.0206, -0.9227, -2.0516, 2.4207, 63.2245, 88.2472
1741334848.917, 3.657, 0.887, -1.0352, -0.9221, -2.0487, 6.6106, 60.1853, 85.2966
1741334848.997, 3.642, 0.852, -1.0464, -0.9212, -2.0423, 6.4812, 59.2525, 85.9736
1741334849.076, 3.642, 0.827, -1.0561, -0.9218, -2.0370, 6.6348, 59.0958, 85.7482
1741334849.156, 3.626, 0.827, -1.0675, -0.9217, -2.0295, 6.3823, 58.9824, 85.8410
1741334849.236, 3.626, 0.816, -1.0772, -0.9242, -2.0142, 1.4610, 59.4884, 89.3417
1741334849.315, 3.623, 0.801, -1.0952, -0.9238, -2.0057, 2.3342, 59.6328, 88.6313
1741334849.395, 3.632, 0.782, -1.1118, -0.9249, -1.9958, 2.3435, 59.0629, 88.7800
1741334849.474, 3.632, 0.753, -1.1263, -0.9254, -1.9867, 2.3194, 58.9191, 88.8275
1741334849.554, 3.629, 0.753, -1.1398, -0.9258, -1.9785, 2.3341, 58.7623, 88.7605
1741334849.634, 3.628, 0.734, -1.1523, -0.9262, -1.9696, 2.2178, 58.1684, 88.8499
1741334849.713, 3.626, 0.712, -1.1650, -0.9260, -1.9601, 2.0348, 56.7975, 89.0131
1741334849.793, 3.623, 0.695, -1.1780, -0.9271, -1.9497, 2.0460, 55.4102, 88.9782
1741334849.873, 3.623, 0.676, -1.1919, -0.9269, -1.9396, 1.9184, 55.2064, 89.1582
1741334849.952, 3.631, 0.676, -1.2067, -0.9273, -1.9291, 2.0157, 54.9993, 89.1762
1741334850.032, 3.629, 0.656, -1.2210, -0.9281, -1.9189, 1.8965, 54.9408, 89.2825
1741334850.112, 3.630, 0.633, -1.2349, -0.9276, -1.9088, 1.8256, 54.8541, 89.3358
1741334850.191, 3.633, 0.612, -1.2486, -0.9275, -1.8993, 1.9269, 54.9020, 89.1767
1741334850.271, 3.633, 0.592, -1.2623, -0.9284, -1.8902, 1.9955, 54.7629, 89.1052
1741334850.351, 3.638, 0.592, -1.2762, -0.9295, -1.8807, 2.2711, 54.4806, 88.9711
1741334850.430, 3.635, 0.566, -1.2890, -0.9295, -1.8713, 2.3475, 54.1720, 88.9364
1741334850.510, 3.641, 0.546, -1.3009, -0.9295, -1.8622, 2.1851, 53.9652, 89.0331
1741334850.590, 3.632, 0.531, -1.3125, -0.9297, -1.8536, 2.1606, 53.7976, 89.0770
1741334850.669, 3.632, 0.511, -1.3234, -0.9301, -1.8454, 1.9033, 53.7239, 89.3349
1741334850.749, 3.497, 0.511, -1.3291, -0.9307, -1.8415, 1.9901, 53.6178, 89.1714
1741334850.828, 3.494, 0.493, -1.3284, -0.9305, -1.8418, 1.9575, 53.6818, 89.1722
1741334850.908, 3.495, 0.480, -1.3271, -0.9303, -1.8428, 1.9768, 53.6615, 89.1507
1741334850.988, 3.497, 0.488, -1.3265, -0.9303, -1.8434, 1.9693, 53.6425, 89.1614
1741334851.067, 3.497, 0.483, -1.3265, -0.9303, -1.8435, 1.9867, 53.6376, 89.1510
1741334851.147, 3.494, 0.483, -1.3265, -0.9304, -1.8434, 1.9768, 53.6382, 89.1640
1741334851.227, 3.495, 0.483, -1.3265, -0.9304, -1.8435, 1.9795, 53.6346, 89.1616
1741334851.306, 3.498, 0.483, -1.3266, -0.9304, -1.8434, 1.9880, 53.6382, 89.1652
1741334851.386, 3.494, 0.490, -1.3255, -0.9304, -1.8442, 1.9611, 53.6401, 89.2254
1741334851.466, 3.494, 0.489, -1.3225, -0.9303, -1.8464, 2.0043, 53.6977, 89.2071
1741334851.545, 3.495, 0.489, -1.3169, -0.9302, -1.8506, 2.0669, 53.6581, 89.2051
1741334851.625, 3.490, 0.486, -1.3098, -0.9303, -1.8565, 2.2158, 53.7008, 89.0808
1741334851.705, 3.490, 0.499, -1.3018, -0.9300, -1.8626, 2.3003, 53.7295, 88.9885
1741334851.784, 3.492, 0.509, -1.2945, -0.9298, -1.8682, 2.3238, 53.7864, 88.9901
1741334851.864, 3.492, 0.521, -1.2875, -0.9295, -1.8735, 2.3820, 53.8435, 88.9357
1741334851.944, 3.502, 0.521, -1.2818, -0.9294, -1.8779, 2.3442, 53.8795, 88.9519
1741334852.023, 3.614, 0.525, -1.2770, -0.9295, -1.8812, 2.3547, 53.9460, 88.9361
1741334852.103, 3.633, 0.539, -1.2727, -0.9294, -1.8844, 2.2806, 53.9554, 88.9577
1741334852.183, 3.638, 0.548, -1.2690, -0.9295, -1.8872, 2.2234, 53.9474, 89.0034
1741334852.262, 3.638, 0.548, -1.2651, -0.9294, -1.8897, 2.1393, 53.9466, 89.0499
1741334852.342, 3.639, 0.548, -1.2609, -0.9294, -1.8928, 2.0904, 53.9331, 89.0606
1741334852.421, 3.639, 0.555, -1.2565, -0.9292, -1.8958, 2.0462, 53.9342, 89.0697
1741334852.501, 3.639, 0.561, -1.2520, -0.9288, -1.8994, 2.0372, 53.8944, 89.1331
1741334852.581, 3.639, 0.567, -1.2471, -0.9290, -1.9029, 1.9692, 53.8578, 89.1908
1741334852.660, 3.639, 0.580, -1.2425, -0.9288, -1.9062, 1.9071, 53.8307, 89.2419
1741334852.740, 3.639, 0.580, -1.2384, -0.9286, -1.9093, 1.9773, 53.8387, 89.2230
1741334852.820, 3.639, 0.582, -1.2344, -0.9288, -1.9123, 1.9869, 53.8730, 89.2021
1741334852.899, 3.640, 0.582, -1.2307, -0.9286, -1.9154, 1.9929, 54.0475, 89.2239
1741334852.979, 3.639, 0.596, -1.2269, -0.9285, -1.9189, 2.0254, 54.3281, 89.2010
1741334853.059, 3.639, 0.601, -1.2231, -0.9284, -1.9220, 2.0788, 54.6112, 89.1461
1741334853.138, 3.639, 0.601, -1.2188, -0.9285, -1.9257, 2.1653, 54.8696, 89.0503
1741334853.218, 3.632, 0.611, -1.2152, -0.9286, -1.9288, 2.2529, 55.1473, 88.9744
1741334853.297, 3.632, 0.613, -1.2115, -0.9285, -1.9318, 2.2732, 55.4320, 88.9487
1741334853.377, 3.627, 0.622, -1.2075, -0.9284, -1.9349, 2.2440, 55.6790, 88.9624
1741334853.457, 3.627, 0.629, -1.2032, -0.9282, -1.9382, 2.2369, 56.0020, 88.9436
1741334853.536, 3.625, 0.629, -1.1988, -0.9281, -1.9413, 2.2140, 56.3052, 88.9213
1741334853.616, 3.625, 0.631, -1.1943, -0.9281, -1.9449, 2.2207, 56.6212, 88.8781
1741334853.696, 3.625, 0.636, -1.1901, -0.9281, -1.9478, 2.1850, 56.6909, 88.8932
1741334853.775, 3.625, 0.645, -1.1858, -0.9280, -1.9507, 2.1916, 56.6656, 88.8477
1741334853.855, 3.624, 0.645, -1.1818, -0.9278, -1.9534, 2.1976, 56.6574, 88.8682
1741334853.935, 3.625, 0.651, -1.1776, -0.9282, -1.9565, 2.2253, 56.6473, 88.8387
1741334854.014, 3.624, 0.657, -1.1719, -0.9276, -1.9605, 2.2562, 56.6497, 88.8741
1741334854.094, 3.627, 0.663, -1.1657, -0.9275, -1.9644, 2.1918, 56.6540, 88.9111
1741334854.174, 3.627, 0.674, -1.1588, -0.9276, -1.9692, 2.2108, 56.6862, 88.9412
1741334854.253, 3.627, 0.674, -1.1517, -0.9274, -1.9739, 2.2784, 56.7071, 88.8888
1741334854.333, 3.628, 0.681, -1.1453, -0.9273, -1.9785, 2.4051, 56.7249, 88.7909
1741334854.412, 3.625, 0.692, -1.1393, -0.9272, -1.9831, 2.4709, 56.8045, 88.7749
1741334854.492, 3.625, 0.702, -1.1334, -0.9270, -1.9869, 2.4734, 56.8641, 88.7847
1741334854.574, 3.625, 0.715, -1.1276, -0.9268, -1.9909, 2.4958, 56.9571, 88.7983
1741334854.652, 3.626, 0.715, -1.1216, -0.9267, -1.9949, 2.4947, 57.0670, 88.7929
1741334854.731, 3.625, 0.724, -1.1154, -0.9267, -1.9992, 2.4527, 57.1466, 88.8413
1741334854.811, 3.623, 0.728, -1.1091, -0.9265, -2.0033, 2.4056, 57.2241, 88.8693
1741334854.890, 3.622, 0.738, -1.1027, -0.9264, -2.0073, 2.3469, 57.2766, 88.8959
1741334854.970, 3.622, 0.750, -1.0963, -0.9262, -2.0113, 2.2226, 57.3021, 88.9479
1741334855.050, 3.622, 0.756, -1.0901, -0.9258, -2.0151, 2.1084, 57.3142, 89.0464
1741334855.129, 3.624, 0.756, -1.0840, -0.9259, -2.0191, 2.0871, 57.2869, 89.0755
1741334855.209, 3.625, 0.766, -1.0807, -0.9254, -2.0235, 2.9327, 57.7607, 88.5970
1741334855.289, 3.625, 0.777, -1.0800, -0.9249, -2.0250, 3.4641, 57.6331, 88.2575
1741334855.368, 3.625, 0.782, -1.0800, -0.9251, -2.0256, 3.6060, 57.6928, 88.1652
1741334855.448, 3.623, 0.782, -1.0797, -0.9251, -2.0262, 3.8686, 57.5044, 88.0267
1741334855.528, 3.621, 0.782, -1.0778, -0.9246, -2.0291, 4.7900, 57.4224, 87.3495
1741334855.607, 3.620, 0.782, -1.0725, -0.9236, -2.0353, 6.0408, 57.5130, 86.3508
1741334855.687, 3.620, 0.788, -1.0631, -0.9228, -2.0422, 6.2710, 57.5632, 86.3108
1741334855.767, 3.620, 0.796, -1.0505, -0.9228, -2.0512, 6.4984, 57.7221, 86.1309
1741334855.846, 3.617, 0.813, -1.0372, -0.9233, -2.0597, 6.3100, 57.7581, 86.0238
1741334855.926, 3.620, 0.813, -1.0208, -0.9245, -2.0614, 2.0918, 57.8226, 89.0354
1741334856.005, 3.620, 0.831, -1.0123, -0.9241, -2.0666, 2.1843, 57.8685, 89.0244
1741334856.085, 3.625, 0.844, -1.0080, -0.9244, -2.0693, 2.1885, 57.8952, 89.0379
1741334856.165, 3.625, 0.858, -1.0058, -0.9243, -2.0710, 2.2443, 57.8763, 89.0283
1741334856.244, 3.625, 0.867, -1.0027, -0.9242, -2.0729, 2.2468, 57.8160, 89.0829
1741334856.324, 3.626, 0.867, -0.9976, -0.9241, -2.0761, 2.2416, 57.7788, 89.1059
1741334856.404, 3.623, 0.871, -0.9907, -0.9239, -2.0804, 2.1190, 57.7716, 89.1692
1741334856.483, 3.624, 0.876, -0.9829, -0.9239, -2.0859, 2.2267, 57.8660, 89.1074
1741334856.563, 3.624, 0.887, -0.9768, -0.9233, -2.0876, 1.2678, 57.3645, 90.3222
1741334856.643, 3.626, 0.898, -0.9763, -0.9229, -2.0883, 1.2604, 57.4033, 90.5615
1741334856.722, 3.624, 0.898, -0.9764, -0.9229, -2.0880, 1.2171, 57.3708, 90.5899
1741334856.802, 3.627, 0.904, -0.9762, -0.9230, -2.0882, 1.2065, 57.4160, 90.5945
1741334856.881, 3.625, 0.902, -0.9762, -0.9227, -2.0882, 1.0899, 57.5938, 90.8283
1741334856.961, 3.625, 0.904, -0.9738, -0.9219, -2.0891, 0.8442, 57.8003, 91.6275
1741334857.041, 3.625, 0.904, -0.9686, -0.9209, -2.0932, 0.7154, 58.9852, 92.2730
1741334857.120, 3.627, 0.905, -0.9650, -0.9209, -2.0956, 0.7080, 61.7331, 92.1937
1741334857.200, 3.626, 0.911, -0.9632, -0.9209, -2.0957, 0.6706, 62.9678, 92.2491
1741334857.280, 3.636, 0.918, -0.9618, -0.9208, -2.0957, 0.8644, 64.0503, 92.1144
1741334857.359, 3.636, 0.923, -0.9598, -0.9207, -2.0944, 0.7444, 65.5260, 92.2685
1741334857.439, 3.649, 0.923, -0.9569, -0.9207, -2.0936, 0.6600, 67.5632, 92.3456
1741334857.519, 3.659, 0.928, -0.9537, -0.9207, -2.0928, 0.6617, 69.9545, 92.3122
1741334857.598, 3.687, 0.934, -0.9493, -0.9216, -2.0915, -0.2140, 72.3772, 92.7813
1741334857.678, 3.731, 0.947, -0.9438, -0.9216, -2.0894, -0.4012, 75.9288, 92.4458
1741334857.758, 3.731, 0.964, -0.9341, -0.9221, -2.0936, 6.7672, 78.9207, 84.2835
1741334857.837, 3.774, 0.964, -0.9245, -0.9217, -2.0970, 7.8241, 81.2615, 82.7023
1741334857.917, 3.879, 1.000, -0.9210, -0.9213, -2.0978, 7.2389, 82.0860, 83.1665
1741334857.996, 3.961, 1.034, -0.9218, -0.9219, -2.0978, 7.1912, 82.2364, 83.3417
1741334858.076, 3.982, 1.057, -0.9219, -0.9220, -2.0980, 7.1997, 82.2404, 83.3302
1741334858.156, 3.982, 1.055, -0.9218, -0.9219, -2.0978, 7.1586, 82.2790, 83.3979
1741334858.236, 3.986, 1.055, -0.9220, -0.9227, -2.0982, 7.3233, 82.2337, 83.2400
1741334858.315, 3.989, 1.057, -0.9220, -0.9226, -2.0983, 7.4145, 82.2353, 83.1782
1741334858.395, 3.988, 1.058, -0.9219, -0.9210, -2.0980, 7.9517, 82.4171, 82.7200
1741334858.474, 3.987, 1.057, -0.9202, -0.9217, -2.0964, 9.5364, 83.7810, 81.0718
1741334858.554, 3.987, 1.059, -0.9168, -0.9217, -2.0941, 14.1836, 85.9161, 76.2708
1741334858.634, 4.015, 1.059, -0.9140, -0.9220, -2.0921, 20.7341, 87.3465, 69.5584
1741334858.713, 4.115, 1.081, -0.9133, -0.9215, -2.0914, 22.1755, 87.6743, 68.0639
1741334858.793, 4.199, 1.106, -0.9135, -0.9216, -2.0915, 22.1610, 87.7294, 68.1004
1741334858.873, 4.211, 1.114, -0.9137, -0.9218, -2.0919, 22.3639, 87.7401, 67.8840
1741334858.952, 4.211, 1.115, -0.9137, -0.9216, -2.0916, 21.8810, 87.7739, 68.3557
1741334859.032, 4.216, 1.115, -0.9137, -0.9216, -2.0917, 23.6329, 87.7311, 66.6198
1741334859.111, 4.213, 1.117, -0.9152, -0.9211, -2.0910, 29.6862, 87.7692, 60.6193
1741334859.191, 4.214, 1.117, -0.9162, -0.9213, -2.0899, 28.9480, 87.1326, 61.2569
1741334859.271, 4.214, 1.113, -0.9124, -0.9206, -2.0924, 42.9052, 87.4897, 47.6273
1741334859.350, 4.209, 1.105, -0.8963, -0.9205, -2.0939, 47.0963, 87.5217, 43.6580
1741334859.430, 4.206, 1.105, -0.8710, -0.9200, -2.0892, 19.2508, 88.1778, 69.3541
1741334859.510, 4.235, 1.120, -0.8611, -0.9203, -2.0905, 9.4877, 89.0237, 79.2181
1741334859.589, 4.274, 1.147, -0.8629, -0.9197, -2.0884, -7.8650, 88.8687, 96.9368
1741334859.669, 4.274, 1.180, -0.8694, -0.9198, -2.0894, 15.5202, 89.0594, 73.1867
1741334859.749, 4.316, 1.173, -0.8820, -0.9199, -2.0907, 40.9655, 89.2158, 48.0760
1741334859.828, 4.295, 1.173, -0.8965, -0.9201, -2.0920, 71.5573, 89.6243, 17.8832
1741334859.908, 4.299, 1.167, -0.9095, -0.9211, -2.0906, 100.3429, 90.1030, -11.4121
1741334859.988, 4.303, 1.158, -0.9335, -0.9237, -2.0894, 133.5491, 90.1049, -42.5389
1741334860.067, 4.303, 1.146, -0.9545, -0.9240, -2.0899, 90.4432, 90.0037, 0.7343
1741334860.147, 4.327, 1.114, -0.9723, -0.9227, -2.0867, -148.8412, 91.2216, -119.1596
1741334860.226, 4.302, 1.114, -0.9851, -0.9222, -2.0836, -125.6079, 91.3072, -142.5406
1741334860.306, 4.337, 1.100, -1.0000, -0.9221, -2.0835, -119.4188, 90.8883, -148.4038
1741334860.386, 4.346, 1.091, -1.0194, -0.9224, -2.0842, -2.1482, 87.5806, 95.6208
1741334860.465, 4.346, 1.066, -1.0327, -0.9237, -2.0875, 18.6401, 80.2751, 72.9908
1741334860.545, 4.249, 0.988, -1.0499, -0.9234, -2.0762, 9.6618, 74.0070, 82.5114
1741334860.625, 3.972, 0.988, -1.0658, -0.9244, -2.0659, 8.6157, 67.4591, 83.4420
1741334860.704, 3.763, 0.900, -1.0779, -0.9253, -2.0538, 5.2670, 65.4662, 86.9582
1741334860.784, 3.645, 0.834, -1.0842, -0.9274, -2.0454, 1.6643, 65.7672, 89.5852
1741334860.864, 3.645, 0.808, -1.0832, -0.9279, -2.0461, 1.9951, 65.6795, 89.1394
1741334860.943, 3.639, 0.799, -1.0825, -0.9270, -2.0470, 2.6040, 65.7921, 88.6680
1741334861.023, 3.639, 0.799, -1.0823, -0.9270, -2.0471, 2.5541, 65.7826, 88.6939
1741334861.103, 3.640, 0.802, -1.0824, -0.9271, -2.0471, 2.6397, 65.7897, 88.6341
1741334861.182, 3.641, 0.802, -1.0824, -0.9271, -2.0471, 2.6473, 65.7874, 88.6248
1741334861.262, 3.641, 0.801, -1.0824, -0.9273, -2.0470, 2.6205, 65.7396, 88.6214
1741334861.341, 3.641, 0.800, -1.0845, -0.9272, -2.0449, 2.3764, 64.8867, 88.7421
1741334861.421, 3.643, 0.800, -1.0886, -0.9271, -2.0411, 2.2218, 63.4865, 88.9462
1741334861.501, 3.637, 0.801, -1.0929, -0.9273, -2.0372, 2.1520, 62.0068, 88.9969
1741334861.580, 3.624, 0.793, -1.0949, -0.9275, -2.0354, 2.0764, 61.6521, 89.1198
1741334861.660, 3.624, 0.782, -1.0949, -0.9275, -2.0356, 2.1166, 61.7317, 89.0510
1741334861.740, 3.614, 0.779, -1.0949, -0.9275, -2.0357, 2.1413, 61.7430, 89.0307
1741334861.819, 3.619, 0.779, -1.0948, -0.9274, -2.0358, 2.1674, 61.7355, 89.0156
1741334861.899, 3.617, 0.780, -1.0949, -0.9275, -2.0357, 2.1929, 61.7338, 88.9995
1741334861.979, 3.617, 0.780, -1.0949, -0.9275, -2.0357, 2.1943, 61.7072, 89.0033
1741334862.058, 3.617, 0.777, -1.0953, -0.9275, -2.0352, 2.1992, 61.4993, 88.9860
1741334862.138, 3.616, 0.778, -1.0963, -0.9275, -2.0345, 2.2646, 61.2498, 88.9220
1741334862.218, 3.613, 0.778, -1.1002, -0.9274, -2.0311, 2.0663, 60.3349, 89.0692
1741334862.297, 3.616, 0.779, -1.1050, -0.9278, -2.0269, 2.0213, 58.9927, 89.1102
1741334862.377, 3.611, 0.774, -1.1089, -0.9283, -2.0243, 2.0411, 58.8758, 89.2029
1741334862.456, 3.611, 0.764, -1.1097, -0.9279, -2.0239, 2.0417, 58.9047, 89.1745
1741334862.536, 3.611, 0.760, -1.1097, -0.9278, -2.0239, 2.0558, 58.8864, 89.1742
1741334862.616, 3.608, 0.760, -1.1095, -0.9278, -2.0241, 2.0924, 58.9005, 89.1223
1741334862.696, 3.611, 0.756, -1.1096, -0.9279, -2.0239, 2.0837, 58.8972, 89.1334
1741334862.775, 3.608, 0.760, -1.1100, -0.9278, -2.0232, 2.0925, 58.6450, 89.1374
1741334862.855, 3.608, 0.756, -1.1131, -0.9278, -2.0203, 2.0025, 57.6706, 89.2075
1741334862.934, 3.609, 0.759, -1.1191, -0.9283, -2.0140, 2.0205, 55.3361, 89.2247
1741334863.014, 3.607, 0.759, -1.1247, -0.9283, -2.0084, 1.9760, 53.9515, 89.2486
1741334863.094, 3.619, 0.748, -1.1274, -0.9285, -2.0061, 2.0245, 53.9285, 89.2808
1741334863.173, 3.619, 0.739, -1.1273, -0.9283, -2.0064, 2.0325, 53.9208, 89.2411
1741334863.253, 3.619, 0.733, -1.1267, -0.9282, -2.0066, 2.0256, 53.8763, 89.2378
1741334863.333, 3.623, 0.738, -1.1225, -0.9281, -2.0098, 2.0949, 53.8959, 89.2224
1741334863.412, 3.622, 0.738, -1.1105, -0.9281, -2.0186, 1.9804, 53.9026, 89.2641
1741334863.492, 3.622, 0.735, -1.0934, -0.9275, -2.0312, 2.0381, 53.7393, 89.1799
1741334863.571, 3.620, 0.751, -1.0817, -0.9250, -2.0495, 6.0733, 53.7353, 86.1560
1741334863.651, 3.620, 0.778, -1.0665, -0.9241, -2.0613, 5.9530, 54.0416, 86.5386
1741334863.731, 3.617, 0.801, -1.0504, -0.9240, -2.0733, 5.8228, 54.2346, 86.6805
1741334863.810, 3.610, 0.801, -1.0343, -0.9243, -2.0847, 5.5625, 54.3459, 86.7919
1741334863.890, 3.610, 0.822, -1.0148, -0.9256, -2.0912, 2.3316, 54.5790, 89.1823
1741334863.970, 3.607, 0.844, -0.9991, -0.9249, -2.1008, 1.8240, 54.3081, 89.5316
1741334864.050, 3.607, 0.869, -0.9851, -0.9250, -2.1109, 1.8580, 54.3420, 89.4696
1741334864.129, 3.614, 0.896, -0.9738, -0.9239, -2.1222, 2.9818, 54.7199, 87.8468
1741334864.209, 3.610, 0.896, -0.9649, -0.9233, -2.1290, 3.1979, 54.8149, 87.0601
1741334864.288, 3.606, 0.916, -0.9565, -0.9221, -2.1345, 2.9507, 54.5219, 86.8698
1741334864.368, 3.604, 0.931, -0.9517, -0.9208, -2.1368, 2.3998, 53.6590, 88.3106
1741334864.448, 3.604, 0.944, -0.9488, -0.9191, -2.1432, 4.1750, 53.8942, 88.6445
1741334864.527, 3.608, 0.952, -0.9376, -0.9187, -2.1550, 5.5018, 53.4384, 88.4913
1741334864.607, 3.608, 0.952, -0.9103, -0.9204, -2.1628, 0.1087, 53.2888, 93.2749
1741334864.687, 3.604, 0.965, -0.8810, -0.9203, -2.1785, -2.0019, 54.1155, 92.5912
1741334864.766, 3.621, 0.993, -0.8648, -0.9214, -2.1970, 1.4079, 53.8996, 90.8712
1741334864.846, 3.621, 1.029, -0.8461, -0.9214, -2.2130, 1.5730, 53.8342, 89.5682
1741334864.925, 3.612, 1.061, -0.8321, -0.9192, -2.2240, 1.4231, 53.9532, 88.0962
1741334865.005, 3.604, 1.061, -0.8229, -0.9190, -2.2307, 1.2481, 54.3868, 88.0111
1741334865.085, 3.604, 1.089, -0.8125, -0.9192, -2.2387, 1.3984, 54.5020, 87.8727
1741334865.164, 3.604, 1.103, -0.7989, -0.9188, -2.2486, 1.4581, 54.9283, 87.6972
1741334865.244, 3.603, 1.120, -0.7827, -0.9183, -2.2604, 1.6686, 55.3238, 87.4480
1741334865.324, 3.602, 1.140, -0.7668, -0.9181, -2.2717, 1.6268, 55.7830, 87.9091
1741334865.403, 3.594, 1.140, -0.7512, -0.9180, -2.2830, 1.7802, 56.2903, 87.9619
1741334865.483, 3.596, 1.164, -0.7384, -0.9185, -2.2923, 2.0833, 56.5693, 88.8939
1741334865.563, 3.596, 1.187, -0.7254, -0.9192, -2.3009, 1.8581, 56.8586, 89.3966
1741334865.642, 3.587, 1.207, -0.7121, -0.9184, -2.3102, 1.9974, 56.8067, 89.3469
1741334865.722, 3.587, 1.231, -0.6996, -0.9180, -2.3183, 2.0780, 56.7387, 89.3384
1741334865.802, 3.591, 1.231, -0.6866, -0.9172, -2.3266, 2.2268, 56.6048, 89.3381
1741334865.881, 3.589, 1.248, -0.6721, -0.9167, -2.3360, 2.0907, 56.5579, 89.6035
1741334865.961, 3.589, 1.267, -0.6567, -0.9172, -2.3462, 1.9466, 56.4914, 89.7344
1741334866.041, 3.587, 1.286, -0.6404, -0.9171, -2.3572, 1.9923, 56.4423, 89.5832
1741334866.120, 3.589, 1.310, -0.6249, -0.9167, -2.3677, 2.0873, 56.5206, 89.4156
1741334866.200, 3.591, 1.310, -0.6101, -0.9158, -2.3778, 2.2176, 56.5169, 89.2352
1741334866.280, 3.586, 1.335, -0.5965, -0.9151, -2.3869, 2.2823, 56.5209, 89.2827
1741334866.359, 3.586, 1.357, -0.5824, -0.9157, -2.3964, 2.3421, 56.5121, 89.2526
1741334866.439, 3.589, 1.376, -0.5675, -0.9151, -2.4064, 2.2310, 56.5191, 89.2474
1741334866.518, 3.592, 1.400, -0.5519, -0.9143, -2.4164, 2.1385, 56.4794, 89.1909
1741334866.598, 3.585, 1.400, -0.5368, -0.9140, -2.4265, 2.2044, 56.4346, 89.1999
1741334866.678, 3.584, 1.422, -0.5221, -0.9135, -2.4367, 2.3664, 56.3738, 89.1616
1741334866.757, 3.584, 1.444, -0.5073, -0.9131, -2.4472, 2.5526, 56.3555, 89.0875
1741334866.837, 3.587, 1.465, -0.4927, -0.9129, -2.4571, 2.4834, 56.3032, 89.1971
1741334866.917, 3.588, 1.488, -0.4780, -0.9120, -2.4670, 2.5793, 56.3273, 89.1663
1741334866.996, 3.585, 1.488, -0.4629, -0.9122, -2.4769, 2.5407, 56.3896, 89.1288
1741334867.076, 3.584, 1.514, -0.4481, -0.9118, -2.4869, 2.5638, 56.4425, 89.0435
1741334867.155, 3.584, 1.535, -0.4338, -0.9110, -2.4968, 2.6476, 56.4651, 88.9569
1741334867.235, 3.585, 1.558, -0.4192, -0.9109, -2.5066, 2.5723, 56.5110, 89.0986
1741334867.315, 3.583, 1.579, -0.4049, -0.9108, -2.5165, 2.5821, 56.5071, 89.1483
1741334867.394, 3.586, 1.579, -0.3901, -0.9101, -2.5258, 2.6491, 56.5609, 88.9902
1741334867.474, 3.584, 1.603, -0.3746, -0.9098, -2.5360, 2.6203, 56.6072, 89.0592
1741334867.554, 3.584, 1.625, -0.3603, -0.9092, -2.5461, 2.7703, 56.5317, 88.9822
1741334867.633, 3.585, 1.651, -0.3449, -0.9082, -2.5565, 2.8944, 56.5423, 88.9039
1741334867.713, 3.586, 1.671, -0.3309, -0.9084, -2.5661, 2.9282, 56.4184, 88.9851
1741334867.793, 3.582, 1.671, -0.3165, -0.9078, -2.5754, 2.7913, 56.3463, 89.2140
1741334867.872, 3.584, 1.692, -0.3016, -0.9071, -2.5849, 2.7383, 56.4415, 89.2876
1741334867.952, 3.584, 1.713, -0.2862, -0.9070, -2.5956, 2.7320, 56.5175, 89.1858
1741334868.032, 3.584, 1.734, -0.2713, -0.9061, -2.6059, 2.9233, 56.4454, 88.9855
1741334868.111, 3.583, 1.760, -0.2571, -0.9057, -2.6159, 3.1347, 56.5075, 88.8170
1741334868.191, 3.582, 1.760, -0.2430, -0.9054, -2.6246, 3.0581, 56.3935, 88.9566
1741334868.270, 3.584, 1.778, -0.2286, -0.9050, -2.6337, 2.8400, 56.4875, 89.2072
1741334868.350, 3.584, 1.799, -0.2135, -0.9045, -2.6436, 2.6946, 56.4176, 89.2897
1741334868.430, 3.581, 1.823, -0.1980, -0.9042, -2.6538, 2.5852, 56.3008, 89.3837
1741334868.509, 3.582, 1.846, -0.1833, -0.9037, -2.6643, 2.7203, 56.2525, 89.2785
1741334868.589, 3.583, 1.846, -0.1684, -0.9024, -2.6736, 2.7206, 56.1186, 89.2634
1741334868.669, 3.584, 1.866, -0.1543, -0.9019, -2.6833, 2.6802, 56.0050, 89.3781
1741334868.748, 3.584, 1.890, -0.1396, -0.9018, -2.6930, 2.5043, 55.8093, 89.5554
1741334868.828, 3.580, 1.913, -0.1244, -0.9012, -2.7030, 2.3536, 55.7551, 89.5904
1741334868.908, 3.583, 1.913, -0.1087, -0.9007, -2.7137, 2.2706, 55.6274, 89.5505
1741334868.987, 3.582, 1.935, -0.0944, -0.9001, -2.7233, 2.2404, 55.5651, 89.5750
1741334869.067, 3.583, 1.958, -0.0806, -0.9002, -2.7331, 2.4016, 55.3751, 89.4430
1741334869.147, 3.583, 1.980, -0.0664, -0.9001, -2.7430, 2.3327, 55.3423, 89.5302
1741334869.226, 3.582, 2.000, -0.0514, -0.8992, -2.7532, 2.1683, 55.2721, 89.6043
1741334869.306, 3.581, 2.000, -0.0359, -0.8987, -2.7632, 1.9608, 55.2411, 89.7151
1741334869.385, 3.581, 2.024, -0.0206, -0.8978, -2.7735, 1.9226, 55.0849, 89.7312
1741334869.465, 3.576, 2.045, -0.0057, -0.8974, -2.7839, 1.8922, 55.0237, 89.7678
1741334869.545, 3.576, 2.071, 0.0093, -0.8971, -2.7940, 1.7874, 54.9604, 89.7521
1741334869.624, 3.562, 2.093, 0.0244, -0.8969, -2.8048, 1.6696, 54.8160, 89.7407
1741334869.704, 3.562, 2.093, 0.0391, -0.8963, -2.8147, 1.4875, 54.7279, 89.9095
1741334869.784, 3.558, 2.115, 0.0544, -0.8960, -2.8251, 1.4483, 54.6237, 89.8328
1741334869.863, 3.552, 2.139, 0.0694, -0.8958, -2.8356, 1.3258, 54.5931, 89.9464
1741334869.943, 3.552, 2.164, 0.0833, -0.8956, -2.8458, 1.4397, 54.4835, 89.7656
1741334870.022, 3.553, 2.185, 0.0964, -0.8955, -2.8557, 1.6933, 54.4658, 89.6028
1741334870.222, 3.555, 2.229, 0.1327, -0.8948, -2.8809, 1.4269, 54.4121, 89.8186
1741334870.301, 3.556, 2.229, 0.1481, -0.8941, -2.8922, 1.4783, 54.3514, 89.7870
1741334870.381, 3.550, 2.252, 0.1635, -0.8937, -2.9028, 1.5563, 53.6871, 89.7590
1741334870.461, 3.550, 2.276, 0.1780, -0.8933, -2.9129, 1.5825, 52.9042, 89.7982
1741334870.540, 3.549, 2.302, 0.1918, -0.8931, -2.9232, 1.6889, 52.7858, 89.7140
1741334870.620, 3.555, 2.323, 0.2058, -0.8923, -2.9337, 1.5533, 52.8577, 89.8922
1741334870.700, 3.558, 2.323, 0.2200, -0.8928, -2.9452, 1.5995, 53.0153, 89.8586
1741334870.779, 3.559, 2.341, 0.2344, -0.8921, -2.9559, 1.5354, 53.1960, 89.8676
1741334870.859, 3.559, 2.362, 0.2492, -0.8919, -2.9666, 1.5728, 53.2755, 89.7906
1741334870.939, 3.550, 2.362, 0.2625, -0.8916, -2.9771, 1.7871, 53.3871, 89.6462
1741334871.018, 3.547, 2.412, 0.2758, -0.8915, -2.9870, 1.7326, 53.4873, 89.7210
1741334871.098, 3.547, 2.412, 0.2898, -0.8908, -2.9972, 1.7441, 53.6593, 89.7592
1741334871.178, 3.548, 2.428, 0.3033, -0.8911, -3.0090, 1.7392, 54.9198, 89.5962
1741334871.257, 3.548, 2.453, 0.3154, -0.8902, -3.0214, 1.7914, 58.5975, 89.5257
1741334871.337, 3.543, 2.471, 0.3288, -0.8894, -3.0324, 1.9833, 61.4006, 89.4382
1741334871.416, 3.528, 2.491, 0.3450, -0.8898, -3.0414, 1.8547, 61.6508, 89.6242
1741334871.496, 3.534, 2.491, 0.3615, -0.8889, -3.0506, 1.9341, 61.5139, 89.5500
1741334871.576, 3.534, 2.519, 0.3776, -0.8887, -3.0592, 1.8542, 61.3749, 89.6440
1741334871.655, 3.534, 2.543, 0.3939, -0.8881, -3.0680, 1.8977, 61.2957, 89.5726
1741334871.735, 3.538, 2.559, 0.4096, -0.8880, -3.0763, 1.8013, 61.2844, 89.6035
1741334871.815, 3.537, 2.589, 0.4251, -0.8876, -3.0848, 1.8175, 61.2080, 89.5662
1741334871.894, 3.542, 2.589, 0.4404, -0.8870, -3.0923, 1.9316, 60.1050, 89.5266
1741334871.974, 3.542, 2.609, 0.4556, -0.8863, -3.0982, 1.7921, 57.3129, 89.6815
1741334872.054, 3.542, 2.627, 0.4706, -0.8856, -3.1063, 1.7209, 55.8816, 89.7948
1741334872.133, 3.538, 2.641, 0.4862, -0.8858, -3.1165, 1.5588, 56.2313, 89.8838
1741334872.213, 3.541, 2.656, 0.5016, -0.8851, -3.1272, 1.6614, 56.4922, 89.7710
1741334872.293, 3.543, 2.656, 0.5166, -0.8853, -3.1376, 1.7826, 56.7298, 89.7079
1741334872.372, 3.538, 2.682, 0.5311, -0.8847, -3.1477, 1.9249, 56.9039, 89.6535
1741334872.452, 3.538, 2.705, 0.5458, -0.8849, -3.1572, 1.8941, 57.1104, 89.7255
1741334872.531, 3.539, 2.725, 0.5602, -0.8844, -3.1666, 1.7857, 57.2670, 89.8121
1741334872.611, 3.539, 2.753, 0.5751, -0.8835, -3.1763, 1.7293, 57.4556, 89.8345
1741334872.691, 3.535, 2.753, 0.5882, -0.8826, -3.1869, 2.5218, 57.9569, 89.3546
1741334872.770, 3.538, 2.776, 0.5973, -0.8809, -3.1992, 5.6820, 58.1952, 86.6827
1741334872.850, 3.538, 2.796, 0.6086, -0.8812, -3.2073, 5.8842, 58.3647, 86.9228
1741334872.930, 3.523, 2.807, 0.6221, -0.8792, -3.2159, 5.9768, 58.6251, 86.8923
1741334873.009, 3.556, 2.832, 0.6368, -0.8786, -3.2160, 1.2340, 58.7318, 92.8907
1741334873.089, 3.559, 2.832, 0.6578, -0.8793, -3.2250, -1.3723, 59.5896, 93.8162
1741334873.168, 3.537, 2.854, 0.6762, -0.8787, -3.2318, -3.2753, 59.4174, 94.6595
1741334873.248, 3.537, 2.871, 0.6914, -0.8804, -3.2490, 1.7863, 59.2370, 89.6521
1741334873.328, 3.552, 2.896, 0.7082, -0.8794, -3.2608, 1.8820, 59.7132, 89.3552
1741334873.407, 3.545, 2.918, 0.7204, -0.8776, -3.2702, 3.3401, 59.9164, 87.4253
1741334873.487, 3.542, 2.918, 0.7323, -0.8771, -3.2756, 2.7648, 59.4201, 87.1915
1741334873.567, 3.549, 2.944, 0.7457, -0.8772, -3.2826, 2.5293, 59.1389, 87.2094
1741334873.647, 3.549, 2.966, 0.7625, -0.8769, -3.2918, 2.1286, 58.7092, 87.2746
1741334873.726, 3.541, 2.978, 0.7783, -0.8763, -3.3002, 1.3860, 58.4581, 87.8950
1741334873.806, 3.543, 3.005, 0.7957, -0.8753, -3.3109, 1.6669, 59.0693, 87.4978
1741334873.885, 3.540, 3.005, 0.8069, -0.8778, -3.3185, 2.1807, 59.1068, 89.7701
1741334873.965, 3.544, 3.032, 0.8232, -0.8757, -3.3276, 2.0616, 59.2079, 89.4614
1741334874.045, 3.544, 3.053, 0.8389, -0.8773, -3.3375, 1.9583, 59.3798, 89.4477
1741334874.124, 3.545, 3.069, 0.8525, -0.8770, -3.3454, 1.9295, 59.4361, 89.6256
1741334874.204, 3.547, 3.069, 0.8651, -0.8765, -3.3530, 1.9794, 59.4467, 89.6507
1741334874.284, 3.547, 3.093, 0.8785, -0.8760, -3.3611, 1.9955, 59.4477, 89.7455
1741334874.363, 3.547, 3.113, 0.8935, -0.8757, -3.3701, 1.9822, 59.4370, 89.7520
1741334874.443, 3.547, 3.133, 0.9092, -0.8752, -3.3794, 2.1223, 59.3068, 89.6055
1741334874.522, 3.547, 3.153, 0.9259, -0.8747, -3.3888, 2.1078, 59.1601, 89.5813
1741334874.602, 3.549, 3.153, 0.9426, -0.8745, -3.3982, 1.9961, 59.0064, 89.7764
1741334874.682, 3.548, 3.171, 0.9584, -0.8742, -3.4080, 2.0488, 58.9715, 89.7544
1741334874.761, 3.550, 3.201, 0.9739, -0.8737, -3.4172, 1.9216, 59.0119, 89.8622
1741334874.841, 3.550, 3.219, 0.9890, -0.8732, -3.4260, 1.9538, 58.9867, 89.8008
1741334874.921, 3.554, 3.246, 1.0038, -0.8729, -3.4346, 1.7580, 58.8304, 89.8651
1741334875.000, 3.555, 3.246, 1.0181, -0.8720, -3.4431, 1.7793, 58.7202, 90.0301
1741334875.080, 3.553, 3.265, 1.0323, -0.8721, -3.4520, 1.7991, 58.6631, 90.0614
1741334875.160, 3.551, 3.282, 1.0476, -0.8714, -3.4612, 1.8072, 58.6073, 90.0163
1741334875.239, 3.551, 3.303, 1.0630, -0.8711, -3.4706, 1.7529, 58.5430, 90.0115
1741334875.319, 3.555, 3.329, 1.0789, -0.8704, -3.4801, 1.7756, 58.4538, 90.0207
1741334875.399, 3.557, 3.329, 1.0945, -0.8699, -3.4900, 1.9968, 58.3500, 89.8188
1741334875.478, 3.557, 3.348, 1.1105, -0.8699, -3.4997, 2.0380, 58.2079, 89.7001
1741334875.558, 3.552, 3.376, 1.1259, -0.8695, -3.5091, 1.9621, 58.0976, 89.7474
1741334875.637, 3.552, 3.395, 1.1404, -0.8692, -3.5183, 2.0919, 58.2571, 89.7462
1741334875.717, 3.558, 3.419, 1.1552, -0.8685, -3.5274, 2.0866, 58.2796, 89.7749
1741334875.797, 3.557, 3.419, 1.1700, -0.8677, -3.5365, 2.1108, 58.2084, 89.7337
1741334875.876, 3.560, 3.440, 1.1853, -0.8676, -3.5455, 1.9686, 58.0910, 89.8358
1741334875.956, 3.557, 3.465, 1.2003, -0.8676, -3.5550, 2.0625, 58.0161, 89.8248
1741334876.036, 3.557, 3.482, 1.2148, -0.8673, -3.5639, 2.0357, 57.9792, 89.9089
1741334876.115, 3.556, 3.505, 1.2296, -0.8662, -3.5733, 1.9892, 57.8782, 89.9817
1741334876.195, 3.556, 3.505, 1.2445, -0.8661, -3.5826, 1.9149, 57.8414, 90.1493
1741334876.275, 3.552, 3.533, 1.2595, -0.8656, -3.5917, 1.7586, 57.7169, 90.2952
1741334876.354, 3.557, 3.551, 1.2751, -0.8652, -3.6014, 1.8587, 57.6225, 90.1388
1741334876.434, 3.557, 3.569, 1.2913, -0.8647, -3.6116, 1.8536, 57.3171, 90.0559
1741334876.513, 3.556, 3.591, 1.3070, -0.8644, -3.6212, 1.6131, 57.2392, 90.3379
1741334876.593, 3.554, 3.591, 1.3219, -0.8639, -3.6310, 1.7379, 57.2662, 90.3276
1741334876.673, 3.558, 3.619, 1.3367, -0.8635, -3.6408, 1.8373, 57.1188, 90.1830
1741334876.752, 3.556, 3.639, 1.3515, -0.8630, -3.6501, 1.7160, 57.0437, 90.2068
1741334876.832, 3.556, 3.665, 1.3663, -0.8625, -3.6596, 1.7272, 57.0154, 90.0508
1741334876.912, 3.562, 3.686, 1.3806, -0.8620, -3.6689, 1.7779, 56.9083, 90.0703
1741334876.991, 3.561, 3.686, 1.3950, -0.8623, -3.6783, 1.7805, 56.8429, 90.1011
1741334877.071, 3.556, 3.709, 1.4096, -0.8616, -3.6879, 1.8156, 56.8257, 90.1629
1741334877.151, 3.556, 3.730, 1.4248, -0.8615, -3.6980, 1.7433, 56.7658, 90.2397
1741334877.230, 3.564, 3.751, 1.4403, -0.8608, -3.7081, 1.7655, 56.7730, 90.2345
1741334877.310, 3.560, 3.774, 1.4560, -0.8603, -3.7188, 1.9258, 56.6679, 90.0122
1741334877.390, 3.563, 3.774, 1.4711, -0.8600, -3.7290, 1.9356, 56.6714, 90.0960
1741334877.469, 3.561, 3.801, 1.4862, -0.8594, -3.7385, 1.8285, 56.4528, 90.2367
1741334877.549, 3.561, 3.822, 1.5004, -0.8593, -3.7482, 1.9612, 56.5648, 90.1211
1741334877.628, 3.562, 3.843, 1.5148, -0.8591, -3.7575, 1.8735, 56.4199, 90.2358
1741334877.708, 3.566, 3.864, 1.5298, -0.8587, -3.7669, 1.6498, 56.3607, 90.3950
1741334877.788, 3.564, 3.864, 1.5447, -0.8578, -3.7764, 1.5793, 56.2677, 90.4483
1741334877.867, 3.565, 3.886, 1.5537, -0.8580, -3.7821, 1.5927, 56.0753, 90.4632
1741334877.947, 3.565, 3.907, 1.5542, -0.8578, -3.7828, 1.6476, 56.0502, 90.4771
1741334878.027, 3.563, 3.922, 1.5520, -0.8576, -3.7815, 1.6282, 56.0726, 90.4978
1741334878.106, 3.564, 3.921, 1.5500, -0.8575, -3.7801, 1.5646, 56.1167, 90.5539
1741334878.186, 3.563, 3.921, 1.5488, -0.8576, -3.7794, 1.5847, 56.1803, 90.4998
1741334878.266, 3.563, 3.920, 1.5488, -0.8578, -3.7792, 1.5435, 56.1414, 90.5580
1741334878.345, 3.563, 3.917, 1.5488, -0.8577, -3.7794, 1.5359, 56.1368, 90.5464
1741334878.425, 3.565, 3.917, 1.5511, -0.8576, -3.7808, 1.5387, 56.0665, 90.5872
1741334878.505, 3.562, 3.918, 1.5601, -0.8571, -3.7869, 1.4750, 56.1279, 90.7161
1741334878.584, 3.563, 3.918, 1.5760, -0.8565, -3.7973, 1.4446, 56.0260, 90.7244
1741334878.664, 3.562, 3.924, 1.5958, -0.8562, -3.8102, 1.3078, 55.8125, 90.8799
1741334878.744, 3.562, 3.948, 1.6161, -0.8559, -3.8234, 1.1274, 55.5899, 91.1064
1741334878.823, 3.564, 3.978, 1.6322, -0.8553, -3.8337, 0.8757, 55.2501, 91.2040
1741334878.903, 3.565, 4.009, 1.6367, -0.8548, -3.8369, 0.9002, 55.2914, 91.1497
1741334878.982, 3.569, 4.009, 1.6338, -0.8550, -3.8352, 1.0001, 55.3273, 91.1684
1741334879.062, 3.568, 4.026, 1.6301, -0.8552, -3.8324, 1.0430, 55.3133, 91.1536
1741334879.142, 3.568, 4.021, 1.6268, -0.8552, -3.8306, 1.1283, 55.3351, 91.1351
1741334879.221, 3.569, 4.016, 1.6270, -0.8552, -3.8304, 1.1758, 55.2235, 91.1350
1741334879.301, 3.568, 4.013, 1.6330, -0.8549, -3.8347, 0.9997, 55.4109, 91.2499
1741334879.381, 3.570, 4.013, 1.6440, -0.8545, -3.8418, 0.9400, 55.3028, 91.3064
1741334879.460, 3.569, 4.015, 1.6531, -0.8546, -3.8481, 0.8553, 55.3393, 91.3128
1741334879.540, 3.569, 4.032, 1.6568, -0.8543, -3.8504, 0.7874, 55.0847, 91.3853
1741334879.620, 3.566, 4.047, 1.6562, -0.8542, -3.8499, 0.7784, 55.1036, 91.4283
1741334879.819, 3.568, 4.051, 1.6549, -0.8544, -3.8491, 0.8000, 55.1305, 91.4136
1741334880.018, 3.566, 4.048, 1.6548, -0.8543, -3.8491, 0.8283, 55.1290, 91.3879
1741334880.217, 3.567, 4.048, 1.6548, -0.8544, -3.8491, 0.7987, 55.1227, 91.3952
1741334882.109, 3.569, 4.050, 1.6551, -0.8544, -3.8496, 0.7779, 55.1416, 91.4032
1741334882.188, 3.564, 4.050, 1.6551, -0.8543, -3.8496, 0.7654, 55.1495, 91.4191
1741334882.268, 3.565, 4.048, 1.6550, -0.8545, -3.8498, 0.7977, 55.1388, 91.3853
1741334882.347, 3.565, 4.046, 1.6550, -0.8545, -3.8497, 0.7957, 55.1338, 91.3849
1741334882.427, 3.565, 4.048, 1.6552, -0.8545, -3.8497, 0.7821, 55.1368, 91.4006
1741334882.507, 3.570, 4.048, 1.6550, -0.8544, -3.8498, 0.8009, 55.1363, 91.3842
1741334882.586, 3.566, 4.048, 1.6551, -0.8545, -3.8498, 0.7830, 55.1386, 91.4043
1741334882.666, 3.564, 4.048, 1.6551, -0.8544, -3.8496, 0.7606, 55.1297, 91.4232
1741334900.028, 4.066, 4.078, 1.9534, -0.8505, -3.4514, -0.1577, 55.9787, 92.2427
1741334900.108, 4.067, 4.077, 1.9533, -0.8505, -3.4513, -0.1633, 55.9761, 92.2500
1741334900.188, 4.065, 4.076, 1.9534, -0.8505, -3.4513, -0.1695, 55.9734, 92.2630
1741334900.267, 4.065, 4.076, 1.9534, -0.8505, -3.4513, -0.1704, 55.9744, 92.2642
1741334900.347, 4.067, 4.078, 1.9533, -0.8505, -3.4513, -0.1745, 55.9796, 92.2639
1741334900.426, 4.067, 4.078, 1.9534, -0.8505, -3.4512, -0.1762, 55.9728, 92.2615
1741334900.506, 4.066, 4.077, 1.9534, -0.8505, -3.4512, -0.1601, 55.9731, 92.2498
1741334900.586, 4.067, 4.079, 1.9534, -0.8505, -3.4513, -0.1527, 55.9745, 92.2430
1741334900.665, 4.066, 4.079, 1.9533, -0.8505, -3.4511, -0.1597, 55.9782, 92.2503
1741334900.745, 4.066, 4.077, 1.9533, -0.8504, -3.4513, -0.1571, 55.9826, 92.2492
1741334900.825, 4.066, 4.077, 1.9533, -0.8504, -3.4512, -0.1687, 55.9786, 92.2581
1741334900.904, 4.066, 4.077, 1.9532, -0.8505, -3.4513, -0.1715, 55.9786, 92.2630
1741334900.984, 4.066, 4.079, 1.9533, -0.8505, -3.4513, -0.1765, 55.9859, 92.2605
1741334901.064, 4.065, 4.079, 1.9533, -0.8505, -3.4511, -0.1753, 55.9852, 92.2617
1741334901.143, 4.065, 4.077, 1.9532, -0.8504, -3.4510, -0.1652, 55.9765, 92.2522
1741334901.223, 4.065, 4.077, 1.9532, -0.8504, -3.4511, -0.1607, 55.9802, 92.2429
1741334901.303, 4.065, 4.078, 1.9532, -0.8504, -3.4512, -0.1645, 55.9824, 92.2410
1741334901.382, 4.067, 4.078, 1.9533, -0.8505, -3.4511, -0.1540, 55.9806, 92.2328
1741334901.462, 4.065, 4.078, 1.9533, -0.8505, -3.4511, -0.1534, 55.9855, 92.2391
1741334901.541, 4.068, 4.077, 1.9533, -0.8505, -3.4511, -0.1437, 55.9838, 92.2187
1741334901.621, 4.068, 4.077, 1.9532, -0.8504, -3.4511, -0.1469, 55.9856, 92.2187
1741334901.701, 4.067, 4.080, 1.9532, -0.8505, -3.4512, -0.1513, 55.9866, 92.2306
1741334901.781, 4.066, 4.077, 1.9532, -0.8504, -3.4511, -0.1716, 55.9890, 92.2485
1741334901.860, 4.066, 4.077, 1.9532, -0.8504, -3.4511, -0.1937, 55.9899, 92.2655
1741334901.940, 4.065, 4.079, 1.9508, -0.8503, -3.4496, -0.0756, 56.0472, 92.1376
1741334902.019, 4.065, 4.078, 1.9406, -0.8498, -3.4428, -0.0741, 56.1058, 92.0475
1741334902.099, 4.065, 4.073, 1.9240, -0.8517, -3.4324, -0.1087, 56.0729, 92.1662
1741334902.179, 4.064, 4.073, 1.9046, -0.8517, -3.4189, -0.3407, 56.1138, 92.3696
1741334902.258, 4.064, 4.056, 1.8851, -0.8524, -3.4063, -0.1908, 56.0458, 92.2149
1741334902.338, 4.068, 4.029, 1.8685, -0.8530, -3.3951, -0.2336, 55.9840, 92.2731
1741334902.417, 4.068, 3.997, 1.8549, -0.8538, -3.3861, -0.2358, 55.9634, 92.2551
1741334902.497, 4.068, 3.972, 1.8435, -0.8538, -3.3787, -0.1678, 56.1528, 92.0854
1741334902.577, 4.066, 3.972, 1.8324, -0.8547, -3.3715, -0.1775, 56.1348, 92.1297
1741334902.657, 4.064, 3.952, 1.8208, -0.8546, -3.3637, -0.2080, 56.1314, 92.2393
1741334902.736, 4.066, 3.936, 1.8075, -0.8545, -3.3547, -0.1213, 56.0598, 92.1234
1741334902.816, 4.066, 3.917, 1.7984, -0.8545, -3.3486, -0.0888, 56.1213, 90.1699
1741334902.895, 4.067, 3.898, 1.7905, -0.8536, -3.3431, -0.0828, 56.1428, 89.4334
1741334902.975, 4.069, 3.898, 1.7776, -0.8541, -3.3352, -0.1563, 56.1351, 89.5059
1741334903.055, 4.067, 3.892, 1.7608, -0.8543, -3.3246, 0.0531, 56.2204, 89.6419
1741334903.134, 4.066, 3.875, 1.7389, -0.8568, -3.3091, -0.2559, 56.2222, 91.5882
1741334903.214, 4.066, 3.855, 1.7244, -0.8561, -3.2995, -0.5139, 56.6326, 92.1055
1741334903.413, 4.068, 3.799, 1.7042, -0.8581, -3.2869, -0.2070, 56.0423, 91.3718
1741334903.493, 4.067, 3.787, 1.6946, -0.8579, -3.2816, 0.6041, 55.9018, 90.6113
1741334903.572, 4.068, 3.787, 1.6844, -0.8572, -3.2737, -0.1462, 56.6462, 91.9717
1741334903.652, 4.068, 3.773, 1.6731, -0.8567, -3.2659, -0.4549, 56.5922, 94.0545
1741334903.732, 4.067, 3.761, 1.6611, -0.8562, -3.2584, 0.0079, 56.2688, 94.0478
1741334903.811, 4.067, 3.740, 1.6474, -0.8578, -3.2495, -0.1497, 56.2152, 94.2751
1741334903.891, 4.068, 3.725, 1.6339, -0.8588, -3.2411, 0.1142, 56.2273, 93.0820
1741334903.971, 4.069, 3.725, 1.6235, -0.8603, -3.2335, -0.4548, 56.4227, 91.9358
1741334904.050, 4.068, 3.703, 1.6110, -0.8604, -3.2239, -0.9290, 56.5035, 92.7855
1741334905.822, 4.069, 3.437, 1.4066, -0.8670, -3.0899, -0.4255, 56.3987, 92.1324
1741334905.902, 4.070, 3.429, 1.3987, -0.8679, -3.0848, -0.3641, 56.3933, 92.0692
1741334905.981, 4.068, 3.419, 1.3903, -0.8675, -3.0792, -0.4287, 56.4140, 92.1521
1741334906.061, 4.069, 3.419, 1.3850, -0.8663, -3.0780, 0.5417, 56.6724, 90.8309
1741334906.141, 4.069, 3.404, 1.3842, -0.8665, -3.0778, 0.6080, 56.6909, 90.6334
1741334906.220, 4.069, 3.396, 1.3844, -0.8666, -3.0779, 0.5833, 56.7069, 90.6352
1741334906.300, 4.067, 3.396, 1.3844, -0.8666, -3.0777, 0.5496, 56.7101, 90.6711
1741334906.380, 4.067, 3.398, 1.3845, -0.8666, -3.0777, 0.5671, 56.7192, 90.6445
1741334906.459, 4.067, 3.398, 1.3845, -0.8667, -3.0778, 0.5698, 56.7150, 90.6356
1741334906.539, 4.066, 3.400, 1.3844, -0.8666, -3.0776, 0.5639, 56.7110, 90.6474
1741334906.619, 4.066, 3.396, 1.3844, -0.8666, -3.0776, 0.5669, 56.7070, 90.6433
1741334906.698, 4.067, 3.396, 1.3844, -0.8666, -3.0776, 0.5720, 56.7046, 90.6377
1741334906.778, 4.068, 3.398, 1.3845, -0.8667, -3.0776, 0.5753, 56.7053, 90.6372
1741334906.858, 4.067, 3.398, 1.3843, -0.8666, -3.0776, 0.5829, 56.7053, 90.6328
1741334906.937, 4.067, 3.396, 1.3843, -0.8666, -3.0775, 0.5737, 56.7089, 90.6322
1741334907.017, 4.067, 3.399, 1.3844, -0.8666, -3.0774, 0.5638, 56.7069, 90.6335
1741334907.097, 4.066, 3.396, 1.3843, -0.8666, -3.0774, 0.5700, 56.7029, 90.6302
1741334907.176, 4.067, 3.395, 1.3844, -0.8667, -3.0775, 0.5820, 56.7101, 90.6285
1741334907.256, 4.066, 3.395, 1.3865, -0.8669, -3.0780, 0.1921, 56.6589, 91.2296
1741334907.335, 4.068, 3.396, 1.3950, -0.8667, -3.0825, -0.2841, 56.6854, 91.9974
1741334907.415, 4.068, 3.400, 1.4081, -0.8664, -3.0907, -0.4283, 56.7705, 92.0809
1741334907.495, 4.068, 3.413, 1.4238, -0.8666, -3.1013, -0.5081, 56.9711, 92.1297
1741334907.574, 4.068, 3.413, 1.4403, -0.8661, -3.1123, -0.4420, 57.3282, 92.1549
1741334907.654, 4.069, 3.428, 1.4569, -0.8654, -3.1232, -0.5064, 57.6330, 92.2015
1741334907.734, 4.068, 3.457, 1.4723, -0.8647, -3.1332, -0.4478, 57.9079, 92.0825
1741334907.813, 4.068, 3.479, 1.4863, -0.8644, -3.1422, -0.4848, 58.1263, 92.0566
1741334907.893, 4.067, 3.501, 1.4997, -0.8644, -3.1507, -0.5992, 58.2030, 92.2063
1741334907.973, 4.068, 3.501, 1.5128, -0.8637, -3.1589, -0.5592, 58.4060, 92.2195
1741334908.052, 4.069, 3.527, 1.5261, -0.8633, -3.1671, -0.6465, 58.6187, 92.2804
1741334908.132, 4.068, 3.543, 1.5390, -0.8628, -3.1751, -0.6325, 58.8010, 92.3394
1741334908.212, 4.068, 3.543, 1.5527, -0.8622, -3.1838, -0.4985, 58.9974, 92.2176
1741334908.291, 4.070, 3.585, 1.5662, -0.8621, -3.1928, -0.3078, 59.2624, 92.0536
1741334908.371, 4.073, 3.585, 1.5759, -0.8606, -3.2020, 1.3480, 59.6494, 90.8026
1741334908.451, 4.070, 3.606, 1.5815, -0.8606, -3.2057, 1.2021, 59.4844, 91.0912
1741334908.530, 4.069, 3.625, 1.5833, -0.8605, -3.2064, 1.0481, 59.5022, 91.2353
1741334908.610, 4.069, 3.633, 1.5832, -0.8607, -3.2061, 1.0136, 59.4542, 91.2886
1741334908.689, 4.069, 3.639, 1.5830, -0.8606, -3.2061, 1.0407, 59.4423, 91.2546
1741334908.769, 4.068, 3.639, 1.5832, -0.8606, -3.2063, 1.0248, 59.4364, 91.2560
1741334908.849, 4.066, 3.639, 1.5832, -0.8606, -3.2062, 1.0283, 59.4264, 91.2490
1741334908.928, 4.067, 3.638, 1.5832, -0.8607, -3.2063, 1.0270, 59.4292, 91.2347
1741334909.008, 4.067, 3.635, 1.5832, -0.8607, -3.2063, 1.0280, 59.4245, 91.2323
1741334909.088, 4.067, 3.635, 1.5832, -0.8607, -3.2063, 1.0297, 59.4195, 91.2331
1741334909.167, 4.067, 3.635, 1.5832, -0.8608, -3.2064, 1.0232, 59.4110, 91.2328
1741334909.366, 4.069, 3.640, 1.5833, -0.8607, -3.2065, 1.0146, 59.3996, 91.2256
1741334909.565, 4.068, 3.635, 1.5832, -0.8607, -3.2065, 1.0002, 59.3964, 91.2525
1741334909.645, 4.068, 3.635, 1.5833, -0.8607, -3.2066, 1.0305, 59.3630, 91.2114
1741334909.725, 4.067, 3.637, 1.5821, -0.8607, -3.2060, 1.0857, 59.3197, 91.1662
1741334909.804, 4.067, 3.638, 1.5784, -0.8608, -3.2038, 1.0961, 59.2766, 91.0863
1741334909.884, 4.066, 3.633, 1.5723, -0.8618, -3.1981, -0.0742, 59.4086, 91.8927
1741334909.964, 4.066, 3.633, 1.5624, -0.8622, -3.1910, -0.5777, 59.2601, 92.2994
1741334910.043, 4.073, 3.629, 1.5527, -0.8622, -3.1847, -0.6218, 59.0561, 92.3773
1741334910.123, 4.072, 3.614, 1.5449, -0.8623, -3.1797, -0.6178, 58.8643, 92.3792
1741334910.203, 4.072, 3.594, 1.5387, -0.8627, -3.1759, -0.6681, 58.7444, 92.4316
1741334910.282, 4.072, 3.587, 1.5334, -0.8628, -3.1724, -0.7061, 58.6795, 92.4098
1741334910.362, 4.070, 3.587, 1.5282, -0.8631, -3.1693, -0.6354, 58.5444, 92.2949
1741334910.441, 4.070, 3.580, 1.5224, -0.8632, -3.1657, -0.6935, 58.4841, 92.3270
1741334910.521, 4.070, 3.569, 1.5158, -0.8632, -3.1613, -0.6775, 58.2636, 92.2856
1741334910.601, 4.071, 3.562, 1.5089, -0.8636, -3.1572, -0.5567, 58.1578, 92.2167
1741334910.680, 4.068, 3.550, 1.5015, -0.8640, -3.1525, -0.6349, 58.0989, 92.2510
1741334910.760, 4.071, 3.550, 1.4945, -0.8641, -3.1479, -0.6427, 58.0095, 92.2521
1741334910.840, 4.068, 3.543, 1.4876, -0.8643, -3.1436, -0.6433, 57.9352, 92.2165
1741334910.920, 4.068, 3.529, 1.4812, -0.8643, -3.1395, -0.5793, 57.7978, 92.1611
1741334910.999, 4.067, 3.523, 1.4754, -0.8647, -3.1356, -0.5749, 57.7175, 92.1443
1741334911.079, 4.069, 3.510, 1.4693, -0.8649, -3.1316, -0.5194, 57.6223, 92.1913
1741334911.158, 4.067, 3.510, 1.4621, -0.8649, -3.1270, -0.5202, 57.4757, 92.2502
1741334911.238, 4.068, 3.500, 1.4550, -0.8653, -3.1221, -0.5842, 57.3210, 92.3132
1741334911.318, 4.068, 3.492, 1.4477, -0.8657, -3.1175, -0.5603, 57.1176, 92.3194
1741334911.397, 4.068, 3.481, 1.4408, -0.8659, -3.1128, -0.5918, 57.0588, 92.3525
1741334911.477, 4.068, 3.474, 1.4343, -0.8663, -3.1083, -0.6491, 56.9732, 92.3853
1741334911.557, 4.067, 3.474, 1.4282, -0.8663, -3.1040, -0.6974, 56.8753, 92.3721
1741334911.636, 4.069, 3.458, 1.4223, -0.8662, -3.1002, -0.6049, 56.7613, 92.2481
1741334911.716, 4.069, 3.450, 1.4165, -0.8666, -3.0962, -0.6435, 56.6787, 92.2489
1741334911.795, 4.068, 3.439, 1.4104, -0.8668, -3.0922, -0.5362, 56.5771, 92.1268
1741334911.875, 4.069, 3.434, 1.4032, -0.8668, -3.0875, -0.5599, 56.5589, 92.1768
1741334911.955, 4.068, 3.434, 1.3964, -0.8672, -3.0830, -0.4732, 56.4208, 92.1094
1741334912.034, 4.068, 3.423, 1.3901, -0.8673, -3.0787, -0.4565, 56.3602, 92.1252
1741334912.114, 4.068, 3.409, 1.3866, -0.8671, -3.0775, 0.1492, 56.3868, 91.3006
1741334912.194, 4.068, 3.403, 1.3854, -0.8666, -3.0776, 0.4191, 56.4327, 90.9171
1741334912.273, 4.068, 3.401, 1.3839, -0.8664, -3.0768, 0.5730, 56.3864, 90.5787
1741334912.353, 4.066, 3.401, 1.3820, -0.8658, -3.0751, 0.4429, 56.3704, 90.0362
1741334912.432, 4.067, 3.396, 1.3759, -0.8654, -3.0706, 0.3481, 56.2267, 89.6595
1741334912.512, 4.067, 3.395, 1.3656, -0.8659, -3.0635, 0.2942, 56.2619, 89.6295
1741334912.592, 4.066, 3.385, 1.3574, -0.8662, -3.0562, -0.4904, 55.6247, 89.7164
1741334912.672, 4.067, 3.373, 1.3485, -0.8663, -3.0489, -0.8450, 55.3165, 90.1869
1741334912.751, 4.069, 3.373, 1.3414, -0.8668, -3.0433, -0.9449, 54.8284, 90.3380
1741334912.831, 4.075, 3.360, 1.3359, -0.8672, -3.0390, -0.9134, 54.5927, 90.3948
1741334912.910, 4.075, 3.352, 1.3286, -0.8680, -3.0332, -1.0392, 54.1968, 91.3061
1741334912.990, 4.080, 3.343, 1.3165, -0.8698, -3.0262, -0.2049, 54.1761, 92.0613
1741334913.070, 4.082, 3.343, 1.3102, -0.8696, -3.0206, -0.4953, 54.2428, 92.2750
1741334913.150, 4.082, 3.323, 1.3061, -0.8700, -3.0175, -0.4046, 54.1872, 92.2459
1741334913.229, 4.085, 3.311, 1.3028, -0.8699, -3.0160, -0.3090, 54.1910, 92.1965
1741334913.309, 4.085, 3.300, 1.2989, -0.8702, -3.0133, -0.2210, 54.0380, 92.1158
1741334913.388, 4.083, 3.301, 1.2934, -0.8703, -3.0093, -0.1675, 53.8534, 92.0799
1741334913.468, 4.084, 3.301, 1.2871, -0.8704, -3.0043, -0.1802, 53.7568, 92.1033
1741334913.548, 4.084, 3.290, 1.2799, -0.8709, -2.9987, -0.2040, 53.6111, 92.1616
1741334913.627, 4.085, 3.281, 1.2723, -0.8706, -2.9948, 0.6495, 52.9876, 91.5921
1741334913.707, 4.085, 3.268, 1.2682, -0.8704, -2.9928, 1.2100, 52.6647, 91.4304
1741334913.787, 4.085, 3.263, 1.2665, -0.8700, -2.9926, 1.5642, 52.6755, 91.1001
1741334913.866, 4.089, 3.263, 1.2636, -0.8697, -2.9921, 2.2752, 52.6245, 90.4741
1741334913.946, 4.090, 3.260, 1.2568, -0.8693, -2.9889, 3.1837, 52.4372, 89.8644
1741334914.025, 4.096, 3.261, 1.2481, -0.8687, -2.9747, -0.1822, 52.4885, 94.3820
1741334914.105, 4.096, 3.251, 1.2355, -0.8689, -2.9641, -0.1039, 52.6572, 94.3368
1741334914.185, 4.088, 3.239, 1.2256, -0.8696, -2.9543, -1.1418, 52.9790, 94.8179
1741334914.265, 4.095, 3.239, 1.2197, -0.8705, -2.9465, -2.5223, 53.2157, 94.7373
1741334914.344, 4.100, 3.214, 1.2116, -0.8731, -2.9448, -0.7389, 53.0336, 92.6637
1741334914.543, 4.097, 3.192, 1.2027, -0.8730, -2.9394, -0.0109, 52.8241, 91.5811
1741334914.623, 4.097, 3.181, 1.2009, -0.8732, -2.9382, 0.0632, 52.6990, 91.4756
1741334914.702, 4.097, 3.180, 1.1984, -0.8730, -2.9374, 0.4442, 52.8107, 90.9022
1741334914.782, 4.097, 3.175, 1.1965, -0.8728, -2.9367, 0.8121, 52.7386, 90.4568
1741334914.862, 4.096, 3.175, 1.1963, -0.8725, -2.9365, 0.7369, 52.7520, 90.2518
1741334914.942, 4.100, 3.179, 1.1950, -0.8720, -2.9352, 0.5581, 52.7072, 89.7291
1741334915.021, 4.097, 3.172, 1.1908, -0.8719, -2.9312, 0.3811, 52.5975, 89.0497
1741334915.101, 4.097, 3.171, 1.1828, -0.8720, -2.9239, -0.0049, 52.3836, 88.8983
1741334915.180, 4.098, 3.171, 1.1735, -0.8726, -2.9164, -0.1818, 52.0288, 88.9949
1741334915.260, 4.100, 3.171, 1.1644, -0.8725, -2.9086, -0.2643, 51.5225, 89.1525
1741334915.340, 4.104, 3.155, 1.1569, -0.8729, -2.9023, -0.3318, 51.0049, 89.4108
1741334915.539, 4.120, 3.132, 1.1352, -0.8756, -2.8848, 0.0272, 50.6999, 91.2327
1741334915.618, 4.124, 3.125, 1.1302, -0.8754, -2.8805, 0.1035, 50.3012, 91.0740
1741334915.698, 4.124, 3.103, 1.1269, -0.8750, -2.8774, 0.0968, 50.2087, 91.0811
1741334915.897, 4.127, 3.095, 1.1175, -0.8759, -2.8697, 0.1992, 50.1049, 90.9377
1741334915.977, 4.126, 3.087, 1.1118, -0.8758, -2.8645, 0.0888, 50.0574, 90.9485
1741334916.056, 4.130, 3.087, 1.1049, -0.8758, -2.8584, 0.0664, 49.8662, 90.9917
1741334916.136, 4.131, 3.084, 1.0982, -0.8759, -2.8521, 0.0090, 49.6834, 91.0780
1741334916.216, 4.131, 3.070, 1.0920, -0.8759, -2.8480, 0.6076, 48.9852, 90.7306
1741334916.295, 4.136, 3.060, 1.0894, -0.8757, -2.8467, 0.8217, 48.9056, 90.7836
1741334916.375, 4.140, 3.061, 1.0897, -0.8759, -2.8471, 0.9905, 48.9067, 90.5582
1741334916.455, 4.145, 3.061, 1.0892, -0.8758, -2.8472, 1.0413, 48.8023, 90.5500
1741334916.534, 4.144, 3.061, 1.0876, -0.8755, -2.8468, 1.4262, 48.7151, 90.2670
1741334916.614, 4.144, 3.062, 1.0817, -0.8748, -2.8448, 2.6042, 48.7519, 89.6097
1741334916.694, 4.145, 3.055, 1.0735, -0.8738, -2.8326, 0.6553, 48.9740, 92.7879
1741334916.773, 4.145, 3.049, 1.0618, -0.8738, -2.8203, 0.0998, 49.0329, 93.6612
1741334916.853, 4.146, 3.049, 1.0487, -0.8744, -2.8078, -0.1212, 48.8244, 93.7390
1741334916.932, 4.156, 3.033, 1.0421, -0.8766, -2.7987, -1.4262, 48.9868, 92.9388
1741334917.012, 4.156, 3.003, 1.0344, -0.8780, -2.7949, -0.0584, 48.8314, 91.3897
1741334917.092, 4.158, 2.994, 1.0302, -0.8778, -2.7925, 0.2005, 48.7745, 91.0420
1741334917.171, 4.159, 2.977, 1.0295, -0.8778, -2.7918, 0.1963, 48.7807, 91.0170
1741334917.251, 4.161, 2.977, 1.0287, -0.8779, -2.7910, 0.1859, 48.7397, 90.9789
1741334917.331, 4.160, 2.976, 1.0251, -0.8780, -2.7877, 0.1554, 48.7350, 90.9713
1741334917.410, 4.160, 2.981, 1.0184, -0.8781, -2.7821, 0.1863, 48.6469, 90.9745
1741334917.490, 4.160, 2.969, 1.0111, -0.8781, -2.7751, 0.1035, 48.5312, 91.0531
1741334917.570, 4.161, 2.960, 1.0031, -0.8788, -2.7679, 0.0930, 48.4247, 91.1055
1741334917.649, 4.167, 2.960, 0.9970, -0.8791, -2.7621, 0.0581, 48.2973, 91.1588
1741334917.729, 4.171, 2.954, 0.9917, -0.8789, -2.7574, 0.1422, 48.2273, 91.1098
1741334917.809, 4.171, 2.943, 0.9893, -0.8787, -2.7545, 0.1156, 47.6700, 90.9772
1741334917.888, 4.174, 2.938, 0.9889, -0.8787, -2.7537, 0.0677, 47.6290, 90.8245
1741334917.968, 4.180, 2.936, 0.9868, -0.8789, -2.7515, 0.2733, 47.0030, 90.8863
1741334918.048, 4.187, 2.936, 0.9805, -0.8788, -2.7465, 0.2957, 47.7281, 90.8784
1741334918.127, 4.198, 2.933, 0.9754, -0.8780, -2.7412, -0.7264, 49.2329, 91.0838
1741334918.207, 4.198, 2.928, 0.9701, -0.8776, -2.7373, -1.4576, 51.2986, 91.0468
1741334918.286, 4.181, 2.899, 0.9621, -0.8773, -2.7358, -0.1396, 52.7402, 88.9171
1741334918.366, 4.157, 2.899, 0.9534, -0.8778, -2.7286, -0.5284, 52.2146, 89.4690
1741334918.446, 4.137, 2.887, 0.9457, -0.8782, -2.7225, -0.4624, 52.0367, 89.3753
1741334918.525, 4.142, 2.866, 0.9393, -0.8782, -2.7174, -0.4433, 51.8324, 89.3467
1741334918.605, 4.142, 2.861, 0.9341, -0.8782, -2.7132, -0.3513, 51.6801, 89.2384
1741334918.685, 4.144, 2.845, 0.9292, -0.8784, -2.7093, -0.3291, 51.7796, 89.2356
1741334918.765, 4.146, 2.845, 0.9230, -0.8788, -2.7047, -0.2981, 51.7202, 89.5164
1741334918.844, 4.145, 2.846, 0.9121, -0.8803, -2.6962, -0.1412, 51.4355, 90.8011
1741334918.924, 4.147, 2.837, 0.9014, -0.8809, -2.6888, 0.2073, 51.5194, 90.9062
1741334919.003, 4.147, 2.815, 0.8950, -0.8813, -2.6836, 0.2944, 51.4722, 90.8814
1741334919.083, 4.150, 2.802, 0.8906, -0.8814, -2.6799, 0.2162, 51.4256, 90.9139
1741334919.163, 4.152, 2.802, 0.8876, -0.8812, -2.6778, 0.5731, 51.0403, 90.4245
1741334919.242, 4.153, 2.789, 0.8868, -0.8810, -2.6777, 0.8546, 51.0861, 90.0480
1741334919.322, 4.155, 2.791, 0.8862, -0.8808, -2.6775, 0.8294, 51.1771, 89.8997
1741334919.402, 4.155, 2.784, 0.8862, -0.8802, -2.6773, 0.5075, 51.6310, 89.7111
1741334919.481, 4.155, 2.788, 0.8863, -0.8797, -2.6759, 0.1143, 51.9463, 89.6271
1741334919.561, 4.154, 2.788, 0.8856, -0.8785, -2.6713, -1.4957, 52.0700, 90.3600
1741334919.641, 4.151, 2.785, 0.8799, -0.8774, -2.6619, -3.3912, 51.9952, 91.5195
1741334921.532, 4.247, 2.535, 0.6493, -0.8858, -2.4788, 0.3997, 47.9220, 90.4774
1741334921.612, 4.253, 2.524, 0.6387, -0.8863, -2.4693, 0.5847, 47.9213, 90.2988
1741334921.691, 4.253, 2.501, 0.6288, -0.8865, -2.4600, 0.4571, 47.9418, 90.3356
1741334921.771, 4.258, 2.488, 0.6194, -0.8869, -2.4514, 0.4172, 47.9276, 90.3536
1741334921.851, 4.259, 2.488, 0.6100, -0.8871, -2.4429, 0.3264, 47.8347, 90.4696
1741334921.930, 4.261, 2.472, 0.6005, -0.8869, -2.4341, 0.2476, 47.7228, 90.5643
1741334922.010, 4.261, 2.454, 0.5909, -0.8872, -2.4253, 0.1647, 47.6941, 90.6905
1741334922.089, 4.265, 2.441, 0.5810, -0.8874, -2.4162, 0.2453, 47.4444, 90.6485
1741334922.169, 4.267, 2.423, 0.5706, -0.8875, -2.4079, 0.2621, 48.0176, 90.6518
1741334922.249, 4.272, 2.423, 0.5600, -0.8880, -2.4009, 0.3430, 49.4360, 90.4898
1741334922.329, 4.267, 2.411, 0.5501, -0.8877, -2.3927, 0.3178, 49.6743, 90.3879
1741334922.408, 4.267, 2.379, 0.5406, -0.8880, -2.3844, 0.3232, 49.6025, 90.3123
1741334922.488, 4.253, 2.363, 0.5313, -0.8885, -2.3763, 0.2746, 49.5849, 90.3645
1741334922.567, 4.254, 2.346, 0.5217, -0.8889, -2.3683, 0.2929, 49.4602, 90.3359
1741334922.647, 4.259, 2.346, 0.5119, -0.8888, -2.3601, 0.3047, 49.3412, 90.4333
1741334922.727, 4.259, 2.330, 0.5024, -0.8893, -2.3525, 0.3501, 49.1707, 90.3854
1741334922.806, 4.259, 2.319, 0.4929, -0.8884, -2.3434, 0.2284, 49.1349, 90.5059
1741334922.886, 4.264, 2.304, 0.4828, -0.8890, -2.3349, 0.4420, 49.1130, 90.3382
1741334922.966, 4.263, 2.286, 0.4733, -0.8891, -2.3262, 0.2753, 49.1952, 90.4435
1741334923.045, 4.271, 2.286, 0.4634, -0.8905, -2.3192, 0.3493, 49.6138, 90.4750
1741334923.125, 4.272, 2.270, 0.4536, -0.8903, -2.3108, 0.2646, 49.9306, 90.6485
1741334923.205, 4.272, 2.254, 0.4442, -0.8906, -2.3030, 0.1925, 49.8393, 90.8668
1741334923.284, 4.265, 2.237, 0.4344, -0.8902, -2.2948, 0.1993, 49.9840, 90.9781
1741334923.364, 4.264, 2.222, 0.4250, -0.8903, -2.2866, 0.1607, 49.9772, 91.0848
1741334923.443, 4.268, 2.222, 0.4150, -0.8906, -2.2787, 0.2973, 49.8572, 91.0765
1741334923.523, 4.269, 2.205, 0.4056, -0.8910, -2.2708, 0.3345, 49.8761, 91.0127
1741334923.603, 4.269, 2.189, 0.3959, -0.8911, -2.2626, 0.4215, 49.8546, 90.9723
1741334923.682, 4.272, 2.174, 0.3864, -0.8919, -2.2545, 0.4032, 49.8258, 90.9149
1741334923.762, 4.272, 2.159, 0.3766, -0.8920, -2.2470, 0.4861, 49.9133, 90.8398
1741334923.842, 4.275, 2.159, 0.3672, -0.8918, -2.2385, 0.3124, 49.9819, 91.0430
1741334923.921, 4.276, 2.143, 0.3572, -0.8922, -2.2303, 0.4110, 49.9267, 91.0138
1741334924.001, 4.276, 2.126, 0.3480, -0.8929, -2.2228, 0.4668, 49.9719, 91.0146
1741334924.081, 4.278, 2.109, 0.3388, -0.8931, -2.2154, 0.5374, 49.9134, 90.9599
1741334924.160, 4.277, 2.109, 0.3295, -0.8933, -2.2079, 0.5289, 50.0995, 90.8705
1741334924.240, 4.277, 2.093, 0.3195, -0.8931, -2.2022, 0.4639, 52.0096, 90.8790
1741334924.320, 4.277, 2.078, 0.3090, -0.8938, -2.1965, 0.5523, 53.8830, 90.7401
1741334924.399, 4.277, 2.057, 0.2990, -0.8942, -2.1892, 0.3940, 54.0288, 90.8838
1741334924.479, 4.256, 2.036, 0.2892, -0.8943, -2.1823, 0.4439, 53.8978, 90.8273
1741334924.558, 4.256, 2.036, 0.2797, -0.8945, -2.1750, 0.4510, 53.6923, 90.8482
1741334924.638, 4.255, 2.022, 0.2705, -0.8952, -2.1683, 0.3887, 53.6325, 90.9135
1741334924.718, 4.255, 2.009, 0.2613, -0.8953, -2.1616, 0.3573, 53.6429, 90.9560
1741334924.797, 4.255, 1.995, 0.2520, -0.8953, -2.1543, 0.3875, 53.3962, 91.0145
1741334924.877, 4.256, 1.981, 0.2428, -0.8956, -2.1470, 0.3953, 53.1581, 90.9641
1741334924.957, 4.257, 1.981, 0.2331, -0.8960, -2.1397, 0.2982, 53.0165, 90.9754
1741334925.036, 4.257, 1.966, 0.2232, -0.8966, -2.1327, 0.3576, 53.1242, 90.8772
1741334925.116, 4.260, 1.952, 0.2134, -0.8966, -2.1252, 0.3184, 52.9899, 90.8929
1741334925.196, 4.260, 1.937, 0.2033, -0.8971, -2.1174, 0.2489, 52.8994, 90.9479
1741334925.275, 4.264, 1.921, 0.1933, -0.8980, -2.1097, 0.2583, 52.7954, 90.9932
1741334925.355, 4.266, 1.921, 0.1835, -0.8978, -2.1025, 0.4752, 52.6357, 90.9220
1741334925.435, 4.264, 1.905, 0.1740, -0.8982, -2.0954, 0.4796, 52.4860, 90.9753
1741334925.514, 4.272, 1.890, 0.1646, -0.8982, -2.0878, 0.3019, 52.5257, 91.0772
1741334925.594, 4.272, 1.876, 0.1543, -0.8984, -2.0824, 0.4481, 54.0145, 90.8459
1741334925.674, 4.271, 1.859, 0.1475, -0.8976, -2.0776, -0.9268, 56.4842, 91.2269
1741334925.753, 4.267, 1.859, 0.1423, -0.8966, -2.0749, -0.3374, 56.9361, 89.8138
1741334925.833, 4.259, 1.842, 0.1341, -0.8973, -2.0686, -0.9495, 56.8736, 90.5741
1741334925.912, 4.253, 1.834, 0.1251, -0.8974, -2.0641, -0.5571, 56.6832, 89.9565
1741334925.992, 4.253, 1.822, 0.1152, -0.8977, -2.0579, -0.3097, 56.5661, 89.6772
1741334926.072, 4.256, 1.811, 0.1048, -0.8981, -2.0511, -0.3251, 56.4529, 89.7603
1741334926.151, 4.253, 1.811, 0.0951, -0.8981, -2.0442, -0.5065, 56.2491, 89.9032
1741334926.231, 4.254, 1.795, 0.0853, -0.8985, -2.0376, -0.4609, 56.1275, 89.9194
1741334926.311, 4.256, 1.779, 0.0752, -0.8985, -2.0304, -0.7978, 55.8527, 90.3027
1741334926.390, 4.256, 1.765, 0.0652, -0.8989, -2.0241, -0.3233, 55.4632, 89.7240
1741334926.470, 4.257, 1.749, 0.0560, -0.8993, -2.0165, -0.4584, 54.8049, 89.6197
1741334926.550, 4.255, 1.749, 0.0454, -0.8997, -2.0089, -0.4570, 54.6428, 89.6711
1741334926.629, 4.261, 1.736, 0.0349, -0.9000, -2.0014, -0.5920, 54.4895, 89.7657
1741334926.709, 4.261, 1.721, 0.0244, -0.9003, -1.9935, -0.6174, 54.4593, 89.9853
1741334926.789, 4.261, 1.704, 0.0149, -0.9000, -1.9823, -2.7744, 54.6248, 92.8223
1741334926.868, 4.265, 1.687, 0.0056, -0.9007, -1.9743, -2.7242, 54.9636, 92.9136
1741334926.948, 4.273, 1.687, -0.0038, -0.9009, -1.9670, -3.1554, 55.1797, 93.3182
1741334927.027, 4.272, 1.671, -0.0149, -0.9009, -1.9589, -3.5629, 55.2668, 93.9124
1741334927.107, 4.276, 1.658, -0.0254, -0.9014, -1.9510, -3.7810, 55.3355, 94.0328
1741334927.187, 4.276, 1.638, -0.0356, -0.9014, -1.9433, -3.9825, 55.3881, 94.2563
1741334927.266, 4.276, 1.621, -0.0455, -0.9014, -1.9362, -4.0031, 55.2185, 94.2913
1741334927.346, 4.276, 1.621, -0.0554, -0.9019, -1.9280, -3.6843, 54.1023, 94.1267
1741334927.426, 4.277, 1.606, -0.0656, -0.9018, -1.9202, -3.7371, 53.9633, 94.2446
1741334927.505, 4.277, 1.591, -0.0760, -0.9019, -1.9120, -3.8344, 53.9289, 94.2297
1741334927.585, 4.282, 1.574, -0.0869, -0.9027, -1.9040, -3.8726, 53.9247, 94.2913
1741334927.665, 4.285, 1.558, -0.0976, -0.9028, -1.8959, -3.9617, 53.8481, 94.3391
1741334927.744, 4.287, 1.558, -0.1081, -0.9031, -1.8881, -3.9621, 53.8271, 94.2482
1741334927.824, 4.293, 1.540, -0.1188, -0.9035, -1.8802, -3.8793, 53.6092, 94.0910
1741334927.903, 4.293, 1.524, -0.1288, -0.9040, -1.8728, -3.8301, 53.5617, 94.0103
1741334927.983, 4.291, 1.508, -0.1386, -0.9042, -1.8646, -3.6056, 52.5984, 93.8006
1741334928.063, 4.294, 1.491, -0.1478, -0.9047, -1.8568, -3.3608, 51.5313, 93.5651
1741334928.143, 4.302, 1.491, -0.1577, -0.9047, -1.8488, -3.4520, 51.5698, 93.7038
1741334928.222, 4.309, 1.480, -0.1678, -0.9053, -1.8407, -3.3416, 51.6066, 93.6209
1741334928.302, 4.309, 1.462, -0.1785, -0.9058, -1.8325, -3.4265, 51.5682, 93.7363
1741334928.382, 4.313, 1.445, -0.1889, -0.9062, -1.8242, -3.2824, 51.5826, 93.6717
1741334928.461, 4.314, 1.430, -0.1994, -0.9066, -1.8156, -3.3759, 51.7037, 93.9429
1741334928.541, 4.318, 1.430, -0.2100, -0.9068, -1.8089, -2.9297, 51.9592, 93.7733
1741334928.620, 4.317, 1.412, -0.2200, -0.9072, -1.8016, -2.9962, 52.1727, 93.9050
1741334928.700, 4.317, 1.399, -0.2297, -0.9070, -1.7941, -2.9524, 52.2449, 93.7643
1741334928.780, 4.310, 1.381, -0.2395, -0.9072, -1.7879, -3.2315, 53.4563, 93.9802
1741334928.859, 4.314, 1.367, -0.2506, -0.9067, -1.7827, -3.6657, 56.2941, 94.3406
1741334928.939, 4.310, 1.367, -0.2615, -0.9068, -1.7768, -4.4551, 58.3313, 94.8458
1741334929.019, 4.294, 1.348, -0.2729, -0.9072, -1.7704, -4.1532, 58.4232, 94.8268
1741334929.098, 4.294, 1.333, -0.2838, -0.9088, -1.7642, -3.8623, 58.3092, 94.5861
1741334929.178, 4.291, 1.318, -0.2940, -0.9087, -1.7583, -3.8490, 58.2813, 94.5717
1741334929.257, 4.292, 1.299, -0.3038, -0.9088, -1.7525, -3.6168, 58.2390, 94.4090
1741334929.337, 4.286, 1.299, -0.3136, -0.9090, -1.7463, -3.4101, 57.9812, 94.2405
1741334929.417, 4.292, 1.287, -0.3230, -0.9090, -1.7388, -2.8194, 56.1341, 93.9712
1741334929.496, 4.292, 1.272, -0.3304, -0.9092, -1.7301, -2.7225, 53.5564, 93.7750
1741334929.576, 4.287, 1.257, -0.3387, -0.9090, -1.7217, -2.9006, 52.4845, 93.6324
1741334929.656, 4.293, 1.257, -0.3501, -0.9097, -1.7137, -2.5663, 52.7221, 93.3237
1741334929.735, 4.308, 1.249, -0.3644, -0.9118, -1.7100, 0.4379, 52.5324, 90.2136
1741334929.815, 4.305, 1.231, -0.3761, -0.9128, -1.7007, -0.0733, 52.4115, 90.8282
1741334929.895, 4.305, 1.211, -0.3865, -0.9123, -1.6942, 0.1201, 53.1754, 90.7150
1741334929.974, 4.303, 1.196, -0.3953, -0.9123, -1.6899, 0.2233, 55.2268, 90.6047
1741334930.054, 4.295, 1.196, -0.4038, -0.9119, -1.6855, 0.3678, 56.2268, 90.5403
1741334930.133, 4.287, 1.179, -0.4117, -0.9122, -1.6798, 0.2834, 56.1978, 90.5978
1741334930.213, 4.285, 1.162, -0.4210, -0.9128, -1.6739, 0.2949, 56.2716, 90.6373
1741334930.293, 4.285, 1.152, -0.4309, -0.9135, -1.6673, 0.3240, 56.0830, 90.6732
1741334930.372, 4.278, 1.141, -0.4409, -0.9136, -1.6605, 0.1663, 56.0515, 90.7815
1741334930.452, 4.280, 1.141, -0.4509, -0.9138, -1.6532, 0.1691, 55.9195, 90.7214
1741334930.532, 4.280, 1.124, -0.4604, -0.9140, -1.6466, 0.2535, 55.7356, 90.6048
1741334930.612, 4.286, 1.110, -0.4700, -0.9144, -1.6401, 0.2617, 55.6966, 90.5377
1741334930.691, 4.286, 1.095, -0.4792, -0.9146, -1.6339, 0.3647, 55.5488, 90.4031
1741334930.771, 4.284, 1.079, -0.4879, -0.9144, -1.6282, 0.5717, 55.4041, 90.2028
1741334930.850, 4.283, 1.079, -0.4954, -0.9137, -1.6257, 1.9297, 55.5814, 88.7108
1741334930.930, 4.289, 1.067, -0.4983, -0.9135, -1.6248, 2.3706, 55.5839, 88.0262
1741334931.010, 4.279, 1.055, -0.4998, -0.9132, -1.6222, 1.6418, 55.5321, 87.8821
1741334931.089, 4.279, 1.050, -0.5063, -0.9130, -1.6169, 1.3778, 55.4551, 87.7033
1741334931.169, 4.281, 1.048, -0.5174, -0.9129, -1.6082, 1.2376, 55.1148, 87.6292
1741334931.249, 4.286, 1.048, -0.5311, -0.9128, -1.5986, 1.4204, 55.3167, 87.6239
1741334931.328, 4.290, 1.032, -0.5467, -0.9144, -1.5872, 1.2764, 55.1889, 88.4859
1741334931.408, 4.289, 1.012, -0.5542, -0.9146, -1.5779, -0.6063, 54.7171, 89.8597
1741334931.487, 4.289, 0.992, -0.5589, -0.9139, -1.5760, 0.2970, 54.3715, 88.3517
1741334931.567, 4.291, 0.977, -0.5641, -0.9140, -1.5724, 0.2563, 54.2166, 88.3034
1741334931.647, 4.296, 0.977, -0.5719, -0.9141, -1.5665, 0.1970, 54.0732, 88.3866
1741334931.726, 4.295, 0.972, -0.5818, -0.9143, -1.5585, -0.0175, 53.8302, 88.6881
1741334931.806, 4.298, 0.959, -0.5941, -0.9161, -1.5487, -0.2056, 53.2116, 89.6679
1741334931.886, 4.298, 0.945, -0.6110, -0.9162, -1.5436, 2.5669, 50.7484, 88.8802
1741334931.965, 4.300, 0.925, -0.6205, -0.9155, -1.5382, 3.8654, 50.7605, 87.9307
1741334932.045, 4.315, 0.925, -0.6281, -0.9149, -1.5323, 4.0675, 50.2793, 87.8388
1741334932.125, 4.311, 0.913, -0.6373, -0.9150, -1.5261, 4.7112, 50.1415, 87.1297
1741334932.204, 4.322, 0.901, -0.6473, -0.9151, -1.5169, 4.4936, 49.7955, 87.4191
1741334932.284, 4.322, 0.889, -0.6561, -0.9149, -1.5068, 3.5057, 49.7749, 88.6765
1741334932.364, 4.321, 0.873, -0.6603, -0.9152, -1.4908, -1.5162, 51.1715, 93.0395
1741334932.443, 4.185, 0.873, -0.6644, -0.9155, -1.4837, -2.4343, 50.6468, 93.1334
1741334932.523, 4.342, 0.853, -0.6715, -0.9155, -1.4774, -2.5293, 50.8052, 93.1754
1741334932.603, 4.345, 0.839, -0.6807, -0.9154, -1.4708, -2.1842, 50.9528, 93.1307
1741334932.682, 4.345, 0.831, -0.6893, -0.9169, -1.4647, -2.5525, 52.1944, 93.0223
1741334932.762, 4.348, 0.815, -0.7017, -0.9177, -1.4602, -1.3538, 53.5134, 92.0205
1741334932.842, 4.336, 0.815, -0.7129, -0.9178, -1.4608, 1.3278, 54.8477, 88.7814
1741334932.921, 4.315, 0.802, -0.7201, -0.9173, -1.4599, 2.6412, 55.8267, 87.6171
1741334933.001, 4.315, 0.788, -0.7211, -0.9173, -1.4575, 1.7687, 55.9910, 87.4506
1741334933.081, 4.297, 0.779, -0.7264, -0.9170, -1.4535, 1.7942, 55.6410, 87.1492
1741334933.160, 4.295, 0.775, -0.7343, -0.9169, -1.4460, 0.6868, 55.5980, 87.5545
1741334933.240, 4.296, 0.775, -0.7456, -0.9165, -1.4374, 0.7425, 55.3317, 87.4053
1741334933.319, 4.307, 0.760, -0.7581, -0.9169, -1.4259, -0.2531, 54.6389, 88.7545
1741334933.399, 4.307, 0.746, -0.7745, -0.9195, -1.4148, 0.2798, 53.9236, 89.8257
1741334933.479, 4.307, 0.726, -0.7897, -0.9205, -1.4048, 0.6331, 53.7692, 90.0029
1741334933.558, 4.314, 0.705, -0.7992, -0.9204, -1.3981, 0.8176, 53.5079, 89.8293
1741334933.638, 4.315, 0.705, -0.8067, -0.9207, -1.3925, 0.9366, 53.2797, 89.7883
1741334933.718, 4.315, 0.688, -0.8124, -0.9206, -1.3880, 0.8872, 53.1019, 89.8136
1741334933.797, 4.315, 0.674, -0.8188, -0.9206, -1.3830, 0.8268, 52.9919, 89.8300
1741334933.877, 4.321, 0.666, -0.8277, -0.9201, -1.3780, 1.7676, 52.2765, 89.2988
1741334933.957, 4.319, 0.651, -0.8354, -0.9196, -1.3757, 3.0902, 51.8869, 88.4406
1741334934.036, 4.180, 0.651, -0.8420, -0.9186, -1.3692, 2.5736, 52.3363, 89.7195
1741334934.116, 4.172, 0.645, -0.8509, -0.9184, -1.3581, 0.8509, 52.2416, 92.0596
1741334934.195, 4.172, 0.635, -0.8640, -0.9189, -1.3468, 0.6003, 51.9802, 92.3639
1741334934.275, 3.183, 0.615, -0.8749, -0.9198, -1.3336, -1.1414, 52.3750, 92.9287
1741334934.355, 3.191, 0.595, -0.8883, -0.9226, -1.3267, 0.6340, 51.9878, 89.9218
1741334934.434, 3.193, 0.595, -0.8987, -0.9219, -1.3186, 0.9058, 51.8736, 89.8894
1741334934.514, 3.183, 0.579, -0.9049, -0.9228, -1.3143, 0.8794, 51.7905, 89.8963
1741334934.594, 3.183, 0.555, -0.9076, -0.9226, -1.3122, 0.7289, 51.7122, 90.0704
1741334934.673, 2.825, 0.550, -0.9076, -0.9227, -1.3122, 0.7472, 51.7445, 90.0189
1741334934.753, 2.832, 0.542, -0.9073, -0.9226, -1.3124, 0.7361, 51.7405, 90.0238
1741334934.833, 2.833, 0.542, -0.9074, -0.9227, -1.3125, 0.7264, 51.7395, 90.0436
1741334934.912, 2.833, 0.547, -0.9073, -0.9227, -1.3126, 0.7079, 51.7297, 90.0663
1741334934.992, 2.833, 0.543, -0.9075, -0.9227, -1.3126, 0.7228, 51.7337, 90.0634
1741334935.071, 2.826, 0.542, -0.9075, -0.9227, -1.3126, 0.7217, 51.7354, 90.0587
1741334935.151, 2.832, 0.543, -0.9075, -0.9229, -1.3127, 0.7237, 51.7429, 90.0612
1741334935.231, 2.833, 0.543, -0.9077, -0.9230, -1.3129, 0.7409, 51.7535, 90.0575
1741334935.310, 2.827, 0.548, -0.9075, -0.9228, -1.3128, 0.7325, 51.7573, 90.0667
1741334935.390, 2.827, 0.542, -0.9076, -0.9229, -1.3128, 0.7157, 51.7523, 90.0838
1741334935.470, 2.827, 0.548, -0.9076, -0.9229, -1.3128, 0.7148, 51.7437, 90.0903
1741334935.549, 2.827, 0.547, -0.9076, -0.9230, -1.3130, 0.7233, 51.7505, 90.0862
1741334935.629, 2.833, 0.547, -0.9077, -0.9230, -1.3129, 0.7139, 51.7516, 90.0947
1741334935.708, 2.834, 0.542, -0.9076, -0.9230, -1.3130, 0.7100, 51.7459, 90.1118
1741334935.788, 2.834, 0.547, -0.9077, -0.9230, -1.3129, 0.7148, 51.7542, 90.1076
1741334935.868, 2.832, 0.543, -0.9077, -0.9231, -1.3131, 0.7182, 51.7515, 90.1116
1741334935.948, 2.833, 0.548, -0.9078, -0.9231, -1.3132, 0.7188, 51.7538, 90.1241
1741334936.027, 2.826, 0.548, -0.9079, -0.9233, -1.3132, 0.7171, 51.7539, 90.1349
1741334936.107, 2.832, 0.542, -0.9078, -0.9232, -1.3132, 0.7277, 51.7646, 90.1238
1741334936.186, 2.832, 0.542, -0.9069, -0.9232, -1.3141, 0.7461, 51.7648, 90.1426
1741334936.266, 2.832, 0.542, -0.9032, -0.9233, -1.3171, 0.7614, 51.8312, 90.1594
1741334936.346, 2.826, 0.549, -0.8976, -0.9232, -1.3217, 0.7935, 51.9247, 90.1313
1741334936.425, 2.832, 0.549, -0.8910, -0.9232, -1.3270, 0.8068, 51.9595, 90.0314
1741334936.505, 2.826, 0.557, -0.8843, -0.9230, -1.3324, 0.8001, 52.0617, 90.0358
1741334936.585, 2.826, 0.563, -0.8806, -0.9222, -1.3326, -0.2177, 51.8068, 91.2730
1741334936.664, 2.830, 0.578, -0.8809, -0.9223, -1.3323, -0.3069, 51.9917, 91.3647
1741334936.744, 2.834, 0.577, -0.8808, -0.9223, -1.3324, -0.3532, 51.9329, 91.3848
1741334936.824, 2.838, 0.577, -0.8807, -0.9224, -1.3323, -0.3999, 51.9706, 91.4088
1741334936.903, 2.837, 0.581, -0.8798, -0.9217, -1.3323, -0.6324, 52.1562, 91.7799
1741334936.983, 2.837, 0.575, -0.8793, -0.9216, -1.3333, -0.6191, 52.1552, 92.0502
1741334937.063, 3.185, 0.578, -0.8769, -0.9208, -1.3354, -0.4407, 52.1634, 92.6464
1741334937.142, 3.191, 0.578, -0.8717, -0.9201, -1.3427, 0.6293, 52.5230, 92.3279
1741334937.222, 3.188, 0.578, -0.8634, -0.9194, -1.3505, 0.7803, 52.6196, 92.3028
1741334937.301, 3.190, 0.591, -0.8542, -0.9191, -1.3579, 0.9065, 52.8852, 92.1564
1741334937.381, 3.190, 0.604, -0.8468, -0.9194, -1.3665, 1.9759, 53.0270, 90.7458
1741334937.461, 4.175, 0.616, -0.8415, -0.9199, -1.3765, 4.2883, 53.2202, 87.5731
1741334937.540, 4.189, 0.630, -0.8360, -0.9204, -1.3798, 3.8217, 53.1813, 87.7756
1741334937.620, 4.306, 0.630, -0.8298, -0.9214, -1.3817, 2.6547, 53.3293, 88.5070
1741334937.700, 4.309, 0.639, -0.8227, -0.9222, -1.3833, 0.8861, 53.8814, 89.7605
1741334937.779, 4.309, 0.643, -0.8201, -0.9222, -1.3851, 0.9156, 53.9910, 89.7285
1741334937.859, 4.321, 0.650, -0.8197, -0.9224, -1.3856, 0.8842, 53.9746, 89.7705
1741334937.939, 4.318, 0.653, -0.8192, -0.9224, -1.3861, 0.9070, 54.0180, 89.7802
1741334938.018, 4.313, 0.653, -0.8164, -0.9224, -1.3880, 0.8327, 54.1027, 89.8200
1741334938.098, 4.320, 0.658, -0.8106, -0.9222, -1.3924, 0.8841, 54.2624, 89.7845
1741334938.177, 4.320, 0.656, -0.8023, -0.9218, -1.3981, 0.7924, 54.4651, 89.7920
1741334938.257, 4.318, 0.665, -0.7938, -0.9221, -1.4048, 0.8327, 54.6519, 89.7928
1741334938.337, 4.315, 0.678, -0.7858, -0.9223, -1.4109, 0.8412, 54.8818, 89.7753
1741334938.416, 4.314, 0.678, -0.7789, -0.9222, -1.4154, 0.6992, 54.6158, 89.8056
1741334938.496, 4.314, 0.690, -0.7763, -0.9218, -1.4165, 0.2531, 54.3979, 89.9885
1741334938.576, 4.313, 0.705, -0.7771, -0.9217, -1.4161, 0.4164, 54.4132, 89.8929
1741334938.655, 4.314, 0.709, -0.7770, -0.9218, -1.4158, 0.3749, 54.3928, 89.9465
1741334938.735, 4.313, 0.709, -0.7771, -0.9216, -1.4161, 0.3564, 54.3726, 89.9809
1741334938.815, 4.315, 0.709, -0.7769, -0.9219, -1.4165, 0.3638, 54.2957, 89.9581
1741334938.895, 4.315, 0.704, -0.7747, -0.9216, -1.4179, 0.2919, 53.8326, 89.8044
1741334938.974, 4.315, 0.708, -0.7698, -0.9207, -1.4212, -0.2245, 53.4852, 89.7715
1741334939.054, 4.317, 0.712, -0.7602, -0.9195, -1.4276, -0.7467, 53.4301, 89.6348
1741334939.133, 4.321, 0.720, -0.7440, -0.9186, -1.4428, 0.4536, 54.0919, 87.7845
1741334939.213, 4.315, 0.720, -0.7256, -0.9194, -1.4591, 1.5349, 52.7488, 87.0168
1741334939.292, 4.315, 0.741, -0.7093, -0.9190, -1.4660, -0.2004, 51.7358, 90.5185
1741334939.372, 4.310, 0.770, -0.6967, -0.9187, -1.4712, -2.2343, 51.1702, 92.6276
1741334939.452, 4.313, 0.791, -0.6916, -0.9186, -1.4763, -2.0982, 51.3302, 92.8985
1741334939.531, 4.334, 0.810, -0.6876, -0.9187, -1.4800, -2.0394, 51.4076, 93.0211
1741334939.611, 4.341, 0.810, -0.6846, -0.9183, -1.4854, -0.9007, 51.2673, 92.6839
1741334939.691, 4.341, 0.816, -0.6774, -0.9182, -1.4927, -0.2079, 51.2107, 92.5333
1741334939.770, 4.333, 0.823, -0.6655, -0.9185, -1.5030, -0.1768, 51.0493, 91.9549
1741334939.850, 4.331, 0.832, -0.6606, -0.9174, -1.5209, 5.0679, 50.7928, 86.8569
1741334939.930, 4.326, 0.853, -0.6492, -0.9170, -1.5287, 4.4538, 50.8281, 87.6764
1741334940.009, 4.307, 0.853, -0.6387, -0.9177, -1.5381, 4.5393, 50.9363, 87.5762
1741334940.089, 4.307, 0.869, -0.6266, -0.9174, -1.5471, 4.2564, 51.0734, 87.5180
1741334940.169, 4.306, 0.889, -0.6084, -0.9200, -1.5525, 0.5528, 51.0347, 89.9723
1741334940.248, 4.307, 0.905, -0.5968, -0.9185, -1.5612, 0.0993, 50.1313, 89.4376
1741334940.328, 4.314, 0.930, -0.5909, -0.9180, -1.5667, 0.3361, 50.4731, 88.6000
1741334940.408, 4.316, 0.930, -0.5857, -0.9178, -1.5714, 0.2180, 50.9685, 88.5121
1741334940.487, 4.316, 0.940, -0.5772, -0.9175, -1.5805, 0.6206, 51.7956, 87.9937
1741334940.567, 4.317, 0.949, -0.5640, -0.9176, -1.5909, 0.5930, 51.9120, 88.0257
1741334940.646, 4.306, 0.963, -0.5536, -0.9183, -1.6034, 1.7806, 52.9794, 87.7791
1741334940.726, 4.295, 0.985, -0.5412, -0.9175, -1.6106, 1.0725, 52.5907, 87.8644
1741334940.806, 4.279, 0.985, -0.5303, -0.9166, -1.6189, 1.0395, 52.3516, 87.8583
1741334940.885, 4.279, 0.999, -0.5205, -0.9161, -1.6262, 0.9337, 52.1817, 87.9194
1741334940.965, 4.293, 1.020, -0.5121, -0.9163, -1.6335, 1.3830, 52.0374, 88.2684
1741334941.045, 4.289, 1.034, -0.5017, -0.9175, -1.6409, 0.9050, 52.1150, 89.9378
1741334941.124, 4.287, 1.048, -0.4911, -0.9178, -1.6499, 0.9786, 52.2085, 90.0651
1741334941.204, 4.292, 1.048, -0.4817, -0.9178, -1.6578, 0.8217, 52.8058, 90.2800
1741334941.284, 4.292, 1.067, -0.4731, -0.9173, -1.6651, 0.8509, 53.4086, 90.2823
1741334941.363, 4.281, 1.081, -0.4644, -0.9171, -1.6720, 0.7597, 54.0504, 90.3654
1741334941.443, 4.278, 1.095, -0.4544, -0.9170, -1.6798, 0.6831, 54.5976, 90.4192
1741334941.523, 4.274, 1.107, -0.4438, -0.9168, -1.6873, 0.5519, 54.7219, 90.5149
1741334941.602, 4.273, 1.107, -0.4323, -0.9165, -1.6958, 0.6026, 54.7208, 90.4381
1741334941.682, 4.273, 1.122, -0.4212, -0.9155, -1.6993, -0.9412, 54.5472, 91.9038
1741334941.762, 4.271, 1.141, -0.4124, -0.9143, -1.7026, -2.3883, 54.5157, 93.3293
1741334941.841, 4.275, 1.154, -0.4029, -0.9131, -1.7084, -2.7696, 54.2317, 93.7028
1741334941.921, 4.278, 1.154, -0.3908, -0.9133, -1.7165, -2.9306, 53.9017, 93.7752
1741334942.000, 4.278, 1.165, -0.3779, -0.9135, -1.7254, -3.2166, 53.6110, 93.9833
1741334942.080, 4.278, 1.181, -0.3647, -0.9132, -1.7341, -3.5623, 53.3590, 94.2913
1741334942.160, 4.281, 1.203, -0.3528, -0.9125, -1.7425, -3.6616, 53.0545, 94.4246
1741334942.239, 4.287, 1.223, -0.3423, -0.9121, -1.7507, -3.2674, 52.6817, 94.2419
1741334942.319, 4.295, 1.223, -0.3326, -0.9118, -1.7598, -2.5069, 52.3512, 93.8657
1741334942.401, 4.293, 1.242, -0.3229, -0.9113, -1.7685, -1.8705, 52.0023, 93.7570
1741334942.478, 4.293, 1.259, -0.3137, -0.9109, -1.7766, -1.2698, 51.7018, 93.6153
1741334942.558, 4.291, 1.275, -0.2988, -0.9105, -1.7829, -3.6216, 51.1877, 94.2466
1741334942.638, 4.288, 1.293, -0.2868, -0.9102, -1.7912, -3.6656, 50.8136, 94.2159
1741334942.717, 4.305, 1.293, -0.2763, -0.9103, -1.7990, -3.8774, 50.7306, 94.2348
1741334942.797, 4.298, 1.313, -0.2666, -0.9107, -1.8067, -3.9159, 50.6425, 94.2303
1741334942.876, 4.298, 1.330, -0.2571, -0.9106, -1.8150, -3.8144, 50.5096, 93.9914
1741334942.956, 4.301, 1.347, -0.2469, -0.9098, -1.8233, -3.8906, 50.4971, 93.8948
1741334943.036, 4.299, 1.362, -0.2376, -0.9093, -1.8322, -4.0722, 51.9569, 94.1650
1741334943.116, 4.299, 1.362, -0.2276, -0.9096, -1.8433, -4.3324, 54.7356, 94.6010
1741334943.195, 4.281, 1.377, -0.2174, -0.9094, -1.8538, -4.7056, 57.3151, 94.9479
1741334943.275, 4.281, 1.389, -0.2056, -0.9092, -1.8620, -4.9477, 58.0016, 95.1622
1741334943.354, 4.264, 1.405, -0.1936, -0.9085, -1.8684, -5.1012, 57.8405, 95.2711
1741334943.553, 4.263, 1.437, -0.1665, -0.9078, -1.8853, -4.8493, 57.5829, 94.9895
1741334943.633, 4.260, 1.452, -0.1559, -0.9074, -1.8921, -4.7263, 57.5493, 94.8715
1741334943.713, 4.260, 1.452, -0.1456, -0.9075, -1.8993, -4.5877, 57.4987, 94.8553
1741334943.912, 4.263, 1.486, -0.1168, -0.9070, -1.9171, -4.8283, 57.4602, 95.2722
1741334943.991, 4.263, 1.503, -0.1052, -0.9067, -1.9241, -5.0076, 57.5300, 95.3647
1741334944.071, 4.263, 1.520, -0.0941, -0.9066, -1.9308, -5.0040, 57.5688, 95.2856
1741334944.151, 4.261, 1.537, -0.0842, -0.9062, -1.9386, -4.6888, 58.0175, 94.8729
1741334944.230, 4.262, 1.553, -0.0746, -0.9060, -1.9458, -4.7381, 59.1173, 95.0239
1741334944.310, 4.263, 1.553, -0.0644, -0.9055, -1.9524, -4.6856, 59.4832, 95.0381
1741334944.390, 4.263, 1.569, -0.0539, -0.9054, -1.9588, -4.7511, 59.6343, 95.1651
1741334944.469, 4.259, 1.585, -0.0432, -0.9057, -1.9650, -4.7964, 59.6223, 95.1941
1741334944.549, 4.261, 1.601, -0.0321, -0.9052, -1.9708, -5.0478, 59.6643, 95.4311
1741334944.629, 4.263, 1.617, -0.0210, -0.9048, -1.9775, -5.0368, 59.5805, 95.3674
1741334944.708, 4.264, 1.617, -0.0105, -0.9048, -1.9834, -4.9174, 59.6160, 95.2276
1741334944.788, 4.264, 1.633, -0.0002, -0.9042, -1.9898, -4.8424, 59.6740, 95.1416
1741334944.868, 4.265, 1.650, 0.0107, -0.9038, -1.9966, -4.5002, 59.7049, 94.6850
1741334944.947, 4.265, 1.667, 0.0219, -0.9034, -2.0031, -4.2294, 59.7762, 94.4472
1741334945.027, 4.269, 1.679, 0.0334, -0.9032, -2.0107, -3.6609, 59.7867, 93.8756
1741334945.106, 4.267, 1.679, 0.0452, -0.9028, -2.0239, -0.4254, 59.8193, 89.6303
1741334945.186, 4.267, 1.696, 0.0567, -0.9030, -2.0306, -0.5641, 60.0350, 89.9314
1741334945.266, 4.263, 1.716, 0.0677, -0.9034, -2.0387, -0.0473, 60.2814, 89.1997
1741334945.345, 4.235, 1.733, 0.0780, -0.9029, -2.0431, -0.6729, 60.5252, 90.0763
1741334945.425, 4.233, 1.752, 0.0885, -0.9029, -2.0505, -0.1376, 60.8970, 89.5122
1741334945.505, 4.232, 1.752, 0.0986, -0.9021, -2.0554, -0.5801, 61.0133, 89.9871
1741334945.584, 4.232, 1.767, 0.1099, -0.9016, -2.0612, -0.4304, 60.8042, 89.6691
1741334945.664, 4.236, 1.783, 0.1212, -0.9030, -2.0651, -0.3457, 58.4201, 90.4981
1741334945.744, 4.235, 1.799, 0.1328, -0.9037, -2.0714, -0.3373, 57.3619, 91.9264
1741334945.823, 4.260, 1.805, 0.1458, -0.9019, -2.0789, 0.1094, 57.1342, 91.2999
1741334945.903, 4.256, 1.805, 0.1578, -0.9023, -2.0869, 0.1704, 57.4850, 91.0724
1741334945.982, 4.256, 1.826, 0.1667, -0.9024, -2.0940, 0.3469, 57.6734, 90.9656
1741334946.062, 4.259, 1.843, 0.1752, -0.9023, -2.1001, 0.4195, 57.6691, 90.9689
1741334946.142, 4.258, 1.857, 0.1841, -0.9014, -2.1058, 0.4750, 57.7186, 90.9163
1741334946.221, 4.261, 1.869, 0.1941, -0.9015, -2.1123, 0.5882, 57.7946, 90.9195
1741334946.301, 4.252, 1.869, 0.2052, -0.9013, -2.1201, 0.6995, 57.9925, 90.8037
1741334946.381, 4.252, 1.884, 0.2166, -0.9013, -2.1276, 0.6368, 58.0600, 90.8432
1741334946.461, 4.242, 1.902, 0.2285, -0.9004, -2.1338, 0.5733, 57.2897, 90.8669
1741334946.540, 4.231, 1.918, 0.2402, -0.9006, -2.1398, 0.4968, 56.1616, 90.9185
1741334946.620, 4.251, 1.935, 0.2512, -0.9003, -2.1460, 0.4690, 55.1053, 90.8978
1741334946.699, 4.259, 1.935, 0.2615, -0.8999, -2.1528, 0.4780, 54.6095, 90.9084
1741334946.779, 4.259, 1.951, 0.2713, -0.8997, -2.1595, 0.3674, 54.5869, 91.0349
1741334946.978, 4.266, 1.983, 0.2953, -0.8983, -2.1772, 0.5924, 54.7754, 90.9515
1741334947.058, 4.269, 1.998, 0.3045, -0.8981, -2.1839, 0.5919, 54.8461, 90.9970
1741334947.137, 4.262, 2.013, 0.3143, -0.8983, -2.1900, 0.2760, 54.8740, 91.2097
1741334947.217, 4.262, 2.025, 0.3243, -0.8983, -2.1973, 0.2509, 54.8936, 91.1439
1741334947.297, 4.261, 2.025, 0.3331, -0.8976, -2.2033, 0.1301, 54.8105, 91.2929
1741334947.376, 4.261, 2.039, 0.3420, -0.8975, -2.2094, 0.1079, 54.7582, 91.3560
1741334947.456, 4.265, 2.052, 0.3516, -0.8972, -2.2163, 0.0379, 54.7624, 91.4683
1741334947.536, 4.264, 2.069, 0.3612, -0.8969, -2.2236, 0.2433, 54.7227, 91.3450
1741334947.615, 4.264, 2.069, 0.3707, -0.8960, -2.2305, 0.2572, 54.7174, 91.4179
1741334947.695, 4.260, 2.082, 0.3803, -0.8962, -2.2375, 0.4263, 54.7629, 91.2229
1741334947.775, 4.260, 2.099, 0.3903, -0.8952, -2.2442, 0.3449, 54.8682, 91.2385
1741334947.854, 4.255, 2.115, 0.4003, -0.8952, -2.2515, 0.3515, 54.9168, 91.2935
1741334947.934, 4.245, 2.129, 0.4102, -0.8950, -2.2589, 0.4426, 54.9310, 91.1126
1741334948.013, 4.235, 2.129, 0.4216, -0.8946, -2.2660, 0.1546, 54.9059, 91.2542
1741334948.093, 4.233, 2.145, 0.4327, -0.8945, -2.2735, 0.2019, 54.8846, 91.1375
1741334948.173, 4.233, 2.161, 0.4443, -0.8948, -2.2819, 0.1192, 54.8573, 91.0841
1741334948.252, 4.234, 2.179, 0.4563, -0.8944, -2.2908, 0.3125, 54.8758, 90.8504
1741334948.332, 4.232, 2.194, 0.4683, -0.8943, -2.2991, 0.2309, 54.9319, 90.8686
1741334948.412, 4.233, 2.194, 0.4798, -0.8933, -2.3071, 0.2259, 55.0720, 90.7380
1741334948.491, 4.229, 2.214, 0.4920, -0.8934, -2.3149, -0.0145, 55.1014, 90.7841
1741334948.571, 4.229, 2.231, 0.5033, -0.8929, -2.3227, -0.0913, 55.0695, 90.7287
1741334948.651, 4.228, 2.250, 0.5143, -0.8924, -2.3306, -0.0127, 54.9729, 90.6662
1741334948.730, 4.228, 2.267, 0.5258, -0.8931, -2.3389, 0.0186, 54.9770, 90.6954
1741334948.810, 4.229, 2.267, 0.5372, -0.8923, -2.3474, 0.1936, 54.9084, 90.5335
1741334948.890, 4.230, 2.285, 0.5485, -0.8918, -2.3557, 0.3380, 55.0258, 90.5093
1741334948.969, 4.230, 2.302, 0.5600, -0.8916, -2.3636, 0.3533, 55.0917, 90.4737
1741334949.049, 4.226, 2.318, 0.5709, -0.8917, -2.3717, 0.3695, 55.2229, 90.5292
1741334949.129, 4.228, 2.338, 0.5826, -0.8915, -2.3798, 0.2030, 55.2834, 90.6640
1741334949.208, 4.222, 2.338, 0.5938, -0.8909, -2.3872, 0.2508, 55.2967, 90.6493
1741334949.288, 4.225, 2.355, 0.6056, -0.8911, -2.3950, 0.0661, 55.3350, 90.7703
1741334949.368, 4.225, 2.367, 0.6171, -0.8903, -2.4027, 0.0629, 55.3093, 90.7760
1741334949.447, 4.221, 2.382, 0.6285, -0.8910, -2.4112, 0.2096, 55.4043, 90.6788
1741334949.527, 4.225, 2.403, 0.6402, -0.8899, -2.4192, 0.2299, 55.5087, 90.6563
1741334949.606, 4.223, 2.403, 0.6518, -0.8897, -2.4273, 0.3152, 55.6106, 90.5828
1741334949.686, 4.220, 2.419, 0.6638, -0.8905, -2.4352, -0.0008, 55.6540, 90.7790
1741334949.766, 4.220, 2.437, 0.6755, -0.8895, -2.4427, -0.1290, 55.6457, 90.7963
1741334949.845, 4.222, 2.457, 0.6867, -0.8892, -2.4506, -0.1157, 55.5709, 90.8062
1741334949.925, 4.222, 2.471, 0.6978, -0.8891, -2.4582, -0.1191, 55.5524, 90.8909
1741334950.004, 4.220, 2.471, 0.7092, -0.8883, -2.4660, -0.0149, 55.4737, 90.8049
1741334950.084, 4.220, 2.487, 0.7211, -0.8879, -2.4742, 0.0206, 55.5477, 90.8306
1741334950.164, 4.218, 2.503, 0.7329, -0.8878, -2.4823, 0.0727, 55.6531, 90.7910
1741334950.244, 4.220, 2.521, 0.7441, -0.8883, -2.4908, 0.3009, 55.6888, 90.6885
1741334950.323, 4.218, 2.539, 0.7478, -0.8871, -2.5006, 3.1342, 56.2095, 88.5423
1741334950.403, 4.214, 2.539, 0.7541, -0.8856, -2.5067, 4.0866, 56.1365, 88.0318
1741334950.482, 4.214, 2.553, 0.7631, -0.8859, -2.5135, 4.2673, 56.1933, 88.0338
1741334950.562, 4.222, 2.563, 0.7758, -0.8848, -2.5209, 3.9552, 56.3047, 88.3583
1741334950.642, 4.228, 2.582, 0.7907, -0.8841, -2.5211, -1.5310, 56.7627, 94.4120
1741334950.721, 4.225, 2.594, 0.8104, -0.8832, -2.5270, -4.4051, 56.7191, 95.3773
1741334950.801, 4.216, 2.594, 0.8206, -0.8836, -2.5344, -3.4737, 56.5585, 95.1485
1741334950.881, 4.216, 2.612, 0.8310, -0.8841, -2.5420, -2.9903, 56.7543, 94.8645
1741334950.960, 4.233, 2.634, 0.8444, -0.8839, -2.5491, -3.9276, 56.6566, 94.9092
1741334951.040, 4.221, 2.651, 0.8550, -0.8850, -2.5619, -0.9772, 56.8000, 92.2333
1741334951.119, 4.226, 2.663, 0.8651, -0.8848, -2.5731, 0.8924, 57.5055, 89.7509
1741334951.199, 4.210, 2.663, 0.8721, -0.8837, -2.5776, 0.7541, 57.4118, 89.0570
1741334951.279, 4.210, 2.689, 0.8769, -0.8829, -2.5815, 1.3682, 57.3326, 88.3593
1741334951.359, 4.206, 2.707, 0.8862, -0.8821, -2.5872, 1.3890, 57.1749, 88.2400
1741334951.438, 4.205, 2.714, 0.9013, -0.8825, -2.5962, 0.9850, 56.9545, 88.4164
1741334951.518, 4.200, 2.725, 0.9202, -0.8818, -2.6036, -0.9769, 56.4597, 90.0226
1741334951.597, 4.208, 2.725, 0.9345, -0.8813, -2.6141, -0.6352, 57.0765, 89.4182
1741334951.677, 4.208, 2.755, 0.9477, -0.8814, -2.6225, -0.7565, 57.4480, 89.5881
1741334951.757, 4.218, 2.771, 0.9581, -0.8814, -2.6292, -0.5099, 57.4832, 89.7863
1741334951.836, 4.217, 2.790, 0.9670, -0.8818, -2.6346, -0.6791, 57.8114, 90.6103
1741334951.916, 4.215, 2.808, 0.9751, -0.8829, -2.6415, 0.1601, 58.2900, 90.9643
1741334951.996, 4.215, 2.808, 0.9858, -0.8822, -2.6471, -0.2440, 58.0762, 91.4016
1741334952.075, 4.215, 2.814, 0.9961, -0.8815, -2.6529, -0.4529, 58.1387, 91.6222
1741334952.155, 4.216, 2.830, 1.0058, -0.8816, -2.6588, -0.4692, 58.1369, 91.7056
1741334952.234, 4.216, 2.844, 1.0165, -0.8818, -2.6643, -0.5158, 57.3894, 91.8667
1741334952.314, 4.214, 2.863, 1.0283, -0.8816, -2.6702, -0.4462, 55.9629, 91.8227
1741334952.394, 4.217, 2.863, 1.0401, -0.8815, -2.6772, -0.2249, 54.9140, 91.6237
1741334952.473, 4.217, 2.879, 1.0521, -0.8802, -2.6855, -0.1025, 54.8830, 91.5344
1741334952.553, 4.225, 2.897, 1.0648, -0.8803, -2.6947, -0.0702, 55.0192, 91.4467
1741334952.633, 4.221, 2.915, 1.0774, -0.8798, -2.7034, -0.0899, 55.1147, 91.4741
1741334952.712, 4.220, 2.929, 1.0896, -0.8794, -2.7116, -0.1393, 55.2334, 91.4759
1741334952.792, 4.221, 2.929, 1.1013, -0.8789, -2.7196, -0.1919, 55.3644, 91.5220
1741334952.872, 4.221, 2.944, 1.1120, -0.8784, -2.7250, -0.9374, 55.2821, 92.3954
1741334952.951, 4.218, 2.959, 1.1150, -0.8765, -2.7276, -0.6706, 55.2688, 93.5421
1741334953.031, 4.220, 2.981, 1.1195, -0.8757, -2.7315, -0.2237, 55.2297, 93.8471
1741334953.111, 4.220, 2.981, 1.1300, -0.8754, -2.7398, 0.2181, 55.2565, 93.5599
1741334953.190, 4.219, 2.979, 1.1453, -0.8752, -2.7502, 0.1361, 55.4219, 93.5541
1741334953.270, 4.219, 3.000, 1.1625, -0.8755, -2.7665, 1.8842, 55.5102, 90.5842
1741334953.350, 4.218, 3.022, 1.1822, -0.8761, -2.7762, 0.7000, 56.6476, 90.9588
1741334953.429, 4.211, 3.045, 1.1986, -0.8749, -2.7852, -0.5508, 56.5504, 91.7872
1741334953.509, 4.214, 3.045, 1.2100, -0.8763, -2.7937, -0.2152, 56.6339, 91.4116
1741334953.589, 4.211, 3.076, 1.2185, -0.8763, -2.7997, -0.1118, 56.6587, 91.2950
1741334953.668, 4.211, 3.094, 1.2261, -0.8753, -2.8037, -0.2698, 55.8152, 91.0110
1741334953.748, 4.211, 3.110, 1.2294, -0.8747, -2.8056, -0.4139, 55.8817, 90.6870
1741334953.828, 4.219, 3.121, 1.2295, -0.8749, -2.8060, -0.4245, 55.6877, 90.7341
1741334953.907, 4.217, 3.121, 1.2296, -0.8742, -2.8081, -0.2701, 54.6785, 90.4495
1741334953.987, 4.219, 3.118, 1.2340, -0.8734, -2.8131, -0.1423, 53.9850, 89.7099
1741334954.066, 4.219, 3.120, 1.2451, -0.8731, -2.8212, -0.2079, 54.1724, 89.2215
1741334954.146, 4.218, 3.132, 1.2624, -0.8724, -2.8341, -0.0343, 54.3238, 89.0038
1741334954.226, 4.219, 3.151, 1.2790, -0.8730, -2.8468, 0.5470, 53.8816, 89.7099
1741334954.305, 4.213, 3.151, 1.2934, -0.8748, -2.8559, -0.0941, 53.6246, 91.7102
1741334954.385, 4.220, 3.175, 1.3064, -0.8728, -2.8592, -2.2479, 53.0094, 93.2818
1741334954.465, 4.220, 3.201, 1.3089, -0.8716, -2.8600, -2.8394, 53.0245, 94.2026
1741334954.544, 4.218, 3.219, 1.3079, -0.8713, -2.8606, -2.3411, 53.0326, 94.0480
1741334954.624, 4.232, 3.225, 1.3067, -0.8712, -2.8614, -1.5469, 53.0929, 94.0430
1741334954.704, 4.226, 3.225, 1.3097, -0.8704, -2.8654, -0.7213, 53.0493, 94.3479
1741334954.783, 4.220, 3.224, 1.3237, -0.8698, -2.8747, -1.0972, 53.1299, 94.7351
1741334954.863, 4.220, 3.226, 1.3389, -0.8688, -2.8905, 0.2752, 53.5825, 93.9049
1741334954.943, 4.223, 3.238, 1.3540, -0.8690, -2.9115, 4.5792, 53.8058, 88.3893
1741334955.022, 4.213, 3.268, 1.3697, -0.8692, -2.9220, 3.4541, 54.1265, 89.3320
1741334955.102, 4.226, 3.268, 1.3821, -0.8686, -2.9313, 3.6735, 54.6493, 88.9533
1741334955.181, 4.213, 3.293, 1.3918, -0.8676, -2.9382, 3.6047, 54.8300, 89.1038
1741334955.261, 4.213, 3.310, 1.4003, -0.8677, -2.9439, 3.4805, 55.1349, 89.2827
1741334955.341, 4.215, 3.324, 1.4064, -0.8672, -2.9474, 3.2383, 54.3033, 88.8691
1741334955.420, 4.208, 3.342, 1.4059, -0.8672, -2.9467, 3.1347, 54.1464, 89.2001
1741334955.500, 4.215, 3.342, 1.4025, -0.8679, -2.9440, 2.8390, 53.4259, 90.1601
1741334955.579, 4.215, 3.349, 1.4045, -0.8678, -2.9444, 2.3034, 52.4401, 90.8672
1741334955.659, 4.214, 3.342, 1.4052, -0.8673, -2.9480, 1.7909, 49.0173, 91.4640
1741334955.739, 4.213, 3.346, 1.4143, -0.8686, -2.9515, -0.7526, 46.8235, 92.0537
1741334955.819, 4.235, 3.386, 1.4277, -0.8678, -2.9634, -1.1776, 46.5191, 90.9530
1741334955.898, 4.277, 3.386, 1.4412, -0.8660, -2.9802, 0.1008, 47.0942, 89.2009
1741334955.978, 4.277, 3.419, 1.4553, -0.8651, -2.9957, 0.7754, 46.7972, 89.1766
1741334956.057, 4.267, 3.443, 1.4686, -0.8651, -3.0084, 0.6440, 46.8093, 89.5126
1741334956.137, 4.253, 3.466, 1.4787, -0.8651, -3.0185, 0.8567, 46.8601, 89.6638
1741334956.217, 4.253, 3.487, 1.4854, -0.8655, -3.0250, 0.8656, 46.5431, 89.7970
1741334956.296, 4.247, 3.487, 1.4896, -0.8656, -3.0292, 0.9692, 46.5900, 90.4261
1741334956.376, 4.247, 3.500, 1.4964, -0.8655, -3.0345, -0.0413, 47.3227, 91.6768
1741334956.575, 4.242, 3.515, 1.5141, -0.8654, -3.0591, -0.1833, 54.6376, 91.8043
1741334956.655, 4.209, 3.504, 1.5244, -0.8648, -3.0680, -0.3081, 56.0803, 91.8562
1741334956.734, 4.164, 3.497, 1.5373, -0.8641, -3.0761, -0.5487, 55.9483, 92.0416
1741334956.814, 4.154, 3.513, 1.5503, -0.8638, -3.0841, -0.7487, 55.8323, 92.2355
1741334956.894, 4.155, 3.513, 1.5622, -0.8637, -3.0923, -0.6640, 55.7512, 92.1844
1741334956.973, 4.155, 3.532, 1.5735, -0.8637, -3.1003, -0.5753, 55.6328, 92.1621
1741334957.053, 4.154, 3.550, 1.5839, -0.8632, -3.1078, -0.3894, 55.5198, 92.0090
1741334957.133, 4.156, 3.568, 1.5948, -0.8628, -3.1152, -0.2574, 55.4388, 91.9482
1741334957.212, 4.152, 3.580, 1.6060, -0.8627, -3.1229, -0.3200, 55.4196, 92.0639
1741334957.292, 4.156, 3.580, 1.6170, -0.8623, -3.1304, -0.2898, 55.3727, 92.0515
1741334957.372, 4.156, 3.600, 1.6276, -0.8615, -3.1351, -1.1919, 55.1816, 93.1165
1741334957.451, 4.153, 3.614, 1.6330, -0.8604, -3.1348, -3.0626, 54.7433, 94.8287
1741334957.531, 4.155, 3.633, 1.6335, -0.8596, -3.1329, -3.6938, 55.1811, 95.6293
1741334957.610, 4.164, 3.634, 1.6340, -0.8585, -3.1312, -4.3813, 55.6442, 96.4102
1741334957.690, 4.164, 3.634, 1.6367, -0.8592, -3.1309, -5.3323, 56.0854, 97.4567
1741334957.770, 4.164, 3.632, 1.6429, -0.8580, -3.1311, -6.1703, 56.8824, 98.5960
1741334957.849, 4.172, 3.634, 1.6523, -0.8570, -3.1366, -6.0773, 57.8009, 98.6738
1741334957.929, 4.175, 3.644, 1.6678, -0.8572, -3.1465, -5.9637, 57.9520, 98.4919
1741334958.009, 4.179, 3.661, 1.6813, -0.8581, -3.1683, 1.4990, 57.6810, 91.1840
1741334958.089, 4.174, 3.661, 1.6943, -0.8612, -3.1747, 0.1788, 57.4440, 93.9356
1741334958.168, 4.174, 3.685, 1.7071, -0.8580, -3.1828, -0.9011, 58.1065, 94.8938
1741334958.248, 4.155, 3.707, 1.7234, -0.8571, -3.1928, -0.9626, 58.0279, 93.9553
1741334958.327, 4.156, 3.728, 1.7404, -0.8573, -3.2053, -0.7555, 58.0917, 92.2359
1741334958.407, 4.155, 3.752, 1.7485, -0.8579, -3.2098, -0.1237, 57.4502, 91.4993
1741334958.487, 4.155, 3.752, 1.7479, -0.8578, -3.2097, -0.0835, 57.2994, 91.6101
1741334958.566, 4.155, 3.774, 1.7481, -0.8579, -3.2101, -0.1469, 57.1691, 91.6794
1741334958.646, 4.153, 3.775, 1.7487, -0.8579, -3.2114, -0.1786, 56.3899, 91.7803
1741334958.726, 4.154, 3.774, 1.7498, -0.8575, -3.2145, -0.1465, 54.4097, 91.7991
1741334958.806, 4.156, 3.774, 1.7527, -0.8572, -3.2200, -0.1208, 51.9082, 91.6755
1741334958.885, 4.160, 3.776, 1.7575, -0.8570, -3.2256, -0.0579, 49.3839, 91.6587
1741334959.084, 4.206, 3.821, 1.7760, -0.8552, -3.2447, 0.4057, 47.3840, 89.9126
1741334959.283, 4.222, 3.865, 1.7908, -0.8527, -3.2609, -0.4110, 43.8275, 88.8606
1741334959.482, 4.267, 3.948, 1.8153, -0.8528, -3.2895, 0.1704, 43.9617, 88.3753
1741334961.254, 4.150, 4.094, 1.9418, -0.8512, -3.4110, 0.0793, 47.8551, 91.8514
1741334961.334, 4.153, 4.096, 1.9420, -0.8510, -3.4109, 0.0700, 47.8486, 91.8580
1741334961.414, 4.150, 4.094, 1.9418, -0.8510, -3.4111, 0.0847, 47.8525, 91.8523
1741334961.493, 4.153, 4.094, 1.9419, -0.8510, -3.4109, 0.0749, 47.8492, 91.8573
1741334961.573, 4.153, 4.096, 1.9418, -0.8510, -3.4109, 0.0674, 47.8479, 91.8517
1741334961.653, 4.152, 4.093, 1.9416, -0.8509, -3.4109, 0.0753, 47.9024, 91.8508
1741334961.732, 4.151, 4.095, 1.9400, -0.8510, -3.4100, 0.0677, 48.3682, 91.8492
1741334961.812, 4.150, 4.093, 1.9365, -0.8513, -3.4084, 0.0873, 49.3156, 91.8081
1741334961.891, 4.144, 4.093, 1.9330, -0.8515, -3.4060, 0.0714, 49.6734, 91.8584
1741334961.971, 4.144, 4.082, 1.9306, -0.8512, -3.4043, 0.1533, 49.7226, 91.7951
1741334962.051, 4.131, 4.069, 1.9303, -0.8513, -3.4038, 0.1328, 49.7121, 91.8176
1741334962.130, 4.131, 4.065, 1.9303, -0.8513, -3.4039, 0.1621, 49.7059, 91.7739
1741334962.210, 4.129, 4.065, 1.9302, -0.8513, -3.4038, 0.1418, 49.7067, 91.8030
1741334962.290, 4.127, 4.065, 1.9303, -0.8513, -3.4038, 0.1414, 49.7134, 91.8081
1741334962.369, 4.127, 4.064, 1.9302, -0.8513, -3.4038, 0.1301, 49.6857, 91.8136
1741334962.449, 4.129, 4.065, 1.9302, -0.8514, -3.4038, 0.0985, 49.7364, 91.8547
1741334962.529, 4.132, 4.064, 1.9304, -0.8513, -3.4038, 0.0622, 49.7337, 91.8859
1741334962.608, 4.130, 4.064, 1.9303, -0.8513, -3.4037, 0.0831, 49.7241, 91.8818
1741334962.688, 4.131, 4.064, 1.9303, -0.8515, -3.4037, 0.0765, 49.7140, 91.8750
1741334962.767, 4.131, 4.064, 1.9301, -0.8514, -3.4039, 0.1462, 49.6643, 91.8118
1741334962.847, 4.130, 4.065, 1.9303, -0.8514, -3.4037, 0.1366, 49.6525, 91.8190
1741334962.927, 4.132, 4.066, 1.9303, -0.8513, -3.4038, 0.1427, 49.6613, 91.8127
1741334963.006, 4.132, 4.066, 1.9302, -0.8514, -3.4038, 0.1421, 49.6583, 91.8171
1741334963.086, 4.130, 4.066, 1.9303, -0.8513, -3.4038, 0.1434, 49.6605, 91.8152
1741334963.166, 4.130, 4.065, 1.9303, -0.8511, -3.4036, 0.1313, 49.6674, 91.8312
1741334963.245, 4.131, 4.065, 1.9304, -0.8511, -3.4038, 0.0861, 49.7561, 91.8827
1741334963.325, 4.132, 4.064, 1.9304, -0.8512, -3.4038, 0.0770, 49.7301, 91.9025
1741334963.405, 4.130, 4.065, 1.9302, -0.8513, -3.4038, 0.0991, 49.7253, 91.8908
1741334963.484, 4.129, 4.065, 1.9303, -0.8514, -3.4037, 0.0872, 49.7258, 91.8977
1741334963.564, 4.129, 4.064, 1.9302, -0.8513, -3.4038, 0.0791, 49.7404, 91.8974
1741334963.644, 4.130, 4.065, 1.9302, -0.8513, -3.4039, 0.0733, 49.7403, 91.9018
1741334963.723, 4.131, 4.065, 1.9303, -0.8514, -3.4037, 0.0531, 49.7436, 91.9145
1741334963.803, 4.131, 4.064, 1.9303, -0.8514, -3.4038, 0.0565, 49.7428, 91.9084
1741334963.882, 4.129, 4.064, 1.9303, -0.8513, -3.4037, 0.0638, 49.7454, 91.9063
1741334963.962, 4.129, 4.065, 1.9302, -0.8513, -3.4039, 0.0739, 49.7456, 91.8950
1741334964.042, 4.130, 4.066, 1.9302, -0.8513, -3.4038, 0.0571, 49.7500, 91.9084
1741334964.121, 4.131, 4.065, 1.9303, -0.8513, -3.4037, 0.0428, 49.7446, 91.9072
1741334964.201, 4.131, 4.065, 1.9303, -0.8513, -3.4038, 0.0361, 49.7513, 91.9118
1741334964.281, 4.134, 4.064, 1.9302, -0.8513, -3.4038, 0.0381, 49.7505, 91.9108
1741334964.360, 4.134, 4.064, 1.9302, -0.8513, -3.4037, 0.0443, 49.7502, 91.9114
1741334964.440, 4.130, 4.063, 1.9302, -0.8513, -3.4037, 0.0510, 49.7503, 91.8962
1741334964.520, 4.129, 4.064, 1.9304, -0.8514, -3.4037, 0.0466, 49.7538, 91.9035
1741334964.599, 4.131, 4.064, 1.9304, -0.8515, -3.4035, 0.0199, 49.7637, 91.9474
1741334964.679, 4.130, 4.063, 1.9303, -0.8512, -3.4037, 0.0251, 49.7642, 91.9362
1741334964.759, 4.130, 4.064, 1.9303, -0.8513, -3.4038, 0.0142, 49.7658, 91.9463
1741334964.838, 4.130, 4.063, 1.9303, -0.8513, -3.4037, 0.0138, 49.7597, 91.9405
1741334964.918, 4.130, 4.064, 1.9301, -0.8513, -3.4038, 0.0243, 49.7846, 91.9243
1741334964.998, 4.132, 4.064, 1.9271, -0.8514, -3.4022, -0.0496, 50.5957, 91.9935
1741334965.077, 4.130, 4.063, 1.9191, -0.8518, -3.3987, -0.0074, 52.5843, 91.9884
1741334965.157, 4.130, 4.057, 1.9080, -0.8524, -3.3945, -0.1514, 55.3388, 92.0690
1741334965.236, 4.115, 4.033, 1.8957, -0.8525, -3.3906, -0.2941, 58.3952, 92.1479
1741334965.316, 4.094, 4.007, 1.8845, -0.8526, -3.3873, -0.6358, 61.0548, 92.4600
1741334965.396, 4.083, 4.007, 1.8795, -0.8529, -3.3860, -0.6532, 62.1376, 92.5081
1741334965.475, 4.090, 3.996, 1.8799, -0.8528, -3.3864, -0.6914, 62.2031, 92.5311
1741334965.555, 4.090, 4.000, 1.8812, -0.8528, -3.3868, -0.7512, 62.1266, 92.6011
1741334965.635, 4.092, 4.000, 1.8812, -0.8530, -3.3871, -0.7005, 62.0720, 92.5443
1741334965.714, 4.092, 4.001, 1.8813, -0.8531, -3.3870, -0.7099, 62.0557, 92.5638
1741334965.794, 4.091, 4.001, 1.8813, -0.8531, -3.3871, -0.7031, 62.0477, 92.5681
1741334965.874, 4.090, 4.002, 1.8813, -0.8530, -3.3871, -0.6987, 62.0481, 92.5691
1741334965.953, 4.090, 4.001, 1.8812, -0.8530, -3.3873, -0.7032, 62.0421, 92.5812
1741334966.033, 4.093, 4.001, 1.8813, -0.8530, -3.3871, -0.7059, 62.0360, 92.5749
1741334966.112, 4.091, 4.000, 1.8813, -0.8530, -3.3871, -0.6983, 62.0377, 92.5672
1741334966.192, 4.092, 4.000, 1.8812, -0.8531, -3.3872, -0.6947, 62.0399, 92.5610
1741334966.272, 4.092, 4.002, 1.8814, -0.8530, -3.3872, -0.7053, 62.0266, 92.5672
1741334966.351, 4.092, 4.002, 1.8814, -0.8529, -3.3872, -0.7209, 62.0271, 92.5868
1741334966.431, 4.092, 4.000, 1.8813, -0.8530, -3.3874, -0.7114, 62.0270, 92.5847
1741334966.511, 4.091, 4.000, 1.8814, -0.8531, -3.3873, -0.7212, 62.0245, 92.5831
1741334966.590, 4.093, 4.000, 1.8813, -0.8529, -3.3872, -0.7197, 62.0226, 92.5938
1741334966.670, 4.093, 4.001, 1.8815, -0.8530, -3.3874, -0.7011, 62.0582, 92.5770
1741334966.750, 4.091, 4.001, 1.8849, -0.8530, -3.3892, -0.6769, 62.0598, 92.5855
1741334966.829, 4.090, 4.002, 1.8956, -0.8530, -3.3951, -0.6510, 62.0510, 92.6151
1741334966.909, 4.092, 4.007, 1.9129, -0.8524, -3.4042, -0.8195, 62.1916, 92.7578
1741334966.989, 4.095, 4.007, 1.9330, -0.8521, -3.4139, -0.9409, 62.2640, 92.8278
1741334967.068, 4.095, 4.029, 1.9478, -0.8521, -3.4220, -0.8653, 62.2290, 92.6305
1741334967.148, 4.097, 4.057, 1.9510, -0.8516, -3.4240, -0.9356, 62.0913, 92.6887
1741334967.228, 4.097, 4.077, 1.9484, -0.8509, -3.4226, -0.8970, 62.0984, 92.6799
1741334967.307, 4.098, 4.078, 1.9447, -0.8509, -3.4206, -0.9449, 62.0837, 92.7676
1741334967.387, 4.099, 4.078, 1.9421, -0.8510, -3.4192, -0.9695, 62.0858, 92.7892
1741334967.466, 4.099, 4.076, 1.9417, -0.8510, -3.4188, -0.9047, 61.9415, 92.7146
1741334967.546, 4.099, 4.072, 1.9418, -0.8510, -3.4187, -0.8844, 61.9329, 92.6820
1741334967.626, 4.099, 4.070, 1.9418, -0.8510, -3.4189, -0.8816, 61.9331, 92.6991
1741334967.705, 4.098, 4.071, 1.9418, -0.8510, -3.4190, -0.8771, 61.9375, 92.6927
1741334967.785, 4.099, 4.071, 1.9418, -0.8510, -3.4190, -0.8622, 61.9432, 92.6920
1741334967.865, 4.099, 4.070, 1.9418, -0.8510, -3.4189, -0.8445, 61.9428, 92.6665
1741334967.944, 4.096, 4.071, 1.9416, -0.8510, -3.4188, -0.8440, 61.9065, 92.6631
1741334968.024, 4.097, 4.070, 1.9404, -0.8510, -3.4178, -0.8672, 61.7562, 92.6741
1741334968.104, 4.097, 4.069, 1.9347, -0.8509, -3.4138, -0.7422, 60.8828, 92.5903
1741334968.183, 4.096, 4.069, 1.9246, -0.8515, -3.4070, -0.5883, 59.5153, 92.5331
1741334968.263, 4.096, 4.058, 1.9137, -0.8520, -3.3986, -0.2778, 57.6350, 92.3259
1741334968.343, 4.093, 4.035, 1.9069, -0.8521, -3.3929, -0.2575, 56.5414, 92.3006
1741334968.422, 4.087, 4.015, 1.9064, -0.8524, -3.3923, -0.2148, 56.2578, 92.2375
1741334968.502, 4.087, 4.005, 1.9071, -0.8523, -3.3927, -0.2526, 56.2768, 92.2979
1741334968.581, 4.093, 4.005, 1.9073, -0.8523, -3.3927, -0.2477, 56.2855, 92.2738
1741334968.661, 4.093, 4.007, 1.9074, -0.8523, -3.3928, -0.2619, 56.2754, 92.2620
1741334968.741, 4.092, 4.007, 1.9073, -0.8523, -3.3927, -0.2582, 56.2736, 92.2569
1741334968.820, 4.091, 4.007, 1.9073, -0.8523, -3.3929, -0.2572, 56.2735, 92.2398
1741334968.900, 4.089, 4.006, 1.9073, -0.8523, -3.3928, -0.2648, 56.2796, 92.2445
1741334968.980, 4.091, 4.006, 1.9073, -0.8523, -3.3927, -0.2694, 56.2805, 92.2476
1741334969.059, 4.091, 4.008, 1.9073, -0.8523, -3.3927, -0.2546, 56.2787, 92.2369
1741334969.139, 4.092, 4.007, 1.9073, -0.8523, -3.3928, -0.2420, 56.2871, 92.2319
1741334969.219, 4.092, 4.008, 1.9073, -0.8523, -3.3927, -0.2623, 56.2889, 92.2435
1741334969.298, 4.091, 4.005, 1.9074, -0.8524, -3.3928, -0.2609, 56.2898, 92.2484
1741334969.378, 4.089, 4.005, 1.9072, -0.8523, -3.3928, -0.2779, 56.2904, 92.2623
1741334969.458, 4.089, 4.006, 1.9073, -0.8524, -3.3928, -0.2731, 56.2941, 92.2582
1741334969.537, 4.093, 4.007, 1.9073, -0.8523, -3.3927, -0.2727, 56.2914, 92.2445
1741334969.617, 4.095, 4.006, 1.9073, -0.8523, -3.3927, -0.2855, 56.2940, 92.2592
1741334969.697, 4.092, 4.006, 1.9073, -0.8523, -3.3929, -0.2689, 56.2919, 92.2416
1741334969.776, 4.094, 4.008, 1.9074, -0.8523, -3.3928, -0.2637, 56.2853, 92.2389
1741334969.856, 4.094, 4.007, 1.9074, -0.8522, -3.3927, -0.2916, 56.2918, 92.2580
1741334969.936, 4.090, 4.006, 1.9073, -0.8523, -3.3929, -0.2869, 56.2936, 92.2502
1741334970.015, 4.092, 4.007, 1.9073, -0.8523, -3.3928, -0.2682, 56.2904, 92.2375
1741334970.095, 4.089, 4.007, 1.9073, -0.8523, -3.3928, -0.2547, 56.2895, 92.2288
1741334970.174, 4.090, 4.007, 1.9073, -0.8524, -3.3930, -0.2541, 56.2869, 92.2306
1741334970.254, 4.090, 4.007, 1.9074, -0.8523, -3.3927, -0.2696, 56.2874, 92.2377
1741334970.334, 4.090, 4.006, 1.9073, -0.8523, -3.3929, -0.2567, 56.2884, 92.2263
1741334970.413, 4.090, 4.007, 1.9074, -0.8524, -3.3930, -0.2571, 56.2906, 92.2251
1741334970.493, 4.094, 4.007, 1.9074, -0.8524, -3.3929, -0.2782, 56.2915, 92.2456
1741334970.573, 4.091, 4.005, 1.9073, -0.8524, -3.3929, -0.2699, 56.2889, 92.2393
1741334970.652, 4.091, 4.007, 1.9073, -0.8524, -3.3928, -0.2776, 56.2924, 92.2533
1741334970.732, 4.092, 4.007, 1.9074, -0.8523, -3.3928, -0.2663, 56.2876, 92.2469
1741334970.812, 4.093, 4.007, 1.9073, -0.8523, -3.3929, -0.2489, 56.2840, 92.2323
1741334970.891, 4.090, 4.007, 1.9073, -0.8524, -3.3928, -0.2524, 56.2861, 92.2418
1741334970.971, 4.092, 4.007, 1.9073, -0.8524, -3.3930, -0.2538, 56.2804, 92.2338
1741334971.051, 4.092, 4.005, 1.9073, -0.8523, -3.3928, -0.2768, 56.2740, 92.2569
1741334971.130, 4.090, 4.007, 1.9073, -0.8523, -3.3929, -0.2440, 56.2778, 92.2309
1741334971.210, 4.093, 4.007, 1.9073, -0.8523, -3.3928, -0.2659, 56.2801, 92.2422
1741334971.289, 4.091, 4.007, 1.9073, -0.8524, -3.3929, -0.2533, 56.2800, 92.2352
1741334971.369, 4.093, 4.006, 1.9073, -0.8523, -3.3929, -0.2693, 56.2780, 92.2424
1741334971.449, 4.093, 4.007, 1.9074, -0.8523, -3.3928, -0.2717, 56.2802, 92.2411
1741334971.528, 4.091, 4.007, 1.9073, -0.8524, -3.3928, -0.2738, 56.2729, 92.2400
1741334971.608, 4.093, 4.006, 1.9073, -0.8523, -3.3929, -0.2762, 56.2761, 92.2450
1741334971.688, 4.092, 4.006, 1.9074, -0.8524, -3.3929, -0.2923, 56.2774, 92.2675
1741334971.767, 4.091, 4.008, 1.9074, -0.8524, -3.3930, -0.2851, 56.2801, 92.2607
1741334971.847, 4.091, 4.007, 1.9073, -0.8524, -3.3928, -0.2779, 56.2747, 92.2495
1741334971.927, 4.092, 4.006, 1.9074, -0.8524, -3.3928, -0.2787, 56.2750, 92.2414
1741334972.006, 4.091, 4.007, 1.9074, -0.8524, -3.3929, -0.2655, 56.2719, 92.2348
1741334972.086, 4.094, 4.007, 1.9073, -0.8524, -3.3930, -0.2748, 56.2727, 92.2392
1741334972.166, 4.094, 4.006, 1.9074, -0.8524, -3.3930, -0.2729, 56.2730, 92.2299
1741334972.245, 4.089, 4.005, 1.9073, -0.8524, -3.3930, -0.2731, 56.2708, 92.2346
1741334972.325, 4.091, 4.007, 1.9074, -0.8523, -3.3929, -0.2897, 56.2776, 92.2548
1741334972.404, 4.093, 4.006, 1.9074, -0.8524, -3.3930, -0.2799, 56.2717, 92.2459
1741334972.484, 4.091, 4.006, 1.9074, -0.8524, -3.3928, -0.3064, 56.2733, 92.2689
1741334972.564, 4.091, 4.007, 1.9073, -0.8523, -3.3929, -0.2996, 56.2666, 92.2571
1741334972.643, 4.091, 4.007, 1.9074, -0.8523, -3.3930, -0.2965, 56.2777, 92.2639
1741334972.723, 4.091, 4.006, 1.9073, -0.8523, -3.3929, -0.3018, 56.2860, 92.2735
1741334972.803, 4.093, 4.007, 1.9074, -0.8523, -3.3929, -0.3132, 56.2878, 92.2793
1741334972.882, 4.094, 4.007, 1.9074, -0.8523, -3.3930, -0.3228, 56.2943, 92.2909
1741334972.962, 4.094, 4.008, 1.9074, -0.8524, -3.3929, -0.2951, 56.2847, 92.2628
1741334973.042, 4.091, 4.007, 1.9074, -0.8523, -3.3930, -0.3111, 56.2867, 92.2724
1741334973.121, 4.093, 4.007, 1.9074, -0.8523, -3.3931, -0.3228, 56.2872, 92.2828
1741334973.201, 4.092, 4.008, 1.9074, -0.8523, -3.3929, -0.3165, 56.2849, 92.2738
1741334973.280, 4.092, 4.008, 1.9073, -0.8524, -3.3930, -0.3093, 56.2757, 92.2706
1741334973.360, 4.092, 4.007, 1.9074, -0.8523, -3.3930, -0.3262, 56.2778, 92.2847
1741334973.440, 4.091, 4.007, 1.9073, -0.8524, -3.3930, -0.3179, 56.2745, 92.2813
1741334973.519, 4.094, 4.007, 1.9074, -0.8523, -3.3929, -0.3218, 56.2785, 92.2809
1741334973.599, 4.093, 4.007, 1.9074, -0.8524, -3.3931, -0.3185, 56.2821, 92.2744
1741334973.679, 4.091, 4.007, 1.9074, -0.8524, -3.3929, -0.3223, 56.2793, 92.2801
1741334973.758, 4.091, 4.007, 1.9075, -0.8524, -3.3930, -0.3133, 56.2809, 92.2644
1741334973.838, 4.093, 4.005, 1.9074, -0.8523, -3.3929, -0.3011, 56.2756, 92.2547
1741334973.918, 4.091, 4.007, 1.9073, -0.8524, -3.3931, -0.3004, 56.2820, 92.2458
1741334973.997, 4.091, 4.006, 1.9074, -0.8524, -3.3931, -0.2975, 56.2813, 92.2461
1741334974.077, 4.092, 4.006, 1.9074, -0.8523, -3.3931, -0.3031, 56.2821, 92.2466
1741334974.157, 4.092, 4.005, 1.9074, -0.8524, -3.3930, -0.3101, 56.2756, 92.2530
1741334974.236, 4.093, 4.007, 1.9075, -0.8524, -3.3930, -0.3102, 56.2706, 92.2505
1741334974.316, 4.093, 4.007, 1.9074, -0.8524, -3.3930, -0.3066, 56.2665, 92.2540
1741334974.395, 4.090, 4.006, 1.9074, -0.8524, -3.3929, -0.3005, 56.2713, 92.2479
1741334974.475, 4.091, 4.006, 1.9074, -0.8524, -3.3930, -0.3000, 56.2742, 92.2448
1741334974.555, 4.091, 4.006, 1.9074, -0.8524, -3.3930, -0.2989, 56.2670, 92.2357
1741334974.634, 4.092, 4.006, 1.9074, -0.8524, -3.3930, -0.3346, 56.2801, 92.2778
1741334974.714, 4.092, 4.006, 1.9074, -0.8524, -3.3930, -0.3424, 56.2839, 92.2985
1741335009.478, 4.393, 4.082, 2.1359, -0.8486, -3.1790, -0.2649, 57.6466, 92.2586
1741335009.558, 4.393, 4.082, 2.1360, -0.8486, -3.1791, -0.2444, 57.6436, 92.2357
1741335009.638, 4.394, 4.083, 2.1360, -0.8485, -3.1792, -0.2589, 57.6475, 92.2370
1741335009.717, 4.394, 4.080, 2.1359, -0.8485, -3.1792, -0.2498, 57.6471, 92.2321
1741335009.797, 4.389, 4.084, 2.1359, -0.8486, -3.1791, -0.2559, 57.6446, 92.2377
1741335009.877, 4.390, 4.083, 2.1360, -0.8485, -3.1791, -0.2664, 57.6443, 92.2365
1741335009.956, 4.394, 4.083, 2.1359, -0.8485, -3.1790, -0.2628, 57.6370, 92.2372
1741335010.036, 4.393, 4.083, 2.1359, -0.8486, -3.1791, -0.2520, 57.6367, 92.2251
1741335010.116, 4.393, 4.084, 2.1359, -0.8485, -3.1791, -0.2379, 57.6287, 92.2099
1741335010.195, 4.389, 4.081, 2.1359, -0.8486, -3.1790, -0.2630, 57.6399, 92.2369
1741335010.275, 4.394, 4.082, 2.1359, -0.8486, -3.1791, -0.2479, 57.6413, 92.2166
1741335010.354, 4.389, 4.082, 2.1359, -0.8485, -3.1790, -0.2476, 57.6398, 92.2179
1741335010.434, 4.393, 4.081, 2.1359, -0.8485, -3.1791, -0.2444, 57.6454, 92.2129
1741335010.514, 4.393, 4.082, 2.1359, -0.8485, -3.1790, -0.2534, 57.6307, 92.2294
1741335010.593, 4.389, 4.081, 2.1360, -0.8486, -3.1792, -0.2457, 57.6369, 92.2187
1741335010.673, 4.394, 4.083, 2.1359, -0.8486, -3.1790, -0.2598, 57.6361, 92.2251
1741335010.753, 4.393, 4.083, 2.1360, -0.8485, -3.1790, -0.2578, 57.6279, 92.2263
1741335010.832, 4.393, 4.082, 2.1359, -0.8486, -3.1791, -0.2420, 57.6316, 92.2258
1741335010.912, 4.393, 4.082, 2.1359, -0.8486, -3.1790, -0.2484, 57.6332, 92.2292
1741335010.992, 4.392, 4.084, 2.1360, -0.8486, -3.1791, -0.2522, 57.6344, 92.2297
1741335011.071, 4.396, 4.082, 2.1359, -0.8486, -3.1790, -0.2539, 57.6448, 92.2256
1741335011.151, 4.393, 4.082, 2.1359, -0.8485, -3.1791, -0.2704, 57.6516, 92.2388
1741335011.231, 4.393, 4.082, 2.1359, -0.8486, -3.1791, -0.2709, 57.6559, 92.2525
1741335011.310, 4.393, 4.082, 2.1358, -0.8486, -3.1790, -0.2653, 57.6575, 92.2517
1741335011.390, 4.393, 4.082, 2.1359, -0.8485, -3.1791, -0.2422, 57.6501, 92.2212
1741335011.469, 4.394, 4.083, 2.1360, -0.8486, -3.1790, -0.2477, 57.6450, 92.2254
1741335011.549, 4.392, 4.083, 2.1359, -0.8485, -3.1790, -0.2311, 57.6439, 92.2152
1741335011.629, 4.392, 4.081, 2.1359, -0.8485, -3.1792, -0.2291, 57.6445, 92.2161
1741335011.708, 4.393, 4.083, 2.1359, -0.8486, -3.1791, -0.2502, 57.6461, 92.2297
1741335011.788, 4.389, 4.084, 2.1359, -0.8486, -3.1790, -0.2572, 57.6455, 92.2239
1741335011.868, 4.394, 4.081, 2.1359, -0.8486, -3.1791, -0.2464, 57.6468, 92.2183
1741335011.947, 4.390, 4.081, 2.1360, -0.8485, -3.1790, -0.2257, 57.6414, 92.2009
1741335012.027, 4.390, 4.082, 2.1359, -0.8485, -3.1791, -0.2240, 57.6397, 92.2002
1741335012.107, 4.393, 4.082, 2.1359, -0.8486, -3.1790, -0.2263, 57.6382, 92.2101
1741335012.186, 4.389, 4.083, 2.1360, -0.8486, -3.1792, -0.2171, 57.6382, 92.1991
1741335012.266, 4.394, 4.082, 2.1358, -0.8485, -3.1790, -0.2202, 57.6439, 92.2026
1741335012.346, 4.393, 4.082, 2.1359, -0.8485, -3.1790, -0.2314, 57.6528, 92.2077
1741335012.425, 4.393, 4.081, 2.1359, -0.8485, -3.1790, -0.2400, 57.6522, 92.2091
1741335012.505, 4.393, 4.082, 2.1358, -0.8486, -3.1790, -0.2311, 57.6467, 92.2003
1741335012.584, 4.394, 4.081, 2.1359, -0.8487, -3.1791, -0.2387, 57.6524, 92.2071
1741335012.664, 4.391, 4.082, 2.1358, -0.8485, -3.1789, -0.2531, 57.6569, 92.2200
1741335012.744, 4.389, 4.082, 2.1338, -0.8487, -3.1774, -0.3368, 57.6485, 92.2520
1741335012.823, 4.389, 4.082, 2.1246, -0.8487, -3.1721, -0.2366, 57.6732, 92.1135
1741335012.903, 4.394, 4.080, 2.1084, -0.8491, -3.1618, -0.3102, 57.4745, 92.1320
1741335013.102, 4.388, 4.039, 2.0569, -0.8509, -3.1287, -0.1337, 56.7922, 92.0614
1741335013.182, 4.394, 4.008, 2.0399, -0.8520, -3.1177, -0.1393, 56.7019, 92.0336
1741335013.262, 4.396, 3.978, 2.0257, -0.8525, -3.1080, -0.1573, 56.5175, 92.1445
1741335013.341, 4.396, 3.978, 2.0128, -0.8532, -3.0990, -0.3752, 56.4192, 92.2799
1741335013.421, 4.396, 3.956, 1.9999, -0.8533, -3.0900, -0.4311, 56.2909, 92.3369
1741335013.501, 4.390, 3.935, 1.9866, -0.8538, -3.0810, -0.5479, 56.1924, 92.4535
1741335013.580, 4.398, 3.914, 1.9720, -0.8547, -3.0717, -0.2968, 56.0787, 92.2248
1741335013.779, 4.393, 3.873, 1.9403, -0.8558, -3.0504, -0.1276, 55.7305, 92.1075
1741335013.859, 4.392, 3.873, 1.9306, -0.8561, -3.0435, -0.1243, 55.4723, 92.0787
1741335013.939, 4.400, 3.852, 1.9212, -0.8563, -3.0368, -0.1717, 55.3670, 92.1364
1741335014.018, 4.400, 3.839, 1.9108, -0.8563, -3.0296, -0.1742, 55.2648, 92.1790
1741335014.098, 4.401, 3.825, 1.8993, -0.8572, -3.0219, -0.1738, 55.1542, 92.2212
1741335014.177, 4.402, 3.807, 1.8868, -0.8577, -3.0133, -0.0535, 54.9727, 92.0943
1741335014.257, 4.404, 3.807, 1.8737, -0.8574, -3.0041, -0.0042, 54.8546, 92.0196
1741335014.337, 4.406, 3.791, 1.8608, -0.8580, -2.9950, 0.1028, 54.7981, 91.8355
1741335014.416, 4.406, 3.773, 1.8474, -0.8585, -2.9850, -0.0686, 54.6627, 92.0414
1741335014.496, 4.399, 3.751, 1.8333, -0.8591, -2.9748, -0.2435, 54.4619, 92.2354
1741335014.576, 4.405, 3.731, 1.8185, -0.8596, -2.9636, -0.3482, 54.3781, 92.2717
1741335014.655, 4.411, 3.731, 1.8035, -0.8603, -2.9531, -0.1643, 54.2590, 92.0491
1741335014.735, 4.407, 3.708, 1.7885, -0.8606, -2.9425, -0.0296, 53.9976, 91.8842
1741335014.934, 4.414, 3.667, 1.7522, -0.8619, -2.9155, -0.1117, 53.3212, 91.8244
1741335015.014, 4.414, 3.645, 1.7381, -0.8624, -2.9048, -0.1306, 53.1472, 91.8133
1741335015.093, 4.418, 3.624, 1.7237, -0.8630, -2.8939, -0.0958, 52.9023, 91.8071
1741335015.173, 4.424, 3.600, 1.7104, -0.8635, -2.8856, 0.1795, 54.2275, 91.4396
1741335015.253, 4.420, 3.600, 1.6970, -0.8634, -2.8761, -0.0481, 54.0790, 91.6413
1741335015.332, 4.411, 3.580, 1.6819, -0.8641, -2.8648, -0.0103, 53.8675, 91.6726
1741335015.412, 4.411, 3.557, 1.6668, -0.8647, -2.8537, -0.2683, 53.9407, 91.8203
1741335015.491, 4.420, 3.533, 1.6520, -0.8646, -2.8430, -0.4435, 54.2440, 91.9887
1741335015.571, 4.421, 3.512, 1.6376, -0.8658, -2.8328, -0.5872, 54.4987, 92.0285
1741335015.651, 4.415, 3.512, 1.6244, -0.8656, -2.8255, -0.4051, 55.4824, 91.9197
1741335015.730, 4.422, 3.486, 1.6111, -0.8667, -2.8192, -0.2031, 56.9310, 91.6554
1741335015.810, 4.422, 3.469, 1.5940, -0.8672, -2.8084, -0.2398, 57.1123, 91.7484
1741335015.890, 4.410, 3.447, 1.5762, -0.8678, -2.7964, -0.2992, 56.9384, 91.7706
1741335015.969, 4.406, 3.419, 1.5582, -0.8676, -2.7846, -0.3102, 56.7350, 91.7796
1741335016.049, 4.409, 3.419, 1.5412, -0.8680, -2.7737, 0.0089, 56.5809, 91.5757
1741335016.129, 4.408, 3.392, 1.5263, -0.8685, -2.7638, 0.0551, 56.5266, 91.4668
1741335016.208, 4.408, 3.366, 1.5126, -0.8687, -2.7546, 0.0072, 56.5350, 91.4980
1741335016.288, 4.409, 3.346, 1.4988, -0.8693, -2.7453, -0.0827, 56.4805, 91.6100
1741335016.368, 4.409, 3.326, 1.4845, -0.8701, -2.7355, -0.2429, 56.4481, 91.7790
1741335016.447, 4.411, 3.326, 1.4697, -0.8704, -2.7256, -0.3363, 56.3229, 91.7966
1741335016.646, 4.406, 3.279, 1.4319, -0.8709, -2.7010, 0.1896, 55.9821, 91.1896
1741335016.726, 4.407, 3.260, 1.4168, -0.8713, -2.6905, 0.2276, 55.7988, 91.1596
1741335016.806, 4.407, 3.235, 1.4015, -0.8717, -2.6799, 0.0905, 55.5744, 91.2042
1741335016.885, 4.411, 3.220, 1.3866, -0.8721, -2.6693, 0.0875, 55.3281, 91.1375
1741335016.965, 4.410, 3.199, 1.3718, -0.8726, -2.6590, 0.1192, 55.0541, 91.1867
1741335017.045, 4.412, 3.199, 1.3572, -0.8724, -2.6485, 0.1600, 54.8712, 91.1435
1741335017.124, 4.412, 3.173, 1.3447, -0.8720, -2.6387, 0.2180, 54.4831, 90.8188
1741335017.204, 4.412, 3.149, 1.3372, -0.8717, -2.6310, -0.9771, 54.1099, 90.9116
1741335017.283, 4.421, 3.129, 1.3263, -0.8715, -2.6247, -0.0865, 54.0624, 89.4622
1741335017.363, 4.426, 3.118, 1.3110, -0.8723, -2.6130, -0.5816, 54.0555, 90.2500
1741335017.443, 4.425, 3.118, 1.2936, -0.8723, -2.5998, -0.8649, 53.9214, 90.5977
1741335017.522, 4.425, 3.097, 1.2764, -0.8726, -2.5884, -0.4503, 53.8084, 89.9674
1741335017.602, 4.427, 3.078, 1.2604, -0.8730, -2.5770, -0.2926, 53.6745, 89.5908
1741335017.682, 4.429, 3.049, 1.2460, -0.8731, -2.5669, -0.1653, 53.5528, 89.2164
1741335017.761, 4.426, 3.027, 1.2329, -0.8738, -2.5530, -2.1833, 54.3280, 91.6715
1741335019.414, 4.441, 2.669, 0.9361, -0.8800, -2.3325, -3.9820, 55.0469, 94.9996
1741335019.494, 4.450, 2.647, 0.9239, -0.8800, -2.3225, -4.2110, 55.1570, 95.0440
1741335019.573, 4.456, 2.627, 0.9073, -0.8806, -2.3122, -3.7972, 55.3458, 94.7960
1741335019.653, 4.453, 2.627, 0.8892, -0.8809, -2.3018, -2.8167, 55.3856, 93.8073
1741335019.733, 4.452, 2.608, 0.8704, -0.8824, -2.2948, 0.8270, 54.8280, 89.8318
1741335019.812, 4.452, 2.589, 0.8534, -0.8845, -2.2820, 0.1277, 54.5313, 90.5932
1741335019.892, 4.450, 2.566, 0.8404, -0.8837, -2.2731, 0.2880, 54.2217, 90.3886
1741335019.971, 4.442, 2.536, 0.8279, -0.8838, -2.2638, 0.1333, 54.0507, 90.5407
1741335020.051, 4.450, 2.536, 0.8153, -0.8841, -2.2543, 0.0973, 53.9520, 90.5076
1741335020.131, 4.447, 2.517, 0.8017, -0.8849, -2.2446, 0.1269, 53.9366, 90.4784
1741335020.210, 4.447, 2.497, 0.7874, -0.8841, -2.2339, 0.0774, 54.0256, 90.5266
1741335020.290, 4.454, 2.477, 0.7719, -0.8849, -2.2229, 0.1139, 53.9835, 90.6091
1741335020.370, 4.454, 2.461, 0.7570, -0.8849, -2.2115, 0.2079, 53.6605, 90.6181
1741335020.449, 4.456, 2.461, 0.7428, -0.8844, -2.2048, 1.2412, 54.2409, 88.9820
1741335020.529, 4.454, 2.437, 0.7301, -0.8848, -2.1994, 2.7024, 53.9735, 87.8395
1741335020.609, 4.454, 2.413, 0.7229, -0.8837, -2.1897, 1.2511, 53.6131, 87.8315
1741335020.688, 4.450, 2.397, 0.7100, -0.8834, -2.1791, 1.3048, 53.7039, 87.7031
1741335020.768, 4.451, 2.391, 0.6937, -0.8840, -2.1674, 1.3332, 53.5429, 87.7674
1741335020.848, 4.452, 2.391, 0.6751, -0.8859, -2.1502, -0.1025, 53.1281, 90.3950
1741335020.927, 4.465, 2.360, 0.6566, -0.8866, -2.1376, 0.5253, 52.6612, 89.9475
1741335021.007, 4.465, 2.331, 0.6417, -0.8869, -2.1250, 0.2672, 52.5155, 90.1531
1741335021.086, 4.471, 2.306, 0.6266, -0.8856, -2.1193, 2.8156, 51.3581, 88.7941
1741335021.166, 4.491, 2.282, 0.6170, -0.8848, -2.1134, 3.3896, 51.4830, 88.2499
1741335021.246, 4.500, 2.282, 0.6081, -0.8840, -2.1098, 4.4898, 52.6071, 87.0135
1741335021.325, 4.501, 2.273, 0.5960, -0.8842, -2.1042, 4.9717, 54.6872, 86.9087
1741335021.405, 4.501, 2.254, 0.5815, -0.8838, -2.0948, 4.4432, 55.6801, 87.3227
1741335021.484, 4.467, 2.234, 0.5693, -0.8876, -2.0847, 2.1429, 58.1380, 88.4647
1741335021.564, 4.472, 2.210, 0.5550, -0.8898, -2.0717, 0.8976, 61.1061, 90.3774
1741335021.644, 4.440, 2.210, 0.5372, -0.8871, -2.0645, 0.8790, 62.0141, 90.8289
1741335021.723, 4.458, 2.188, 0.5217, -0.8879, -2.0568, 0.7003, 63.1619, 90.9114
1741335021.803, 4.458, 2.171, 0.5063, -0.8875, -2.0496, 0.6668, 64.0840, 90.9796
1741335021.883, 4.463, 2.159, 0.4921, -0.8884, -2.0442, 0.0466, 65.3659, 91.4101
1741335021.962, 4.469, 2.145, 0.4796, -0.8888, -2.0421, -0.0978, 68.0985, 91.2233
1741335022.042, 4.485, 2.145, 0.4681, -0.8897, -2.0395, -0.1513, 69.3932, 91.4018
1741335022.122, 4.526, 2.138, 0.4609, -0.8894, -2.0360, -0.7154, 69.5128, 91.7740
1741335022.201, 4.526, 2.146, 0.4519, -0.8900, -2.0335, -0.3395, 69.5432, 91.2959
1741335022.281, 4.530, 2.136, 0.4420, -0.8899, -2.0303, -0.0405, 69.8527, 91.0808
1741335022.360, 4.528, 2.128, 0.4312, -0.8912, -2.0285, 0.6999, 70.6675, 90.5600
1741335022.440, 4.530, 2.128, 0.4202, -0.8908, -2.0242, 0.4241, 71.0257, 91.0039
1741335022.520, 4.533, 2.118, 0.4098, -0.8914, -2.0210, 0.4720, 71.1334, 90.8359
1741335022.599, 4.533, 2.107, 0.3986, -0.8914, -2.0167, 0.0419, 70.9704, 91.2315
1741335022.679, 4.537, 2.096, 0.3854, -0.8925, -2.0133, -0.4398, 71.0388, 91.7996
1741335022.759, 4.534, 2.083, 0.3735, -0.8926, -2.0083, -0.6057, 71.2614, 91.8744
1741335022.839, 4.539, 2.083, 0.3599, -0.8922, -2.0022, -1.0615, 70.5140, 92.1470
1741335022.918, 4.539, 2.067, 0.3456, -0.8923, -1.9975, -0.5905, 69.7673, 91.7345
1741335022.998, 4.534, 2.039, 0.3303, -0.8934, -1.9905, -0.0512, 68.3580, 91.3919
1741335023.078, 4.512, 2.013, 0.3155, -0.8942, -1.9831, 0.2545, 66.1537, 91.0823
1741335023.157, 4.477, 1.980, 0.2996, -0.8953, -1.9726, 0.3131, 63.5991, 91.3183
1741335023.237, 4.439, 1.980, 0.2863, -0.8957, -1.9603, -0.2928, 60.0068, 91.6314
1741335023.317, 4.439, 1.939, 0.2773, -0.8927, -1.9464, -3.4033, 55.2096, 95.0115
1741335023.396, 4.411, 1.900, 0.2695, -0.8930, -1.9316, -3.3827, 50.0914, 93.7561
1741335023.476, 4.427, 1.875, 0.2603, -0.8939, -1.9129, -2.9023, 43.9703, 93.0000
1741335023.555, 4.479, 1.877, 0.2443, -0.8941, -1.8930, -2.2910, 41.5093, 93.0472
1741335023.635, 4.600, 1.877, 0.2234, -0.8952, -1.8756, -0.8079, 42.1413, 93.0222
1741335023.715, 4.600, 1.898, 0.2080, -0.8938, -1.8677, 1.8501, 41.6469, 91.1894
1741335023.794, 4.638, 1.860, 0.2009, -0.8930, -1.8598, 1.2493, 42.5754, 90.4748
1741335023.874, 4.649, 1.841, 0.2006, -0.8939, -1.8502, -2.6483, 45.4384, 91.1910
1741335023.953, 4.620, 1.816, 0.1818, -0.8967, -1.8377, -2.4072, 48.9826, 94.0208
1741335024.033, 4.571, 1.816, 0.1570, -0.8973, -1.8281, 0.0246, 51.8095, 93.1541
1741335024.113, 4.571, 1.772, 0.1429, -0.8974, -1.8116, -2.0452, 51.9283, 93.8298
1741335024.192, 4.504, 1.722, 0.1257, -0.8991, -1.8040, 1.5654, 51.5777, 89.4563
1741335024.272, 4.493, 1.695, 0.1078, -0.8965, -1.7972, 3.4894, 50.1322, 89.3955
1741335024.352, 4.491, 1.672, 0.0975, -0.8979, -1.7903, 4.5983, 50.3964, 87.8558
1741335024.431, 4.502, 1.672, 0.0869, -0.8986, -1.7804, 3.8851, 50.0621, 88.7605
1741335024.511, 4.502, 1.660, 0.0746, -0.8999, -1.7700, 3.7281, 50.0280, 88.3788
1741335024.591, 4.498, 1.643, 0.0615, -0.9012, -1.7546, 1.4236, 50.4461, 90.0431
1741335024.670, 4.506, 1.621, 0.0481, -0.9015, -1.7411, 0.8352, 50.2495, 90.2328
1741335024.750, 4.510, 1.621, 0.0387, -0.9012, -1.7354, 1.3225, 50.7667, 88.0302
1741335024.830, 4.510, 1.595, 0.0291, -0.9012, -1.7278, 1.4121, 51.1801, 87.7552
1741335024.909, 4.510, 1.576, 0.0183, -0.9013, -1.7176, 0.7393, 50.6099, 87.8319
1741335024.989, 4.503, 1.558, 0.0042, -0.9012, -1.7040, 0.4399, 49.9802, 88.4409
1741335025.068, 4.513, 1.541, -0.0114, -0.9023, -1.6909, 0.5530, 49.6234, 88.3931
1741335025.148, 4.522, 1.541, -0.0274, -0.9035, -1.6761, 0.0846, 48.9194, 89.2757
1741335025.228, 4.531, 1.518, -0.0425, -0.9039, -1.6628, 0.1053, 48.5517, 89.2272
1741335025.307, 4.531, 1.495, -0.0563, -0.9024, -1.6510, 0.2351, 48.1568, 90.0448
1741335025.387, 4.546, 1.468, -0.0650, -0.9012, -1.6440, 0.5400, 47.8283, 90.5592
1741335025.467, 4.561, 1.446, -0.0731, -0.9005, -1.6407, 2.1702, 48.1459, 88.7581
1741335025.666, 4.557, 1.420, -0.1050, -0.9035, -1.6001, -3.4959, 50.1937, 93.5953
1741335025.745, 4.556, 1.420, -0.1240, -0.9046, -1.5841, -2.4556, 49.7025, 92.8142
1741335025.825, 4.560, 1.389, -0.1391, -0.9053, -1.5716, -2.4933, 49.7204, 92.8612
1741335025.905, 4.560, 1.359, -0.1516, -0.9060, -1.5614, -2.3869, 49.6883, 92.7193
1741335025.985, 4.564, 1.333, -0.1629, -0.9064, -1.5515, -2.5764, 49.8755, 92.9782
1741335026.064, 4.561, 1.312, -0.1747, -0.9067, -1.5418, -2.6009, 49.7666, 92.9745
1741335026.263, 4.553, 1.272, -0.2091, -0.9079, -1.5146, -3.0385, 51.4573, 93.3248
1741335026.343, 4.547, 1.272, -0.2254, -0.9080, -1.5052, -3.2945, 53.9111, 93.5898
1741335026.422, 4.559, 1.251, -0.2404, -0.9081, -1.4950, -3.3736, 54.3177, 93.4838
1741335026.502, 4.559, 1.221, -0.2551, -0.9088, -1.4846, -3.1890, 54.0745, 93.2765
1741335026.821, 4.546, 1.151, -0.3117, -0.9097, -1.4453, -2.1601, 54.1196, 92.8202
1741335027.020, 4.541, 1.110, -0.3467, -0.9116, -1.4259, -3.0245, 59.0001, 93.3577
1741335027.099, 4.541, 1.090, -0.3622, -0.9110, -1.4178, -3.1730, 59.8258, 93.6174
1741335027.179, 4.532, 1.070, -0.3781, -0.9117, -1.4095, -3.0690, 59.9279, 93.6642
1741335027.259, 4.532, 1.048, -0.3942, -0.9120, -1.3996, -3.0066, 60.0759, 93.7891
1741335027.338, 4.536, 1.048, -0.4104, -0.9122, -1.3907, -2.7209, 60.1620, 93.6634
1741335027.418, 4.535, 1.025, -0.4268, -0.9129, -1.3837, -1.3997, 60.1791, 92.2545
1741335027.617, 4.521, 0.979, -0.4665, -0.9148, -1.3654, 1.1934, 59.7321, 89.7313
1741335029.509, 4.528, 0.560, -0.8083, -0.9220, -1.1281, 1.1393, 55.1674, 89.8168
1741335029.589, 4.532, 0.539, -0.8151, -0.9221, -1.1234, 1.1943, 55.1248, 89.8185
1741335029.668, 4.529, 0.524, -0.8149, -0.9224, -1.1237, 1.2308, 55.1214, 89.7271
1741335029.748, 4.526, 0.516, -0.8139, -0.9224, -1.1246, 1.2576, 55.0944, 89.7202
1741335029.828, 4.529, 0.516, -0.8130, -0.9225, -1.1253, 1.2640, 55.1335, 89.7203
1741335029.907, 4.529, 0.521, -0.8126, -0.9226, -1.1258, 1.2885, 55.1479, 89.6781
1741335029.986, 4.531, 0.518, -0.8126, -0.9227, -1.1260, 1.2780, 55.1510, 89.6922
1741335030.066, 4.530, 0.519, -0.8125, -0.9226, -1.1261, 1.2727, 55.1428, 89.7130
1741335030.146, 4.525, 0.519, -0.8126, -0.9227, -1.1261, 1.2908, 55.1510, 89.6947
1741335030.226, 4.532, 0.519, -0.8127, -0.9228, -1.1260, 1.3014, 55.1487, 89.6868
1741335030.305, 4.532, 0.519, -0.8128, -0.9229, -1.1262, 1.3264, 55.1450, 89.6659
1741335030.385, 4.527, 0.519, -0.8115, -0.9230, -1.1272, 1.3504, 55.1378, 89.6937
1741335030.464, 4.526, 0.523, -0.8068, -0.9228, -1.1305, 1.3454, 55.1343, 89.6631
1741335030.544, 4.533, 0.527, -0.7985, -0.9228, -1.1364, 1.3288, 55.0667, 89.6476
1741335030.624, 4.533, 0.527, -0.7877, -0.9226, -1.1437, 1.2775, 55.0473, 89.6518
1741335030.704, 4.533, 0.530, -0.7740, -0.9224, -1.1532, 1.1276, 54.9734, 89.8142
1741335030.783, 4.529, 0.549, -0.7595, -0.9223, -1.1642, 1.1926, 54.9826, 89.9247
1741335030.863, 4.528, 0.570, -0.7437, -0.9222, -1.1750, 1.1035, 55.1374, 90.0006
1741335030.942, 4.526, 0.594, -0.7294, -0.9203, -1.1788, -1.9838, 54.8040, 93.0167
1741335031.022, 4.530, 0.594, -0.7230, -0.9193, -1.1842, -1.2981, 54.9277, 93.2056
1741335031.102, 4.530, 0.615, -0.7188, -0.9189, -1.1929, 1.0619, 54.7279, 92.4020
1741335031.181, 4.545, 0.628, -0.7062, -0.9187, -1.2022, 0.8868, 54.5133, 92.4920
1741335031.261, 4.534, 0.639, -0.6908, -0.9188, -1.2189, 3.5030, 54.2702, 89.0095
1741335031.341, 4.526, 0.655, -0.6698, -0.9201, -1.2295, 1.0832, 55.2308, 89.9815
1741335031.420, 4.521, 0.655, -0.6536, -0.9207, -1.2406, 1.1448, 55.2722, 89.8089
1741335031.500, 4.521, 0.682, -0.6397, -0.9201, -1.2510, 1.2709, 55.3859, 89.7839
1741335031.579, 4.524, 0.715, -0.6273, -0.9197, -1.2581, 1.0075, 54.5754, 89.4047
1741335031.659, 4.523, 0.730, -0.6199, -0.9191, -1.2636, 0.8001, 54.7789, 88.6056
1741335031.739, 4.524, 0.749, -0.6140, -0.9181, -1.2668, 0.2272, 54.9014, 88.7395
1741335031.818, 4.525, 0.749, -0.6041, -0.9176, -1.2742, 0.1295, 55.4729, 88.5981
1741335031.898, 4.525, 0.758, -0.5891, -0.9170, -1.2865, 0.9613, 55.7647, 87.6100
1741335031.978, 4.523, 0.770, -0.5740, -0.9179, -1.2993, 2.1033, 55.4302, 87.2924
1741335032.057, 4.515, 0.788, -0.5580, -0.9196, -1.3081, 0.7542, 54.7638, 89.6754
1741335032.137, 4.517, 0.815, -0.5446, -0.9203, -1.3184, 0.8445, 54.9988, 89.9225
1741335032.217, 4.520, 0.815, -0.5351, -0.9193, -1.3254, 0.8194, 55.2309, 89.9498
1741335032.296, 4.520, 0.833, -0.5264, -0.9194, -1.3315, 0.9334, 55.2727, 89.8746
1741335032.376, 4.515, 0.851, -0.5175, -0.9192, -1.3383, 1.0115, 55.2339, 89.8956
1741335032.455, 4.520, 0.863, -0.5068, -0.9190, -1.3463, 1.1472, 55.2909, 89.9166
1741335032.535, 4.513, 0.879, -0.4945, -0.9191, -1.3551, 1.2594, 55.3784, 89.8241
1741335032.615, 4.512, 0.879, -0.4814, -0.9186, -1.3645, 1.2163, 55.5083, 89.8536
1741335032.694, 4.512, 0.898, -0.4678, -0.9184, -1.3740, 1.1529, 55.6689, 89.9135
1741335032.774, 4.511, 0.920, -0.4553, -0.9179, -1.3826, 1.0551, 55.7660, 89.9458
1741335032.854, 4.510, 0.939, -0.4447, -0.9165, -1.3847, -1.3754, 55.7311, 92.5243
1741335032.933, 4.509, 0.954, -0.4366, -0.9162, -1.3882, -2.0709, 55.4315, 92.9707
1741335033.013, 4.521, 0.954, -0.4281, -0.9161, -1.3945, -1.8536, 55.2766, 93.0678
1741335033.093, 4.521, 0.969, -0.4166, -0.9156, -1.4022, -2.0512, 55.0030, 93.3152
1741335033.172, 4.526, 0.981, -0.4023, -0.9150, -1.4111, -2.5700, 54.9587, 93.4940
1741335033.252, 4.526, 0.999, -0.3873, -0.9152, -1.4197, -3.1333, 54.9327, 93.7965
1741335033.332, 4.528, 1.019, -0.3746, -0.9150, -1.4290, -2.9063, 54.8730, 93.7097
1741335033.411, 4.527, 1.019, -0.3632, -0.9148, -1.4381, -2.5383, 54.6349, 93.4018
1741335033.491, 4.527, 1.040, -0.3523, -0.9146, -1.4463, -2.3336, 54.3789, 93.2515
1741335033.571, 4.525, 1.057, -0.3414, -0.9144, -1.4543, -2.1362, 54.1711, 93.2808
1741335033.650, 4.528, 1.077, -0.3276, -0.9136, -1.4613, -3.1078, 53.6249, 93.5251
1741335033.730, 4.529, 1.091, -0.3150, -0.9135, -1.4700, -3.1193, 53.4590, 93.4529
1741335033.810, 4.531, 1.091, -0.3044, -0.9138, -1.4785, -3.0675, 53.4817, 93.4566
1741335033.889, 4.531, 1.110, -0.2924, -0.9134, -1.4870, -3.2928, 53.5021, 93.5260
1741335033.969, 4.535, 1.128, -0.2800, -0.9127, -1.4957, -3.4958, 53.4965, 93.5222
1741335034.049, 4.535, 1.147, -0.2683, -0.9127, -1.5041, -3.5511, 53.6214, 93.6626
1741335034.128, 4.530, 1.164, -0.2557, -0.9124, -1.5135, -3.5633, 53.6842, 93.6320
1741335034.208, 4.530, 1.164, -0.2435, -0.9125, -1.5223, -3.5337, 53.7299, 93.7063
1741335034.287, 4.529, 1.185, -0.2314, -0.9124, -1.5316, -3.6762, 53.8666, 93.9278
1741335034.367, 4.532, 1.204, -0.2192, -0.9120, -1.5404, -3.7960, 53.9331, 94.0653
1741335034.447, 4.531, 1.223, -0.2074, -0.9113, -1.5484, -3.8900, 53.9641, 94.0899
1741335034.526, 4.526, 1.240, -0.1961, -0.9107, -1.5563, -3.7432, 54.0129, 93.9655
1741335034.606, 4.526, 1.240, -0.1848, -0.9103, -1.5645, -3.5660, 53.8567, 93.7645
1741335034.686, 4.529, 1.257, -0.1728, -0.9104, -1.5728, -3.3697, 53.0779, 93.6310
1741335034.765, 4.527, 1.276, -0.1604, -0.9108, -1.5813, -3.0864, 52.0074, 93.4220
1741335034.845, 4.526, 1.293, -0.1473, -0.9105, -1.5907, -2.7662, 50.8219, 93.1161
1741335034.925, 4.536, 1.293, -0.1351, -0.9099, -1.5990, -2.7052, 49.8996, 93.2286
1741335035.004, 4.536, 1.316, -0.1236, -0.9100, -1.6077, -3.0153, 49.8794, 93.4685
1741335035.084, 4.545, 1.341, -0.1127, -0.9103, -1.6175, -2.9306, 49.8149, 93.2976
1741335035.163, 4.556, 1.359, -0.1046, -0.9093, -1.6276, -1.6835, 50.3243, 92.7370
1741335035.243, 4.548, 1.375, -0.1010, -0.9081, -1.6372, -0.0653, 50.6447, 91.3822
1741335035.323, 4.541, 1.375, -0.0948, -0.9067, -1.6428, 0.3863, 50.2755, 91.1672
1741335035.402, 4.541, 1.389, -0.0878, -0.9061, -1.6530, 1.4636, 51.6308, 89.6300
1741335035.601, 4.516, 1.409, -0.0628, -0.9077, -1.6836, 3.6406, 56.1737, 86.0950
1741335035.681, 4.486, 1.424, -0.0449, -0.9095, -1.6828, -1.3074, 55.9278, 91.1125
1741335035.761, 4.471, 1.439, -0.0347, -0.9083, -1.6892, -1.3739, 56.4882, 90.9484
1741335035.841, 4.488, 1.455, -0.0271, -0.9079, -1.6969, 0.2507, 56.7040, 89.0794
1741335035.920, 4.478, 1.455, -0.0199, -0.9081, -1.7034, 0.3783, 56.5493, 88.7022
1741335036.000, 4.478, 1.475, -0.0136, -0.9077, -1.7079, 0.4271, 56.6574, 88.6958
1741335036.079, 4.478, 1.484, -0.0062, -0.9076, -1.7129, 0.5104, 56.7343, 88.6497
1741335036.159, 4.476, 1.495, 0.0024, -0.9071, -1.7190, 0.7423, 56.8011, 88.3593
1741335036.239, 4.475, 1.506, 0.0120, -0.9076, -1.7256, 0.8160, 57.0359, 88.4260
1741335036.318, 4.474, 1.506, 0.0186, -0.9069, -1.7339, 2.5096, 57.9923, 87.4743
1741335036.398, 4.474, 1.521, 0.0276, -0.9073, -1.7379, 1.5445, 57.5936, 87.7477
1741335036.478, 4.477, 1.535, 0.0363, -0.9067, -1.7430, 1.3182, 57.2100, 87.9027
1741335036.557, 4.469, 1.546, 0.0447, -0.9068, -1.7479, 1.3121, 56.9778, 88.0093
1741335036.637, 4.471, 1.558, 0.0535, -0.9075, -1.7535, 1.2933, 56.5104, 88.7347
1741335036.716, 4.473, 1.558, 0.0619, -0.9076, -1.7580, 0.7529, 55.9446, 90.6490
1741335036.796, 4.473, 1.573, 0.0714, -0.9078, -1.7640, 0.7591, 56.1065, 90.6638
1741335036.995, 4.476, 1.600, 0.0803, -0.9066, -1.7724, 1.8887, 56.3468, 90.0227
1741335037.194, 4.476, 1.612, 0.0807, -0.9066, -1.7743, 2.3212, 56.1235, 89.9273
1741335037.393, 4.478, 1.612, 0.0998, -0.9041, -1.7855, 1.6195, 56.0538, 92.0943
1741335037.473, 4.470, 1.617, 0.1197, -0.9046, -1.8013, 2.6176, 55.8544, 90.2320
1741335037.553, 4.473, 1.636, 0.1402, -0.9040, -1.8025, -4.0245, 55.3157, 95.0957
1741335037.633, 4.471, 1.666, 0.1483, -0.9037, -1.8115, -2.3927, 55.2493, 94.3842
1741335037.712, 4.491, 1.666, 0.1538, -0.9032, -1.8169, -1.3439, 55.0648, 93.9582
1741335037.792, 4.491, 1.683, 0.1600, -0.9030, -1.8201, -1.6264, 54.9396, 94.0834
1741335037.871, 4.485, 1.695, 0.1668, -0.9027, -1.8229, -2.4114, 54.8391, 94.3842
1741335037.951, 4.485, 1.705, 0.1730, -0.9026, -1.8277, -2.1003, 54.7803, 94.2217
1741335038.031, 4.488, 1.712, 0.1804, -0.9025, -1.8336, -1.7357, 54.8673, 93.9029
1741335038.110, 4.491, 1.712, 0.1914, -0.9027, -1.8395, -2.5977, 54.7412, 94.0533
1741335038.190, 4.491, 1.722, 0.1980, -0.9016, -1.8449, -2.4864, 55.2948, 93.1924
1741335038.270, 4.493, 1.737, 0.2003, -0.9005, -1.8462, -2.2943, 54.7200, 92.3925
1741335038.349, 4.484, 1.747, 0.2011, -0.9004, -1.8467, -2.2229, 54.8489, 92.3172
1741335038.429, 4.494, 1.752, 0.2026, -0.9000, -1.8499, -1.2179, 55.4876, 91.7887
1741335038.508, 4.485, 1.752, 0.2098, -0.9005, -1.8566, 0.6712, 57.2488, 89.7824
1741335038.588, 4.485, 1.751, 0.2212, -0.8993, -1.8671, 3.1470, 58.4246, 87.8655
1741335038.668, 4.481, 1.763, 0.2397, -0.8997, -1.8789, 2.5639, 59.8306, 87.8907
1741335038.747, 4.469, 1.782, 0.2589, -0.9009, -1.8853, -0.9528, 60.3249, 90.3560
1741335038.827, 4.449, 1.812, 0.2708, -0.8998, -1.8935, -0.3559, 61.5847, 89.5492
1741335038.907, 4.449, 1.812, 0.2790, -0.8996, -1.8982, -0.3084, 61.7217, 89.4799
1741335039.106, 4.466, 1.850, 0.2946, -0.8991, -1.9066, -0.2905, 61.9478, 89.6611
1741335039.185, 4.466, 1.860, 0.3021, -0.8988, -1.9105, -0.5055, 61.9342, 90.0862
1741335039.265, 4.468, 1.868, 0.3108, -0.8991, -1.9152, -0.5379, 62.1821, 90.2962
1741335039.345, 4.466, 1.880, 0.3193, -0.8984, -1.9197, -0.4382, 62.3897, 90.2342
1741335039.424, 4.472, 1.894, 0.3276, -0.8995, -1.9242, -0.3152, 62.6173, 90.7332
1741335039.504, 4.472, 1.894, 0.3343, -0.8998, -1.9263, -1.0845, 62.8864, 92.6120
1741335039.584, 4.471, 1.906, 0.3414, -0.8987, -1.9271, -2.6953, 62.6899, 94.2447
1741335039.663, 4.476, 1.917, 0.3484, -0.8979, -1.9290, -3.0826, 62.0379, 94.7104
1741335039.743, 4.483, 1.922, 0.3582, -0.8973, -1.9306, -3.5085, 60.0827, 94.9243
1741335039.823, 4.486, 1.930, 0.3699, -0.8971, -1.9332, -3.2242, 57.0166, 94.6695
1741335039.902, 4.486, 1.930, 0.3816, -0.8968, -1.9371, -2.7939, 53.6532, 94.3149
1741335039.982, 4.483, 1.935, 0.3920, -0.8966, -1.9419, -2.4361, 50.9597, 93.8302
1741335040.062, 4.516, 1.952, 0.4004, -0.8961, -1.9475, -2.2719, 49.9749, 93.6738
1741335040.141, 4.540, 1.975, 0.4058, -0.8961, -1.9547, -1.3262, 49.8515, 93.7569
1741335040.221, 4.555, 1.975, 0.4130, -0.8953, -1.9627, -0.7056, 49.8091, 93.7710
1741335040.300, 4.555, 1.991, 0.4233, -0.8951, -1.9702, -1.0206, 49.6761, 93.8422
1741335040.380, 4.544, 2.002, 0.4341, -0.8944, -1.9783, -1.2850, 49.6410, 93.8391
1741335040.460, 4.546, 2.019, 0.4434, -0.8940, -1.9853, -2.0110, 50.2764, 94.0848
1741335040.539, 4.549, 2.035, 0.4497, -0.8940, -1.9909, -2.8539, 52.0965, 94.5082
1741335040.619, 4.538, 2.035, 0.4499, -0.8943, -1.9950, -1.9042, 52.8971, 94.3038
1741335040.699, 4.538, 2.043, 0.4514, -0.8940, -1.9966, -1.7460, 52.8277, 94.1346
1741335040.778, 4.519, 2.043, 0.4550, -0.8940, -1.9963, -2.9728, 52.8109, 94.6138
1741335040.858, 4.506, 2.046, 0.4564, -0.8938, -1.9981, -2.5548, 52.7365, 94.4467
1741335040.938, 4.515, 2.049, 0.4597, -0.8936, -1.9997, -2.8174, 52.6909, 94.4646
1741335041.017, 4.518, 2.049, 0.4621, -0.8934, -2.0031, -2.2692, 52.7887, 94.3132
1741335041.097, 4.518, 2.053, 0.4662, -0.8933, -2.0058, -3.0731, 53.6347, 94.5645
1741335041.176, 4.512, 2.056, 0.4709, -0.8929, -2.0096, -3.4193, 54.2974, 94.4782
1741335041.256, 4.512, 2.062, 0.4749, -0.8928, -2.0137, -3.2229, 54.6483, 94.2367
1741335041.336, 4.509, 2.068, 0.4792, -0.8928, -2.0175, -2.6612, 54.5911, 93.5597
1741335041.415, 4.505, 2.068, 0.4832, -0.8929, -2.0228, -1.6681, 54.6048, 92.1968
1741335041.495, 4.505, 2.073, 0.4872, -0.8929, -2.0300, 0.0521, 54.6207, 89.8492
1741335041.575, 4.495, 2.083, 0.4915, -0.8927, -2.0352, 0.9297, 54.7415, 88.6357
1741335041.654, 4.492, 2.090, 0.4949, -0.8927, -2.0369, 0.7976, 54.2581, 88.9079
1741335041.734, 4.481, 2.101, 0.4961, -0.8931, -2.0378, 0.7396, 54.3286, 88.9960
1741335041.814, 4.485, 2.101, 0.4978, -0.8926, -2.0400, 0.7343, 55.5788, 88.6171
1741335041.893, 4.485, 2.106, 0.5010, -0.8923, -2.0425, 0.5843, 55.8436, 88.7714
1741335041.973, 4.479, 2.107, 0.5059, -0.8921, -2.0458, 0.6337, 55.9445, 88.6449
1741335042.053, 4.453, 2.109, 0.5110, -0.8919, -2.0490, 0.5588, 56.0315, 88.7014
1741335042.252, 4.452, 2.124, 0.5216, -0.8916, -2.0556, 0.3734, 56.1441, 88.9107
1741335044.382, 4.459, 2.474, 0.8368, -0.8881, -2.2598, 0.3791, 56.6129, 90.4156
1741335044.462, 4.455, 2.486, 0.8493, -0.8880, -2.2680, 0.2726, 56.8282, 90.5838
1741335044.542, 4.456, 2.509, 0.8635, -0.8875, -2.2771, 0.1485, 57.1106, 90.7584
1741335044.621, 4.451, 2.527, 0.8787, -0.8870, -2.2862, 0.0162, 57.2429, 90.8349
1741335044.701, 4.454, 2.527, 0.8940, -0.8868, -2.2962, 0.0662, 57.1707, 90.8001
1741335044.780, 4.454, 2.549, 0.9079, -0.8858, -2.2988, -1.6416, 55.5732, 92.7417
1741335044.860, 4.455, 2.570, 0.9209, -0.8842, -2.3013, -2.8583, 52.8289, 93.6913
1741335044.940, 4.467, 2.584, 0.9346, -0.8837, -2.3059, -2.9430, 49.6058, 93.8166
1741335045.019, 4.494, 2.611, 0.9502, -0.8831, -2.3138, -3.1575, 46.2428, 93.7731
1741335045.099, 4.560, 2.611, 0.9636, -0.8830, -2.3257, -2.7394, 45.2586, 93.6001
1741335045.179, 4.560, 2.649, 0.9738, -0.8825, -2.3394, -1.7558, 45.4780, 93.4447
1741335045.258, 4.605, 2.699, 0.9827, -0.8822, -2.3525, -1.7092, 47.9583, 93.8141
1741335045.338, 4.596, 2.714, 0.9902, -0.8821, -2.3634, -2.2677, 51.7309, 94.2547
1741335045.418, 4.517, 2.704, 0.9974, -0.8820, -2.3718, -3.2049, 54.5380, 94.6621
1741335045.497, 4.517, 2.704, 1.0032, -0.8819, -2.3775, -2.9778, 55.3614, 94.6008
1741335045.577, 4.470, 2.700, 1.0110, -0.8818, -2.3811, -4.1722, 55.0328, 94.8599
1741335045.656, 4.460, 2.706, 1.0179, -0.8813, -2.3848, -4.3228, 55.0781, 94.9401
1741335045.736, 4.464, 2.711, 1.0250, -0.8808, -2.3890, -4.5402, 55.0278, 94.8993
1741335045.816, 4.465, 2.711, 1.0336, -0.8807, -2.3951, -4.5567, 55.1528, 94.8176
1741335045.896, 4.465, 2.720, 1.0436, -0.8806, -2.4016, -4.6013, 55.2638, 94.8360
1741335045.975, 4.461, 2.739, 1.0543, -0.8801, -2.4095, -4.8788, 56.1486, 95.1050
1741335046.055, 4.461, 2.748, 1.0626, -0.8801, -2.4170, -5.0867, 57.8317, 95.3722
1741335046.134, 4.462, 2.762, 1.0695, -0.8804, -2.4243, -4.8667, 59.5741, 95.8630
1741335046.214, 4.452, 2.762, 1.0758, -0.8795, -2.4303, -3.7576, 59.8952, 95.3522
1741335046.294, 4.452, 2.778, 1.0845, -0.8795, -2.4344, -4.4759, 59.7771, 95.6435
1741335046.373, 4.450, 2.795, 1.0933, -0.8793, -2.4387, -4.7043, 59.5791, 95.3815
1741335046.453, 4.457, 2.805, 1.1006, -0.8789, -2.4427, -4.8546, 59.6052, 95.3510
1741335046.533, 4.457, 2.814, 1.1091, -0.8785, -2.4477, -4.7945, 59.7012, 95.1699
1741335046.612, 4.459, 2.814, 1.1193, -0.8783, -2.4530, -4.9218, 59.6766, 95.2477
1741335046.692, 4.459, 2.829, 1.1304, -0.8780, -2.4584, -4.5973, 58.5533, 94.8566
1741335046.772, 4.460, 2.838, 1.1411, -0.8781, -2.4647, -4.0879, 57.8202, 94.3447
1741335046.851, 4.456, 2.857, 1.1506, -0.8781, -2.4738, -2.7068, 58.0854, 92.5698
1741335046.931, 4.461, 2.870, 1.1601, -0.8776, -2.4847, -0.2484, 58.5842, 89.2129
1741335047.011, 4.448, 2.870, 1.1693, -0.8778, -2.4904, -0.4065, 58.4160, 89.6952
1741335047.090, 4.448, 2.883, 1.1780, -0.8772, -2.4964, -0.1830, 58.6754, 89.3678
1741335047.170, 4.447, 2.905, 1.1867, -0.8772, -2.5022, 0.0209, 58.7692, 89.0782
1741335047.249, 4.443, 2.916, 1.1950, -0.8772, -2.5070, -0.1088, 58.8559, 89.2918
1741335047.329, 4.440, 2.930, 1.2035, -0.8771, -2.5119, -0.1562, 58.9202, 89.4754
1741335047.409, 4.443, 2.930, 1.2123, -0.8769, -2.5167, -0.3587, 59.0517, 89.7257
1741335047.488, 4.443, 2.937, 1.2213, -0.8769, -2.5219, -0.6057, 59.1937, 90.0605
1741335047.568, 4.446, 2.949, 1.2308, -0.8760, -2.5262, -0.6660, 58.5031, 90.0680
1741335047.648, 4.447, 2.960, 1.2395, -0.8758, -2.5286, -1.3497, 57.1782, 91.2772
1741335047.727, 4.448, 2.971, 1.2476, -0.8755, -2.5323, -1.7904, 56.9538, 92.1278
1741335047.807, 4.453, 2.971, 1.2543, -0.8762, -2.5383, -0.8519, 57.1823, 91.1235
1741335047.886, 4.453, 2.986, 1.2590, -0.8776, -2.5405, -0.8434, 57.2537, 92.0065
1741335047.966, 4.451, 2.995, 1.2634, -0.8773, -2.5458, -0.1665, 57.5356, 91.6836
1741335048.046, 4.446, 2.997, 1.2659, -0.8772, -2.5473, -0.1260, 57.3335, 91.6930
1741335048.125, 4.447, 3.007, 1.2668, -0.8773, -2.5480, -0.1838, 57.3838, 91.7669
1741335048.205, 4.445, 3.007, 1.2678, -0.8770, -2.5481, -0.1737, 57.1799, 91.6994
1741335048.285, 4.445, 3.014, 1.2706, -0.8770, -2.5492, -0.1075, 56.3818, 91.6062
1741335048.364, 4.446, 3.017, 1.2751, -0.8769, -2.5509, 0.0247, 55.1476, 91.5341
1741335048.444, 4.447, 3.019, 1.2811, -0.8767, -2.5529, 0.0087, 53.5559, 91.4926
1741335048.524, 4.457, 3.027, 1.2874, -0.8764, -2.5550, 0.0275, 51.8049, 91.4210
1741335048.603, 4.468, 3.027, 1.2929, -0.8762, -2.5576, 0.1140, 50.5512, 91.3045
1741335048.683, 4.468, 3.042, 1.2971, -0.8763, -2.5610, 0.1932, 50.3219, 91.1961
1741335048.763, 4.484, 3.057, 1.3001, -0.8762, -2.5634, 0.2031, 50.3267, 91.1927
1741335048.842, 4.489, 3.059, 1.3029, -0.8760, -2.5658, 0.2390, 50.3397, 91.1436
1741335048.922, 4.489, 3.071, 1.3059, -0.8760, -2.5686, 0.2832, 50.3972, 91.1072
1741335049.001, 4.486, 3.071, 1.3097, -0.8757, -2.5717, 0.2872, 50.3521, 91.1343
1741335049.081, 4.486, 3.076, 1.3153, -0.8760, -2.5767, 0.2697, 50.3938, 91.1558
1741335049.161, 4.483, 3.082, 1.3243, -0.8748, -2.5842, 0.3585, 50.4973, 91.1499
1741335049.240, 4.487, 3.086, 1.3334, -0.8749, -2.5963, 1.7029, 50.5375, 90.5701
1741335049.320, 4.480, 3.100, 1.3493, -0.8746, -2.6092, 0.1711, 50.2849, 91.6276
1741335049.400, 4.473, 3.100, 1.3641, -0.8758, -2.6217, 0.5269, 49.9265, 91.1827
1741335049.479, 4.473, 3.121, 1.3795, -0.8732, -2.6351, 0.5215, 49.6770, 91.0142
1741335049.559, 4.481, 3.149, 1.3936, -0.8729, -2.6481, 0.6277, 49.7881, 90.8528
1741335049.639, 4.473, 3.181, 1.4068, -0.8732, -2.6599, 0.4584, 49.9751, 91.1194
1741335049.718, 4.475, 3.203, 1.4175, -0.8726, -2.6723, 0.3291, 52.4011, 91.3501
1741335049.798, 4.460, 3.203, 1.4262, -0.8706, -2.6863, 0.1026, 57.4619, 91.4555
1741335049.877, 4.460, 3.213, 1.4334, -0.8694, -2.7011, 0.5248, 61.5962, 91.3003
1741335049.957, 4.426, 3.213, 1.4448, -0.8699, -2.7128, 1.3908, 64.2526, 90.4775
1741335050.037, 4.426, 3.249, 1.4577, -0.8697, -2.7229, 3.6216, 64.2161, 88.5163
1741335050.116, 4.441, 3.281, 1.4745, -0.8692, -2.7314, 4.0096, 64.4914, 88.3019
1741335050.196, 4.454, 3.281, 1.4927, -0.8680, -2.7403, 4.1721, 64.7407, 88.0541
1741335050.276, 4.454, 3.302, 1.5105, -0.8679, -2.7491, 4.4698, 64.8421, 87.8417
1741335050.355, 4.466, 3.328, 1.5288, -0.8674, -2.7571, 4.5632, 64.3992, 87.8199
1741335050.435, 4.467, 3.362, 1.5450, -0.8671, -2.7617, 3.9691, 61.8699, 88.6021
1741335050.634, 4.450, 3.380, 1.5838, -0.8644, -2.7831, 4.7167, 60.1319, 87.8197
1741335050.833, 4.452, 3.419, 1.6220, -0.8643, -2.8067, 4.8247, 60.4987, 87.3982
1741335050.913, 4.452, 3.445, 1.6372, -0.8636, -2.8152, 4.7837, 60.5439, 87.5109
1741335050.993, 4.452, 3.445, 1.6520, -0.8634, -2.8241, 4.8381, 60.6810, 87.5358
1741335051.072, 4.456, 3.463, 1.6667, -0.8626, -2.8330, 4.8178, 60.8876, 87.6042
1741335051.152, 4.456, 3.489, 1.6814, -0.8628, -2.8421, 4.9831, 61.0834, 87.4218
1741335051.231, 4.461, 3.510, 1.6956, -0.8618, -2.8505, 5.0672, 61.2199, 87.3096
1741335051.311, 4.458, 3.510, 1.7104, -0.8619, -2.8592, 5.1436, 61.2911, 87.1742
1741335051.391, 4.458, 3.532, 1.7251, -0.8604, -2.8675, 5.0127, 61.4359, 87.3631
1741335051.470, 4.465, 3.551, 1.7412, -0.8605, -2.8767, 4.9466, 61.7080, 87.5038
1741335051.550, 4.464, 3.573, 1.7571, -0.8607, -2.8856, 5.0135, 61.9713, 87.4940
1741335051.630, 4.470, 3.573, 1.7726, -0.8594, -2.8949, 5.1059, 62.1636, 87.4803
1741335051.709, 4.468, 3.573, 1.7882, -0.8586, -2.9038, 5.2606, 62.3416, 87.3194
1741335051.789, 4.468, 3.627, 1.8040, -0.8583, -2.9126, 5.2500, 62.5908, 87.2068
1741335051.869, 4.468, 3.651, 1.8181, -0.8578, -2.9204, 5.1661, 62.6745, 87.3614
1741335051.948, 4.471, 3.677, 1.8318, -0.8573, -2.9279, 5.3163, 62.7923, 87.2728
1741335052.028, 4.484, 3.695, 1.8468, -0.8574, -2.9353, 4.8336, 62.8667, 87.5465
1741335052.108, 4.481, 3.695, 1.8616, -0.8574, -2.9433, 4.6071, 62.8401, 87.6905
1741335052.187, 4.481, 3.716, 1.8796, -0.8571, -2.9472, 1.7523, 62.4989, 89.1414
1741335052.267, 4.486, 3.739, 1.8930, -0.8564, -2.9515, 0.1975, 62.2634, 89.9159
1741335052.347, 4.480, 3.760, 1.9003, -0.8564, -2.9557, 0.3875, 62.5435, 89.7681
1741335052.426, 4.467, 3.778, 1.9074, -0.8559, -2.9592, 0.1724, 62.4531, 89.9198
1741335052.506, 4.468, 3.778, 1.9144, -0.8560, -2.9612, 0.0106, 61.3884, 90.0688
1741335052.585, 4.468, 3.789, 1.9221, -0.8551, -2.9632, 0.2438, 59.1979, 89.8740
1741335052.665, 4.467, 3.796, 1.9311, -0.8545, -2.9667, 0.1819, 57.7984, 89.9112
1741335052.745, 4.462, 3.793, 1.9400, -0.8539, -2.9719, 0.1813, 58.0794, 89.9052
1741335052.824, 4.459, 3.801, 1.9502, -0.8546, -2.9795, 0.3563, 58.2131, 89.7806
1741335052.904, 4.457, 3.801, 1.9600, -0.8541, -2.9852, 0.2270, 58.1776, 89.8965
1741335052.984, 4.457, 3.816, 1.9688, -0.8526, -2.9910, 0.3097, 58.2346, 89.8500
1741335053.063, 4.452, 3.829, 1.9771, -0.8523, -2.9967, 0.5186, 58.4386, 89.8307
1741335053.143, 4.451, 3.842, 1.9856, -0.8533, -3.0020, 0.5701, 58.2312, 89.9647
1741335053.222, 4.458, 3.853, 1.9929, -0.8549, -3.0064, 0.3880, 58.2113, 91.5013
1741335053.302, 4.451, 3.853, 2.0038, -0.8550, -3.0112, -0.4139, 58.0267, 92.3699
1741335053.382, 4.451, 3.864, 2.0124, -0.8543, -3.0170, -0.3552, 58.1013, 92.3877
1741335053.462, 4.455, 3.873, 2.0192, -0.8540, -3.0218, -0.3777, 58.2539, 92.4584
1741335053.541, 4.454, 3.889, 2.0256, -0.8534, -3.0257, -0.3752, 58.3946, 92.4867
1741335053.621, 4.463, 3.897, 2.0325, -0.8536, -3.0304, -0.3290, 58.5255, 92.5087
1741335053.701, 4.461, 3.897, 2.0407, -0.8536, -3.0359, -0.2516, 58.6483, 92.4266
1741335053.780, 4.461, 3.906, 2.0500, -0.8525, -3.0418, -0.3169, 58.8086, 92.4797
1741335053.860, 4.455, 3.919, 2.0611, -0.8527, -3.0487, -0.1470, 58.9808, 92.2891
1741335053.939, 4.454, 3.936, 2.0720, -0.8522, -3.0551, -0.2355, 59.1384, 92.3272
1741335054.019, 4.460, 3.955, 2.0843, -0.8514, -3.0624, -0.2599, 59.2881, 92.2879
1741335054.099, 4.462, 3.955, 2.0978, -0.8506, -3.0700, -0.5407, 59.5308, 92.5572
1741335054.178, 4.462, 3.972, 2.1124, -0.8503, -3.0787, -0.6150, 59.7063, 92.6297
1741335054.258, 4.465, 3.991, 2.1274, -0.8504, -3.0876, -0.6533, 59.8630, 92.6515
1741335054.338, 4.460, 4.013, 2.1402, -0.8499, -3.0954, -0.6001, 59.9150, 92.6506
1741335054.417, 4.467, 4.035, 2.1465, -0.8499, -3.0989, -0.6534, 60.0010, 92.6975
1741335054.497, 4.469, 4.035, 2.1456, -0.8495, -3.0986, -0.5502, 60.0097, 92.6489
1741335054.576, 4.469, 4.052, 2.1437, -0.8493, -3.0975, -0.5666, 59.9723, 92.6808
1741335054.656, 4.463, 4.053, 2.1424, -0.8495, -3.0967, -0.5483, 59.9485, 92.6579
1741335054.736, 4.462, 4.050, 2.1422, -0.8495, -3.0966, -0.5589, 59.9472, 92.6738
1741335054.815, 4.464, 4.048, 2.1424, -0.8495, -3.0967, -0.5734, 59.9548, 92.6838
1741335054.895, 4.464, 4.048, 2.1424, -0.8495, -3.0966, -0.5749, 59.9547, 92.6898
1741335054.975, 4.464, 4.050, 2.1425, -0.8494, -3.0967, -0.5573, 59.9542, 92.6828
1741335055.054, 4.467, 4.047, 2.1424, -0.8494, -3.0967, -0.5550, 59.9529, 92.6827
1741335055.134, 4.464, 4.050, 2.1424, -0.8495, -3.0966, -0.5570, 59.9514, 92.6829
1741335055.214, 4.470, 4.050, 2.1424, -0.8495, -3.0967, -0.5694, 59.9495, 92.6948
1741335055.293, 4.464, 4.050, 2.1424, -0.8495, -3.0967, -0.5857, 59.9563, 92.7071
1741335055.373, 4.464, 4.048, 2.1425, -0.8495, -3.0967, -0.5931, 59.9520, 92.7069
1741335055.453, 4.467, 4.050, 2.1425, -0.8494, -3.0966, -0.6114, 59.9608, 92.7282
1741335055.532, 4.465, 4.050, 2.1424, -0.8496, -3.0967, -0.6081, 59.9642, 92.7306
1741335055.612, 4.465, 4.051, 2.1425, -0.8496, -3.0969, -0.6066, 59.9714, 92.7178
1741335055.692, 4.465, 4.051, 2.1425, -0.8495, -3.0968, -0.5799, 59.9622, 92.6993
1741335055.771, 4.465, 4.048, 2.1425, -0.8493, -3.0968, -0.5704, 59.9608, 92.6960
1741335055.851, 4.470, 4.051, 2.1425, -0.8494, -3.0966, -0.5738, 59.9559, 92.7031
1741335055.930, 4.465, 4.048, 2.1424, -0.8496, -3.0967, -0.5730, 59.9612, 92.6992
1741335056.010, 4.464, 4.048, 2.1426, -0.8496, -3.0969, -0.5681, 59.9636, 92.6916
1741335056.090, 4.468, 4.048, 2.1426, -0.8495, -3.0968, -0.5728, 59.9595, 92.6966
1741335056.169, 4.468, 4.052, 2.1425, -0.8494, -3.0968, -0.5648, 59.9594, 92.6916
1741335056.249, 4.464, 4.048, 2.1426, -0.8494, -3.0969, -0.5840, 59.9630, 92.7129
1741335056.329, 4.465, 4.050, 2.1426, -0.8496, -3.0969, -0.5639, 59.9561, 92.6901
1741335056.408, 4.464, 4.051, 2.1427, -0.8496, -3.0969, -0.5626, 59.9589, 92.6872
1741335056.488, 4.464, 4.051, 2.1426, -0.8496, -3.0968, -0.5455, 59.9597, 92.6665
1741335056.568, 4.468, 4.048, 2.1425, -0.8494, -3.0969, -0.5542, 59.9691, 92.6841
1741335056.647, 4.468, 4.050, 2.1425, -0.8494, -3.0969, -0.5808, 59.9657, 92.7007
1741335056.727, 4.464, 4.051, 2.1426, -0.8496, -3.0968, -0.5869, 59.9683, 92.7034
1741335056.807, 4.468, 4.051, 2.1426, -0.8496, -3.0970, -0.5682, 59.9724, 92.6853
1741335056.886, 4.468, 4.050, 2.1426, -0.8496, -3.0970, -0.5901, 59.9715, 92.7000
1741335056.966, 4.469, 4.050, 2.1426, -0.8495, -3.0969, -0.6115, 59.9682, 92.7229
1741335057.045, 4.465, 4.051, 2.1425, -0.8494, -3.0969, -0.5978, 59.9599, 92.7175
1741335057.125, 4.467, 4.050, 2.1427, -0.8496, -3.0969, -0.6051, 59.9718, 92.7262
1741335057.205, 4.468, 4.050, 2.1426, -0.8497, -3.0970, -0.5939, 59.9683, 92.7090
1741335057.284, 4.468, 4.050, 2.1427, -0.8496, -3.0969, -0.5717, 59.9670, 92.6904
1741335057.364, 4.464, 4.050, 2.1427, -0.8495, -3.0970, -0.5632, 59.9680, 92.6877
1741335057.444, 4.464, 4.048, 2.1426, -0.8494, -3.0969, -0.5668, 59.9683, 92.6929
1741335057.523, 4.469, 4.048, 2.1426, -0.8496, -3.0970, -0.5554, 59.9589, 92.6798
1741335057.603, 4.465, 4.048, 2.1427, -0.8497, -3.0970, -0.5675, 59.9716, 92.6943
1741335057.682, 4.465, 4.047, 2.1427, -0.8496, -3.0969, -0.5552, 59.9718, 92.6894
1741335057.762, 4.468, 4.048, 2.1426, -0.8495, -3.0969, -0.5412, 59.9735, 92.6488
1741335057.842, 4.464, 4.050, 2.1427, -0.8495, -3.0970, -0.5264, 59.9682, 92.6317
1741335057.922, 4.463, 4.050, 2.1427, -0.8496, -3.0970, -0.5470, 59.9714, 92.6657
1741335058.001, 4.466, 4.050, 2.1427, -0.8497, -3.0970, -0.5474, 59.9764, 92.6662
1741335058.081, 4.466, 4.050, 2.1427, -0.8496, -3.0971, -0.5548, 59.9798, 92.6622
1741335058.160, 4.468, 4.051, 2.1427, -0.8495, -3.0970, -0.5721, 59.9780, 92.6921
1741335058.240, 4.465, 4.048, 2.1428, -0.8495, -3.0971, -0.5609, 59.9800, 92.6762
1741335058.320, 4.466, 4.051, 2.1427, -0.8496, -3.0971, -0.5521, 59.9754, 92.6694
1741335058.399, 4.468, 4.051, 2.1427, -0.8496, -3.0972, -0.5458, 59.9695, 92.6637
1741335058.479, 4.468, 4.051, 2.1428, -0.8496, -3.0971, -0.5592, 59.9785, 92.6751
1741335058.559, 4.467, 4.050, 2.1427, -0.8495, -3.0971, -0.5624, 59.9737, 92.6807
1741335107.022, 4.821, 4.078, 2.3697, -0.8460, -2.8112, -0.0735, 57.6366, 91.9816
1741335107.101, 4.816, 4.076, 2.3699, -0.8461, -2.8111, -0.0774, 57.6207, 91.9738
1741335107.181, 4.816, 4.077, 2.3698, -0.8459, -2.8113, -0.0555, 57.6314, 91.9562
1741335107.261, 4.819, 4.077, 2.3697, -0.8459, -2.8112, -0.0532, 57.6356, 91.9658
1741335107.340, 4.819, 4.078, 2.3697, -0.8461, -2.8112, -0.0565, 57.6308, 91.9659
1741335107.420, 4.815, 4.075, 2.3699, -0.8461, -2.8113, -0.0433, 57.6295, 91.9507
1741335107.500, 4.820, 4.078, 2.3698, -0.8459, -2.8112, -0.0393, 57.6261, 91.9633
1741335107.579, 4.819, 4.079, 2.3698, -0.8459, -2.8112, -0.0423, 57.6281, 91.9641
1741335107.659, 4.817, 4.079, 2.3698, -0.8459, -2.8113, -0.0430, 57.6271, 91.9550
1741335107.739, 4.817, 4.078, 2.3698, -0.8460, -2.8113, -0.0413, 57.6349, 91.9531
1741335107.818, 4.815, 4.078, 2.3698, -0.8460, -2.8111, -0.0419, 57.6254, 91.9580
1741335107.898, 4.819, 4.076, 2.3697, -0.8460, -2.8112, -0.0455, 57.6199, 91.9595
1741335107.977, 4.817, 4.077, 2.3696, -0.8458, -2.8112, -0.0479, 57.6264, 91.9527
1741335108.057, 4.817, 4.077, 2.3697, -0.8459, -2.8112, -0.0523, 57.6334, 91.9466
1741335108.137, 4.817, 4.077, 2.3697, -0.8460, -2.8111, -0.0342, 57.6172, 91.9446
1741335108.216, 4.820, 4.076, 2.3697, -0.8460, -2.8112, -0.0458, 57.6164, 91.9478
1741335108.296, 4.823, 4.076, 2.3697, -0.8459, -2.8113, -0.0271, 57.6141, 91.9315
1741335108.376, 4.819, 4.077, 2.3696, -0.8459, -2.8112, -0.0361, 57.6242, 91.9379
1741335108.455, 4.818, 4.077, 2.3698, -0.8460, -2.8113, -0.0436, 57.6285, 91.9434
1741335108.535, 4.818, 4.077, 2.3697, -0.8460, -2.8112, -0.0613, 57.6300, 91.9622
1741335108.615, 4.819, 4.077, 2.3697, -0.8460, -2.8112, -0.0717, 57.6387, 91.9656
1741335108.694, 4.822, 4.076, 2.3698, -0.8459, -2.8111, -0.0780, 57.6381, 91.9720
1741335108.774, 4.817, 4.077, 2.3697, -0.8460, -2.8112, -0.0730, 57.6384, 91.9728
1741335108.854, 4.816, 4.077, 2.3697, -0.8460, -2.8111, -0.0782, 57.6397, 91.9791
1741335108.933, 4.816, 4.077, 2.3697, -0.8459, -2.8112, -0.0774, 57.6390, 91.9782
1741335109.013, 4.817, 4.077, 2.3697, -0.8459, -2.8111, -0.0950, 57.6473, 91.9958
1741335109.092, 4.818, 4.078, 2.3697, -0.8459, -2.8111, -0.0874, 57.6557, 91.9859
1741335109.172, 4.816, 4.077, 2.3698, -0.8459, -2.8112, -0.0777, 57.6625, 91.9736
1741335109.252, 4.817, 4.077, 2.3697, -0.8460, -2.8110, -0.0768, 57.6599, 91.9772
1741335109.331, 4.817, 4.078, 2.3696, -0.8459, -2.8112, -0.0395, 57.6535, 91.9320
1741335109.411, 4.817, 4.077, 2.3697, -0.8460, -2.8111, -0.0728, 57.6500, 91.9632
1741335109.491, 4.823, 4.075, 2.3697, -0.8459, -2.8111, -0.0611, 57.6375, 91.9511
1741335109.570, 4.820, 4.077, 2.3696, -0.8459, -2.8110, -0.0697, 57.6349, 91.9679
1741335109.650, 4.816, 4.077, 2.3696, -0.8459, -2.8110, -0.0549, 57.6386, 91.9567
1741335109.730, 4.816, 4.076, 2.3698, -0.8460, -2.8112, -0.0384, 57.6314, 91.9432
1741335109.809, 4.821, 4.078, 2.3697, -0.8459, -2.8111, -0.0518, 57.6332, 91.9570
1741335109.889, 4.821, 4.076, 2.3696, -0.8458, -2.8112, -0.0619, 57.6402, 91.9582
1741335109.969, 4.820, 4.078, 2.3698, -0.8460, -2.8111, -0.0668, 57.6311, 91.9593
1741335110.048, 4.815, 4.078, 2.3697, -0.8460, -2.8111, -0.0653, 57.6261, 91.9590
1741335110.128, 4.815, 4.077, 2.3697, -0.8460, -2.8111, -0.0578, 57.6243, 91.9527
1741335110.207, 4.816, 4.075, 2.3696, -0.8459, -2.8111, -0.0695, 57.6280, 91.9588
1741335110.287, 4.820, 4.076, 2.3696, -0.8458, -2.8111, -0.0793, 57.6312, 91.9544
1741335110.367, 4.818, 4.076, 2.3697, -0.8459, -2.8112, -0.0843, 57.6452, 91.9512
1741335110.446, 4.821, 4.076, 2.3697, -0.8459, -2.8110, -0.0851, 57.6497, 91.9600
1741335110.526, 4.821, 4.076, 2.3695, -0.8459, -2.8110, -0.0616, 57.6432, 91.9424
1741335110.606, 4.820, 4.076, 2.3696, -0.8459, -2.8110, -0.0677, 57.6420, 91.9458
1741335110.685, 4.816, 4.078, 2.3697, -0.8460, -2.8111, -0.0679, 57.6454, 91.9385
1741335110.765, 4.821, 4.077, 2.3696, -0.8460, -2.8112, -0.0558, 57.6394, 91.9355
1741335110.845, 4.820, 4.077, 2.3696, -0.8459, -2.8111, -0.0567, 57.6370, 91.9405
1741335110.924, 4.820, 4.077, 2.3696, -0.8459, -2.8111, -0.0466, 57.6379, 91.9276
1741335111.004, 4.816, 4.077, 2.3696, -0.8458, -2.8109, -0.0647, 57.6409, 91.9471
1741335111.084, 4.816, 4.079, 2.3697, -0.8460, -2.8111, -0.0561, 57.6474, 91.9325
1741335111.163, 4.820, 4.078, 2.3696, -0.8460, -2.8108, -0.0579, 57.6367, 91.9450
1741335111.243, 4.820, 4.078, 2.3696, -0.8459, -2.8111, -0.0518, 57.6365, 91.9362
1741335111.323, 4.820, 4.077, 2.3697, -0.8459, -2.8111, -0.0569, 57.6450, 91.9295
1741335111.402, 4.819, 4.077, 2.3696, -0.8460, -2.8110, -0.0507, 57.6383, 91.9308
1741335111.482, 4.820, 4.076, 2.3697, -0.8459, -2.8109, -0.0564, 57.6438, 91.9410
1741335111.561, 4.817, 4.079, 2.3696, -0.8460, -2.8111, -0.0456, 57.6427, 91.9269
1741335111.641, 4.822, 4.079, 2.3696, -0.8459, -2.8110, -0.0494, 57.6517, 91.9276
1741335111.721, 4.822, 4.077, 2.3696, -0.8459, -2.8110, -0.0540, 57.6549, 91.9260
1741335111.800, 4.822, 4.077, 2.3696, -0.8460, -2.8110, -0.0538, 57.6545, 91.9206
1741335111.880, 4.816, 4.077, 2.3696, -0.8461, -2.8109, -0.0704, 57.6475, 91.9580
1741335111.960, 4.822, 4.077, 2.3696, -0.8459, -2.8109, -0.0456, 57.6447, 91.9349
1741335112.039, 4.817, 4.078, 2.3695, -0.8459, -2.8111, -0.0463, 57.6450, 91.9316
1741335112.119, 4.817, 4.077, 2.3696, -0.8460, -2.8111, -0.0637, 57.6443, 91.9460
1741335112.199, 4.821, 4.075, 2.3691, -0.8459, -2.8107, -0.0782, 57.6065, 91.9486
1741335112.278, 4.821, 4.075, 2.3670, -0.8461, -2.8094, -0.1141, 57.7132, 91.9409
1741335112.358, 4.819, 4.075, 2.3612, -0.8462, -2.8057, 0.0222, 57.4170, 91.8725
1741335112.438, 4.815, 4.076, 2.3529, -0.8454, -2.8003, 0.0277, 57.3013, 91.8712
1741335112.517, 4.815, 4.071, 2.3435, -0.8447, -2.7940, 0.0797, 57.1183, 91.7978
1741335112.597, 4.820, 4.059, 2.3348, -0.8466, -2.7888, 0.2144, 56.9876, 91.6935
1741335112.676, 4.823, 4.043, 2.3267, -0.8475, -2.7837, 0.2072, 56.8876, 91.7154
1741335112.756, 4.818, 4.043, 2.3196, -0.8475, -2.7790, 0.2813, 56.8051, 91.6700
1741335112.836, 4.818, 4.031, 2.3133, -0.8476, -2.7751, 0.3371, 56.7214, 91.6290
1741335112.915, 4.820, 4.016, 2.3074, -0.8482, -2.7713, 0.4151, 56.6504, 91.5577
1741335112.995, 4.822, 4.009, 2.3010, -0.8483, -2.7672, 0.5028, 56.5892, 91.4782
1741335113.075, 4.821, 4.001, 2.2939, -0.8486, -2.7625, 0.5069, 56.5257, 91.5037
1741335113.154, 4.824, 4.001, 2.2859, -0.8481, -2.7568, 0.4362, 56.4132, 91.6281
1741335113.234, 4.824, 3.992, 2.2775, -0.8485, -2.7510, 0.4132, 56.2917, 91.7312
1741335113.313, 4.826, 3.980, 2.2690, -0.8495, -2.7452, 0.4079, 56.1018, 91.7502
1741335113.393, 4.826, 3.966, 2.2601, -0.8489, -2.7387, 0.3083, 55.9804, 91.8051
1741335113.473, 4.824, 3.953, 2.2509, -0.8496, -2.7325, 0.2674, 55.8260, 91.8034
1741335113.553, 4.826, 3.953, 2.2411, -0.8503, -2.7257, 0.2255, 55.7818, 91.8045
1741335113.632, 4.826, 3.940, 2.2312, -0.8506, -2.7189, 0.3276, 55.7934, 91.6704
1741335113.712, 4.831, 3.923, 2.2212, -0.8511, -2.7120, 0.2821, 55.6421, 91.6771
1741335113.791, 4.829, 3.910, 2.2122, -0.8510, -2.7051, 0.0989, 55.4715, 91.7031
1741335113.871, 4.827, 3.894, 2.2084, -0.8499, -2.7012, -0.2642, 55.1138, 90.8700
1741335113.951, 4.831, 3.894, 2.2033, -0.8496, -2.6987, 0.2166, 55.2278, 89.6092
1741335114.030, 4.831, 3.885, 2.1929, -0.8492, -2.6922, 0.2569, 55.6504, 89.3848
1741335114.110, 4.833, 3.881, 2.1794, -0.8496, -2.6833, 0.4564, 55.5635, 89.2183
1741335114.190, 4.827, 3.866, 2.1604, -0.8518, -2.6737, 1.2772, 56.7516, 89.9981
1741335114.269, 4.828, 3.849, 2.1448, -0.8535, -2.6616, 0.2716, 56.7089, 91.4708
1741335114.349, 4.822, 3.849, 2.1354, -0.8537, -2.6572, 0.4995, 57.5787, 91.6513
1741335114.429, 4.822, 3.816, 2.1328, -0.8539, -2.6554, 0.0583, 57.8190, 91.6557
1741335114.508, 4.823, 3.799, 2.1277, -0.8541, -2.6523, 0.1118, 58.0640, 91.6940
1741335114.588, 4.827, 3.795, 2.1197, -0.8548, -2.6481, 0.0730, 58.5826, 91.6611
1741335114.668, 4.824, 3.785, 2.1084, -0.8547, -2.6423, 0.1860, 59.1860, 91.4525
1741335114.747, 4.826, 3.785, 2.0944, -0.8547, -2.6360, 1.2530, 59.5541, 90.2538
1741335114.827, 4.826, 3.771, 2.0770, -0.8524, -2.6253, 0.0612, 60.1425, 93.8647
1741335114.907, 4.819, 3.758, 2.0629, -0.8525, -2.6173, 0.0066, 60.5837, 94.1612
1741335114.986, 4.820, 3.735, 2.0513, -0.8536, -2.6112, -0.3145, 61.2843, 94.6141
1741335115.066, 4.827, 3.718, 2.0417, -0.8546, -2.6053, -0.8586, 61.7646, 94.4013
1741335115.145, 4.830, 3.718, 2.0337, -0.8578, -2.6012, 0.2813, 61.3313, 91.5839
1741335115.225, 4.830, 3.705, 2.0209, -0.8574, -2.5957, -1.2196, 62.5814, 92.9700
1741335115.305, 4.836, 3.696, 2.0104, -0.8581, -2.5916, -1.0293, 63.7161, 92.7453
1741335115.384, 4.833, 3.686, 2.0019, -0.8577, -2.5869, -1.0800, 63.8203, 92.7062
1741335115.464, 4.839, 3.680, 1.9991, -0.8569, -2.5861, -0.5741, 63.7231, 90.8783
1741335115.544, 4.844, 3.680, 1.9945, -0.8562, -2.5799, -1.5500, 61.2886, 91.1877
1741335115.623, 4.844, 3.681, 1.9888, -0.8544, -2.5806, 1.6650, 62.1130, 86.4336
1741335115.703, 4.828, 3.652, 1.9763, -0.8556, -2.5724, -0.1894, 63.3574, 87.3070
1741335115.783, 4.830, 3.662, 1.9480, -0.8585, -2.5579, -0.0608, 63.2718, 89.7103
1741335115.862, 4.833, 3.647, 1.9082, -0.8649, -2.5369, -0.0992, 63.3452, 93.2604
1741335115.942, 4.832, 3.647, 1.8966, -0.8646, -2.5306, -0.2913, 63.3724, 91.8143
1741335116.022, 4.832, 3.584, 1.8816, -0.8624, -2.5238, -0.4313, 63.4280, 91.8549
1741335116.101, 4.824, 3.552, 1.8719, -0.8612, -2.5162, -2.2100, 64.1702, 94.1984
1741335116.181, 4.823, 3.534, 1.8710, -0.8614, -2.5140, -2.9976, 64.3886, 94.9608
1741335116.261, 4.834, 3.528, 1.8738, -0.8615, -2.5156, -1.4218, 66.2145, 93.2906
1741335116.340, 4.845, 3.528, 1.8739, -0.8608, -2.5140, -1.3100, 66.7989, 92.9057
1741335116.420, 4.845, 3.539, 1.8709, -0.8621, -2.5072, -4.6560, 66.4434, 96.8440
1741335116.499, 4.867, 3.554, 1.8612, -0.8598, -2.4961, -8.2427, 65.8885, 100.0876
1741335116.579, 4.870, 3.544, 1.8415, -0.8577, -2.4861, -9.7466, 66.2687, 102.1491
1741335116.659, 4.880, 3.518, 1.8154, -0.8618, -2.4858, -1.7638, 64.8149, 92.9852
1741335116.738, 4.886, 3.518, 1.7855, -0.8666, -2.4771, 0.4357, 65.2241, 91.3738
1741335116.818, 4.886, 3.490, 1.7601, -0.8691, -2.4633, 0.0367, 64.6694, 91.9602
1741335116.898, 4.826, 3.440, 1.7413, -0.8671, -2.4536, 0.2785, 64.3190, 91.7472
1741335116.977, 4.818, 3.402, 1.7298, -0.8668, -2.4478, -0.0834, 64.2710, 92.0097
1741335117.057, 4.812, 3.382, 1.7195, -0.8660, -2.4416, -0.0959, 63.3610, 92.0523
1741335117.137, 4.811, 3.382, 1.7102, -0.8673, -2.4327, 0.0622, 59.8845, 91.7439
1741335117.216, 4.811, 3.360, 1.6993, -0.8674, -2.4205, 0.4262, 55.1958, 91.3435
1741335117.296, 4.790, 3.330, 1.6870, -0.8677, -2.4060, 0.7506, 50.8479, 91.0374
1741335117.375, 4.787, 3.300, 1.6716, -0.8683, -2.3921, 0.9162, 49.7281, 91.0080
1741335117.455, 4.826, 3.300, 1.6564, -0.8685, -2.3795, 0.8338, 49.7107, 90.9920
1741335117.535, 4.839, 3.300, 1.6421, -0.8691, -2.3675, 0.8485, 49.7431, 90.7801
1741335117.614, 4.839, 3.276, 1.6284, -0.8696, -2.3558, 0.7724, 49.6503, 90.8437
1741335117.694, 4.844, 3.257, 1.6147, -0.8702, -2.3461, 0.6489, 51.0056, 90.9785
1741335117.774, 4.847, 3.234, 1.6011, -0.8702, -2.3378, 0.6516, 52.6148, 90.8308
1741335117.854, 4.829, 3.234, 1.5866, -0.8700, -2.3282, 0.5013, 53.8787, 91.0289
1741335117.933, 4.814, 3.205, 1.5722, -0.8717, -2.3180, 0.4037, 53.8345, 91.1303
1741335118.013, 4.814, 3.171, 1.5574, -0.8715, -2.3066, 0.2472, 53.8071, 91.2697
1741335118.092, 4.812, 3.152, 1.5425, -0.8719, -2.2958, 0.2626, 53.8356, 91.1991
1741335118.172, 4.814, 3.126, 1.5275, -0.8723, -2.2850, 0.3266, 53.8749, 91.0706
1741335118.252, 4.813, 3.126, 1.5127, -0.8728, -2.2742, 0.4778, 53.4650, 91.0647
1741335120.024, 4.812, 2.726, 1.1970, -0.8774, -2.0558, 0.4064, 56.5818, 88.3870
1741335120.103, 4.812, 2.714, 1.1832, -0.8769, -2.0465, 0.4643, 56.4037, 88.3123
1741335120.183, 4.811, 2.702, 1.1650, -0.8780, -2.0335, 0.4055, 55.4361, 89.1224
1741335120.262, 4.815, 2.677, 1.1426, -0.8792, -2.0184, 0.9711, 54.8080, 90.7061
1741335120.342, 4.817, 2.677, 1.1245, -0.8809, -2.0045, 0.4513, 54.7142, 90.7519
1741335120.422, 4.817, 2.641, 1.1087, -0.8809, -1.9932, 0.7033, 54.4467, 90.5245
1741335120.501, 4.824, 2.620, 1.0937, -0.8803, -1.9846, 1.7990, 53.6161, 90.1546
1741335120.581, 4.826, 2.595, 1.0825, -0.8795, -1.9749, 1.3119, 53.6080, 92.0127
1741335120.661, 4.830, 2.571, 1.0740, -0.8785, -1.9671, 0.6540, 53.6931, 92.9397
1741335120.741, 4.833, 2.571, 1.0664, -0.8787, -1.9619, 0.8345, 53.5821, 92.8469
1741335120.820, 4.833, 2.556, 1.0630, -0.8787, -1.9595, 0.8299, 53.5496, 92.8030
1741335120.900, 4.833, 2.545, 1.0635, -0.8788, -1.9595, 0.8215, 53.5558, 92.7661
1741335120.979, 4.838, 2.544, 1.0640, -0.8788, -1.9601, 0.8450, 53.5642, 92.7180
1741335121.059, 4.833, 2.539, 1.0641, -0.8788, -1.9601, 0.8411, 53.5611, 92.7116
1741335121.139, 4.835, 2.539, 1.0640, -0.8789, -1.9600, 0.8616, 53.5647, 92.7091
1741335121.218, 4.835, 2.540, 1.0640, -0.8789, -1.9601, 0.8416, 53.5664, 92.7144
1741335121.298, 4.833, 2.539, 1.0640, -0.8789, -1.9602, 0.8334, 53.5616, 92.7158
1741335121.377, 4.831, 2.545, 1.0640, -0.8789, -1.9601, 0.8361, 53.5616, 92.7184
1741335121.457, 4.837, 2.546, 1.0672, -0.8788, -1.9627, 0.8810, 53.6094, 92.7672
1741335121.537, 4.834, 2.546, 1.0779, -0.8788, -1.9705, 0.9045, 53.5519, 92.6783
1741335121.617, 4.834, 2.543, 1.1018, -0.8811, -1.9873, 0.8642, 54.1503, 89.8610
1741335121.696, 4.832, 2.554, 1.1237, -0.8825, -2.0025, 0.5158, 54.2773, 90.3277
1741335121.776, 4.833, 2.592, 1.1436, -0.8809, -2.0180, 0.7955, 54.5525, 90.3787
1741335121.855, 4.828, 2.622, 1.1618, -0.8788, -2.0302, 0.5490, 54.1824, 89.3818
1741335121.935, 4.821, 2.622, 1.1739, -0.8782, -2.0392, 0.5455, 54.7183, 88.3075
1741335122.015, 4.821, 2.645, 1.1844, -0.8777, -2.0471, 0.5772, 54.7984, 88.1423
1741335122.094, 4.828, 2.670, 1.1977, -0.8771, -2.0561, 0.4251, 54.9051, 88.3097
1741335122.174, 4.816, 2.689, 1.2088, -0.8792, -2.0648, 0.9416, 54.6468, 90.2504
1741335122.254, 4.818, 2.711, 1.2270, -0.8773, -2.0778, 0.7517, 54.5907, 90.4261
1741335122.333, 4.820, 2.711, 1.2427, -0.8780, -2.0890, 0.7536, 54.7674, 90.5345
1741335122.413, 4.820, 2.729, 1.2566, -0.8780, -2.0990, 0.7837, 55.0605, 90.4560
1741335122.492, 4.816, 2.757, 1.2694, -0.8777, -2.1083, 0.7980, 55.2502, 90.4043
1741335122.572, 4.816, 2.776, 1.2822, -0.8778, -2.1172, 0.7284, 55.4522, 90.4399
1741335122.652, 4.811, 2.786, 1.2956, -0.8773, -2.1261, 0.6046, 55.6384, 90.5375
1741335122.731, 4.811, 2.786, 1.3102, -0.8764, -2.1362, 0.6448, 55.8068, 90.4772
1741335122.811, 4.811, 2.813, 1.3253, -0.8766, -2.1468, 0.6405, 56.0320, 90.5671
1741335122.891, 4.811, 2.830, 1.3412, -0.8764, -2.1576, 0.6898, 56.2057, 90.5273
1741335122.970, 4.809, 2.858, 1.3567, -0.8759, -2.1674, 0.3741, 56.3537, 90.7310
1741335123.050, 4.806, 2.858, 1.3716, -0.8755, -2.1771, 0.2658, 56.3269, 90.8802
1741335123.130, 4.811, 2.880, 1.3862, -0.8752, -2.1871, 0.3399, 56.3994, 90.8409
1741335123.209, 4.811, 2.897, 1.4006, -0.8749, -2.1970, 0.4335, 56.4485, 90.7588
1741335123.289, 4.806, 2.922, 1.4151, -0.8748, -2.2070, 0.5879, 56.6714, 90.6446
1741335123.368, 4.805, 2.945, 1.4298, -0.8745, -2.2167, 0.5702, 56.8846, 90.6328
1741335123.448, 4.807, 2.945, 1.4448, -0.8734, -2.2264, 0.5309, 57.0155, 90.6546
1741335123.528, 4.802, 2.960, 1.4595, -0.8736, -2.2365, 0.4390, 57.1986, 90.7486
1741335123.608, 4.802, 2.985, 1.4742, -0.8733, -2.2459, 0.3113, 57.2870, 90.8550
1741335123.687, 4.801, 3.006, 1.4893, -0.8726, -2.2558, 0.5830, 57.4354, 90.7650
1741335123.767, 4.801, 3.034, 1.5045, -0.8726, -2.2654, 0.2858, 57.6700, 91.0024
1741335123.966, 4.806, 3.077, 1.5422, -0.8711, -2.2889, 0.0608, 58.0163, 91.1846
1741335124.046, 4.806, 3.077, 1.5567, -0.8714, -2.2982, 0.0633, 58.1017, 91.2119
1741335124.125, 4.806, 3.100, 1.5719, -0.8713, -2.3080, 0.0994, 58.2161, 91.1794
1741335124.205, 4.809, 3.122, 1.5870, -0.8707, -2.3177, 0.2556, 58.3795, 91.0167
1741335124.284, 4.808, 3.144, 1.6026, -0.8704, -2.3276, 0.2761, 58.6655, 90.9626
1741335124.364, 4.804, 3.165, 1.6175, -0.8698, -2.3368, 0.2138, 58.8711, 91.1025
1741335124.444, 4.811, 3.165, 1.6325, -0.8695, -2.3459, 0.1865, 59.0220, 91.1099
1741335124.523, 4.811, 3.190, 1.6482, -0.8696, -2.3554, 0.0871, 59.1493, 91.2157
1741335124.603, 4.810, 3.206, 1.6630, -0.8685, -2.3642, 0.0111, 59.3206, 91.3444
1741335124.683, 4.811, 3.234, 1.6781, -0.8684, -2.3733, 0.0919, 59.4737, 91.3465
1741335124.762, 4.811, 3.249, 1.6936, -0.8678, -2.3830, 0.1458, 59.6895, 91.4249
1741335124.842, 4.813, 3.249, 1.7083, -0.8672, -2.3913, -0.0872, 59.8125, 91.6230
1741335124.922, 4.813, 3.274, 1.7237, -0.8667, -2.3997, -0.3019, 59.8559, 91.7779
1741335125.001, 4.814, 3.301, 1.7393, -0.8664, -2.4090, -0.2987, 59.8954, 91.8271
1741335125.081, 4.818, 3.320, 1.7549, -0.8658, -2.4185, -0.1187, 59.8689, 91.7089
1741335125.160, 4.817, 3.341, 1.7663, -0.8652, -2.4255, 0.0051, 59.9875, 91.5979
1741335125.240, 4.821, 3.341, 1.7691, -0.8653, -2.4274, 0.0470, 59.9602, 91.5834
1741335125.320, 4.821, 3.366, 1.7674, -0.8654, -2.4263, 0.0099, 59.9458, 91.6473
1741335125.400, 4.818, 3.377, 1.7660, -0.8654, -2.4254, 0.0045, 59.9158, 91.6932
1741335125.479, 4.824, 3.375, 1.7624, -0.8654, -2.4233, -0.1422, 59.9493, 91.8209
1741335125.678, 4.821, 3.362, 1.7254, -0.8672, -2.4006, -0.3304, 59.5811, 91.8413
1741335127.809, 4.826, 2.912, 1.3453, -0.8753, -2.1450, 0.6594, 54.2470, 90.6001
1741335127.888, 4.825, 2.890, 1.3333, -0.8756, -2.1358, 0.6396, 53.9592, 90.5381
1741335127.968, 4.830, 2.873, 1.3212, -0.8762, -2.1273, 0.7909, 53.6973, 90.3826
1741335128.047, 4.833, 2.849, 1.3098, -0.8762, -2.1184, 0.5907, 53.6868, 90.4692
1741335128.127, 4.833, 2.849, 1.2980, -0.8768, -2.1098, 0.5940, 53.5095, 90.4604
1741335128.207, 4.833, 2.836, 1.2862, -0.8769, -2.1012, 0.7604, 53.3580, 90.2939
1741335128.286, 4.836, 2.819, 1.2745, -0.8773, -2.0923, 0.8579, 53.0700, 90.2586
1741335128.366, 4.836, 2.801, 1.2627, -0.8776, -2.0831, 0.8322, 52.8534, 90.3565
1741335128.446, 4.841, 2.801, 1.2508, -0.8773, -2.0738, 0.8172, 52.6296, 90.3967
1741335128.525, 4.843, 2.783, 1.2390, -0.8776, -2.0647, 0.8149, 52.4764, 90.4067
1741335128.605, 4.843, 2.766, 1.2272, -0.8781, -2.0550, 0.5978, 52.3844, 90.6321
1741335128.685, 4.848, 2.750, 1.2188, -0.8772, -2.0476, 0.2856, 52.5064, 90.2318
1741335128.764, 4.848, 2.724, 1.2136, -0.8766, -2.0438, 0.4156, 52.3608, 88.5589
1741335128.844, 4.852, 2.724, 1.2048, -0.8757, -2.0369, 0.5487, 52.3904, 88.0981
1741335128.923, 4.851, 2.722, 1.1922, -0.8761, -2.0277, 0.5773, 52.3249, 88.0632
1741335129.003, 4.851, 2.710, 1.1750, -0.8781, -2.0148, 0.8870, 52.2234, 89.0311
1741335129.083, 4.852, 2.696, 1.1541, -0.8802, -1.9980, 0.6757, 51.7949, 90.6828
1741335129.163, 4.854, 2.662, 1.1404, -0.8804, -1.9858, 0.5626, 51.7840, 90.4230
1741335129.242, 4.867, 2.662, 1.1291, -0.8803, -1.9775, 0.6954, 51.5915, 90.2931
1741335129.322, 4.868, 2.637, 1.1196, -0.8808, -1.9708, 0.7898, 51.9576, 90.2165
1741335129.402, 4.868, 2.619, 1.1097, -0.8805, -1.9641, 0.8092, 52.6527, 90.2516
1741335129.481, 4.868, 2.604, 1.1007, -0.8789, -1.9590, 1.0864, 53.1079, 91.5611
1741335129.561, 4.860, 2.586, 1.0916, -0.8780, -1.9524, 1.0574, 53.6512, 92.3888
1741335129.640, 4.856, 2.586, 1.0775, -0.8789, -1.9437, 0.8014, 54.7585, 92.7140
1741335129.720, 4.856, 2.567, 1.0606, -0.8793, -1.9315, -0.1562, 56.1284, 92.9917
1741335129.800, 4.850, 2.548, 1.0440, -0.8809, -1.9229, 0.4944, 56.4578, 90.9910
1741335129.879, 4.846, 2.521, 1.0310, -0.8798, -1.9182, 2.3363, 56.9186, 88.1226
1741335129.959, 4.836, 2.499, 1.0305, -0.8795, -1.9146, 0.4489, 56.7442, 88.2990
1741335130.039, 4.833, 2.499, 1.0270, -0.8797, -1.9119, 0.4719, 56.6733, 88.0999
1741335130.118, 4.833, 2.491, 1.0176, -0.8796, -1.9058, 0.7368, 56.3341, 87.6272
1741335130.198, 4.839, 2.490, 1.0042, -0.8798, -1.8961, 0.6061, 55.8589, 87.7571
1741335130.278, 4.840, 2.477, 0.9848, -0.8821, -1.8819, 0.4646, 55.1358, 89.4616
1741335130.357, 4.846, 2.454, 0.9665, -0.8833, -1.8696, 0.5024, 55.1565, 89.8975
1741335130.437, 4.847, 2.454, 0.9503, -0.8834, -1.8589, 0.7655, 54.9439, 89.7705
1741335130.516, 4.847, 2.420, 0.9382, -0.8834, -1.8501, 0.8594, 54.7578, 89.6979
1741335130.596, 4.849, 2.396, 0.9286, -0.8834, -1.8433, 0.9492, 54.4785, 89.5927
1741335130.676, 4.850, 2.377, 0.9196, -0.8820, -1.8374, 1.3840, 54.0781, 89.8717
1741335130.755, 4.851, 2.362, 0.9134, -0.8813, -1.8323, 0.9514, 53.9390, 91.2417
1741335130.835, 4.852, 2.362, 0.9048, -0.8808, -1.8256, 0.7890, 53.9786, 92.1094
1741335130.915, 4.852, 2.354, 0.8900, -0.8799, -1.8140, 0.6895, 53.9589, 92.1738
1741335130.994, 4.855, 2.345, 0.8736, -0.8828, -1.8013, 0.3226, 53.9369, 91.1071
1741335131.074, 4.855, 2.323, 0.8558, -0.8833, -1.7893, 0.8419, 53.7463, 89.5811
1741335131.154, 4.864, 2.298, 0.8396, -0.8846, -1.7783, 1.0503, 53.4478, 89.6109
1741335131.233, 4.871, 2.298, 0.8281, -0.8847, -1.7691, 0.9100, 53.3138, 89.8249
1741335131.313, 4.871, 2.269, 0.8201, -0.8848, -1.7626, 0.7852, 53.0754, 89.8662
1741335131.393, 4.880, 2.251, 0.8120, -0.8849, -1.7560, 0.6064, 53.0012, 90.0212
1741335131.472, 4.892, 2.239, 0.8019, -0.8848, -1.7483, 0.6896, 53.0251, 89.9941
1741335131.552, 4.893, 2.224, 0.7900, -0.8849, -1.7394, 0.7042, 52.9832, 90.0613
1741335131.631, 4.897, 2.224, 0.7762, -0.8858, -1.7297, 1.1445, 52.6772, 89.8417
1741335131.711, 4.897, 2.207, 0.7624, -0.8859, -1.7191, 1.0622, 52.6926, 89.9721
1741335131.791, 4.895, 2.188, 0.7488, -0.8858, -1.7089, 0.9848, 53.0746, 90.1098
1741335131.871, 4.900, 2.165, 0.7354, -0.8864, -1.7002, 0.9492, 53.9534, 90.0889
1741335131.950, 4.900, 2.143, 0.7227, -0.8866, -1.6919, 0.8241, 54.7757, 90.2667
1741335132.030, 4.890, 2.143, 0.7100, -0.8870, -1.6841, 0.7515, 55.6289, 90.4351
1741335132.110, 4.890, 2.121, 0.6978, -0.8869, -1.6762, 0.4393, 56.3405, 90.6422
1741335132.189, 4.890, 2.101, 0.6856, -0.8874, -1.6691, 0.8353, 56.3390, 90.3619
1741335132.269, 4.864, 2.083, 0.6733, -0.8873, -1.6609, 0.8546, 56.4193, 90.3104
1741335132.348, 4.856, 2.063, 0.6608, -0.8881, -1.6527, 0.8790, 56.2993, 90.2119
1741335132.428, 4.859, 2.063, 0.6482, -0.8887, -1.6445, 0.9224, 56.0724, 90.1570
1741335132.508, 4.859, 2.044, 0.6351, -0.8889, -1.6353, 0.8093, 55.9807, 90.2839
1741335132.587, 4.871, 2.026, 0.6222, -0.8890, -1.6262, 0.7995, 56.0560, 90.2184
1741335132.667, 4.880, 2.006, 0.6095, -0.8894, -1.6180, 0.9041, 56.0722, 90.1178
1741335132.747, 4.885, 1.989, 0.5968, -0.8896, -1.6097, 1.1031, 56.0111, 89.9890
1741335132.826, 4.885, 1.989, 0.5840, -0.8896, -1.6010, 1.0994, 55.9823, 90.0539
1741335132.906, 4.885, 1.968, 0.5711, -0.8900, -1.5921, 0.9980, 55.8806, 90.1876
1741335132.985, 4.887, 1.950, 0.5585, -0.8905, -1.5833, 0.9831, 55.8814, 90.1809
1741335133.065, 4.886, 1.930, 0.5463, -0.8905, -1.5760, 1.0876, 56.0742, 89.8261
1741335133.145, 4.888, 1.910, 0.5353, -0.8896, -1.5736, 3.3408, 56.3796, 87.8559
1741335133.224, 4.886, 1.910, 0.5296, -0.8899, -1.5679, 2.2552, 56.2370, 88.0973
1741335133.304, 4.886, 1.897, 0.5213, -0.8891, -1.5605, 1.7130, 55.6775, 87.8624
1741335133.384, 4.883, 1.881, 0.5115, -0.8886, -1.5515, 0.5464, 55.8094, 88.0446
1741335133.463, 4.886, 1.869, 0.5030, -0.8881, -1.5456, 0.9567, 54.9462, 86.4444
1741335133.543, 4.888, 1.858, 0.4903, -0.8891, -1.5363, 0.7794, 54.6808, 86.5904
1741335133.742, 4.897, 1.818, 0.4440, -0.8928, -1.5009, 1.0498, 52.4460, 89.5033
1741335133.822, 4.910, 1.818, 0.4243, -0.8933, -1.4934, 3.4121, 51.3173, 89.0085
1741335133.901, 4.910, 1.787, 0.4125, -0.8931, -1.4856, 4.4965, 51.3683, 88.2947
1741335133.981, 4.913, 1.762, 0.4031, -0.8933, -1.4775, 4.3862, 51.2192, 88.7201
1741335134.061, 4.915, 1.745, 0.3953, -0.8929, -1.4632, 0.6494, 52.1234, 93.3534
1741335134.140, 4.918, 1.745, 0.3870, -0.8919, -1.4528, -0.9410, 52.5844, 95.0297
1741335134.220, 4.918, 1.729, 0.3797, -0.8913, -1.4417, -2.7878, 52.6097, 95.7700
1741335134.300, 4.918, 1.710, 0.3700, -0.8930, -1.4318, -3.6346, 52.4338, 93.8788
1741335134.379, 4.931, 1.697, 0.3466, -0.8946, -1.4193, -0.6263, 52.5753, 93.5996
1741335134.459, 4.945, 1.676, 0.3323, -0.8974, -1.4113, -0.1699, 52.9071, 91.1724
1741335134.539, 4.927, 1.676, 0.3172, -0.8983, -1.4024, 1.7122, 52.0471, 89.5951
1741335134.618, 4.927, 1.646, 0.3066, -0.8985, -1.3937, 1.1466, 52.0457, 90.0354
1741335134.698, 4.927, 1.629, 0.2972, -0.8990, -1.3859, 1.0960, 51.6783, 90.0958
1741335134.897, 4.938, 1.593, 0.2765, -0.8987, -1.3679, 0.7326, 50.7350, 89.4508
1741335134.977, 4.939, 1.576, 0.2718, -0.8975, -1.3642, 0.7797, 51.1277, 88.2619
1741335135.056, 4.948, 1.569, 0.2606, -0.8971, -1.3580, 1.2766, 52.3622, 87.3366
1741335135.136, 4.945, 1.569, 0.2446, -0.8983, -1.3488, 0.9613, 54.8074, 87.6737
1741335137.147, 4.903, 1.160, -0.0867, -0.9093, -1.1480, 1.1015, 58.6284, 89.5618
1741335137.227, 4.901, 1.160, -0.0991, -0.9094, -1.1407, 0.9870, 58.5375, 89.5012
1741335137.306, 4.901, 1.141, -0.1114, -0.9097, -1.1321, 0.8153, 58.4882, 89.5230
1741335137.386, 4.900, 1.123, -0.1246, -0.9096, -1.1238, 0.9323, 58.5557, 89.5273
1741335137.465, 4.897, 1.106, -0.1376, -0.9102, -1.1156, 0.6042, 58.6927, 89.7347
1741335137.545, 4.898, 1.086, -0.1505, -0.9109, -1.1076, 0.6077, 58.6473, 89.8013
1741335137.625, 4.903, 1.086, -0.1636, -0.9114, -1.1000, 0.7419, 58.6937, 89.7901
1741335137.704, 4.903, 1.067, -0.1766, -0.9108, -1.0922, 0.9657, 58.6570, 89.6806
1741335137.784, 4.902, 1.048, -0.1893, -0.9101, -1.0839, 1.1216, 58.6679, 89.5791
1741335137.864, 4.898, 1.027, -0.2023, -0.9107, -1.0761, 1.3384, 58.7124, 89.3377
1741335137.943, 4.900, 1.010, -0.2160, -0.9116, -1.0686, 1.3224, 58.8739, 89.3580
1741335138.023, 4.895, 1.010, -0.2296, -0.9120, -1.0605, 1.2757, 58.8462, 89.4757
1741335138.102, 4.895, 0.993, -0.2435, -0.9125, -1.0522, 1.3956, 58.7964, 89.4188
1741335138.182, 4.897, 0.971, -0.2571, -0.9124, -1.0440, 1.4247, 58.7247, 89.4043
1741335138.262, 4.893, 0.952, -0.2704, -0.9128, -1.0361, 1.4269, 58.7783, 89.2823
1741335138.341, 4.895, 0.931, -0.2839, -0.9135, -1.0285, 1.4950, 58.8080, 89.1445
1741335138.421, 4.894, 0.931, -0.2961, -0.9125, -1.0222, 1.9496, 59.1382, 88.1169
1741335138.501, 4.894, 0.911, -0.3053, -0.9117, -1.0186, 3.1215, 58.9961, 86.4324
1741335138.580, 4.896, 0.895, -0.3129, -0.9114, -1.0110, 1.4947, 58.8932, 87.0149
1741335138.660, 4.889, 0.883, -0.3248, -0.9114, -1.0022, 1.1386, 58.4527, 87.1193
1741335138.740, 4.893, 0.863, -0.3398, -0.9123, -0.9914, 0.7555, 57.7219, 87.9248
1741335138.819, 4.892, 0.863, -0.3572, -0.9135, -0.9806, 1.1667, 56.7334, 88.1020
1741335138.899, 4.892, 0.843, -0.3776, -0.9146, -0.9689, 1.6079, 56.4807, 89.4138
1741335138.979, 4.894, 0.822, -0.3931, -0.9159, -0.9570, 1.4592, 56.4369, 89.4888
1741335139.058, 4.893, 0.791, -0.4068, -0.9158, -0.9480, 1.6400, 56.2069, 89.4971
1741335139.138, 4.894, 0.772, -0.4188, -0.9149, -0.9435, 4.0686, 54.9944, 88.0145
1741335139.217, 4.896, 0.772, -0.4284, -0.9141, -0.9411, 5.6835, 54.8625, 86.6798
1741335139.297, 4.896, 0.756, -0.4389, -0.9135, -0.9267, 2.1205, 54.9118, 91.5949
1741335139.379, 4.891, 0.741, -0.4538, -0.9135, -0.9146, 1.9527, 55.1397, 91.7137
1741335139.456, 4.896, 0.727, -0.4659, -0.9144, -0.9008, -0.1829, 55.6571, 92.3284
1741335139.536, 4.897, 0.703, -0.4824, -0.9159, -0.8936, 2.0289, 55.4058, 89.0060
1741335139.616, 4.908, 0.703, -0.4987, -0.9156, -0.8809, 1.3958, 55.1241, 89.7066
1741335139.695, 4.908, 0.676, -0.5109, -0.9178, -0.8730, 1.7149, 54.9227, 89.5046
1741335139.775, 4.900, 0.655, -0.5214, -0.9181, -0.8666, 1.9778, 54.6463, 89.3545
1741335139.855, 4.904, 0.638, -0.5306, -0.9186, -0.8599, 1.8802, 54.3660, 89.3456
1741335139.934, 4.906, 0.623, -0.5419, -0.9192, -0.8524, 2.1556, 54.0272, 89.1124
1741335140.014, 4.905, 0.623, -0.5541, -0.9194, -0.8428, 1.9264, 53.9533, 89.2464
1741335140.094, 4.905, 0.603, -0.5678, -0.9196, -0.8330, 2.1558, 53.8091, 89.0305
1741335140.173, 4.779, 0.588, -0.5814, -0.9196, -0.8228, 2.0560, 53.5987, 89.0741
1741335140.253, 4.762, 0.564, -0.5945, -0.9200, -0.8125, 2.0396, 53.2122, 89.1577
1741335140.452, 3.414, 0.527, -0.6250, -0.9208, -0.7889, 2.0563, 52.4374, 88.8780
1741335140.651, 3.426, 0.489, -0.6388, -0.9188, -0.7788, 2.3413, 52.5345, 86.1563
1741335140.731, 3.415, 0.487, -0.6477, -0.9187, -0.7707, 1.8457, 51.9346, 86.2747
1741335140.811, 3.415, 0.487, -0.6615, -0.9189, -0.7582, 1.7905, 51.1842, 86.9777
1741335140.890, 3.427, 0.478, -0.6830, -0.9223, -0.7419, 2.1242, 50.7265, 88.6286
1741335140.970, 3.430, 0.452, -0.6945, -0.9229, -0.7317, 2.0557, 50.4800, 88.6760
1741335141.049, 3.430, 0.423, -0.6968, -0.9220, -0.7292, 1.9611, 50.2524, 88.7659
1741335141.129, 3.397, 0.413, -0.6946, -0.9221, -0.7313, 2.0207, 50.2785, 88.6559
1741335141.209, 3.397, 0.413, -0.6922, -0.9221, -0.7334, 2.0563, 50.2729, 88.5539
1741335141.288, 3.392, 0.408, -0.6912, -0.9221, -0.7345, 2.1007, 50.2502, 88.5196
1741335141.368, 3.397, 0.418, -0.6911, -0.9222, -0.7347, 2.0802, 50.2455, 88.5377
1741335141.448, 3.398, 0.419, -0.6913, -0.9223, -0.7347, 2.1099, 50.2593, 88.5268
1741335141.527, 3.397, 0.419, -0.6889, -0.9223, -0.7369, 2.1228, 50.2674, 88.5380
1741335141.607, 3.397, 0.419, -0.6799, -0.9226, -0.7449, 2.1088, 50.5654, 88.6637
1741335141.687, 3.399, 0.420, -0.6628, -0.9201, -0.7567, 1.3118, 49.8976, 87.8565
1741335141.766, 3.425, 0.427, -0.6462, -0.9196, -0.7735, 1.9831, 50.8043, 86.1423
1741335141.846, 3.419, 0.457, -0.6322, -0.9216, -0.7864, 2.5317, 50.6862, 87.9915
1741335141.926, 3.434, 0.457, -0.6158, -0.9229, -0.7996, 1.9453, 50.1279, 89.1470
1741335142.005, 3.434, 0.485, -0.5992, -0.9220, -0.8135, 2.0468, 50.3849, 89.1999
1741335142.085, 3.443, 0.505, -0.5871, -0.9216, -0.8243, 2.1563, 50.6090, 89.0214
1741335142.164, 3.439, 0.529, -0.5761, -0.9222, -0.8334, 2.0495, 50.5528, 89.1447
1741335142.244, 3.428, 0.548, -0.5654, -0.9211, -0.8426, 2.0431, 50.5850, 89.1979
1741335142.324, 3.423, 0.548, -0.5531, -0.9211, -0.8521, 1.8870, 50.6198, 89.3831
1741335142.403, 3.423, 0.566, -0.5401, -0.9214, -0.8635, 1.9110, 50.7103, 89.4599
1741335142.483, 3.422, 0.585, -0.5258, -0.9210, -0.8758, 1.8631, 50.8927, 89.5266
1741335142.563, 3.416, 0.606, -0.5112, -0.9206, -0.8878, 1.7986, 50.9453, 89.5667
1741335142.642, 3.412, 0.629, -0.4963, -0.9205, -0.8999, 1.7169, 50.9895, 89.4878
1741335142.722, 3.407, 0.629, -0.4818, -0.9200, -0.9118, 1.7235, 50.9984, 89.4203
1741335142.801, 3.407, 0.653, -0.4736, -0.9176, -0.9141, 0.0451, 50.5315, 91.8847
1741335142.881, 3.410, 0.676, -0.4711, -0.9171, -0.9200, 1.5702, 50.3540, 91.9856
1741335142.961, 3.421, 0.690, -0.4600, -0.9161, -0.9301, 1.8342, 50.5119, 91.9571
1741335143.041, 3.413, 0.704, -0.4441, -0.9166, -0.9456, 2.6672, 50.8318, 90.8893
1741335143.120, 3.411, 0.704, -0.4212, -0.9185, -0.9617, 0.6128, 51.7108, 90.8859
1741335143.200, 3.411, 0.725, -0.4010, -0.9173, -0.9781, 1.5832, 51.8586, 89.5466
1741335143.279, 3.772, 0.753, -0.3859, -0.9178, -0.9900, 1.5517, 51.9153, 89.5649
1741335143.359, 4.879, 0.781, -0.3727, -0.9169, -0.9987, 1.0742, 51.2585, 89.2881
1741335143.439, 4.897, 0.806, -0.3641, -0.9173, -1.0057, 0.8630, 51.5768, 88.4495
1741335143.518, 4.881, 0.806, -0.3559, -0.9163, -1.0141, 1.2328, 52.0871, 87.4932
1741335143.598, 4.881, 0.823, -0.3416, -0.9150, -1.0253, 1.2422, 52.3139, 87.2638
1741335143.678, 4.901, 0.835, -0.3260, -0.9156, -1.0391, 2.0296, 52.2802, 87.0769
1741335143.757, 4.890, 0.853, -0.3087, -0.9164, -1.0507, 1.6167, 50.0966, 89.0472
1741335143.837, 4.885, 0.880, -0.2909, -0.9172, -1.0643, 1.3007, 48.0873, 89.6560
1741335143.917, 4.761, 0.880, -0.2775, -0.9175, -1.0755, 1.0918, 47.7433, 89.8254
1741335143.996, 4.761, 0.916, -0.2670, -0.9173, -1.0855, 1.0557, 47.8330, 89.7453
1741335144.076, 3.782, 0.943, -0.2568, -0.9167, -1.0945, 0.8982, 47.8546, 89.8317
1741335144.156, 3.789, 0.957, -0.2462, -0.9168, -1.1039, 0.8689, 47.8154, 89.8972
1741335144.235, 4.764, 0.977, -0.2339, -0.9168, -1.1149, 0.8226, 47.8731, 89.9961
1741335144.315, 4.763, 0.977, -0.2202, -0.9163, -1.1275, 0.7406, 48.2726, 90.0729
1741335144.394, 4.763, 0.994, -0.2073, -0.9153, -1.1414, 0.7113, 50.4335, 90.0703
1741335144.474, 4.764, 1.017, -0.1941, -0.9152, -1.1545, 0.6554, 52.4643, 89.9603
1741335144.554, 4.891, 1.034, -0.1799, -0.9156, -1.1662, 0.6731, 52.7110, 89.8227
1741335144.633, 4.863, 1.053, -0.1663, -0.9157, -1.1774, 0.7725, 52.6607, 89.6837
1741335144.713, 4.855, 1.053, -0.1531, -0.9159, -1.1884, 0.8841, 52.6255, 89.6352
1741335144.793, 4.855, 1.078, -0.1398, -0.9151, -1.1979, 0.7590, 52.6420, 89.8310
1741335144.872, 4.854, 1.097, -0.1259, -0.9146, -1.2083, 0.9855, 52.6387, 89.8191
1741335144.952, 4.854, 1.118, -0.1127, -0.9139, -1.2186, 1.1578, 52.7297, 89.8177
1741335145.032, 4.851, 1.139, -0.0975, -0.9141, -1.2298, 0.9600, 52.7220, 89.7786
1741335145.111, 4.851, 1.139, -0.0836, -0.9140, -1.2412, 1.0411, 52.7175, 89.8150
1741335145.191, 4.851, 1.160, -0.0694, -0.9139, -1.2521, 1.0002, 52.6639, 90.0267
1741335145.271, 4.848, 1.183, -0.0556, -0.9132, -1.2620, 0.8861, 52.6855, 90.3157
1741335145.350, 4.848, 1.207, -0.0415, -0.9131, -1.2728, 0.8416, 52.6572, 90.3854
1741335145.430, 4.848, 1.230, -0.0278, -0.9131, -1.2831, 0.8106, 52.6685, 90.3999
1741335145.509, 4.844, 1.230, -0.0139, -0.9130, -1.2936, 0.7398, 52.5824, 90.3467
1741335145.589, 4.844, 1.250, -0.0001, -0.9121, -1.3048, 0.9439, 52.6014, 90.1363
1741335145.669, 4.847, 1.271, 0.0140, -0.9120, -1.3158, 0.9358, 52.4404, 90.2572
1741335145.748, 4.841, 1.292, 0.0279, -0.9120, -1.3267, 0.9388, 52.4123, 90.4071
1741335145.828, 4.843, 1.314, 0.0422, -0.9116, -1.3376, 0.8879, 52.3650, 90.5211
1741335145.908, 4.839, 1.314, 0.0541, -0.9109, -1.3499, 1.6557, 53.1337, 90.1176
1741335145.987, 4.839, 1.338, 0.0600, -0.9085, -1.3621, 4.3900, 54.3155, 88.1459
1741335146.067, 4.834, 1.358, 0.0695, -0.9059, -1.3618, 1.0525, 54.2394, 92.6681
1741335146.147, 4.814, 1.372, 0.0824, -0.9068, -1.3694, 0.5075, 54.4022, 93.1521
1741335146.226, 4.820, 1.372, 0.1021, -0.9076, -1.3801, -1.1468, 54.5105, 93.9002
1741335146.306, 4.820, 1.372, 0.1252, -0.9090, -1.3993, 1.4105, 53.8222, 89.8271
1741335146.386, 4.824, 1.404, 0.1429, -0.9083, -1.4125, 0.8079, 54.1505, 90.6276
1741335146.465, 4.829, 1.436, 0.1582, -0.9084, -1.4239, 0.8713, 54.0619, 90.4846
1741335146.545, 4.823, 1.466, 0.1703, -0.9074, -1.4359, 1.8554, 54.7970, 89.0873
1741335146.624, 4.822, 1.489, 0.1793, -0.9057, -1.4427, 2.0795, 54.5402, 88.0255
1741335146.704, 4.822, 1.489, 0.1912, -0.9050, -1.4488, 1.0383, 54.0145, 88.0909
1741335146.784, 4.812, 1.507, 0.2044, -0.9044, -1.4575, 1.0044, 53.7920, 88.0783
1741335146.863, 4.814, 1.525, 0.2210, -0.9043, -1.4692, 0.9209, 54.1402, 88.3995
1741335146.943, 4.815, 1.546, 0.2362, -0.9062, -1.4822, 1.0575, 56.1088, 89.5801
1741335147.023, 4.811, 1.572, 0.2526, -0.9064, -1.4942, 0.7985, 56.3773, 90.6558
1741335147.103, 4.811, 1.572, 0.2653, -0.9039, -1.4959, -2.1994, 55.9736, 93.6979
1741335147.182, 4.801, 1.594, 0.2738, -0.9023, -1.4991, -3.0311, 55.8215, 94.7259
1741335147.262, 4.812, 1.613, 0.2820, -0.9022, -1.5060, -2.0764, 55.9114, 94.4476
1741335147.341, 4.820, 1.623, 0.2898, -0.9011, -1.5151, 0.0491, 55.5563, 93.8265
1741335147.421, 4.814, 1.638, 0.3046, -0.9000, -1.5321, 3.0390, 55.2847, 90.1722
1741335147.500, 4.814, 1.638, 0.3218, -0.9008, -1.5477, 4.2061, 55.8852, 88.4085
1741335147.580, 4.806, 1.662, 0.3433, -0.9013, -1.5559, 0.3853, 56.3991, 91.2178
1741335147.660, 4.794, 1.688, 0.3603, -0.9015, -1.5672, 0.9716, 56.2664, 90.7498
1741335147.739, 4.798, 1.714, 0.3763, -0.9004, -1.5758, 0.1179, 55.6139, 90.5179
1741335147.819, 4.796, 1.739, 0.3867, -0.8992, -1.5836, 0.3653, 56.1299, 89.1402
1741335147.899, 4.796, 1.739, 0.3979, -0.8994, -1.5913, 0.1141, 56.4077, 89.4090
1741335147.978, 4.798, 1.759, 0.4122, -0.8979, -1.6025, 0.7842, 57.0428, 88.5201
1741335148.058, 4.799, 1.773, 0.4254, -0.8970, -1.6139, 2.2732, 57.6823, 88.0242
1741335148.138, 4.795, 1.798, 0.4423, -0.8974, -1.6242, 1.3268, 58.1608, 88.8386
1741335148.217, 4.791, 1.798, 0.4597, -0.8984, -1.6317, 0.3923, 57.7490, 90.8865
1741335148.297, 4.791, 1.820, 0.4749, -0.8979, -1.6424, 0.5330, 57.8008, 90.8252
1741335148.377, 4.784, 1.842, 0.4876, -0.8979, -1.6508, 0.6681, 57.9408, 90.7201
1741335148.456, 4.786, 1.867, 0.4996, -0.8968, -1.6584, 0.7730, 58.0516, 90.6631
1741335148.536, 4.778, 1.886, 0.5121, -0.8963, -1.6666, 1.0118, 58.0667, 90.4408
1741335148.616, 4.770, 1.886, 0.5259, -0.8966, -1.6756, 1.0708, 58.1684, 90.3952
1741335148.695, 4.770, 1.904, 0.5420, -0.8957, -1.6850, 0.8186, 58.2079, 90.5982
1741335148.775, 4.769, 1.922, 0.5584, -0.8955, -1.6944, 0.7835, 58.3701, 90.6698
1741335148.855, 4.769, 1.946, 0.5748, -0.8948, -1.7048, 0.7613, 58.4556, 90.6453
1741335148.934, 4.772, 1.971, 0.5909, -0.8944, -1.7146, 0.7428, 58.5162, 90.6662
1741335151.065, 4.792, 2.439, 0.9905, -0.8843, -1.9531, 0.4952, 59.8644, 88.0073
1741335151.144, 4.793, 2.459, 1.0076, -0.8844, -1.9641, 1.0346, 59.7437, 88.1522
1741335151.224, 4.796, 2.481, 1.0250, -0.8855, -1.9734, 0.4617, 58.7072, 90.4668
1741335151.303, 4.794, 2.481, 1.0411, -0.8831, -1.9757, -3.8600, 58.8955, 94.9787
1741335151.383, 4.794, 2.498, 1.0421, -0.8822, -1.9824, 0.0328, 58.7443, 93.8369
1741335151.463, 4.805, 2.522, 1.0504, -0.8824, -1.9876, 0.7556, 58.3246, 93.0637
1741335151.542, 4.792, 2.530, 1.0661, -0.8815, -1.9974, 0.8755, 58.2808, 92.7808
1741335151.622, 4.789, 2.545, 1.0873, -0.8833, -2.0150, 3.5866, 58.4080, 87.6982
1741335151.702, 4.778, 2.545, 1.1107, -0.8857, -2.0237, -0.2984, 58.6551, 91.3786
1741335151.781, 4.778, 2.569, 1.1277, -0.8844, -2.0338, 0.1860, 58.5385, 91.2049
1741335151.861, 4.795, 2.598, 1.1423, -0.8828, -2.0426, 0.1297, 58.5418, 91.2493
1741335151.941, 4.796, 2.623, 1.1556, -0.8803, -2.0480, -0.7997, 57.6769, 90.8967
1741335152.020, 4.797, 2.641, 1.1655, -0.8803, -2.0552, -0.5381, 58.1795, 89.7639
1741335152.100, 4.797, 2.641, 1.1786, -0.8798, -2.0647, 0.1519, 58.6984, 88.7281
1741335152.179, 4.799, 2.664, 1.1952, -0.8793, -2.0761, 0.7852, 58.7944, 88.5650
1741335152.259, 4.801, 2.687, 1.2126, -0.8812, -2.0851, -0.1815, 57.9555, 91.4076
1741335152.339, 4.800, 2.706, 1.2299, -0.8809, -2.0976, 0.7894, 58.3549, 90.6490
1741335152.418, 4.798, 2.724, 1.2456, -0.8808, -2.1073, 0.5431, 58.5276, 90.8267
1741335152.498, 4.798, 2.724, 1.2588, -0.8798, -2.1153, 0.5542, 58.6765, 90.7204
1741335152.578, 4.798, 2.757, 1.2713, -0.8795, -2.1226, 0.3754, 58.8113, 90.8866
1741335152.657, 4.797, 2.776, 1.2846, -0.8796, -2.1304, 0.2476, 59.0230, 91.0037
1741335152.737, 4.798, 2.788, 1.2990, -0.8785, -2.1389, 0.2416, 59.0917, 91.0447
1741335152.817, 4.801, 2.807, 1.3145, -0.8788, -2.1485, 0.2931, 59.2602, 91.0925
1741335152.897, 4.801, 2.807, 1.3306, -0.8785, -2.1583, 0.3305, 59.3248, 90.9947
1741335152.976, 4.800, 2.831, 1.3472, -0.8779, -2.1678, 0.3018, 59.3426, 90.8517
1741335153.056, 4.809, 2.859, 1.3633, -0.8775, -2.1770, 0.0220, 59.3883, 91.1835
1741335153.135, 4.805, 2.878, 1.3792, -0.8775, -2.1867, 0.1023, 59.4129, 91.1027
1741335153.215, 4.811, 2.900, 1.3937, -0.8770, -2.1957, 0.2023, 59.5022, 91.0904
1741335153.295, 4.811, 2.900, 1.4075, -0.8762, -2.2040, 0.4120, 59.5879, 90.9651
1741335153.374, 4.813, 2.922, 1.4224, -0.8759, -2.2128, 0.3447, 59.7256, 90.9929
1741335153.454, 4.812, 2.942, 1.4380, -0.8763, -2.2220, 0.3809, 59.8176, 90.9369
1741335153.534, 4.810, 2.967, 1.4534, -0.8762, -2.2306, 0.0178, 59.8863, 91.2462
1741335153.613, 4.814, 2.991, 1.4697, -0.8754, -2.2397, -0.0982, 59.9627, 91.4433
1741335153.693, 4.814, 2.991, 1.4850, -0.8746, -2.2486, -0.0710, 60.0864, 91.5720
1741335153.773, 4.816, 3.010, 1.4994, -0.8742, -2.2578, 0.2440, 60.2209, 91.3847
1741335153.852, 4.818, 3.039, 1.5151, -0.8743, -2.2665, -0.0298, 60.2842, 91.4353
1741335153.932, 4.816, 3.060, 1.5306, -0.8740, -2.2747, -0.2808, 60.2924, 91.6112
1741335154.012, 4.821, 3.060, 1.5466, -0.8731, -2.2839, -0.2162, 60.3110, 91.5693
1741335154.091, 4.821, 3.083, 1.5621, -0.8725, -2.2931, -0.1420, 60.4963, 91.4863
1741335154.171, 4.826, 3.098, 1.5772, -0.8723, -2.3019, -0.0393, 60.5969, 91.4353
1741335154.250, 4.823, 3.123, 1.5925, -0.8720, -2.3108, 0.0872, 60.7873, 91.3738
1741335154.330, 4.826, 3.150, 1.6077, -0.8720, -2.3195, 0.1009, 60.8885, 91.3499
1741335154.410, 4.826, 3.150, 1.6232, -0.8706, -2.3284, 0.1661, 61.0754, 91.1910
1741335154.489, 4.826, 3.168, 1.6390, -0.8703, -2.3367, -0.1781, 61.1543, 91.6130
1741335154.569, 4.827, 3.192, 1.6549, -0.8704, -2.3451, -0.3269, 61.2901, 91.8252
1741335154.649, 4.834, 3.219, 1.6703, -0.8701, -2.3539, -0.2289, 61.4265, 91.8638
1741335154.728, 4.833, 3.236, 1.6857, -0.8693, -2.3624, -0.4445, 61.5358, 92.0902
1741335154.808, 4.835, 3.236, 1.7008, -0.8688, -2.3706, -0.3853, 61.6089, 92.0315
1741335154.887, 4.835, 3.257, 1.7162, -0.8690, -2.3788, -0.4512, 61.5912, 92.0409
1741335154.967, 4.843, 3.282, 1.7320, -0.8681, -2.3867, -0.8284, 61.6406, 92.4743
1741335155.047, 4.842, 3.301, 1.7477, -0.8678, -2.3960, -0.5196, 61.7231, 92.1922
1741335155.126, 4.847, 3.323, 1.7632, -0.8675, -2.4044, -0.5949, 61.8531, 92.2959
1741335155.206, 4.845, 3.323, 1.7787, -0.8663, -2.4126, -0.6837, 61.8865, 92.4907
1741335155.286, 4.845, 3.352, 1.7939, -0.8670, -2.4218, -0.3267, 62.0427, 92.0682
1741335155.365, 4.847, 3.375, 1.8097, -0.8658, -2.4298, -0.4627, 62.0768, 92.1211
1741335155.445, 4.848, 3.394, 1.8243, -0.8656, -2.4346, -2.2141, 62.0389, 94.0695
1741335155.525, 4.854, 3.417, 1.8401, -0.8658, -2.4453, -0.6950, 62.0929, 92.3890
1741335155.604, 4.863, 3.417, 1.8569, -0.8639, -2.4535, -1.1644, 62.2205, 92.8030
1741335155.684, 4.863, 3.417, 1.8734, -0.8636, -2.4629, -0.7391, 62.4963, 92.6465
1741335155.764, 4.860, 3.459, 1.8895, -0.8634, -2.4717, -0.6237, 62.6476, 92.4973
1741335155.843, 4.861, 3.490, 1.9057, -0.8628, -2.4802, -0.5946, 62.8259, 92.3536
1741335155.923, 4.864, 3.510, 1.9210, -0.8622, -2.4881, -0.7290, 62.9733, 92.5228
1741335156.002, 4.870, 3.510, 1.9364, -0.8619, -2.4958, -0.7070, 62.9904, 92.4503
1741335156.082, 4.870, 3.534, 1.9505, -0.8606, -2.5021, -1.1378, 62.8127, 92.2629
1741335156.162, 4.871, 3.556, 1.9628, -0.8609, -2.5100, -0.0093, 63.4962, 92.2401
1741335156.243, 4.874, 3.571, 1.9802, -0.8600, -2.5193, -0.0074, 63.2704, 92.0143
1741335156.321, 4.879, 3.599, 1.9979, -0.8593, -2.5278, -0.0174, 63.1359, 91.9454
1741335156.401, 4.878, 3.599, 2.0148, -0.8590, -2.5358, -0.2779, 62.9193, 92.3187
1741335156.480, 4.878, 3.625, 2.0306, -0.8580, -2.5434, -0.4151, 62.7893, 92.4413
1741335156.560, 4.881, 3.647, 2.0420, -0.8566, -2.5525, 1.5489, 63.1159, 91.3406
1741335156.640, 4.882, 3.667, 2.0521, -0.8559, -2.5614, 3.8525, 63.0548, 89.3063
1741335156.719, 4.885, 3.684, 2.0628, -0.8554, -2.5609, -0.0842, 62.9432, 94.6822
1741335156.799, 4.898, 3.684, 2.0781, -0.8542, -2.5672, -0.2953, 63.2542, 94.6857
1741335156.878, 4.898, 3.701, 2.0981, -0.8535, -2.5752, -1.6218, 63.0289, 95.4024
1741335156.958, 4.889, 3.724, 2.1211, -0.8549, -2.5906, 1.2742, 62.5112, 90.6246
1741335157.038, 4.891, 3.746, 2.1409, -0.8530, -2.5981, -0.8489, 62.0563, 92.5771
1741335157.117, 4.890, 3.774, 2.1595, -0.8538, -2.6083, -0.1611, 61.9897, 91.6889
1741335157.197, 4.889, 3.774, 2.1713, -0.8533, -2.6177, 0.5581, 63.5496, 90.5333
1741335157.277, 4.889, 3.798, 2.1776, -0.8521, -2.6239, 2.5533, 64.0579, 88.9223
1741335157.356, 4.894, 3.828, 2.1878, -0.8515, -2.6264, 0.6256, 63.7792, 89.5854
1741335157.436, 4.906, 3.844, 2.2023, -0.8497, -2.6313, -0.1720, 63.3910, 89.6693
1741335157.516, 4.907, 3.860, 2.2191, -0.8495, -2.6395, -0.3023, 63.6194, 89.9108
1741335157.595, 4.907, 3.860, 2.2365, -0.8510, -2.6482, -0.5776, 64.3003, 91.5306
1741335157.675, 4.908, 3.879, 2.2525, -0.8519, -2.6559, -0.6223, 64.2203, 92.8053
1741335157.754, 4.915, 3.904, 2.2716, -0.8501, -2.6653, -0.1310, 64.6517, 92.1410
1741335157.834, 4.918, 3.932, 2.2879, -0.8497, -2.6734, -0.1663, 64.6346, 92.2195
1741335157.914, 4.928, 3.959, 2.3015, -0.8489, -2.6797, -0.1780, 64.7550, 92.3665
1741335158.113, 4.938, 4.001, 2.3154, -0.8487, -2.6863, -0.1611, 65.0024, 92.2884
1741335158.193, 4.938, 4.001, 2.3137, -0.8488, -2.6856, -0.2703, 65.0763, 92.4082
1741335158.272, 4.936, 4.008, 2.3128, -0.8488, -2.6851, -0.1608, 64.9454, 92.3406
1741335158.352, 4.936, 4.003, 2.3128, -0.8488, -2.6850, -0.1782, 64.9619, 92.3369
1741335158.431, 4.935, 4.002, 2.3127, -0.8487, -2.6851, -0.1985, 64.9605, 92.3597
1741335158.511, 4.933, 4.002, 2.3128, -0.8488, -2.6850, -0.2358, 64.9670, 92.3908
1741335158.591, 4.933, 4.002, 2.3128, -0.8488, -2.6851, -0.2592, 64.9714, 92.4013
1741335158.670, 4.936, 4.001, 2.3127, -0.8488, -2.6851, -0.2547, 64.9810, 92.3993
1741335158.750, 4.936, 4.001, 2.3128, -0.8487, -2.6852, -0.2587, 64.9924, 92.4009
1741335158.830, 4.933, 4.000, 2.3128, -0.8488, -2.6851, -0.2808, 64.9918, 92.4036
1741335158.909, 4.935, 4.001, 2.3128, -0.8488, -2.6850, -0.2537, 64.9983, 92.3669
1741335158.989, 4.935, 4.001, 2.3129, -0.8487, -2.6851, -0.2212, 65.0105, 92.3382
1741335159.069, 4.936, 4.004, 2.3128, -0.8488, -2.6851, -0.2000, 65.0046, 92.3252
1741335159.148, 4.939, 4.001, 2.3128, -0.8487, -2.6850, -0.1989, 65.0100, 92.3149
1741335159.228, 4.935, 4.001, 2.3128, -0.8488, -2.6851, -0.1797, 65.0174, 92.2872
1741335159.308, 4.936, 4.001, 2.3128, -0.8488, -2.6851, -0.1732, 65.0123, 92.2849
1741335159.387, 4.936, 4.001, 2.3129, -0.8488, -2.6852, -0.1568, 65.0055, 92.2725
1741335159.467, 4.934, 4.000, 2.3128, -0.8488, -2.6851, -0.1562, 65.0065, 92.2769
1741335159.547, 4.938, 4.000, 2.3128, -0.8488, -2.6851, -0.1671, 65.0167, 92.2896
1741335159.626, 4.937, 4.002, 2.3129, -0.8488, -2.6853, -0.1603, 65.0175, 92.2746
1741335159.706, 4.935, 4.002, 2.3129, -0.8488, -2.6852, -0.1515, 65.0297, 92.2754
1741335159.785, 4.935, 4.000, 2.3129, -0.8488, -2.6852, -0.1450, 65.0299, 92.2699
1741335159.865, 4.935, 4.000, 2.3129, -0.8488, -2.6852, -0.1583, 65.0304, 92.2710
1741335159.945, 4.933, 4.000, 2.3129, -0.8488, -2.6852, -0.1527, 65.0321, 92.2771
1741335160.024, 4.936, 4.001, 2.3129, -0.8489, -2.6851, -0.1491, 65.0276, 92.2757
1741335160.104, 4.934, 4.001, 2.3129, -0.8487, -2.6853, -0.1812, 65.0411, 92.2944
1741335160.184, 4.934, 4.000, 2.3129, -0.8488, -2.6852, -0.1928, 65.0445, 92.3046
1741335160.263, 4.937, 4.001, 2.3129, -0.8489, -2.6852, -0.1783, 65.0328, 92.2886
1741335160.343, 4.933, 4.001, 2.3131, -0.8488, -2.6853, -0.1614, 65.0286, 92.2792
1741335160.423, 4.937, 4.000, 2.3129, -0.8489, -2.6853, -0.1550, 65.0370, 92.2853
1741335160.502, 4.938, 4.000, 2.3130, -0.8488, -2.6853, -0.1789, 65.0425, 92.3091
1741335160.582, 4.938, 4.000, 2.3129, -0.8488, -2.6853, -0.1871, 65.0411, 92.3058
1741335160.662, 4.934, 4.003, 2.3130, -0.8489, -2.6853, -0.1991, 65.0327, 92.3170
1741335160.741, 4.935, 4.000, 2.3130, -0.8489, -2.6853, -0.1822, 65.0335, 92.3114
1741335160.821, 4.935, 4.001, 2.3130, -0.8489, -2.6851, -0.1714, 65.0413, 92.2920
1741335160.901, 4.933, 4.001, 2.3130, -0.8489, -2.6854, -0.1634, 65.0463, 92.2787
1741335160.980, 4.933, 4.002, 2.3129, -0.8488, -2.6852, -0.1595, 65.0549, 92.2570
1741335161.060, 4.934, 4.002, 2.3130, -0.8489, -2.6853, -0.1241, 65.0574, 92.2038
1741335161.140, 4.936, 4.001, 2.3130, -0.8489, -2.6853, -0.1369, 65.0621, 92.2189
1741335161.219, 4.933, 4.001, 2.3131, -0.8489, -2.6852, -0.1389, 65.0507, 92.2356
1741335161.299, 4.934, 4.001, 2.3129, -0.8488, -2.6853, -0.1203, 65.0583, 92.2191
1741335161.379, 4.934, 4.000, 2.3129, -0.8488, -2.6852, -0.1211, 65.0580, 92.2180
1741335161.458, 4.933, 4.000, 2.3130, -0.8489, -2.6853, -0.1170, 65.0568, 92.2136
1741335161.538, 4.937, 4.000, 2.3130, -0.8488, -2.6853, -0.1036, 65.0631, 92.1905
1741335161.617, 4.937, 4.001, 2.3131, -0.8489, -2.6853, -0.0978, 65.0463, 92.1956
1741335161.697, 4.933, 4.001, 2.3131, -0.8489, -2.6852, -0.1159, 65.0460, 92.2179
1741335161.777, 4.933, 4.001, 2.3129, -0.8488, -2.6854, -0.1069, 65.0621, 92.2140
1741335161.856, 4.935, 4.000, 2.3130, -0.8489, -2.6853, -0.1216, 65.0729, 92.2230
1741335161.936, 4.936, 4.002, 2.3130, -0.8489, -2.6853, -0.0992, 65.0666, 92.2067
1741335162.015, 4.934, 4.001, 2.3131, -0.8489, -2.6854, -0.1233, 65.0600, 92.2276
1741335162.095, 4.932, 4.001, 2.3131, -0.8488, -2.6854, -0.1279, 65.0632, 92.2352
1741335162.175, 4.932, 4.000, 2.3130, -0.8489, -2.6852, -0.1174, 65.0635, 92.2245
1741335162.254, 4.937, 4.001, 2.3130, -0.8488, -2.6854, -0.1104, 65.0638, 92.2161
1741335162.334, 4.934, 4.002, 2.3130, -0.8488, -2.6854, -0.1155, 65.0684, 92.2229
1741335162.414, 4.934, 4.000, 2.3130, -0.8489, -2.6853, -0.1046, 65.0719, 92.2153
1741335162.493, 4.936, 4.000, 2.3131, -0.8489, -2.6854, -0.0860, 65.0634, 92.1992
1741335162.573, 4.936, 4.000, 2.3131, -0.8489, -2.6854, -0.1015, 65.0576, 92.2183
1741335162.653, 4.934, 4.000, 2.3131, -0.8488, -2.6854, -0.1044, 65.0597, 92.2162
1741335162.732, 4.934, 4.000, 2.3132, -0.8490, -2.6855, -0.1058, 65.0617, 92.2049
1741335162.812, 4.933, 4.000, 2.3131, -0.8489, -2.6854, -0.1127, 65.0739, 92.2113
1741335162.892, 4.934, 4.000, 2.3130, -0.8489, -2.6854, -0.0820, 65.0741, 92.1742
1741335162.971, 4.934, 4.002, 2.3131, -0.8488, -2.6854, -0.0919, 65.0749, 92.1891
1741335163.051, 4.937, 4.000, 2.3131, -0.8488, -2.6854, -0.0885, 65.0792, 92.1811
1741335189.393, 5.245, 3.814, 2.3802, -0.8496, -2.3048, 0.7007, 57.4391, 91.3601
1741335189.473, 5.246, 3.814, 2.3801, -0.8495, -2.3046, 0.6937, 57.4402, 91.3824
1741335189.552, 5.246, 3.813, 2.3801, -0.8495, -2.3047, 0.6949, 57.4446, 91.3768
1741335189.632, 5.245, 3.814, 2.3801, -0.8495, -2.3046, 0.6893, 57.4441, 91.3817
1741335189.712, 5.243, 3.813, 2.3802, -0.8495, -2.3047, 0.6900, 57.4405, 91.3674
1741335189.791, 5.244, 3.812, 2.3801, -0.8495, -2.3046, 0.6937, 57.4378, 91.3710
1741335189.871, 5.246, 3.812, 2.3801, -0.8495, -2.3046, 0.6955, 57.4390, 91.3698
1741335189.950, 5.246, 3.814, 2.3801, -0.8494, -2.3046, 0.6914, 57.4396, 91.3672
1741335190.030, 5.245, 3.814, 2.3800, -0.8495, -2.3045, 0.6964, 57.4369, 91.3693
1741335190.110, 5.245, 3.813, 2.3801, -0.8495, -2.3046, 0.7075, 57.4388, 91.3614
1741335190.189, 5.245, 3.816, 2.3800, -0.8495, -2.3045, 0.7105, 57.4465, 91.3634
1741335190.269, 5.245, 3.816, 2.3800, -0.8496, -2.3045, 0.7044, 57.4439, 91.3648
1741335190.349, 5.245, 3.814, 2.3800, -0.8495, -2.3046, 0.7095, 57.4391, 91.3540
1741335190.428, 5.247, 3.814, 2.3800, -0.8495, -2.3044, 0.6953, 57.4338, 91.3666
1741335190.508, 5.244, 3.814, 2.3799, -0.8495, -2.3045, 0.6973, 57.4377, 91.3708
1741335190.588, 5.245, 3.813, 2.3800, -0.8495, -2.3045, 0.6974, 57.4460, 91.3786
1741335190.667, 5.244, 3.813, 2.3800, -0.8495, -2.3045, 0.6969, 57.4524, 91.3933
1741335190.747, 5.244, 3.814, 2.3799, -0.8494, -2.3044, 0.7034, 57.4400, 91.3798
1741335190.827, 5.245, 3.815, 2.3799, -0.8495, -2.3044, 0.7049, 57.4411, 91.3669
1741335190.906, 5.245, 3.815, 2.3798, -0.8495, -2.3044, 0.7040, 57.4368, 91.3660
1741335191.105, 5.246, 3.813, 2.3798, -0.8493, -2.3044, 0.7179, 57.4358, 91.3468
1741335191.185, 5.245, 3.814, 2.3798, -0.8494, -2.3044, 0.7147, 57.4428, 91.3513
1741335191.265, 5.245, 3.814, 2.3797, -0.8495, -2.3042, 0.7071, 57.4376, 91.3534
1741335191.344, 5.244, 3.814, 2.3798, -0.8495, -2.3042, 0.7128, 57.4366, 91.3469
1741335191.424, 5.246, 3.815, 2.3797, -0.8494, -2.3043, 0.7310, 57.4414, 91.3268
1741335191.504, 5.244, 3.814, 2.3797, -0.8493, -2.3043, 0.7305, 57.4367, 91.3331
1741335191.583, 5.245, 3.815, 2.3797, -0.8494, -2.3042, 0.7188, 57.4332, 91.3417
1741335191.663, 5.245, 3.815, 2.3797, -0.8494, -2.3042, 0.7110, 57.4417, 91.3361
1741335191.742, 5.246, 3.814, 2.3796, -0.8494, -2.3041, 0.6899, 57.4392, 91.3684
1741335191.822, 5.243, 3.813, 2.3797, -0.8494, -2.3042, 0.6749, 57.4536, 91.3805
1741335191.902, 5.245, 3.813, 2.3797, -0.8494, -2.3041, 0.6842, 57.4477, 91.3857
1741335191.981, 5.244, 3.812, 2.3796, -0.8493, -2.3042, 0.6922, 57.4425, 91.3843
1741335192.061, 5.244, 3.812, 2.3797, -0.8494, -2.3042, 0.6988, 57.4459, 91.3779
1741335192.141, 5.245, 3.815, 2.3796, -0.8493, -2.3041, 0.6907, 57.4443, 91.3873
1741335192.220, 5.243, 3.815, 2.3795, -0.8494, -2.3041, 0.6904, 57.4558, 91.3868
1741335192.300, 5.246, 3.814, 2.3768, -0.8495, -2.3022, 0.6374, 57.5655, 91.3391
1741335192.380, 5.246, 3.814, 2.3659, -0.8500, -2.2957, 0.7704, 57.5514, 91.1227
1741335192.459, 5.246, 3.814, 2.3485, -0.8506, -2.2844, 0.6664, 57.4312, 91.1873
1741335192.539, 5.244, 3.805, 2.3268, -0.8508, -2.2708, 0.7427, 57.4257, 91.3000
1741335192.619, 5.241, 3.778, 2.3060, -0.8518, -2.2573, 0.8098, 57.1370, 91.3268
1741335192.698, 5.242, 3.748, 2.2880, -0.8527, -2.2460, 0.8831, 57.0260, 91.2187
1741335192.778, 5.242, 3.748, 2.2721, -0.8529, -2.2359, 0.9616, 57.0540, 91.0932
1741335192.857, 5.242, 3.716, 2.2586, -0.8535, -2.2276, 1.0915, 57.1054, 91.0076
1741335192.937, 5.241, 3.690, 2.2460, -0.8536, -2.2198, 1.1813, 56.9975, 90.9592
1741335193.017, 5.239, 3.669, 2.2336, -0.8543, -2.2117, 1.2955, 56.8018, 90.9099
1741335193.096, 5.239, 3.649, 2.2194, -0.8549, -2.2022, 1.2922, 56.6634, 90.9755
1741335193.176, 5.242, 3.649, 2.2046, -0.8556, -2.1925, 1.3323, 56.3837, 90.8837
1741335193.256, 5.242, 3.633, 2.1888, -0.8559, -2.1818, 1.2152, 56.5015, 91.0034
1741335193.335, 5.242, 3.609, 2.1727, -0.8560, -2.1714, 1.3547, 56.4468, 90.8546
1741335193.415, 5.242, 3.582, 2.1574, -0.8568, -2.1611, 1.2059, 56.4342, 91.0284
1741335193.495, 5.244, 3.560, 2.1425, -0.8570, -2.1514, 1.2741, 56.3839, 90.9927
1741335193.574, 5.245, 3.560, 2.1279, -0.8571, -2.1416, 1.2652, 56.3115, 90.9933
1741335193.654, 5.245, 3.541, 2.1136, -0.8575, -2.1322, 1.3847, 56.2422, 90.8798
1741335193.734, 5.248, 3.516, 2.0993, -0.8588, -2.1231, 1.5235, 56.2049, 90.6287
1741335193.813, 5.247, 3.498, 2.0850, -0.8597, -2.1140, 1.6169, 56.2250, 90.4576
1741335193.893, 5.246, 3.476, 2.0708, -0.8588, -2.1046, 1.6893, 56.2524, 90.3304
1741335193.972, 5.244, 3.476, 2.0574, -0.8603, -2.0957, 1.7229, 56.0727, 90.3702
1741335194.052, 5.244, 3.456, 2.0440, -0.8607, -2.0863, 1.7010, 55.8566, 90.3482
1741335194.132, 5.245, 3.435, 2.0305, -0.8608, -2.0770, 1.7137, 55.5689, 90.2270
1741335194.211, 5.245, 3.415, 2.0170, -0.8610, -2.0677, 1.5797, 55.5536, 90.2883
1741335194.291, 5.250, 3.392, 2.0040, -0.8610, -2.0589, 1.5630, 55.4859, 90.2332
1741335194.371, 5.248, 3.392, 1.9913, -0.8621, -2.0502, 1.6587, 55.3806, 90.0990
1741335194.450, 5.248, 3.376, 1.9784, -0.8625, -2.0412, 1.5424, 55.3416, 90.2702
1741335194.530, 5.250, 3.356, 1.9657, -0.8623, -2.0322, 1.5758, 55.1536, 90.3355
1741335194.610, 5.251, 3.334, 1.9532, -0.8630, -2.0238, 1.6454, 55.0084, 90.3598
1741335194.689, 5.255, 3.318, 1.9406, -0.8630, -2.0145, 1.5823, 54.8657, 90.4249
1741335194.769, 5.255, 3.318, 1.9279, -0.8633, -2.0053, 1.5062, 54.8143, 90.4009
1741335194.848, 5.255, 3.299, 1.9156, -0.8642, -1.9970, 1.6303, 54.6702, 90.2484
1741335194.928, 5.256, 3.280, 1.9029, -0.8644, -1.9885, 1.6683, 54.6673, 90.2328
1741335195.008, 5.255, 3.257, 1.8907, -0.8649, -1.9800, 1.7915, 54.5966, 90.1786
1741335195.087, 5.256, 3.241, 1.8786, -0.8648, -1.9711, 1.8165, 54.4717, 90.1648
1741335195.167, 5.258, 3.241, 1.8665, -0.8655, -1.9625, 1.7088, 54.3198, 90.2416
1741335195.247, 5.258, 3.223, 1.8544, -0.8656, -1.9534, 1.6221, 54.1746, 90.2785
1741335195.326, 5.257, 3.204, 1.8425, -0.8660, -1.9446, 1.4905, 54.1418, 90.2088
1741335195.406, 5.261, 3.184, 1.8305, -0.8666, -1.9362, 1.5972, 54.0823, 90.0020
1741335195.486, 5.263, 3.170, 1.8185, -0.8665, -1.9273, 1.5121, 54.0436, 90.1271
1741335195.565, 5.266, 3.170, 1.8066, -0.8662, -1.9190, 1.4433, 54.0481, 90.2718
1741335195.645, 5.266, 3.154, 1.7953, -0.8676, -1.9102, 1.4809, 53.9261, 90.2328
1741335195.725, 5.267, 3.135, 1.7835, -0.8686, -1.9020, 1.5534, 53.7178, 90.2348
1741335195.804, 5.269, 3.111, 1.7717, -0.8682, -1.8931, 1.5559, 53.6518, 90.2271
1741335195.884, 5.270, 3.094, 1.7591, -0.8682, -1.8841, 1.5572, 53.5473, 90.1875
1741335195.964, 5.273, 3.094, 1.7473, -0.8693, -1.8757, 1.6558, 53.4886, 90.0575
1741335196.043, 5.273, 3.081, 1.7350, -0.8691, -1.8665, 1.5985, 53.4220, 90.0343
1741335196.123, 5.273, 3.058, 1.7233, -0.8695, -1.8585, 1.7695, 53.3913, 89.8736
1741335196.202, 5.276, 3.041, 1.7116, -0.8687, -1.8495, 1.8066, 53.3672, 89.9105
1741335196.282, 5.276, 3.027, 1.6998, -0.8695, -1.8404, 1.6865, 53.1499, 89.9809
1741335196.362, 5.276, 3.027, 1.6879, -0.8695, -1.8310, 1.6615, 52.9238, 89.9846
1741335196.441, 5.276, 3.003, 1.6753, -0.8699, -1.8217, 1.6173, 52.9305, 89.9758
1741335196.521, 5.281, 2.990, 1.6627, -0.8703, -1.8123, 1.5445, 52.9755, 89.9359
1741335196.601, 5.284, 2.972, 1.6500, -0.8707, -1.8027, 1.6123, 52.9219, 89.8068
1741335196.680, 5.284, 2.952, 1.6377, -0.8710, -1.7931, 1.5121, 52.9473, 89.9098
1741335196.760, 5.284, 2.952, 1.6252, -0.8713, -1.7839, 1.5068, 52.8313, 89.9969
1741335196.840, 5.286, 2.934, 1.6127, -0.8717, -1.7746, 1.6251, 52.7347, 90.0165
1741335196.919, 5.287, 2.915, 1.6000, -0.8720, -1.7652, 1.6578, 52.6862, 89.9752
1741335196.999, 5.290, 2.896, 1.5874, -0.8726, -1.7556, 1.6517, 52.6373, 89.8726
1741335197.079, 5.292, 2.877, 1.5743, -0.8729, -1.7458, 1.6700, 52.6018, 89.7989
1741335197.158, 5.292, 2.877, 1.5612, -0.8730, -1.7362, 1.7258, 52.5306, 89.7183
1741335197.238, 5.293, 2.859, 1.5484, -0.8729, -1.7267, 1.9467, 52.5397, 89.5901
1741335197.317, 5.296, 2.833, 1.5361, -0.8729, -1.7169, 1.8243, 52.4169, 89.8075
1741335197.397, 5.297, 2.818, 1.5234, -0.8733, -1.7066, 1.8134, 52.1157, 89.7723
1741335197.477, 5.299, 2.799, 1.5115, -0.8735, -1.6969, 1.5986, 51.9942, 89.9167
1741335197.556, 5.299, 2.799, 1.4990, -0.8736, -1.6871, 1.5637, 51.8866, 89.8734
1741335197.636, 5.306, 2.780, 1.4866, -0.8742, -1.6776, 1.7319, 51.6972, 89.6534
1741335197.716, 5.309, 2.758, 1.4744, -0.8740, -1.6679, 1.7843, 51.6460, 89.6417
1741335197.795, 5.310, 2.744, 1.4622, -0.8743, -1.6583, 1.7336, 51.5567, 89.7656
1741335197.875, 5.313, 2.744, 1.4503, -0.8750, -1.6488, 1.7628, 51.2232, 89.8076
1741335197.955, 5.313, 2.720, 1.4379, -0.8748, -1.6388, 1.8139, 51.0917, 89.7335
1741335198.034, 5.318, 2.706, 1.4254, -0.8752, -1.6285, 1.7959, 51.0007, 89.7282
1741335198.114, 5.324, 2.688, 1.4129, -0.8759, -1.6184, 1.7033, 50.7871, 89.8402
1741335198.194, 5.328, 2.664, 1.4004, -0.8759, -1.6080, 1.6315, 50.7323, 89.9101
1741335198.273, 5.332, 2.664, 1.3880, -0.8761, -1.5983, 1.8744, 50.7095, 89.6955
1741335198.353, 5.332, 2.646, 1.3763, -0.8765, -1.5885, 1.7697, 50.7730, 89.8046
1741335198.432, 5.332, 2.630, 1.3645, -0.8768, -1.5786, 1.7692, 50.6167, 89.8428
1741335198.512, 5.336, 2.612, 1.3526, -0.8775, -1.5689, 1.7312, 50.3892, 89.9084
1741335198.592, 5.350, 2.596, 1.3397, -0.8773, -1.5578, 1.4801, 50.4467, 90.0954
1741335198.671, 5.364, 2.596, 1.3271, -0.8775, -1.5472, 1.5506, 50.2375, 89.9455
1741335198.751, 5.364, 2.576, 1.3150, -0.8780, -1.5370, 1.5275, 50.2330, 89.9558
1741335198.831, 5.372, 2.554, 1.3028, -0.8782, -1.5270, 1.5412, 50.2705, 90.0148
1741335198.910, 5.375, 2.532, 1.2910, -0.8782, -1.5172, 1.6011, 50.1433, 90.0718
1741335198.990, 5.380, 2.517, 1.2794, -0.8787, -1.5076, 1.5812, 50.0582, 90.0581
1741335199.070, 5.383, 2.517, 1.2677, -0.8786, -1.4972, 1.5023, 50.0096, 90.0996
1741335199.149, 5.383, 2.500, 1.2556, -0.8792, -1.4877, 1.4519, 49.9870, 90.0435
1741335199.229, 5.385, 2.475, 1.2435, -0.8796, -1.4779, 1.6638, 49.7959, 89.8292
1741335199.308, 5.389, 2.459, 1.2312, -0.8794, -1.4680, 1.7297, 49.7036, 89.6807
1741335199.388, 5.393, 2.446, 1.2191, -0.8798, -1.4575, 1.8628, 49.6632, 89.4730
1741335199.468, 5.395, 2.446, 1.2075, -0.8801, -1.4478, 1.7855, 49.6051, 89.5618
1741335199.547, 5.395, 2.425, 1.1962, -0.8801, -1.4375, 1.6815, 49.3509, 89.5502
1741335199.627, 5.400, 2.402, 1.1842, -0.8801, -1.4270, 1.6084, 49.3204, 89.5313
1741335199.707, 5.406, 2.389, 1.1726, -0.8810, -1.4168, 1.5666, 49.1970, 89.3750
1741335199.786, 5.408, 2.370, 1.1608, -0.8808, -1.4065, 1.5543, 49.0355, 89.2865
1741335199.866, 5.419, 2.370, 1.1493, -0.8805, -1.3963, 1.5069, 49.0623, 89.2678
1741335199.946, 5.419, 2.348, 1.1378, -0.8809, -1.3862, 1.5563, 49.0068, 89.2780
1741335200.025, 5.423, 2.331, 1.1261, -0.8810, -1.3761, 1.5619, 48.9216, 89.2974
1741335200.105, 5.427, 2.313, 1.1143, -0.8807, -1.3657, 1.5920, 48.8315, 89.2506
1741335200.185, 5.431, 2.295, 1.1019, -0.8817, -1.3556, 1.7295, 48.8398, 89.0734
1741335200.264, 5.433, 2.295, 1.0892, -0.8811, -1.3445, 1.6369, 48.8858, 89.1747
1741335200.344, 5.433, 2.275, 1.0766, -0.8813, -1.3333, 1.7574, 48.8468, 89.0921
1741335200.423, 5.438, 2.255, 1.0639, -0.8818, -1.3228, 1.9321, 48.8529, 89.0566
1741335200.503, 5.440, 2.236, 1.0521, -0.8820, -1.3125, 1.8913, 48.8724, 89.2517
1741335200.583, 5.441, 2.214, 1.0397, -0.8823, -1.3016, 1.9823, 48.6568, 89.2187
1741335202.594, 5.433, 2.308, 1.1590, -0.8807, -1.4063, 1.8449, 48.6008, 88.9488
1741335202.673, 5.428, 2.329, 1.1722, -0.8806, -1.4185, 1.7746, 48.6730, 89.1498
1741335202.753, 5.428, 2.329, 1.1803, -0.8808, -1.4259, 1.8622, 48.7949, 89.0047
1741335202.833, 5.426, 2.357, 1.1804, -0.8805, -1.4261, 1.8151, 48.7699, 89.1672
1741335202.912, 5.419, 2.367, 1.1786, -0.8807, -1.4243, 1.6809, 48.9152, 89.2975
1741335202.992, 5.421, 2.368, 1.1763, -0.8807, -1.4233, 1.6328, 49.4701, 89.3404
1741335203.072, 5.415, 2.364, 1.1753, -0.8806, -1.4225, 1.6426, 49.7364, 89.3300
1741335203.151, 5.415, 2.364, 1.1754, -0.8807, -1.4225, 1.6321, 49.7141, 89.3130
1741335203.231, 5.406, 2.359, 1.1755, -0.8807, -1.4227, 1.6575, 49.7091, 89.2697
1741335203.310, 5.404, 2.360, 1.1745, -0.8807, -1.4219, 1.6434, 49.9873, 89.3104
1741335203.390, 5.403, 2.362, 1.1698, -0.8806, -1.4201, 1.6536, 51.4028, 89.1400
1741335203.470, 5.398, 2.362, 1.1612, -0.8808, -1.4167, 1.4303, 53.9890, 89.3206
1741335203.550, 5.398, 2.356, 1.1500, -0.8807, -1.4130, 1.4660, 56.8347, 89.2185
1741335203.629, 5.372, 2.338, 1.1388, -0.8809, -1.4096, 1.5374, 59.7048, 89.1991
1741335203.709, 5.327, 2.319, 1.1286, -0.8816, -1.4055, 1.4233, 60.9374, 89.3944
1741335203.788, 5.322, 2.309, 1.1201, -0.8810, -1.4004, 1.3354, 60.7516, 89.4549
1741335203.868, 5.325, 2.309, 1.1129, -0.8809, -1.3960, 1.2903, 60.6139, 89.5021
1741335203.948, 5.325, 2.300, 1.1066, -0.8812, -1.3925, 1.2843, 60.4937, 89.5065
1741335204.027, 5.323, 2.285, 1.1005, -0.8814, -1.3888, 1.2560, 60.4114, 89.4952
1741335204.107, 5.323, 2.278, 1.0933, -0.8814, -1.3846, 1.1906, 60.4015, 89.5699
1741335204.186, 5.324, 2.267, 1.0864, -0.8818, -1.3800, 1.3591, 59.7136, 89.4509
1741335204.266, 5.319, 2.267, 1.0794, -0.8816, -1.3746, 1.3731, 58.5488, 89.4094
1741335204.346, 5.319, 2.260, 1.0716, -0.8813, -1.3697, 1.4876, 58.4607, 89.2563
1741335204.426, 5.318, 2.245, 1.0641, -0.8817, -1.3652, 1.5523, 58.3810, 89.2612
1741335204.505, 5.315, 2.231, 1.0569, -0.8820, -1.3609, 1.7192, 58.2975, 89.1432
1741335204.585, 5.313, 2.220, 1.0498, -0.8818, -1.3567, 1.7935, 58.3082, 89.1383
1741335204.664, 5.313, 2.220, 1.0428, -0.8820, -1.3524, 1.8401, 58.3030, 89.1207
1741335204.744, 5.313, 2.209, 1.0357, -0.8821, -1.3482, 1.9002, 58.1832, 89.0976
1741335204.824, 5.313, 2.201, 1.0284, -0.8822, -1.3433, 1.7292, 58.1114, 89.3731
1741335204.903, 5.312, 2.189, 1.0208, -0.8824, -1.3384, 1.6216, 58.0632, 89.5064
1741335204.983, 5.312, 2.178, 1.0134, -0.8822, -1.3335, 1.5571, 57.9352, 89.6087
1741335205.063, 5.315, 2.178, 1.0061, -0.8825, -1.3286, 1.4859, 57.6956, 89.6920
1741335205.142, 5.315, 2.165, 0.9997, -0.8826, -1.3244, 1.4512, 57.6613, 89.7680
1741335205.222, 5.311, 2.155, 0.9940, -0.8828, -1.3207, 1.4391, 57.5870, 89.8052
1741335205.302, 5.313, 2.147, 0.9885, -0.8828, -1.3171, 1.4620, 57.5163, 89.8121
1741335205.381, 5.314, 2.136, 0.9829, -0.8828, -1.3135, 1.4631, 57.4555, 89.8312
1741335205.461, 5.312, 2.136, 0.9772, -0.8831, -1.3098, 1.5858, 57.3570, 89.7577
1741335205.541, 5.312, 2.128, 0.9708, -0.8830, -1.3057, 1.5119, 57.3290, 89.8649
1741335205.620, 5.311, 2.119, 0.9646, -0.8834, -1.3020, 1.8528, 57.1435, 89.5344
1741335205.700, 5.314, 2.110, 0.9577, -0.8835, -1.2976, 1.8449, 57.0310, 89.6541
1741335205.780, 5.314, 2.102, 0.9511, -0.8836, -1.2931, 1.7648, 56.9208, 89.7851
1741335205.859, 5.313, 2.102, 0.9447, -0.8837, -1.2888, 1.7822, 56.7734, 89.8328
1741335205.939, 5.313, 2.090, 0.9380, -0.8837, -1.2841, 1.7184, 56.6660, 89.9703
1741335206.019, 5.314, 2.079, 0.9313, -0.8839, -1.2797, 1.7026, 56.5621, 89.9985
1741335206.098, 5.315, 2.070, 0.9251, -0.8839, -1.2754, 1.7622, 56.4541, 89.9367
1741335206.178, 5.316, 2.059, 0.9185, -0.8840, -1.2712, 1.7566, 56.4015, 89.8949
1741335206.257, 5.321, 2.059, 0.9126, -0.8843, -1.2669, 1.6707, 56.4090, 89.9106
1741335206.337, 5.321, 2.049, 0.9061, -0.8844, -1.2629, 1.7615, 56.3793, 89.8555
1741335206.417, 5.322, 2.040, 0.9001, -0.8848, -1.2590, 1.7995, 56.2630, 89.7815
1741335206.496, 5.329, 2.031, 0.8942, -0.8851, -1.2549, 1.8409, 56.1497, 89.7248
1741335206.576, 5.336, 2.022, 0.8880, -0.8849, -1.2509, 1.9281, 56.0997, 89.6010
1741335206.656, 5.333, 2.022, 0.8820, -0.8853, -1.2470, 1.9981, 56.0206, 89.5232
1741335206.735, 5.333, 2.013, 0.8759, -0.8852, -1.2430, 2.1062, 56.0148, 89.4375
1741335206.815, 5.341, 2.005, 0.8699, -0.8856, -1.2390, 2.1189, 56.0125, 89.3747
1741335206.894, 5.343, 1.996, 0.8639, -0.8858, -1.2351, 2.1945, 55.9898, 89.3004
1741335206.974, 5.343, 1.987, 0.8573, -0.8857, -1.2305, 2.1532, 55.9157, 89.3696
1741335207.054, 5.344, 1.987, 0.8511, -0.8858, -1.2260, 1.9737, 55.9082, 89.5292
1741335207.133, 5.344, 1.977, 0.8450, -0.8857, -1.2218, 1.8682, 55.8156, 89.6091
1741335207.213, 5.346, 1.968, 0.8385, -0.8860, -1.2173, 1.8137, 55.7190, 89.6499
1741335207.412, 5.345, 1.950, 0.8216, -0.8868, -1.2051, 1.6467, 55.5848, 89.7035
1741335207.611, 5.347, 1.926, 0.8047, -0.8871, -1.1934, 1.7149, 55.4209, 89.5994
1741335207.810, 5.350, 1.906, 0.7894, -0.8876, -1.1831, 1.7309, 55.3218, 89.5095
1741335208.009, 5.351, 1.888, 0.7741, -0.8875, -1.1730, 1.7106, 55.1708, 89.5865
1741335208.208, 5.349, 1.869, 0.7591, -0.8881, -1.1622, 1.6268, 54.9890, 89.7223
1741335208.288, 5.349, 1.860, 0.7529, -0.8882, -1.1579, 1.7161, 54.8661, 89.6644
1741335208.368, 5.351, 1.853, 0.7469, -0.8887, -1.1538, 1.7034, 54.7932, 89.6819
1741335208.448, 5.351, 1.853, 0.7407, -0.8886, -1.1491, 1.5567, 54.8247, 89.7456
1741335208.527, 5.352, 1.842, 0.7345, -0.8888, -1.1450, 1.7016, 54.7732, 89.6321
1741335208.607, 5.352, 1.832, 0.7288, -0.8889, -1.1410, 1.7416, 54.6661, 89.6094
1741335208.686, 5.353, 1.824, 0.7230, -0.8891, -1.1369, 1.7432, 54.5743, 89.6002
1741335208.766, 5.352, 1.824, 0.7172, -0.8893, -1.1326, 1.7773, 54.4885, 89.5434
1741335208.846, 5.352, 1.815, 0.7114, -0.8893, -1.1292, 1.8198, 54.4403, 89.4722
1741335208.925, 5.353, 1.805, 0.7059, -0.8895, -1.1251, 1.9704, 54.3754, 89.3866
1741335209.005, 5.354, 1.796, 0.6999, -0.8895, -1.1208, 2.0463, 54.3567, 89.3287
1741335209.085, 5.355, 1.788, 0.6942, -0.8895, -1.1168, 2.1837, 54.2907, 89.1830
1741335209.164, 5.354, 1.788, 0.6883, -0.8899, -1.1124, 2.2100, 54.2619, 89.1427
1741335209.244, 5.354, 1.780, 0.6820, -0.8897, -1.1082, 2.1858, 54.1916, 89.1603
1741335209.323, 5.356, 1.771, 0.6762, -0.8899, -1.1035, 2.1920, 54.1508, 89.1912
1741335209.403, 5.355, 1.762, 0.6702, -0.8902, -1.0993, 2.0782, 54.0437, 89.2836
1741335209.483, 5.358, 1.751, 0.6640, -0.8905, -1.0947, 1.9185, 53.9734, 89.4208
1741335209.562, 5.360, 1.751, 0.6579, -0.8907, -1.0898, 1.8242, 53.8241, 89.4912
1741335209.642, 5.360, 1.744, 0.6519, -0.8908, -1.0852, 1.8022, 53.6852, 89.4697
1741335209.722, 5.362, 1.734, 0.6461, -0.8910, -1.0810, 1.8075, 53.5672, 89.4138
1741335209.801, 5.363, 1.725, 0.6404, -0.8912, -1.0771, 1.7682, 53.4670, 89.4191
1741335209.881, 5.365, 1.716, 0.6354, -0.8913, -1.0729, 1.7385, 53.4189, 89.4277
1741335209.961, 5.367, 1.716, 0.6303, -0.8914, -1.0692, 1.8766, 53.4790, 89.3673
1741335210.040, 5.367, 1.707, 0.6251, -0.8915, -1.0657, 1.8424, 53.3946, 89.3462
1741335210.120, 5.365, 1.699, 0.6193, -0.8920, -1.0612, 1.8946, 53.3620, 89.2933
1741335210.200, 5.366, 1.691, 0.6128, -0.8922, -1.0567, 2.0618, 53.3242, 89.1794
1741335210.279, 5.369, 1.684, 0.6068, -0.8921, -1.0520, 1.9962, 53.2327, 89.2535
1741335210.359, 5.367, 1.684, 0.6008, -0.8923, -1.0475, 2.0011, 53.1740, 89.3094
1741335210.439, 5.367, 1.673, 0.5948, -0.8925, -1.0432, 2.1135, 53.1179, 89.2847
1741335210.518, 5.369, 1.664, 0.5890, -0.8925, -1.0385, 2.0481, 53.0361, 89.3472
1741335210.598, 5.370, 1.656, 0.5833, -0.8927, -1.0343, 2.1088, 52.9807, 89.3487
1741335210.677, 5.372, 1.647, 0.5774, -0.8929, -1.0299, 2.1577, 52.9168, 89.3029
1741335210.877, 5.372, 1.628, 0.5625, -0.8935, -1.0188, 2.1335, 52.8101, 89.2665
1741335210.956, 5.373, 1.628, 0.5566, -0.8936, -1.0146, 2.1426, 52.7413, 89.2529
1741335211.036, 5.373, 1.618, 0.5511, -0.8938, -1.0103, 2.2124, 52.6749, 89.2082
1741335211.115, 5.378, 1.610, 0.5456, -0.8940, -1.0063, 2.2800, 52.5805, 89.1748
1741335211.195, 5.378, 1.600, 0.5398, -0.8940, -1.0018, 2.4021, 52.4895, 89.1066
1741335211.275, 5.383, 1.592, 0.5343, -0.8942, -0.9977, 2.5423, 52.4283, 89.0371
1741335211.354, 5.381, 1.592, 0.5286, -0.8944, -0.9936, 2.5750, 52.3620, 89.0157
1741335211.434, 5.381, 1.582, 0.5228, -0.8946, -0.9895, 2.5895, 52.3216, 88.9689
1741335211.514, 5.382, 1.575, 0.5169, -0.8947, -0.9847, 2.5752, 52.2699, 88.9866
1741335211.593, 5.383, 1.562, 0.5111, -0.8948, -0.9803, 2.4093, 52.1904, 89.1834
1741335211.673, 5.386, 1.556, 0.5056, -0.8950, -0.9754, 2.3990, 52.2075, 89.2154
1741335211.753, 5.388, 1.556, 0.4997, -0.8951, -0.9704, 2.3886, 52.1004, 89.2661
1741335211.832, 5.388, 1.547, 0.4932, -0.8951, -0.9654, 2.3884, 52.0181, 89.2341
1741335211.912, 5.388, 1.536, 0.4872, -0.8956, -0.9607, 2.2452, 51.9360, 89.2541
1741335211.992, 5.390, 1.527, 0.4816, -0.8956, -0.9558, 2.1720, 51.7900, 89.2533
1741335212.071, 5.394, 1.518, 0.4764, -0.8961, -0.9519, 2.0550, 51.7171, 89.3027
1741335212.151, 5.395, 1.518, 0.4708, -0.8962, -0.9480, 2.0672, 51.6562, 89.2661
1741335212.231, 5.395, 1.507, 0.4657, -0.8959, -0.9436, 2.0725, 51.6310, 89.2682
1741335212.310, 5.397, 1.499, 0.4611, -0.8961, -0.9398, 2.1799, 51.5292, 89.1426
1741335212.390, 5.397, 1.491, 0.4553, -0.8964, -0.9355, 2.2339, 51.4799, 89.0462
1741335212.470, 5.402, 1.483, 0.4495, -0.8966, -0.9312, 2.2519, 51.4790, 89.0505
1741335212.549, 5.402, 1.483, 0.4436, -0.8970, -0.9264, 2.3567, 51.4237, 89.0012
1741335212.629, 5.402, 1.476, 0.4377, -0.8969, -0.9218, 2.4101, 51.3304, 89.0048
1741335212.709, 5.403, 1.463, 0.4319, -0.8971, -0.9171, 2.3000, 51.3212, 89.1138
1741335212.788, 5.405, 1.455, 0.4262, -0.8973, -0.9123, 2.3187, 51.2941, 89.1182
1741335212.868, 5.406, 1.445, 0.4204, -0.8973, -0.9074, 2.3671, 51.1883, 89.0788
1741335212.947, 5.406, 1.445, 0.4147, -0.8974, -0.9026, 2.4287, 51.1253, 89.0351
1741335213.027, 5.406, 1.438, 0.4089, -0.8976, -0.8980, 2.4033, 51.1080, 89.0822
1741335213.107, 5.411, 1.428, 0.4034, -0.8981, -0.8940, 2.3718, 51.0797, 89.0770
1741335213.186, 5.412, 1.420, 0.3980, -0.8978, -0.8894, 2.4410, 51.0198, 88.9839
1741335213.266, 5.412, 1.412, 0.3930, -0.8980, -0.8851, 2.4860, 50.9392, 88.9538
1741335213.346, 5.413, 1.412, 0.3876, -0.8984, -0.8810, 2.4645, 50.8110, 88.9798
1741335213.425, 5.413, 1.403, 0.3820, -0.8982, -0.8766, 2.4390, 50.7075, 88.9775
1741335213.505, 5.416, 1.395, 0.3762, -0.8983, -0.8718, 2.6202, 50.6291, 88.8623
1741335213.585, 5.420, 1.386, 0.3707, -0.8985, -0.8673, 2.7517, 50.6370, 88.7386
1741335213.664, 5.421, 1.377, 0.3649, -0.8989, -0.8628, 2.7783, 50.5576, 88.7018
1741335213.744, 5.421, 1.377, 0.3593, -0.8986, -0.8579, 2.9108, 50.4522, 88.6318
1741335213.824, 5.426, 1.369, 0.3538, -0.8987, -0.8534, 2.8947, 50.4313, 88.6349
1741335213.903, 5.427, 1.359, 0.3485, -0.8989, -0.8492, 2.9822, 50.3752, 88.5795
1741335213.983, 5.429, 1.350, 0.3431, -0.8991, -0.8442, 2.8742, 50.3196, 88.6686
1741335214.062, 5.428, 1.343, 0.3374, -0.8993, -0.8396, 2.7454, 50.1906, 88.7652
1741335214.142, 5.428, 1.343, 0.3316, -0.8996, -0.8340, 2.5863, 50.1236, 88.8717
1741335214.222, 5.430, 1.334, 0.3257, -0.8999, -0.8290, 2.4268, 50.0853, 88.9766
1741335214.301, 5.436, 1.325, 0.3202, -0.8997, -0.8244, 2.3697, 49.9693, 88.9743
1741335214.381, 5.442, 1.314, 0.3152, -0.8998, -0.8199, 2.2747, 49.8582, 89.0353
1741335214.461, 5.443, 1.314, 0.3102, -0.9001, -0.8154, 2.3569, 49.7928, 88.9975
1741335214.540, 5.443, 1.307, 0.3048, -0.9002, -0.8110, 2.4946, 49.8304, 88.9091
1741335214.620, 5.445, 1.298, 0.3000, -0.9006, -0.8072, 2.3701, 49.7767, 88.9286
1741335214.700, 5.446, 1.290, 0.2950, -0.9008, -0.8025, 2.4538, 49.6945, 88.8530
1741335214.779, 5.448, 1.281, 0.2892, -0.9006, -0.7981, 2.5203, 49.6370, 88.7838
1741335214.859, 5.449, 1.281, 0.2834, -0.9008, -0.7932, 2.7831, 49.4919, 88.6423
1741335214.938, 5.449, 1.271, 0.2768, -0.9009, -0.7879, 2.6793, 50.0200, 88.7775
1741335215.018, 5.448, 1.263, 0.2706, -0.9006, -0.7843, 2.6817, 50.9174, 88.8760
1741335215.098, 5.449, 1.253, 0.2641, -0.9013, -0.7808, 2.7582, 51.7965, 88.8305
1741335215.297, 5.424, 1.231, 0.2485, -0.9018, -0.7699, 2.9370, 53.0564, 88.7267
1741335215.377, 5.411, 1.219, 0.2422, -0.9020, -0.7652, 2.9726, 53.0769, 88.6848
1741335215.456, 5.411, 1.219, 0.2355, -0.9021, -0.7610, 3.1132, 53.0552, 88.5751
1741335215.536, 5.411, 1.209, 0.2291, -0.9023, -0.7563, 3.1927, 53.0165, 88.5067
1741335215.615, 5.412, 1.197, 0.2227, -0.9026, -0.7517, 3.2312, 52.9325, 88.4842
1741335215.695, 5.412, 1.189, 0.2161, -0.9027, -0.7471, 3.3322, 53.1666, 88.4396
1741335215.775, 5.416, 1.178, 0.2092, -0.9031, -0.7442, 3.3417, 54.3401, 88.3664
1741335215.854, 5.411, 1.178, 0.2023, -0.9033, -0.7410, 3.3212, 55.7150, 88.3820
1741335215.934, 5.411, 1.168, 0.1959, -0.9030, -0.7366, 3.5368, 55.9259, 88.2110
1741335216.014, 5.399, 1.157, 0.1891, -0.9036, -0.7324, 3.6362, 55.8730, 88.0815
1741335216.093, 5.396, 1.147, 0.1828, -0.9037, -0.7284, 3.7024, 55.7541, 88.0069
1741335216.173, 5.397, 1.138, 0.1762, -0.9034, -0.7231, 3.4436, 55.7516, 88.2058
1741335216.253, 5.395, 1.138, 0.1694, -0.9038, -0.7181, 3.1767, 55.5283, 88.3802
1741335216.332, 5.395, 1.127, 0.1621, -0.9040, -0.7128, 3.1431, 55.4787, 88.4038
1741335216.412, 5.401, 1.117, 0.1555, -0.9043, -0.7083, 3.1892, 55.3558, 88.3533
1741335216.492, 5.402, 1.106, 0.1494, -0.9046, -0.7045, 3.0946, 55.5381, 88.3603
1741335216.571, 5.403, 1.097, 0.1430, -0.9049, -0.7004, 3.1340, 55.6218, 88.2735
1741335216.651, 5.403, 1.097, 0.1371, -0.9051, -0.6956, 3.2967, 55.5704, 88.2182
1741335216.730, 5.403, 1.087, 0.1306, -0.9050, -0.6921, 3.3371, 55.5889, 88.1604
1741335216.810, 5.404, 1.079, 0.1244, -0.9052, -0.6879, 3.4156, 55.6037, 88.0988
1741335216.890, 5.403, 1.068, 0.1185, -0.9051, -0.6838, 3.3215, 55.6362, 88.1977
1741335216.969, 5.403, 1.060, 0.1124, -0.9054, -0.6801, 3.7247, 55.3808, 87.7844
1741335217.049, 5.400, 1.060, 0.1055, -0.9055, -0.6760, 3.5535, 56.2571, 88.0190
1741335217.129, 5.400, 1.051, 0.0975, -0.9060, -0.6731, 3.6432, 57.6367, 87.9527
1741335217.208, 5.401, 1.043, 0.0895, -0.9064, -0.6686, 3.5196, 57.9559, 88.1405
1741335217.288, 5.394, 1.029, 0.0823, -0.9062, -0.6638, 3.4476, 57.8778, 88.2469
1741335217.368, 5.395, 1.021, 0.0754, -0.9059, -0.6589, 3.3910, 57.8526, 88.3135
1741335217.447, 5.394, 1.021, 0.0688, -0.9060, -0.6545, 3.4919, 57.8469, 88.2324
1741335217.527, 5.394, 1.011, 0.0621, -0.9064, -0.6507, 3.4597, 57.7758, 88.2705
1741335217.607, 5.396, 0.999, 0.0557, -0.9070, -0.6466, 3.4308, 57.6881, 88.2453
1741335217.686, 5.396, 0.990, 0.0492, -0.9071, -0.6429, 3.4408, 57.5874, 88.2144
1741335219.578, 5.395, 0.760, -0.1477, -0.9104, -0.5163, 4.5382, 57.1260, 86.0064
1741335219.657, 5.395, 0.751, -0.1604, -0.9112, -0.5095, 5.0760, 57.0089, 85.6641
1741335219.737, 5.395, 0.751, -0.1705, -0.9111, -0.5002, 3.7658, 56.9054, 86.0196
1741335219.817, 5.391, 0.735, -0.1818, -0.9110, -0.4914, 3.5548, 56.6829, 86.0896
1741335219.896, 5.392, 0.721, -0.1931, -0.9109, -0.4837, 3.6479, 56.9698, 86.0746
1741335219.976, 5.399, 0.700, -0.2035, -0.9117, -0.4759, 3.2919, 56.8716, 86.6543
1741335220.056, 5.397, 0.685, -0.2164, -0.9132, -0.4665, 2.5328, 56.9015, 88.5407
1741335220.136, 5.397, 0.685, -0.2270, -0.9140, -0.4607, 3.0317, 57.0728, 88.3312
1741335220.215, 5.399, 0.666, -0.2341, -0.9137, -0.4562, 3.1216, 57.1180, 88.2777
1741335220.295, 5.398, 0.651, -0.2397, -0.9137, -0.4524, 3.1020, 57.1316, 88.2736
1741335220.374, 5.397, 0.643, -0.2464, -0.9130, -0.4503, 4.1501, 56.4650, 87.6505
1741335220.454, 5.398, 0.631, -0.2515, -0.9125, -0.4486, 4.8375, 56.2248, 87.3158
1741335220.534, 5.398, 0.631, -0.2580, -0.9122, -0.4468, 5.8577, 56.1592, 86.4370
1741335220.613, 5.394, 0.628, -0.2634, -0.9116, -0.4456, 6.6875, 57.5330, 85.0955
1741335220.693, 5.390, 0.621, -0.2665, -0.9104, -0.4434, 6.3972, 57.3539, 84.0458
1741335220.772, 5.388, 0.613, -0.2744, -0.9107, -0.4385, 6.5793, 56.9721, 83.3020
1741335220.852, 5.390, 0.605, -0.2861, -0.9106, -0.4296, 6.2833, 55.9758, 83.8554
1741335220.932, 5.390, 0.605, -0.3003, -0.9119, -0.4217, 7.1933, 55.4841, 83.7197
1741335221.011, 5.389, 0.587, -0.3171, -0.9127, -0.4072, 5.5764, 54.6793, 87.1718
1741335221.091, 5.391, 0.574, -0.3269, -0.9147, -0.3937, 3.5501, 54.6576, 89.1347
1741335221.171, 5.256, 0.546, -0.3340, -0.9171, -0.3878, 3.2927, 54.8630, 87.8535
1741335221.250, 5.262, 0.527, -0.3430, -0.9166, -0.3810, 3.2570, 54.4941, 88.1360
1741335221.330, 5.262, 0.527, -0.3477, -0.9167, -0.3771, 3.2362, 54.5316, 88.1023
1741335221.410, 5.257, 0.514, -0.3521, -0.9162, -0.3738, 3.2411, 54.4697, 88.1267
1741335221.489, 3.913, 0.510, -0.3569, -0.9159, -0.3700, 3.2875, 54.3734, 88.0656
1741335221.569, 3.914, 0.504, -0.3612, -0.9163, -0.3668, 3.3171, 54.2781, 88.0522
1741335221.649, 3.911, 0.498, -0.3617, -0.9164, -0.3664, 3.3308, 54.2895, 88.0186
1741335221.728, 3.911, 0.498, -0.3613, -0.9165, -0.3668, 3.3192, 54.2544, 88.0348
1741335221.808, 3.912, 0.485, -0.3613, -0.9164, -0.3667, 3.3533, 54.2568, 88.0035
1741335221.887, 3.912, 0.489, -0.3615, -0.9165, -0.3668, 3.3324, 54.2725, 88.0101
1741335221.967, 3.911, 0.493, -0.3602, -0.9163, -0.3676, 3.3220, 54.3421, 87.9922
1741335222.047, 3.912, 0.488, -0.3530, -0.9163, -0.3731, 3.4021, 54.3831, 87.9823
1741335222.126, 3.912, 0.488, -0.3387, -0.9165, -0.3840, 3.5795, 54.5625, 87.7885
1741335222.206, 3.912, 0.496, -0.3251, -0.9149, -0.3976, 5.5656, 55.7667, 86.9493
1741335222.286, 3.913, 0.510, -0.3130, -0.9146, -0.4122, 7.4586, 55.5933, 85.3301
1741335222.365, 5.401, 0.533, -0.2969, -0.9131, -0.4217, 6.5529, 53.1472, 84.7295
1741335222.445, 5.394, 0.533, -0.2847, -0.9115, -0.4269, 5.2700, 52.5055, 85.4844
1741335222.525, 5.394, 0.533, -0.2723, -0.9108, -0.4384, 6.2196, 52.9749, 83.8747
1741335222.604, 3.915, 0.577, -0.2550, -0.9133, -0.4477, 4.0833, 53.0987, 86.4553
1741335222.684, 3.907, 0.592, -0.2350, -0.9190, -0.4573, 1.4987, 54.1322, 90.0774
1741335222.764, 4.281, 0.617, -0.2236, -0.9201, -0.4705, 2.8901, 54.2630, 88.6791
1741335222.843, 5.400, 0.645, -0.2079, -0.9142, -0.4793, 3.2661, 54.4305, 86.9751
1741335222.923, 5.400, 0.645, -0.1972, -0.9125, -0.4866, 3.3732, 53.7572, 86.2263
1741335223.002, 5.403, 0.665, -0.1869, -0.9123, -0.4950, 3.8096, 53.7359, 86.1208
1741335223.082, 5.403, 0.682, -0.1737, -0.9120, -0.5051, 3.9100, 53.6030, 86.3978
1741335223.162, 5.404, 0.698, -0.1599, -0.9118, -0.5174, 4.7138, 53.2653, 86.3074
1741335223.241, 5.402, 0.722, -0.1439, -0.9126, -0.5274, 3.7148, 52.8662, 87.7311
1741335223.321, 5.402, 0.722, -0.1271, -0.9128, -0.5373, 2.6142, 53.0354, 88.8358
1741335223.401, 5.389, 0.748, -0.1127, -0.9122, -0.5488, 2.6386, 53.0567, 88.8272
1741335223.480, 5.404, 0.771, -0.1000, -0.9122, -0.5593, 2.8191, 53.2833, 88.7254
1741335223.560, 5.407, 0.791, -0.0881, -0.9122, -0.5691, 2.9324, 53.5854, 88.6793
1741335223.640, 5.402, 0.814, -0.0753, -0.9117, -0.5786, 2.8286, 54.0049, 88.7849
1741335223.719, 5.402, 0.814, -0.0614, -0.9114, -0.5889, 2.8225, 54.1521, 88.6389
1741335223.799, 5.394, 0.826, -0.0474, -0.9108, -0.5993, 2.9477, 54.2963, 88.5486
1741335223.878, 5.392, 0.849, -0.0329, -0.9105, -0.6100, 2.8988, 54.3587, 88.6564
1741335223.958, 5.391, 0.871, -0.0182, -0.9101, -0.6211, 3.1797, 54.4754, 88.5057
1741335224.038, 5.388, 0.894, -0.0037, -0.9101, -0.6317, 3.1619, 54.6401, 88.5886
1741335224.117, 5.388, 0.894, 0.0108, -0.9098, -0.6424, 3.1030, 54.7689, 88.6353
1741335224.197, 5.386, 0.918, 0.0254, -0.9097, -0.6525, 3.0170, 54.8878, 88.7544
1741335224.277, 5.382, 0.937, 0.0401, -0.9093, -0.6625, 2.9082, 54.8861, 88.7761
1741335224.356, 5.383, 0.959, 0.0545, -0.9093, -0.6725, 2.9500, 54.8729, 88.7457
1741335224.436, 5.381, 0.981, 0.0684, -0.9090, -0.6832, 3.1629, 54.9176, 88.5969
1741335224.516, 5.381, 0.981, 0.0828, -0.9086, -0.6933, 3.1160, 55.0371, 88.6111
1741335224.595, 5.380, 1.004, 0.0978, -0.9087, -0.7039, 3.2389, 55.2084, 88.4220
1741335224.675, 5.380, 1.024, 0.1127, -0.9083, -0.7148, 3.3008, 55.4668, 88.2161
1741335224.755, 5.374, 1.048, 0.1267, -0.9079, -0.7250, 3.6061, 56.3771, 88.0418
1741335224.834, 5.374, 1.071, 0.1403, -0.9077, -0.7364, 3.6419, 57.8254, 88.0695
1741335224.914, 5.373, 1.071, 0.1537, -0.9071, -0.7465, 3.8171, 59.1883, 88.0281
1741335224.993, 5.369, 1.093, 0.1690, -0.9064, -0.7557, 3.9317, 59.3294, 88.0225
1741335225.073, 5.368, 1.113, 0.1848, -0.9069, -0.7651, 3.8576, 59.3614, 88.0923
1741335225.153, 5.368, 1.136, 0.2007, -0.9070, -0.7741, 3.6344, 59.2770, 88.3588
1741335225.233, 5.368, 1.157, 0.2162, -0.9060, -0.7829, 3.6640, 59.1827, 88.3050
1741335225.312, 5.369, 1.157, 0.2314, -0.9059, -0.7916, 3.7356, 59.0934, 88.2410
1741335225.392, 5.369, 1.180, 0.2456, -0.9052, -0.8008, 3.9459, 58.9767, 88.1956
1741335225.471, 5.371, 1.203, 0.2599, -0.9041, -0.8094, 4.1525, 59.0018, 88.0389
1741335225.551, 5.371, 1.225, 0.2755, -0.9041, -0.8178, 3.9067, 59.1051, 88.2321
1741335225.631, 5.371, 1.247, 0.2916, -0.9042, -0.8276, 3.6931, 59.1223, 88.3450
1741335225.710, 5.372, 1.247, 0.3070, -0.9042, -0.8366, 3.6479, 59.0724, 88.3798
1741335225.790, 5.372, 1.270, 0.3221, -0.9035, -0.8458, 3.6776, 58.5814, 88.4503
1741335225.870, 5.373, 1.291, 0.3373, -0.9027, -0.8532, 3.6669, 56.5117, 88.4684
1741335225.949, 5.373, 1.313, 0.3529, -0.9027, -0.8602, 3.4638, 53.8503, 88.6491
1741335226.148, 5.402, 1.359, 0.3897, -0.9012, -0.8852, 2.8738, 52.5007, 89.0871
1741335226.228, 5.402, 1.359, 0.4042, -0.9003, -0.8963, 2.7359, 52.5766, 89.1225
1741335226.308, 5.402, 1.381, 0.4177, -0.9000, -0.9073, 2.6874, 52.6469, 89.2177
1741335226.387, 5.401, 1.401, 0.4311, -0.9002, -0.9175, 2.7383, 52.7227, 89.2528
1741335226.467, 5.400, 1.423, 0.4453, -0.8995, -0.9283, 2.6944, 52.9317, 89.3141
1741335226.547, 5.392, 1.445, 0.4595, -0.8994, -0.9391, 2.4838, 53.0370, 89.3472
1741335226.626, 5.392, 1.445, 0.4737, -0.8986, -0.9500, 2.5471, 53.1152, 89.3176
1741335226.706, 5.391, 1.466, 0.4864, -0.8983, -0.9610, 2.4895, 53.8436, 89.4126
1741335226.785, 5.388, 1.491, 0.4991, -0.8980, -0.9733, 2.6609, 56.0461, 89.3116
1741335226.865, 5.382, 1.510, 0.5135, -0.8971, -0.9832, 2.4911, 56.3865, 89.4374
1741335226.945, 5.364, 1.530, 0.5288, -0.8967, -0.9926, 2.4382, 56.0793, 89.4314
1741335227.024, 5.364, 1.530, 0.5440, -0.8962, -1.0027, 2.5317, 55.9728, 89.3407
1741335227.104, 5.365, 1.555, 0.5594, -0.8960, -1.0125, 2.1703, 55.7549, 89.4957
1741335227.184, 5.365, 1.578, 0.5743, -0.8958, -1.0226, 2.0674, 55.5417, 89.4795
1741335227.263, 5.366, 1.601, 0.5888, -0.8960, -1.0330, 2.1962, 55.3688, 89.4306
1741335227.343, 5.367, 1.625, 0.6034, -0.8948, -1.0424, 2.0151, 55.3233, 89.6023
1741335227.423, 5.367, 1.625, 0.6180, -0.8938, -1.0522, 2.0989, 55.2074, 89.4340
1741335227.502, 5.367, 1.648, 0.6339, -0.8936, -1.0625, 2.0314, 55.1503, 89.3541
1741335227.582, 5.367, 1.669, 0.6482, -0.8933, -1.0726, 2.2084, 55.0109, 89.2516
1741335227.662, 5.365, 1.691, 0.6627, -0.8928, -1.0826, 2.1874, 54.7995, 89.3021
1741335227.741, 5.367, 1.711, 0.6764, -0.8927, -1.0928, 2.3689, 54.6466, 89.2387
1741335227.821, 5.367, 1.711, 0.6915, -0.8920, -1.1032, 2.2232, 54.5572, 89.3715
1741335227.900, 5.366, 1.734, 0.7058, -0.8920, -1.1129, 2.1301, 54.4816, 89.4291
1741335227.980, 5.368, 1.758, 0.7205, -0.8918, -1.1228, 2.1155, 54.2932, 89.4442
1741335228.060, 5.365, 1.782, 0.7353, -0.8908, -1.1332, 1.8798, 54.1591, 89.5656
1741335228.140, 5.367, 1.802, 0.7498, -0.8908, -1.1437, 1.9651, 53.9573, 89.4937
1741335228.219, 5.367, 1.802, 0.7642, -0.8905, -1.1538, 2.0562, 53.8512, 89.5604
1741335228.299, 5.369, 1.824, 0.7782, -0.8898, -1.1635, 1.9222, 53.7696, 89.6757
1741335228.379, 5.368, 1.846, 0.7931, -0.8894, -1.1740, 1.9091, 53.7295, 89.6360
1741335228.458, 5.368, 1.868, 0.8083, -0.8894, -1.1843, 1.7669, 53.6043, 89.6721
1741335228.538, 5.368, 1.895, 0.8225, -0.8886, -1.1951, 1.9840, 53.4369, 89.5090
1741335228.617, 5.368, 1.895, 0.8366, -0.8886, -1.2053, 2.0654, 53.2343, 89.6032
1741335228.697, 5.368, 1.915, 0.8505, -0.8879, -1.2157, 2.2054, 53.1132, 89.5613
1741335228.777, 5.370, 1.937, 0.8647, -0.8877, -1.2263, 2.3360, 53.0298, 89.4694
1741335228.856, 5.367, 1.959, 0.8790, -0.8871, -1.2369, 2.2641, 52.9466, 89.5049
1741335228.936, 5.367, 1.984, 0.8929, -0.8870, -1.2473, 1.9669, 53.5898, 89.8907
1741335229.016, 5.367, 1.984, 0.9066, -0.8861, -1.2580, 2.0976, 53.9813, 89.7960
1741335229.095, 5.363, 2.005, 0.9208, -0.8856, -1.2686, 2.1855, 53.9954, 89.7584
1741335229.175, 5.358, 2.024, 0.9348, -0.8854, -1.2791, 2.2230, 54.0105, 89.7771
1741335229.254, 5.356, 2.046, 0.9493, -0.8849, -1.2896, 2.3331, 54.2199, 89.6021
1741335229.334, 5.352, 2.069, 0.9645, -0.8843, -1.3001, 2.1057, 54.4757, 89.6945
1741335229.414, 5.352, 2.069, 0.9794, -0.8842, -1.3104, 2.0287, 54.5078, 89.4799
1741335229.493, 5.350, 2.090, 0.9948, -0.8837, -1.3216, 2.1323, 54.5156, 89.2226
1741335229.573, 5.351, 2.114, 1.0092, -0.8835, -1.3321, 2.2454, 54.5641, 89.0998
1741335229.653, 5.348, 2.139, 1.0235, -0.8841, -1.3428, 2.2524, 54.6063, 89.0077
1741335229.732, 5.347, 2.162, 1.0387, -0.8839, -1.3532, 2.2122, 54.7087, 88.9161
1741335229.812, 5.347, 2.162, 1.0541, -0.8826, -1.3637, 2.0266, 54.7621, 88.9660
1741335229.892, 5.334, 2.184, 1.0689, -0.8823, -1.3737, 1.6909, 54.7418, 89.1682
1741335229.971, 5.328, 2.208, 1.0840, -0.8825, -1.3843, 1.8516, 54.6310, 89.0028
1741335230.051, 5.322, 2.229, 1.0982, -0.8822, -1.3947, 1.9891, 54.5377, 88.9372
1741335230.131, 5.318, 2.254, 1.1124, -0.8819, -1.4046, 1.9641, 54.5614, 89.0114
1741335230.210, 5.318, 2.254, 1.1269, -0.8816, -1.4153, 1.9780, 54.7204, 89.1289
1741335230.290, 5.318, 2.277, 1.1418, -0.8816, -1.4257, 1.8456, 54.7889, 89.0897
1741335230.370, 5.317, 2.299, 1.1562, -0.8814, -1.4358, 1.8146, 54.9516, 89.1988
1741335230.449, 5.314, 2.319, 1.1700, -0.8811, -1.4455, 1.9214, 54.9369, 89.1825
1741335230.529, 5.314, 2.337, 1.1839, -0.8809, -1.4557, 2.0830, 54.9332, 89.1758
1741335230.608, 5.312, 2.337, 1.1976, -0.8806, -1.4656, 2.1611, 55.0372, 89.2635
1741335230.688, 5.311, 2.362, 1.2117, -0.8801, -1.4756, 2.0630, 55.4474, 89.4564
1741335230.768, 5.311, 2.378, 1.2262, -0.8800, -1.4863, 1.9065, 56.5843, 89.6534
1741335230.847, 5.308, 2.403, 1.2407, -0.8795, -1.4969, 1.6362, 57.6117, 89.9278
1741335230.927, 5.308, 2.427, 1.2551, -0.8794, -1.5073, 1.7920, 58.6081, 89.8238
1741335231.007, 5.299, 2.427, 1.2699, -0.8788, -1.5172, 1.9065, 58.8113, 89.7762
1741335231.086, 5.298, 2.447, 1.2846, -0.8783, -1.5254, 1.6828, 58.8293, 90.0407
1741335231.166, 5.299, 2.468, 1.2994, -0.8781, -1.5345, 1.8502, 58.9338, 89.9101
1741335231.246, 5.299, 2.488, 1.3148, -0.8779, -1.5436, 1.6966, 59.0665, 89.9392
1741335231.326, 5.299, 2.512, 1.3308, -0.8775, -1.5533, 1.7760, 59.1958, 89.8620
1741335231.405, 5.301, 2.512, 1.3461, -0.8775, -1.5627, 1.9468, 59.2503, 89.7229
1741335231.484, 5.306, 2.534, 1.3606, -0.8766, -1.5719, 2.1711, 59.2104, 89.5136
1741335231.564, 5.306, 2.560, 1.3758, -0.8760, -1.5815, 2.2435, 59.3315, 89.4711
1741335231.644, 5.303, 2.577, 1.3914, -0.8763, -1.5904, 2.1343, 59.4278, 89.5636
1741335231.724, 5.303, 2.577, 1.4072, -0.8758, -1.5993, 2.0750, 59.4297, 89.6017
1741335231.803, 5.309, 2.605, 1.4235, -0.8751, -1.6075, 2.0724, 58.2644, 89.5767
1741335231.884, 5.308, 2.621, 1.4393, -0.8748, -1.6163, 2.3307, 57.1150, 89.3260
1741335231.962, 5.306, 2.644, 1.4532, -0.8745, -1.6260, 2.4849, 57.0978, 89.2309
1741335232.042, 5.308, 2.659, 1.4679, -0.8737, -1.6352, 2.2504, 57.3078, 89.5300
1741335232.122, 5.308, 2.659, 1.4834, -0.8735, -1.6456, 2.3700, 57.5074, 89.3947
1741335232.201, 5.305, 2.685, 1.4989, -0.8734, -1.6551, 2.1710, 57.7159, 89.4790
1741335232.281, 5.304, 2.711, 1.5147, -0.8732, -1.6654, 2.2783, 57.8754, 89.3403
1741335232.361, 5.306, 2.733, 1.5293, -0.8731, -1.6752, 2.5300, 57.8754, 89.1811
1741335232.440, 5.304, 2.753, 1.5435, -0.8720, -1.6842, 2.7027, 57.8281, 89.1058
1741335232.520, 5.304, 2.753, 1.5584, -0.8719, -1.6936, 2.7118, 57.8782, 89.0801
1741335232.599, 5.300, 2.774, 1.5732, -0.8717, -1.7029, 2.6558, 57.9770, 89.1515
1741335232.679, 5.294, 2.799, 1.5883, -0.8712, -1.7122, 2.5770, 58.0176, 89.2510
1741335232.759, 5.297, 2.817, 1.6041, -0.8709, -1.7216, 2.2979, 57.9390, 89.4317
1741335232.838, 5.301, 2.843, 1.6194, -0.8706, -1.7313, 2.2313, 57.9016, 89.4372
1741335232.918, 5.301, 2.843, 1.6347, -0.8697, -1.7408, 2.4911, 57.5522, 89.2793
1741335232.998, 5.305, 2.861, 1.6496, -0.8701, -1.7490, 2.3565, 56.3436, 89.4354
1741335233.077, 5.301, 2.883, 1.6646, -0.8702, -1.7587, 2.2142, 56.3373, 89.4479
1741335233.157, 5.311, 2.904, 1.6800, -0.8693, -1.7683, 1.8249, 56.6758, 89.7878
1741335233.237, 5.312, 2.923, 1.6949, -0.8688, -1.7788, 1.9542, 56.8126, 89.6145
1741335233.316, 5.312, 2.923, 1.7093, -0.8684, -1.7888, 2.0831, 56.8938, 89.5894
1741335233.396, 5.310, 2.952, 1.7238, -0.8683, -1.7986, 2.1791, 57.0225, 89.5755
1741335233.476, 5.309, 2.969, 1.7384, -0.8676, -1.8082, 2.0885, 57.2058, 89.7106
1741335233.555, 5.309, 2.989, 1.7532, -0.8674, -1.8177, 2.0259, 57.4211, 89.8053
1741335233.635, 5.302, 3.017, 1.7687, -0.8670, -1.8276, 1.9016, 57.4710, 89.8762
1741335233.714, 5.302, 3.017, 1.7842, -0.8669, -1.8370, 1.6116, 57.6190, 90.0970
1741335233.794, 5.305, 3.040, 1.7987, -0.8666, -1.8471, 1.8169, 57.6036, 89.9253
1741335233.874, 5.308, 3.066, 1.8129, -0.8660, -1.8566, 1.9870, 57.7314, 89.8010
1741335233.953, 5.307, 3.086, 1.8273, -0.8661, -1.8661, 2.1068, 57.8321, 89.7098
1741335234.033, 5.302, 3.102, 1.8428, -0.8649, -1.8751, 1.7106, 58.0732, 89.9629
1741335234.113, 5.302, 3.102, 1.8589, -0.8643, -1.8853, 1.7064, 58.2751, 89.9469
1741335234.192, 5.305, 3.126, 1.8741, -0.8643, -1.8951, 1.7626, 58.3748, 89.9597
1741335234.272, 5.306, 3.148, 1.8889, -0.8638, -1.9047, 2.0491, 58.4397, 89.7213
1741335234.352, 5.309, 3.169, 1.9035, -0.8635, -1.9139, 2.0465, 58.5557, 89.8796
1741335234.431, 5.309, 3.200, 1.9181, -0.8628, -1.9229, 2.0555, 58.6818, 89.9476
1741335234.511, 5.309, 3.200, 1.9331, -0.8622, -1.9321, 1.8935, 58.8069, 90.1099
1741335234.590, 5.309, 3.221, 1.9491, -0.8620, -1.9413, 1.6920, 58.8858, 90.2019
1741335234.670, 5.310, 3.239, 1.9642, -0.8617, -1.9507, 1.7451, 58.9691, 90.2206
1741335234.750, 5.315, 3.261, 1.9799, -0.8612, -1.9601, 2.0267, 58.3690, 89.9725
1741335234.829, 5.314, 3.284, 1.9947, -0.8610, -1.9688, 2.1799, 57.6204, 89.8354
1741335234.909, 5.314, 3.284, 2.0096, -0.8605, -1.9782, 2.0429, 57.9310, 90.0553
1741335234.989, 5.306, 3.284, 2.0250, -0.8601, -1.9877, 1.8471, 58.1717, 90.0685
1741335235.068, 5.302, 3.325, 2.0403, -0.8599, -1.9972, 1.7045, 58.3289, 90.2713
1741335235.148, 5.314, 3.344, 2.0557, -0.8592, -2.0073, 1.8643, 58.5418, 90.0652
1741335235.228, 5.317, 3.372, 2.0708, -0.8586, -2.0171, 2.0861, 58.6658, 89.9519
1741335235.307, 5.317, 3.372, 2.0857, -0.8581, -2.0253, 2.1408, 57.7616, 89.9950
1741335235.387, 5.318, 3.395, 2.1017, -0.8576, -2.0319, 2.1765, 55.0521, 89.9444
1741335235.467, 5.316, 3.414, 2.1173, -0.8573, -2.0401, 2.1689, 52.8743, 90.0255
1741335235.546, 5.327, 3.438, 2.1319, -0.8566, -2.0505, 1.9974, 52.7424, 90.1007
1741335235.626, 5.340, 3.467, 2.1459, -0.8561, -2.0616, 1.8898, 52.8119, 90.2510
1741335235.706, 5.340, 3.467, 2.1604, -0.8557, -2.0727, 1.9892, 52.8048, 90.1682
1741335235.785, 5.339, 3.487, 2.1738, -0.8555, -2.0833, 2.0195, 52.8138, 90.2339
1741335235.865, 5.335, 3.510, 2.1877, -0.8548, -2.0935, 1.7483, 52.9007, 90.4460
1741335235.944, 5.333, 3.532, 2.2031, -0.8546, -2.1047, 1.4627, 53.0979, 90.6120
1741335236.024, 5.333, 3.553, 2.2161, -0.8539, -2.1166, 1.3493, 54.7507, 90.8410
1741335236.104, 5.332, 3.553, 2.2292, -0.8533, -2.1276, 1.4236, 55.9032, 90.8068
1741335236.183, 5.324, 3.571, 2.2440, -0.8530, -2.1379, 1.6222, 55.6115, 90.5964
1741335236.263, 5.314, 3.590, 2.2592, -0.8525, -2.1476, 1.5389, 55.4824, 90.6377
1741335236.342, 5.311, 3.613, 2.2738, -0.8519, -2.1573, 1.4520, 55.3612, 90.6985
1741335236.422, 5.311, 3.639, 2.2894, -0.8513, -2.1678, 1.3797, 55.3112, 90.7313
1741335236.502, 5.313, 3.639, 2.3045, -0.8510, -2.1776, 1.1852, 55.1595, 90.8668
1741335236.582, 5.315, 3.661, 2.3124, -0.8498, -2.1899, 4.0869, 55.4515, 88.8957
1741335236.661, 5.313, 3.684, 2.3225, -0.8484, -2.1991, 4.8241, 55.4870, 88.3173
1741335236.741, 5.327, 3.700, 2.3361, -0.8472, -2.2087, 4.9959, 55.6771, 88.2434
1741335236.822, 5.327, 3.720, 2.3521, -0.8471, -2.2197, 4.9152, 55.9148, 88.4933
1741335236.900, 5.329, 3.720, 2.3673, -0.8461, -2.2316, 5.7783, 56.1691, 87.4528
1741335236.980, 5.326, 3.740, 2.3844, -0.8460, -2.2430, 5.4029, 56.3024, 87.8177
1741335237.059, 5.327, 3.765, 2.4046, -0.8474, -2.2502, 2.5273, 56.3841, 90.0531
1741335237.139, 5.327, 3.792, 2.4226, -0.8463, -2.2586, 1.0149, 56.8936, 91.3963
1741335237.219, 5.327, 3.792, 2.4353, -0.8467, -2.2699, 2.1801, 58.3607, 89.5688
1741335237.298, 5.305, 3.817, 2.4424, -0.8461, -2.2763, 2.3719, 59.6173, 89.4710
1741335237.378, 5.293, 3.842, 2.4463, -0.8456, -2.2795, 1.7439, 61.0334, 90.0962
1741335237.458, 5.303, 3.859, 2.4519, -0.8455, -2.2831, 1.2236, 62.7786, 90.6699
1741335237.537, 5.311, 3.871, 2.4607, -0.8455, -2.2893, 1.3974, 64.4330, 90.3449
1741335237.617, 5.311, 3.871, 2.4718, -0.8443, -2.2965, 1.0696, 66.6102, 90.6874
1741335237.697, 5.327, 3.895, 2.4739, -0.8419, -2.3015, 4.2993, 67.1565, 89.7561
1741335237.776, 5.355, 3.940, 2.4842, -0.8404, -2.3051, 3.9827, 66.9736, 90.1566
1741335237.856, 5.385, 3.957, 2.4997, -0.8396, -2.3103, 3.2762, 66.6384, 90.2739
1741335237.935, 5.381, 3.971, 2.5212, -0.8395, -2.3109, -2.4804, 65.9566, 93.2522
1741335238.015, 5.381, 3.971, 2.5321, -0.8405, -2.3154, -2.7077, 66.9364, 93.0103
1741335238.095, 5.364, 3.984, 2.5372, -0.8415, -2.3212, 0.1620, 67.3389, 89.8507
1741335238.175, 5.391, 4.015, 2.5357, -0.8418, -2.3220, 1.2587, 66.9437, 89.4462
1741335238.254, 5.391, 4.032, 2.5354, -0.8414, -2.3217, 1.0774, 67.0288, 89.5284
1741335238.334, 5.385, 4.028, 2.5357, -0.8415, -2.3218, 0.9291, 67.0904, 89.5842
1741335238.413, 5.385, 4.028, 2.5356, -0.8416, -2.3216, 0.8349, 67.0684, 89.6450
1741335238.493, 5.385, 4.028, 2.5357, -0.8416, -2.3217, 0.7934, 67.0676, 89.6628
1741335238.573, 5.385, 4.028, 2.5358, -0.8416, -2.3215, 0.7206, 67.1079, 89.7069
1741335238.652, 5.385, 4.028, 2.5337, -0.8412, -2.3204, 0.2041, 67.7289, 90.1103
1741335238.732, 5.386, 4.029, 2.5278, -0.8402, -2.3129, -4.0171, 67.9483, 93.8824
1741335238.812, 5.386, 4.029, 2.5090, -0.8400, -2.3024, -5.9967, 68.0379, 95.8089
1741335238.891, 5.401, 4.033, 2.4800, -0.8432, -2.2919, -5.6253, 68.4069, 96.1635
1741335238.971, 5.416, 4.012, 2.4400, -0.8485, -2.2849, 0.1223, 69.8906, 91.3094
1741335239.051, 5.413, 3.978, 2.4101, -0.8503, -2.2756, 1.8894, 69.0012, 91.0105
1741335239.130, 5.415, 3.957, 2.3912, -0.8472, -2.2709, 4.2696, 68.0090, 89.1525
1741335239.210, 5.415, 3.957, 2.3787, -0.8457, -2.2702, 7.2268, 67.9782, 85.2292
1741335239.290, 5.378, 3.901, 2.3654, -0.8467, -2.2633, 5.7579, 67.2302, 86.9220
1741335239.369, 5.385, 3.874, 2.3530, -0.8472, -2.2550, 5.5622, 64.8310, 87.1189
1741335239.449, 5.369, 3.848, 2.3416, -0.8488, -2.2419, 2.8200, 62.3312, 89.4621
1741335239.528, 5.327, 3.797, 2.3284, -0.8495, -2.2295, 0.3441, 61.7084, 91.5032
1741335239.608, 5.327, 3.797, 2.3174, -0.8501, -2.2238, 0.7976, 61.6220, 91.1109
1741335239.688, 5.292, 3.754, 2.3114, -0.8506, -2.2211, 1.0002, 61.5794, 90.8902
1741335239.767, 5.289, 3.740, 2.3104, -0.8506, -2.2206, 0.9622, 61.5891, 90.9467
1741335239.847, 5.288, 3.727, 2.3110, -0.8505, -2.2210, 0.9371, 61.5971, 90.9946
1741335239.927, 5.290, 3.725, 2.3112, -0.8506, -2.2211, 0.9305, 61.6091, 91.0305
1741335240.006, 5.290, 3.725, 2.3082, -0.8508, -2.2196, 1.0296, 61.6177, 90.8981
1741335240.086, 5.289, 3.727, 2.2973, -0.8514, -2.2129, 1.0439, 60.9345, 90.9949
1741335240.166, 5.291, 3.724, 2.2798, -0.8516, -2.2012, 1.1974, 59.4253, 90.9505
1741335240.245, 5.286, 3.707, 2.2591, -0.8524, -2.1873, 1.2861, 58.2585, 90.9333
1741335240.325, 5.276, 3.671, 2.2397, -0.8527, -2.1756, 1.3629, 58.2184, 90.8934
1741335240.405, 5.276, 3.671, 2.2282, -0.8532, -2.1689, 1.5145, 58.0714, 90.9222
1741335240.484, 5.276, 3.641, 2.2286, -0.8534, -2.1691, 1.4620, 58.1244, 90.8839
1741335240.564, 5.274, 3.620, 2.2324, -0.8533, -2.1713, 1.4418, 58.1649, 90.8636
1741335240.643, 5.275, 3.613, 2.2357, -0.8533, -2.1734, 1.4238, 58.1443, 90.8548
1741335240.723, 5.275, 3.621, 2.2378, -0.8533, -2.1745, 1.3770, 58.1313, 90.8881
1741335240.803, 5.275, 3.621, 2.2382, -0.8532, -2.1747, 1.3668, 58.1256, 90.8944
1741335240.882, 5.276, 3.625, 2.2380, -0.8533, -2.1747, 1.3467, 58.1265, 90.9146
1741335240.962, 5.277, 3.626, 2.2381, -0.8533, -2.1746, 1.3428, 58.1308, 90.9038
1741335241.042, 5.276, 3.626, 2.2379, -0.8532, -2.1746, 1.3513, 58.1294, 90.8937
1741335241.121, 5.275, 3.627, 2.2380, -0.8533, -2.1746, 1.3422, 58.1366, 90.8987
1741335241.201, 5.275, 3.627, 2.2381, -0.8533, -2.1747, 1.3581, 58.1392, 90.8934
1741335241.280, 5.276, 3.626, 2.2379, -0.8533, -2.1747, 1.3575, 58.1335, 90.8969
1741335241.360, 5.275, 3.627, 2.2380, -0.8533, -2.1747, 1.3531, 58.1274, 90.8924
1741335241.440, 5.277, 3.628, 2.2380, -0.8532, -2.1747, 1.3523, 58.1320, 90.8995
1741335241.519, 5.277, 3.627, 2.2380, -0.8532, -2.1747, 1.3496, 58.1355, 90.9012
1741335241.599, 5.276, 3.627, 2.2380, -0.8532, -2.1746, 1.3485, 58.1321, 90.8926
1741335241.679, 5.275, 3.629, 2.2381, -0.8533, -2.1747, 1.3613, 58.1364, 90.8755
1741335241.758, 5.277, 3.626, 2.2381, -0.8534, -2.1747, 1.3591, 58.1394, 90.8839
1741335241.838, 5.276, 3.628, 2.2380, -0.8532, -2.1747, 1.3671, 58.1373, 90.8728
1741335241.918, 5.276, 3.627, 2.2380, -0.8533, -2.1747, 1.3658, 58.1388, 90.8798
1741335241.997, 5.275, 3.627, 2.2381, -0.8532, -2.1747, 1.3663, 58.1310, 90.8799
1741335242.077, 5.276, 3.627, 2.2381, -0.8533, -2.1747, 1.3808, 58.1327, 90.8693
1741335242.157, 5.276, 3.627, 2.2380, -0.8533, -2.1747, 1.3658, 58.1319, 90.8736
1741335242.236, 5.276, 3.626, 2.2380, -0.8532, -2.1747, 1.3788, 58.1321, 90.8602
1741335242.317, 5.276, 3.628, 2.2380, -0.8532, -2.1747, 1.3847, 58.1320, 90.8582
1741335242.396, 5.275, 3.628, 2.2381, -0.8533, -2.1747, 1.3779, 58.1210, 90.8695
1741335242.475, 5.275, 3.626, 2.2380, -0.8533, -2.1748, 1.3646, 58.1239, 90.8856
1741335242.555, 5.275, 3.627, 2.2382, -0.8533, -2.1747, 1.3629, 58.1220, 90.8781
1741335242.634, 5.276, 3.627, 2.2381, -0.8533, -2.1747, 1.3693, 58.1257, 90.8713
1741335242.714, 5.276, 3.627, 2.2381, -0.8532, -2.1747, 1.3651, 58.1325, 90.8786
1741335242.794, 5.276, 3.625, 2.2381, -0.8532, -2.1746, 1.3419, 58.1335, 90.9068
1741335242.873, 5.276, 3.628, 2.2380, -0.8533, -2.1747, 1.3629, 58.1287, 90.8691
1741335242.953, 5.276, 3.626, 2.2381, -0.8533, -2.1747, 1.3571, 58.1331, 90.8751
1741335243.033, 5.276, 3.628, 2.2381, -0.8533, -2.1747, 1.3479, 58.1390, 90.8812
1741335243.112, 5.276, 3.628, 2.2380, -0.8532, -2.1747, 1.3622, 58.1321, 90.8562
1741335243.192, 5.275, 3.629, 2.2381, -0.8533, -2.1749, 1.3646, 58.1351, 90.8581
1741335243.271, 5.276, 3.628, 2.2380, -0.8534, -2.1747, 1.3507, 58.1405, 90.8895
1741335243.351, 5.275, 3.628, 2.2381, -0.8534, -2.1748, 1.3643, 58.1410, 90.8722
1741335243.431, 5.276, 3.626, 2.2382, -0.8533, -2.1748, 1.3544, 58.1447, 90.8882
1741335243.511, 5.276, 3.626, 2.2382, -0.8532, -2.1747, 1.3496, 58.1413, 90.8953
1741335243.590, 5.276, 3.626, 2.2380, -0.8532, -2.1747, 1.3570, 58.1343, 90.8839
1741335243.670, 5.275, 3.627, 2.2381, -0.8534, -2.1748, 1.3605, 58.1306, 90.8838
1741335243.749, 5.276, 3.628, 2.2381, -0.8534, -2.1748, 1.3582, 58.1400, 90.8861
1741335243.829, 5.276, 3.626, 2.2381, -0.8533, -2.1748, 1.3473, 58.1345, 90.8988
1741335243.908, 5.276, 3.626, 2.2381, -0.8532, -2.1748, 1.3396, 58.1334, 90.9009
1741335243.988, 5.276, 3.626, 2.2381, -0.8531, -2.1747, 1.3400, 58.1296, 90.8945
1741335244.068, 5.275, 3.627, 2.2382, -0.8534, -2.1747, 1.3207, 58.1304, 90.9236
1741335244.148, 5.276, 3.627, 2.2382, -0.8535, -2.1748, 1.3331, 58.1292, 90.9069
1741335244.227, 5.276, 3.626, 2.2381, -0.8533, -2.1748, 1.3433, 58.1266, 90.8943
1741335244.307, 5.276, 3.626, 2.2382, -0.8533, -2.1749, 1.3482, 58.1286, 90.8896
1741335244.387, 5.277, 3.627, 2.2380, -0.8532, -2.1749, 1.3546, 58.1346, 90.8829
1741335244.466, 5.275, 3.629, 2.2382, -0.8534, -2.1749, 1.3425, 58.1365, 90.8930
1741335244.546, 5.277, 3.626, 2.2382, -0.8533, -2.1748, 1.3309, 58.1395, 90.8974
1741335244.626, 5.276, 3.628, 2.2381, -0.8533, -2.1748, 1.3490, 58.1349, 90.8809
1741335244.705, 5.276, 3.628, 2.2382, -0.8532, -2.1748, 1.3409, 58.1377, 90.8842
1741335244.785, 5.277, 3.627, 2.2381, -0.8533, -2.1748, 1.3520, 58.1347, 90.8707
1741335244.864, 5.275, 3.628, 2.2382, -0.8533, -2.1748, 1.3573, 58.1370, 90.8571
1741335244.944, 5.276, 3.626, 2.2382, -0.8534, -2.1749, 1.3668, 58.1368, 90.8560
1741335245.024, 5.275, 3.625, 2.2381, -0.8533, -2.1749, 1.3749, 58.1356, 90.8417
1741335245.103, 5.275, 3.625, 2.2382, -0.8533, -2.1749, 1.3679, 58.1334, 90.8418
1741335245.183, 5.277, 3.628, 2.2382, -0.8533, -2.1747, 1.3727, 58.1312, 90.8407
1741335245.263, 5.275, 3.628, 2.2381, -0.8534, -2.1748, 1.3727, 58.1280, 90.8486
1741335245.342, 5.276, 3.626, 2.2382, -0.8535, -2.1749, 1.3915, 58.1364, 90.8303
1741335245.422, 5.276, 3.627, 2.2382, -0.8533, -2.1748, 1.3822, 58.1335, 90.8439
1741335245.502, 5.276, 3.627, 2.2381, -0.8533, -2.1749, 1.3800, 58.1254, 90.8450
1741335245.581, 5.276, 3.626, 2.2381, -0.8533, -2.1748, 1.3578, 58.1238, 90.8597
1741335245.661, 5.277, 3.626, 2.2383, -0.8533, -2.1749, 1.3467, 58.1236, 90.8585
1741335245.741, 5.275, 3.627, 2.2382, -0.8535, -2.1749, 1.3483, 58.1330, 90.8772
1741335245.820, 5.275, 3.628, 2.2382, -0.8534, -2.1749, 1.3402, 58.1304, 90.8835
1741335245.900, 5.275, 3.628, 2.2382, -0.8532, -2.1749, 1.3446, 58.1360, 90.8853
1741335245.979, 5.278, 3.628, 2.2382, -0.8532, -2.1748, 1.3373, 58.1337, 90.8900
1741335246.059, 5.276, 3.626, 2.2382, -0.8534, -2.1748, 1.3458, 58.1394, 90.8753
1741335246.139, 5.276, 3.627, 2.2382, -0.8535, -2.1749, 1.3583, 58.1376, 90.8681
1741335246.218, 5.275, 3.628, 2.2381, -0.8534, -2.1749, 1.3615, 58.1288, 90.8718
1741335246.298, 5.275, 3.628, 2.2382, -0.8533, -2.1749, 1.3623, 58.1338, 90.8667
1741335246.378, 5.276, 3.629, 2.2382, -0.8533, -2.1749, 1.3606, 58.1340, 90.8646
1741335246.577, 5.277, 3.629, 2.2382, -0.8535, -2.1749, 1.3643, 58.1278, 90.8476
1741335246.657, 5.276, 3.625, 2.2383, -0.8534, -2.1750, 1.3650, 58.1370, 90.8540
