:020000040800F2
:10000000C05C0020DD0100084B300008412C0008D6
:100010004730000865260008D75900080000000096
:100020000000000000000000000000004501000882
:10003000692600080000000089010008093D000849
:10004000F7010008F7010008F7010008F7010008B0
:10005000F7010008F7010008F7010008F7010008A0
:10006000F7010008F7010008F7010008F701000890
:10007000F7010008F7010008F7010008F701000880
:10008000F7010008F7010008F7010008F701000870
:10009000F7010008F7010008F7010008F701000860
:1000A000F7010008F7010008F7010008F701000850
:1000B000F7010008F7010008F7010008F701000840
:1000C000F7010008F7010008F7010008F701000830
:1000D000F7010008614F0008B9500008A951000855
:1000E000F7010008F7010008F7010008F701000810
:1000F000F7010008F7010008F7010008F701000800
:10010000F7010008F7010008F7010008F7010008EF
:1001100075480008C94E0008F7010008F7010008FB
:10012000F7010008F7010008F7010008F7010008CF
:10013000DFF80CD000F0A4FC004800478D690008EF
:10014000C05C0020224B19680868B0E8F00F80F30B
:100150000988BFF36F8F4FF0000080F311884EF0D5
:100160000D0E70470000000006480068006880F32C
:10017000088862B661B6BFF34F8FBFF36F8F00DFA1
:1001800000BF00BF08ED00E0EFF30980BFF36F8F01
:100190000F4B1A6820E9F00F106008B54FF05000BF
:1001A00080F31188BFF34F8FBFF36F8F07F07EFF8F
:1001B0004FF0000080F31188BDE808401968086816
:1001C000B0E8F00F80F30988BFF36F8F704700BF6E
:1001D000FC000020EFF305807047000006488047D0
:1001E00006480047FEE7FEE7FEE7FEE7FEE7FEE71C
:1001F000FEE7FEE7FEE7FEE7193D000831010008D3
:1002000040EA01039B0703D009E008C9121F08C098
:10021000042AFAD203E011F8013B00F8013B521E18
:10022000F9D27047F0B480EA0102D40F4200B2EB79
:10023000410F02D20246084611464A0042D0C30D81
:10024000DDB2C1F3C752AD1A202D35DAC1F3160164
:1002500041F4000204B15242C5F1200602FA06F14F
:100260002A411044B3EBD05F23D0C4B1012DA0EBE1
:10027000C35009DCF0BC4FF0004202EAC352DBB2CB
:1002800000F5000000F059BB400000F1807000EB69
:10029000C350A0F1807040EAD170490009E04908DC
:1002A00041EAC071A0EBC35000F50000400800EB2C
:1002B000C350F0BC00F038BB6142012202EB4101A7
:1002C000001BF6E7F0BC704781F00041AAE780F020
:1002D0000040A7E780EA010210B502F000434000A9
:1002E00022D04A001FD0010E01EB1261C0F356006C
:1002F000C2F3560240F4000042F40002A0FB0220C8
:1003000000047F39140400D0401C50EA124001D48C
:100310004000491EC2B20C0604EBD010401C40083D
:10032000802A02D003E0002010BD20F00100002947
:1003300000DA0020184310BD30B480EA010202F058
:10034000004530F0004221F0004013D090B1C30DC1
:10035000D40DC2F31601C0F31600E41A41F40001F3
:1003600040F400027D34914201D3641C00E0490056
:10037000002C02DA30BC002070474FF4000000234C
:10038000914201D3891A034340084FEA4101F7D152
:1003900051B1914202D14FF0004105E002D24FF03D
:1003A000010101E06FF0010103EBC450284430BCAF
:1003B00000F0BABA2DE9FE4F804681EA0300C00F73
:1003C0000C46009021F0004123F00045B8EB0200FC
:1003D000A94105D24046214690461C460B4602469E
:1003E00023F00040104347D0270DC7F30A00C3F3A2
:1003F0000A510290401A019040286BDAC3F31300AF
:1004000040F4801B0098924620B10023D2EB030AEF
:1004100063EB0B0B01985946C0F14002504600F0C7
:1004200052FA06460D4650465946019A00F06AFABD
:1004300010EB08006141002487EA115284EAE77357
:100440001A4340D0009A62B3019A012A4FEA075238
:1004500015DC001B61EB02014FF0004202EA07527B
:10046000CDE90042001C41F5801132462B4600F0D8
:10047000A1FA03B0BDE8F08F40462146F9E7001B22
:1004800061EB0201001C41F5801300185B4120184C
:10049000A2F5001747EB030140EAD570B6196D418C
:1004A00011E06D084FEA360645EAC0754FEA07527B
:1004B000001B61EB0201001C41F5801149084FEA65
:1004C00030000019514132462B4603B0BDE8F04FD1
:1004D00000F061BA0098012240000023D0EB020234
:1004E00063EBE073009821464FEAE074B8EB00003C
:1004F00061EB0401E9E783F000435BE781F0004131
:1005000058E72DE9FE4F81EA030404F0004421F08E
:10051000004100944FF0000B23F0004350EA010427
:100520005ED052EA03045BD0C3F30A54C1F30A5508
:100530002C44A4F2F3340194A0FB0254C1F3130140
:1005400041F48011C3F3130343F4801301FB02440D
:1005500000FB034E840A970A44EA815447EA835712
:10056000A4FB076802958D0A05FB07854FEA932CCB
:1005700004FB0C542705029D4FEA065847EA16373C
:10058000B5EB08056EEB070C870E920E47EA811754
:1005900042EA8312A7FB0201B6EB0B0164EB0004F5
:1005A0002B0D43EA0C335E1844EB1C50DA465146DF
:1005B000E7FB0201C5F313044FEA0B3343EA14537C
:1005C0004FEA0432019C43EA0603A4F10C040294AE
:1005D000009CCDE900B400F0EDF903B0BDE8F08F68
:1005E00000200146F9E72DE9F04D81EA030404F00B
:1005F000004B21F0004514464FF0000A23F0004163
:1006000050EA050220D054EA01021DD0C5F30A5772
:100610000246C5F31303C1F31300C1F30A5640F4B5
:10062000801543F48013A7EB0608101BD64608F28A
:10063000FD3873EB050002D308F1010801E09218C0
:100640005B41B8F1000F03DA00200146BDE8F08DF0
:1006500000204FF48011064684460EE0171B73EB12
:10066000050705D3121B63EB050306434CEA010C97
:1006700049084FEA300092185B4150EA0107EDD17A
:1006800052EA030012D082EA040083EA050108431B
:1006900005D0101BAB4106D20122002306E0002248
:1006A0004FF0004302E06FF0010253101AEB060016
:1006B0004CEB085110EB0A0041EB0B01BDE8F04D8B
:1006C00000F069B9C10F80EAE0700844CA079623B8
:1006D000002100F032B90EB5C10F80EAE070084485
:1006E000CA07002140F233438DE80E000A460B464C
:1006F00000F060F903B000BD0EB540F23341029145
:100700000021CDE900110A460B4600F053F903B071
:1007100000BD00F0004220F00040C10DC0F3160003
:1007200040F400007F2901DA00207047962903DC9D
:10073000C1F19601C84001E096398840002AF4D002
:100740004042704720F00040C10DC0F3160040F455
:1007500000007F2901DA00207047962903DCC1F1EF
:100760009601C840704796398840704770B5C1F30C
:100770000A5201F000450024C1F3130140F2FF3397
:1007800041F480119A4201DA002070BD40F23343F7
:100790009A42A2F2334203DC524200F0A3F800E096
:1007A00090402C43F1D0404270BDC1F30A5210B5C5
:1007B000C1F3130140F2FF3341F480119A4201DA90
:1007C000002010BD40F233439A42A2F2334203DCD0
:1007D000524200F087F810BD904010BD00F000427A
:1007E00030F000400AD0C10D01F56071C0F3160071
:1007F00042EA0151C20840071143704700200146F8
:10080000704701F0004330B421F0004150EA01028A
:1008100006D00A0DA2F56072C1F31301002A02DCB2
:1008200030BC00207047440F44EAC104C100E01806
:1008300030BC00EBC25000F077B80000002801DBAC
:10084000C0F10040002901DBC1F100418142704745
:10085000002801DBC0F10040002901DBC1F10041AB
:10086000884270472DE9F05F0546002092469B467E
:1008700088460646814640241BE0284641464746B6
:10088000224600F02FF853465A46C01A914110D321
:1008900011461846224600F016F82D1A67EB01089B
:1008A0004F4622460120002100F00DF817EB000909
:1008B0004E41201EA4F10104DFDC484631462A46A1
:1008C0004346BDE8F09F202A04DB203A00FA02F1FB
:1008D000002070479140C2F1200320FA03F319432E
:1008E00090407047202A04DB203A21FA02F00021D0
:1008F000704721FA02F3D040C2F120029140084330
:1009000019467047202A06DBCB17203A41FA02F03D
:1009100043EAE07306E041FA02F3D040C2F120025C
:1009200091400843194670470029A8BF7047401CF2
:10093000490008BF20F00100704710B4B0FA80FCF5
:1009400000FA0CF050EA010404BF10BC704749B132
:10095000CCF1200421FA04F411FA0CF118BF0121A2
:1009600021430843A3EB0C01CB1D4FEA00614FEA82
:10097000102042BF002010BC704700EBC350104451
:100980000029A4BF10BC7047401C490008BF20F0DC
:10099000010010BC704710B5141E73F1000408DA92
:1009A000401C41F1000192185B411A4301D120F033
:1009B000010010BD2DE9F04D92469B4611B1B1FAF0
:1009C00081F202E0B0FA80F220329046FFF77BFF1E
:1009D00004460F4640EA0A0041EA0B0153465A46D4
:1009E000084313D0114653EA010019D0C8F1400260
:1009F0005046FFF777FF05460E4650465946424699
:100A0000FFF761FF084305D0012004E02046394686
:100A1000BDE8F08D0020054346EAE0762C433743DD
:100A20000A986305E40AA0EB08000022FD0A44EAE4
:100A300047540A3002D500200146E9E701051019A4
:100A40006941DDE9084500196941BDE8F04DA2E7BB
:100A500070B521F0004303430CD0C1F30A550024C4
:100A6000D5EB040564EB0403D617AD1AB34102DBE2
:100A70000020014670BD201841EB025170BD0000FE
:100A8000064C074D06E0E06840F0010394E80700DB
:100A900098471034AC42F6D3FFF74EFB509C000849
:100AA000709C000830B58C1810F8012B12F00F0361
:100AB00001D110F8013B120906D110F8012B03E017
:100AC00010F8015B01F8015B5B1EF9D101E001F850
:100AD000013B521EFBD1A142E6D3002030BD0000F5
:100AE0000448008804490988884201D001207047E1
:100AF0000020FCE7D0000020D200002008B5012132
:100B0000382002F09BFB4FF4C040ADF800001020ED
:100B10008DF8030003208DF802006946124801F0A9
:100B2000A9FF4FF48050ADF8000028208DF8030095
:100B300069460D4801F09EFF4FF48050ADF800006B
:100B400018208DF8030003208DF80200694607483D
:100B500001F090FF0420ADF800008DF80300694615
:100B6000034801F087FF08BD000C01400010014060
:100B70000014014010B5FFF7C1FF00F09BF810BD55
:100B800030B502460B4600211EE0224C224D2D8836
:100B9000645D552C0DD1204C2488601CC41700EBDB
:100BA0005464E411A0EBC4141A4D2C5D7E2C00D1CA
:100BB00010E0194C2488601CC41700EB5464E41145
:100BC000A0EBC414144D2C8014480088124C2488C7
:100BD000A042DAD100BF12E00E480F4C2488055D18
:100BE00008464C1CA1B215540B4C2488601CC41739
:100BF00000EB5464E411A0EBC414074D2C8099421F
:100C000005DA06480088044C2488A042E4D1C8B222
:100C100030BD0000E9020020D2000020D0000020FA
:100C200070B505460E4600240CE000BF8021074841
:100C300004F0FFFD0028F9D0295D044804F0C7FE48
:100C4000601C84B2B442F0DB70BD00000050004074
:100C500088B000BF07F066FE1249086021E0142149
:100C6000104806F067FFFFF73BFF60B120216846A0
:100C7000FFF786FF0446002C04DD0B4A2146684638
:100C800001F0E6FD00BF09480078052809D00648B4
:100C90000078012805D10520044908700120044985
:100CA0000870DCE790000020780000207D00002024
:100CB0007000002000B585B00121080502F09EFA01
:100CC0004FF4165001900020ADF80800ADF80A006E
:100CD000ADF80C00ADF810000C20ADF80E0001A925
:100CE0000E4804F003FE012240F225510B4804F0A7
:100CF000D7FD35208DF8000000208DF801008DF81B
:100D0000020001208DF80300684602F09FF90121DE
:100D1000024804F082FD05B000BD00000050004014
:100D200021B1826842F00102826003E0826822F011
:100D3000010282607047014600208A6802F00402C6
:100D40000AB1012000E0002070470146C86C80B263
:100D500070470246002013680B400BB1012000E0F1
:100D600000207047014600208A6802F008020AB19C
:100D7000012000E00020704730B50246002000232B
:100D800050680F4C20400D790C6844EA052420433C
:100D9000506090680B4C2040D1E902542C434D79AF
:100DA00044EA450420439060D06A20F470000C7C33
:100DB000641EE4B2234340EA0350D06230BD000019
:100DC000FFFEF0FFFDF7F1FFF0B504460D460020F1
:100DD0000021092D11DDE068A5F10A0606EB4607A2
:100DE000072606FA07F18843A5F10A0606EB460630
:100DF00003FA06F10843E0600CE0206905EB4507C3
:100E0000072606FA07F1884305EB450603FA06F1C3
:100E100008432061072A0FDA606B561E06EB86072F
:100E20001F2606FA07F18843561E06EB860605FACA
:100E300006F10843606322E00D2A0FDA206BD61F0B
:100E400006EB86071F2606FA07F18843D61F06EB36
:100E5000860605FA06F10843206310E0E06AA2F175
:100E60000D0606EB86071F2606FA07F18843A2F156
:100E70000D0606EB860605FA06F10843E062F0BDB2
:100E8000816841F008018160704721B1826842F4B5
:100E9000A002826003E0826822F4A00282607047B0
:100EA000816841F004018160704700002DE9F84F2E
:100EB00083460C46002C35D0BBF1000F32D02046C3
:100EC000FFF700FC05465846FFF7FCFB064629469F
:100ED000FFF732FA824600215046FFF7B9FC06D2EE
:100EE00016495046FFF7AAFC01D2DFF850A00021B6
:100EF0005046FFF7A3FC06D211495046FFF7A8FC65
:100F000001D2DFF83CA051460E48FFF715FA0090D9
:100F1000FFF764FC074605F037FB0546FFF771FC59
:100F2000814601E04FF0000907494846FFF7D2F932
:100F30000546FFF7EEFB00B2BDE8F88F3333B33E52
:100F40003333B3BE77BE1F3E00007A4408B501219B
:100F5000102002F073F94FF40050ADF8000010209B
:100F60008DF8030003208DF802006946044801F063
:100F700081FD4FF40051024801F059FE08BD000008
:100F80000010014010B5534801F082FA002860D0EB
:100F900050480078312816D14E48007940B200EB15
:100FA000400040004C49C8804A48C07840B2A0EB9D
:100FB0008000400008814748407840B2404200EB42
:100FC00080004649088043480078322816D14148BD
:100FD000007940B200EB400040003F49C8803D48E6
:100FE000C07840B2A0EB80004000088139484078CA
:100FF00040B2404200EB8000384908803548007814
:1010000033280FD13348C07840B2A0EB80004000B5
:101010003149C8802F48807840B2A0EB8000400062
:101020002E4908802B480078412812D12948407861
:101030002B4908702748807848702648C078887007
:1010400024480079C8702348407908712148807984
:1010500048712048007832283AD11E48807900072C
:10106000C00E204908801B48407900F0200038B1AC
:101070001D4800880988084400B21B4908800CE01C
:101080001448407900F0100038B11748008815491D
:101090000988401A00B2144908800E48407900F0CF
:1010A000400040B1104840880E490988084400B209
:1010B0000D4948800CE00748407900F0800038B1C5
:1010C0000948408807490988401A00B20649488003
:1010D00010BD0000F8010020900100207E000020DB
:1010E00050000020B80000208000002077480078E1
:1010F00073287DD175480079C0F180007449097862
:10110000484300B27349C8807048C078C0F180007D
:101110006F490978484300B26E4908816B484079AD
:10112000C0F1800080006C4908806848407800F079
:10113000010018B101206949087012E06748007881
:1011400078B167480078062805DA65480078401CC1
:101150006349087002E001206149087000205F497E
:1011600008705A48407800F0020018B101205D492B
:10117000087015E05B48007890B155480078022867
:1011800005DD53480078401E5149087005E00220F3
:101190004F490870012054490870002051490870D7
:1011A0004A48407800F0040018B101204F49087007
:1011B00015E04E48007890B145480078092805DAD6
:1011C00043480078401C4249087005E00920404926
:1011D00008700120444908700020444908703B48C9
:1011E000407800F0800050B141480088414900E05B
:1011F0006BE00988084400B23D4908800CE03348A0
:10120000407800F0200038B1394800883949098811
:10121000401A00B2364908802C48407800F040005F
:1012200040B13348408833490988084400B2304906
:1012300048800CE02548407800F0100038B12C4878
:1012400040882C490988401A00B2294948801F4823
:10125000807800F0040018B101202749087015E0DB
:101260002548007890B123480088192805DA2148DC
:101270000088401D1F49088005E019201D4908808D
:1012800001201949087000201B4908700F48807818
:1012900000F0010018B101201849087015E0174846
:1012A000007890B113480088052805DD11480088B2
:1012B000401F1049088005E005200E4908800120E4
:1012C0000949087000200D4908707047710000201E
:1012D000B5000020900100207E000020B00000201A
:1012E00050000020B100002070000020B20000205B
:1012F00080000020B6000020B3000020B4000020D1
:101300002DE9F0412D4800F05BFE002854D02B4819
:10131000C089B0F5FA7F4FDA28480089B0F5FA7F26
:1013200004DA4FF07F50264908600CE0234800891A
:10133000B0F57A7F04DA4FF07E502149086002E070
:1013400020481F4908601D494988A1F57870FFF7BA
:10135000B9F905461A4801682846FEF7BBFF04465E
:10136000FFF7D7F900B21849C88014490988A1F5D8
:101370007870FFF7A7F906461148006880F000452D
:1013800031462846FEF7A6FF0446FFF7C2F900B231
:101390000D4908810949C988A1F57870FFF79BF9C3
:1013A00006464FF03332094BFFF7ABF80446FFF720
:1013B000DDF900B206490880BDE8F081080200208E
:1013C000BC0000203333333F900100203333E3BFB0
:1013D0007E00002010B5042002F082FC0E48006858
:1013E0000E49B0FBF1F00E4908700B4800680B493C
:1013F000B0FBF1F44FF47A7044434FF0E020006901
:1014000040F002004FF0E0210861084644610069A5
:1014100040F00100086110BD3C00002040420F0078
:10142000C400002010B504464FF47A7104FB01F0AB
:1014300000F002F810BD000070B5034600224FF026
:10144000E02675690D4E367803FB06F44FF0E02672
:10145000B16910E04FF0E026B06988420BD08842B5
:1014600002D20E1A324402E02E1A0E4432440146D1
:10147000A24200D300E0EDE700BF70BDC400002031
:101480004FF08040808C704700B587B001210D205F
:1014900001F0D4FE0121284801F078FB0820ADF8C6
:1014A000180004208DF81B0003208DF81A0006A9EF
:1014B000224801F0DFFA4FF40040ADF8180006A909
:1014C0001F4801F0D7FA0121084601F097FE4FF0BE
:1014D000804002F099FD03A803F0EEF80020ADF87B
:1014E0000C004FF6FF70ADF810000020ADF81200B0
:1014F000ADF80E0003A94FF0804003F08BF80023F5
:101500001A4603214FF0804002F072FE684602F056
:10151000E7FE0620ADF8080069464FF0804002F073
:1015200089FE00204FF0804188840121880702F065
:101530004FFD07B000BD000000031800000C014083
:10154000000801404FF080418884704701480088BE
:10155000704700002404004000B587B00121092035
:1015600001F06CFE3020ADF8180004208DF81B004F
:1015700003208DF81A0006A91D4801F07BFA01210D
:10158000022001F03BFE01211A4801F0FFFA1A483F
:1015900002F03AFD03A803F08FF80020ADF80C002C
:1015A0004FF6FF70ADF810000020ADF81200ADF856
:1015B0000E0003A9104803F02DF800231A4603215A
:1015C0000D4802F015FE684602F08AFE0620ADF8CE
:1015D00008006946084802F02DFE00200649243123
:1015E00008800121044802F0F3FC07B000BD0000B0
:1015F000000C014000081A00000400400149088066
:10160000704700002404004001464906084A9269D8
:1016100042F00102064B9A61064A526822F0E062EB
:10162000044B5A601A4652680A435A6070470000D9
:10163000001002400000014008B50121082001F01F
:10164000FDFD0120ADF8000048208DF8030069463B
:10165000014801F00FFA08BD000C01400348006882
:1016600008B9012070470020FCE7000000812142FA
:1016700008B50121142001F0E1FD1020ADF80000B3
:101680008DF8030003208DF8020069460A4801F036
:10169000F1F94FF48070ADF800006946074801F099
:1016A000E9F91021044801F0C4FA4FF480710348AD
:1016B00001F0BFFA08BD0000001001400008014021
:1016C00070B505462C46B4F5616F01DD4FF46164D9
:1016D00014F5616F00DA0D4C002C0BDD4FF46161E5
:1016E0000B4802F062FFC4F5616081B2084802F065
:1016F0005EFF0AE04FF46161054802F058FF04F50F
:10170000616081B2024802F050FF70BDF0F1FFFF4E
:101710000008004070B505462C46B4F5616F01DD48
:101720004FF4616414F5616F00DA0D4C002C0BDD91
:101730004FF461610B4802F03CFFC4F5616081B277
:10174000084802F038FF0AE04FF46161054802F0F2
:1017500032FF04F5616081B2024802F02AFF70BDD9
:10176000F0F1FFFF0008004000B589B0012108201A
:1017700001F064FD4FF47070ADF8200018208DF872
:10178000230003208DF8220008A9274801F072F9F0
:101790000121042001F032FD40F60F60ADF8180081
:1017A0000020ADF81400ADF81A00ADF8160005A938
:1017B0001E4802F02FFF6020ADF804000120ADF8B4
:1017C00006000020ADF80A00ADF80C0001A917488A
:1017D00002F090FD0821154802F0D8FD01A9134838
:1017E00002F0DEFD0821114802F02CFE01A90F488D
:1017F00002F036FE08210D4802F082FE01A90B48D6
:1018000002F088FE0821094802F0C2FE01210748C3
:1018100002F0D2FB0121054802F0DAFB0121034866
:1018200002F0E2FB09B000BD000C014000080040DE
:101830001CB50446062269463B2001F0F0FB9DF8EA
:1018400001009DF8001040EA012000B220809DF8C0
:1018500003009DF8021040EA012000B260809DF86C
:1018600005009DF8041040EA012000B2A0801CBDD4
:101870001CB5044606226946432001F0D0FB9DF8C2
:1018800001009DF8001040EA012000B220809DF880
:1018900003009DF8021040EA012000B260809DF82C
:1018A00005009DF8041040EA012000B2A0801CBD94
:1018B00008B50121042001F0C1FC4FF4C050ADF87F
:1018C000000010208DF8030003208DF80200694607
:1018D000164801F0CFF80120154908601549C1F8F4
:1018E000AC0180216B2001F0A5FB1348FFF7A4FD9C
:1018F00000216B2001F09EFB18211B2001F09AFBB8
:1019000000211C2001F096FB0021382001F092FB01
:101910000021232001F08EFB01216B2001F08AFBC6
:1019200000216C2001F086FB08BD0000000801408A
:10193000B001214200002142A086010010B50446FA
:10194000E006010E1C2001F075FB10BD10B5044629
:1019500021461A2001F06EFB10BD10B50446E006CA
:10196000010E1B2001F066FB10BD70B50446B4F5F6
:101970007A7F01DD4FF47A740A2C00DA0A244FF4DE
:101980007A7090FBF4F0401EC5B22946192001F090
:1019900051FB70BD70B5002415E004F1B001C8B270
:1019A00001F0AAFB002001F0A7FB102001F0A4FB2E
:1019B000002504E0002001F0AFFB681CC5B2802DBB
:1019C000F8DB601CC4B2082CE7DB70BD2DE9F047E2
:1019D00005460E46174698464FF000090024A7F129
:1019E000200000F0FF097B2D2BDA082E29DAB8F150
:1019F000000F14D03146284601F06AFB00BF0BE00F
:101A000009EB490104EB41010F4A515CC943C8B2DB
:101A100001F082FB601CC4B2062CF1DB11E0314600
:101A2000284601F055FB002409E009EB490104EBCD
:101A30004101054A505C01F06FFB601CC4B2062CEA
:101A4000F3DBBDE8F08700005C9800082DE9F04169
:101A500005460E4614461F460A2C07DA04F13000EC
:101A6000C2B23B4631462846FFF7B0FFBDE8F081E1
:101A70002DE9F05F05460E4617469846DDE90A9BBC
:101A80007F2D01DC072E01DDBDE8F09FE8198028DD
:101A900003DC06EB0800082800DDF5E7BBF1000FCA
:101AA00018D0344613E02146284601F011FBAA461F
:101AB00009E019F8012BD143C8B201F02DFB0AF15E
:101AC000010000F0FF0ABA45F3DB601CC4B24445D4
:101AD000E9DB15E0344611E02146284601F0F8FA2A
:101AE000AA4607E019F8010B01F016FB0AF1010004
:101AF00000F0FF0ABA45F5DB601CC4B24445EBDBDD
:101B000000BFC1E72DE9F04104460D461646984650
:101B100000277B2C14DA082D12DA0EE0F25D434622
:101B200029462046FFF752FFA01DC4B27A2C02DDE1
:101B30000024681CC5B2781CC7B2F05D0028EDD146
:101B4000BDE8F0812DE9FE4F80468A4691461D464C
:101B5000DDE90C7B002D76DDE8190A2873DAB9F18E
:101B6000000F02DAC9F1000600E04E460A20B6FB7B
:101B7000F0F100FB11608DF801006420B6FBF0F17C
:101B800000FB11600A21B0FBF1F08DF802004FF468
:101B90007A70B6FBF0F100FB11606421B0FBF1F04C
:101BA000C0B28DF8030042F21070B6FBF0F100FBFA
:101BB00011604FF47A71B0FBF1F0C0B28DF80400FF
:101BC0005948B6FBF0F100FB116042F21071B0FB16
:101BD000F1F0C0B28DF805005448B6FBF0F100FBFF
:101BE00011605149B0FBF1F0C0B28DF806005048C9
:101BF000B6FBF0F100FB11604C49B0FBF1F0C0B254
:101C00008DF807004B48B6FBF0F100FB1160484926
:101C1000B0FBF1F0C0B28DF808004748B6FBF0F118
:101C200000FB11604349B0FBF1F0C0B28DF8090030
:101C3000B9F1000F41DA00232D2251464046FFF74B
:101C4000C5FE002412E037E0E919091B491E1DF802
:101C5000012004EB440308F1060101EB4301C8B283
:101C60005B465146FFF7F2FE601CC4B2681EA042FC
:101C7000EADC002F56D005EB450108EB4101C8B264
:101C80005B462E225146FFF7A1FE002412E005EB31
:101C9000450108EB4101891D04EB440301EB4301BD
:101CA000C8B2391B1DF801205B465146FFF7CEFE36
:101CB000601CC4B2BC42EADB34E000240EE0E91947
:101CC000091B1DF8012004EB440108EB4101C8B2D7
:101CD0005B465146FFF7BAFE601CC4B2AC42EEDB75
:101CE00007B305EB450108EB4101C8B25B462E2264
:101CF0005146FFF76BFE002412E005EB450108EBAF
:101D00004101891D04EB440301EB4301C8B2391BB7
:101D10001DF801205B465146FFF798FE601CC4B2D7
:101D2000BC42EADBBDE8FE8FA086010040420F0006
:101D30008096980000E1F50500CA9A3B00B587B08F
:101D40000121042001F07AFAA020ADF8040003205C
:101D50008DF8060018208DF8070001A9544800F0FE
:101D600089FE1020ADF804008DF8070001A9504845
:101D700000F080FE4020ADF8040010208DF8070030
:101D800001A94B4800F076FE0121080301F056FA44
:101D90000020ADF808004FF48270ADF80A00002072
:101DA000ADF80C000220ADF80E000120ADF81000D7
:101DB0004002ADF812000020ADF81400ADF8160096
:101DC0000720ADF8180002A93A4801F04FFD0121A3
:101DD000384801F031FDFF2001F012FD4021344868
:101DE00000F027FF6420FFF71DFB4021304800F082
:101DF0001EFFC820FFF716FB40212D4800F019FFF9
:101E0000AE2001F079F9002001F076F9102001F000
:101E100073F9402001F070F9812001F06DF9EF2095
:101E200001F06AF9A12001F067F9C82001F064F916
:101E3000A62001F061F9A82001F05EF93F2001F031
:101E40005BF9D32001F058F9002001F055F9D520B5
:101E500001F052F9802001F04FF9D92001F04CF93E
:101E6000F12001F049F9DA2001F046F9122001F0E1
:101E700043F9DB2001F040F9402001F03DF920203A
:101E800001F03AF9022001F037F98D2001F034F920
:101E9000142001F031F9A42001F02EF9A62001F060
:101EA0002BF9AF2001F028F9FFF774FD07B000BD52
:101EB000000801400030014008B50121102001F068
:101EC000BDF90120ADF8000048208DF80300032083
:101ED0008DF802006946174800F0CCFD0220ADF8ED
:101EE000000010208DF8030003208DF802006946E1
:101EF000104800F0BFFD0420ADF8000010208DF860
:101F0000030003208DF8020069460A4800F0B2FD84
:101F10000820ADF8000010208DF8030003208DF894
:101F200002006946034800F0A5FD0120024908604F
:101F300008BD0000001001408801224270B504462F
:101F4000002014490860002507E01349485D01F0AE
:101F5000E9F812494855681CC5B2092DF5DB012086
:101F60000C4908600D48407820700C48C078C04388
:101F700060700A480079C043A07008484079E0705A
:101F80000648807920710548C07960710348007A5D
:101F9000A07170BD88012242849A0008E0020020EE
:101FA00010B50548007820B900200449C880088190
:101FB000488101F0CDF910BD6E0000209001002095
:101FC000014630480078002859D02F4840782E4AE2
:101FD000927840EA0220C0F30A0008802A488078FC
:101FE000C010294AD27840EA4210C0F30A00488063
:101FF0002548C0788011244A127940EA8200224A9A
:10200000527940EA8220C0F30A0088801E48407955
:1020100040101D4A927940EAC210C0F30A00C880FD
:10202000194880790011184AD27940EA0210C0F3A9
:102030000A0008811448C079C011134A127A40EA94
:102040004200114A527A40EA4220C0F30A00488115
:102050000D48407A80100C4A927A40EA8210C0F310
:102060000A0088810848807A4011074AD27A40EAFB
:10207000C200C8810020034A107001207047002070
:10208000FCE70000CA000020B802002000B589B0BB
:102090000121112001F0D2F84FF47070ADF820004A
:1020A00018208DF8230003208DF8220008A9294864
:1020B00000F0E0FC0121480301F0C0F84720ADF832
:1020C00014000020ADF8160044F61F60ADF81800AB
:1020D0000020ADF81A0005A91F4802F09BFA602005
:1020E000ADF804000120ADF8060040F2DC50ADF878
:1020F0000A000020ADF80C0001A9174802F0FAF818
:102100000821154802F042F901A9134802F048F9E4
:102110000821114802F096F901A90F4802F0A0F930
:1021200008210D4802F0ECF901A90B4802F0F2F980
:102130000821094802F02CFA0121074801F03CFF70
:102140000121054801F044FF0121034801F04CFF43
:1021500009B000BD00100140003401402DE9F041FC
:102160000446B4F5617F01DD4FF4617414F5617FBD
:1021700000DA0B4C2046FEF7A5FA80460949FEF727
:10218000A9F807460849FEF74DF80646FEF7DAFAC1
:1021900085B22946054802F00EFABDE8F08100003C
:1021A0007CFCFFFF3F358E3F0080BB440034014084
:1021B0002DE9F0410446B4F5617F01DD4FF461740F
:1021C00014F5617F00DA0B4C2046FEF77BFA80465F
:1021D0000949FEF77FF807460849FEF723F8064647
:1021E000FEF7B0FA85B22946054802F0E2F9BDE8EB
:1021F000F08100007CFCFFFF3F358E3F0080BB4438
:10220000003401402DE9F0410446B4F5617F01DD61
:102210004FF4617414F5617F00DA0B4C2046FEF731
:1022200051FA80460949FEF755F807460849FDF777
:10223000F9FF0646FEF786FA85B22946054802F000
:10224000B6F9BDE8F08100007CFCFFFF3F358E3F12
:102250000080BB44003401402DE9F84F04460D4690
:1022600029462046FEF730F82749086027480168CC
:1022700025480068FEF728F882462548B0F9000096
:10228000FEF720FA83465146FEF724F8804621489F
:10229000B0F90000FEF716FA82461B480168504666
:1022A000FEF718F881464146FDF7BCFF07461A487D
:1022B000B0F90000FEF706FA39460090FDF7B2FFCC
:1022C0000646FEF726FA00B2134908800E48006859
:1022D0000E4908601048B0F9000041F268018842D8
:1022E00002DD08460C4908800B48B0F900000B4994
:1022F000884203DA4EF69870074908800648B0F91C
:102300000000BDE8F88F00009C000020A000002025
:102310006C0000206A0000209800002098EFFFFF6A
:102320002DE9F84F04460D4629462046FDF7CCFF1F
:10233000274908602748016825480068FDF7C4FF61
:1023400082462548B0F90000FEF7BCF983465146A5
:10235000FDF7C0FF80462148B0F90000FEF7B2F952
:1023600082461B4801685046FDF7B4FF814641464E
:10237000FDF758FF07461A48B0F90000FEF7A2F92A
:1023800039460090FDF74EFF0646FEF7C2F900B24F
:10239000134908800E4800680E4908601048B0F9DB
:1023A000000041F26801884202DD08460C490880BD
:1023B0000B48B0F900000B49884203DA4EF69870DA
:1023C000074908800648B0F90000BDE8F88F000012
:1023D000A8000020AC0000206C0000206A00002053
:1023E000A400002098EFFFFF10B586B0044601213D
:1023F000042000F023FF0121880300F01FFF4FF4A9
:102400000070ADF8140018208DF8170003208DF827
:10241000160005A91C4800F02DFB4FF48060ADF8B4
:10242000140004208DF8170005A9174800F022FBBE
:1024300001940020ADF80800ADF80A00ADF80C00DA
:10244000ADF810000C20ADF80E0001A90F4803F004
:102450004DFA25208DF8000002208DF801000120A2
:102460008DF802008DF80300684600F0EFFD0122B0
:1024700040F22551054803F013FA0121034803F007
:10248000CCF906B010BD0000000801400038014042
:1024900010B503460B48007890B10B488078001FB8
:1024A000C2B2002105E0C81C074C205C5854481CEF
:1024B000C1B29142F7DB0020024C2070104610BDE3
:1024C0000020FCE7C70000206802002010B586B09D
:1024D00004460121082000F0B1FE0420ADF81400EC
:1024E00018208DF8170003208DF8160005A91E4846
:1024F00000F0C0FA0820ADF8140004208DF8170091
:1025000005A9194800F0B6FA0121480400F076FE4A
:1025100001940020ADF80800ADF80A00ADF80C00F9
:10252000ADF810000C20ADF80E0001A90F4803F023
:10253000DDF926208DF8000002208DF80100012031
:102540008DF802008DF80300684600F07FFD01223F
:1025500040F22551054803F0A3F90121034803F097
:102560005CF906B010BD00000008014000440040C6
:102570002DE9F05F01211148FEF787FC00BF022121
:102580000E48FEF7E6FB0028F9D00C48FEF7DDFB0D
:1025900083465846FEF7B0F88046094A094BFDF7D6
:1025A000B0FF06460022084BFEF71DF80446FEF772
:1025B000FCF81FFA80FA5046BDE8F09F0028014061
:1025C0000AD7A370BD54AC4000FEAF4000B587B041
:1025D0000121082000F032FE0220ADF81800002092
:1025E0008DF81B0006A91D4800F044FA012188025D
:1025F00000F024FE002001908DF808008DF80900FD
:102600004FF4602003900020049001208DF8140006
:1026100001A91348FEF7B0FB4FF4004000F0E2FDC3
:102620000723012209210E48FEF7CEFB01210C48A9
:10263000FEF776FB0A48FEF723FC00BF0848FEF7CA
:1026400091FB0028FAD10648FEF72AFC00BF044897
:10265000FEF771FB0028FAD107B000BD000C014065
:102660000028014000BFFEE7704700001CB5C4E031
:10267000642005F023FA6148007858B35F48007879
:10268000012806D100235EA202215A20FFF73AFA60
:1026900031E05A480078022806D1002359A20221CD
:1026A0005A20FFF72FFA26E054480078042806D174
:1026B000002355A202215A20FFF724FA1BE04F48BD
:1026C0000078052817D1002350A202215A20FFF7D5
:1026D00019FA10E04E480078012806D100234DA2D7
:1026E00002215A20FFF70EFA05E000234CA2022136
:1026F0005A20FFF707FA002003210223CDE900103A
:102700004848028804211E20FFF71CFA00200321FC
:102710000223CDE900104448028804215A20FFF723
:1027200011FA42480088FDF7E7FF0546404A414B51
:10273000FDF7E7FE0746FEF719F8044600200121E1
:1027400002232246CDE9001003211E20FFF7FAF9EB
:102750000020009001903848B0F90A200623032198
:102760005A20FFF7EFF9642005F0A8F900200321B3
:10277000CDE900103148B0F9000000EB80004200C4
:10278000022305211E20FFF7DDF900200221CDE9FB
:1027900000102B48B0F90020052319466020FFF7F0
:1027A000D1F928480022284BD0E900512846FDF7EE
:1027B000A8FE0746FDF7DAFF0446002002210B467B
:1027C0002246CDE9001006211E20FFF7BBF91F4865
:1027D00000221D4BD0E900512846FDF792FE074626
:1027E000FDF7C4FF0446002002210B462246CDE936
:1027F000001006215A20FFF7A5F939E77D000020D7
:1028000050533200415050004E524600413639007C
:102810003A00002053616D706C696E670000000023
:10282000524F5300200000202200002056000020BC
:102830009A9999999999B93FD80100207E00002072
:1028400090010020B801002000005940C80100207C
:102850002DE9F04104460F4615460A2F01DABDE87E
:10286000F0812078552808D160787E2805D1207A1B
:102870007E2802D1607A552803D0002000F021F88C
:10288000EDE7E0782179484061794840A17980EA14
:102890000106E079B04209D0304600F012F8A37981
:1028A00062792179E07800F037F8D8E7A0782870CD
:1028B000E07868706079E870287800F002F800BF6E
:1028C000CDE73EB5044655208DF800007E208DF8FA
:1028D00001008DF8024000208DF803008DF80400FF
:1028E0008DF805008DF806009DF803009DF8041092
:1028F00048409DF8051048409DF8061048408DF866
:1029000007007E208DF8080055208DF809000A2167
:102910006846FEF785F93EBDFEB504460D461646EF
:102920001F4655208DF800007E208DF801001120F3
:102930008DF802008DF803408DF804508DF8056085
:102940008DF806709DF803009DF8041048409DF82E
:10295000051048409DF8061048408DF807007E207D
:102960008DF8080055208DF809000A216846FEF709
:1029700057F9FEBD1948007801282ED11748C078B4
:10298000C0F18000164909784942484300B2154910
:10299000C88012484078C0F178001349097849424C
:1029A000484300B2114908800C480079002808DD2E
:1029B0000B480078401C0A49087001200C49087037
:1029C0000BE006480079002807DA05480078401E29
:1029D00003490870012006490870704778000020FC
:1029E000C000002090010020C10000207E000020D7
:1029F000700000201948007801282ED11748C078AF
:102A0000C0F18000164909784942484300B215498F
:102A1000C88012484078C0F17800134909784942CB
:102A2000484300B2114908800C480079002808DDAD
:102A30000B480078401C0A49087001200C490870B6
:102A40000BE006480079002807DA05480078401EA8
:102A5000034908700120064908707047780000207B
:102A6000C200002090010020C30000207E00002052
:102A7000700000202DE9F0410246002500260020CC
:102A800000230024002791F803C00CF00F0591F8F3
:102A900003C00CF0100CBCF1000F03D091F802C081
:102AA0004CEA050591F800C0BCF1000F31D0146864
:102AB00000202BE04FF0010C0CFA00F3B1F800C03D
:102AC0000CEA03069E4220D183004FF00F0C0CFA53
:102AD00003F7BC4305FA03FC4CEA040491F803C075
:102AE000BCF1280F06D14FF0010C0CFA00FCC2F823
:102AF00014C00AE091F803C0BCF1480F05D14FF0B3
:102B0000010C0CFA00FCC2F810C0401C0828D1D3FC
:102B10001460B1F800C0BCF1FF0F34DD5468002030
:102B20002EE000F1080C4FF0010808FA0CF3B1F8A0
:102B300000C00CEA03069E4221D183004FF00F0C27
:102B40000CFA03F7BC4305FA03FC4CEA040491F8C1
:102B500003C0BCF1280F05D100F1080C08FA0CF8ED
:102B6000C2F8148091F803C0BCF1480F07D100F1FE
:102B7000080C4FF0010808FA0CF8C2F81080401C4D
:102B80000828CED35460BDE8F0810000F0B50A46B5
:102B9000002300240021002500F00046B6F1004F7C
:102BA00002D11D4EF16901E01B4E7168C0F303456F
:102BB00083B200F44016B6F5401F08D121F07061D1
:102BC000154E766826F07066134F7E6012E000F4B2
:102BD0008016B6F5801F06D1032606FA05F4A14338
:102BE00041F0706106E0460D360103FA06F6B14386
:102BF00041F0706122B1460D360103FA06F6314309
:102C000000F00046B6F1004F02D1034EF16101E041
:102C1000014E7160F0BD000000000140024600203E
:102C200093680B400BB1012000E000207047416128
:102C30007047016170470AB1016100E0416170476E
:102C400000BFFEE710B500200E4908600E4800687E
:102C500020F470400C4908600846006840F4405079
:102C6000086000200949C1F8AC010120FEF7E4FB2F
:102C7000012004490860FEF7DFFB00200349C1F88A
:102C8000B00110BDB0012142040801400000214202
:102C900010B500200E4908600E48006820F470400E
:102CA0000C4908600846006840F440500860012064
:102CB0000949C1F8AC01FEF7BFFB012004490860D7
:102CC000FEF7BAFB00200449C1F8B00110BD0000B6
:102CD000B0012142040801400000214270B50546C0
:102CE00000241748006820F4704015490860084621
:102CF000006840F400400860002616E000201149FA
:102D000008600220FEF798FB01200F49C1F8B001CE
:102D10006006040E0B488438006808B1601CC4B219
:102D20000220FEF789FB701CC6B2082EE6DB15B147
:102D3000FFF788FF01E0FFF7ABFF204670BD000002
:102D400004080140B00121420000214270B5044650
:102D50001448006820F47040124908600846006872
:102D600040F44050086000200F490860002516E03C
:102D7000E0090D49091F08606006040E0120FEF7F6
:102D80005BFB01200949C1F8B001FEF755FB0020AB
:102D9000054908600120FEF74FFB681CC5B2082DED
:102DA000E6DB70BD04080140B00121420000214271
:102DB00010B51648006820F47040144908600846B1
:102DC000006840F440500860012011490860114833
:102DD000D0F82C0108B9002010BD01200C49091DB4
:102DE0000860FEF729FB00200A49C1F8AC01084839
:102DF0008038006808B10020EEE70120FEF71CFBD8
:102E000000200349091D08600120E5E7040801408E
:102E1000AC0121420000214210B50E48006820F4A8
:102E200070400C4908600846006840F44050086053
:102E30000020094908600949C1F8AC010120FEF7EA
:102E4000FBFA0120044908600449C1F8AC01FEF70F
:102E5000F3FA10BD04080140B001214200002142F4
:102E600010B500241548006820F47040134908602C
:102E70000846006840F400400860012010490860DE
:102E8000FEF7DAFA01200F49C1F8B001FEF7D4FAD3
:102E90000AE0601CC4B2322C03DDFFF7BDFF002046
:102EA00010BD0120FEF7C8FA0548803800680028E8
:102EB000EFD10349091D08600120F1E70408014032
:102EC000AC0121420000214239E0FEF7C7FB002897
:102ED00032D0322004F0F2FDFEF7C0FB60B30024D4
:102EE00017E0322004F0EAFDFEF7B8FB00B912E06B
:102EF0003C2C0CD14FF400511148FFF79AFEC8202A
:102F000004F0DCFD4FF400510D48FFF790FE601C0B
:102F1000C4B2C82CE5DB00BF142C0CDA09480078D9
:102F2000062805DA07480078401C0649087002E0C8
:102F300001200449087000BF322004F0BFFDC4E73F
:102F400000100140500000202DE9F04106460F46D8
:102F500014461D46FFF72CFF10B90120BDE8F08193
:102F60007106080EFFF7F2FEFFF77AFF18B9FFF7B8
:102F700053FF0120F2E73846FFF7E8FEFFF770FF46
:102F8000FFF716FF012101EB4601C8B2FFF7DEFE95
:102F9000FFF766FF0DE0012C04D10020FFF79EFE35
:102FA000287003E00120FFF799FE28706D1C601E59
:102FB000C4B2002CEFD1FFF72FFF0020CEE72DE9A0
:102FC000F04105460E4617469846FFF7F1FE10B948
:102FD0000120BDE8F0816906080EFFF7B7FEFFF794
:102FE0003FFF18B9FFF718FF0120F2E73046FFF75F
:102FF000ADFEFFF735FF00240BE018F80400FFF7E3
:10300000A5FEFFF72DFF18B9FFF706FF0020E0E748
:10301000641CBC42F1DBFFF7FFFE0020D9E770B56E
:1030200004460D461646F2B22B4621466820FFF7AD
:103030008BFF70BD13B5044601AB01222146682009
:10304000FFF7BDFF1CBD00BFFEE7704770B5002154
:1030500000230F22C47804B3154C246804F4E06400
:10306000C4F5E064210AC1F10403CA40447804FABB
:1030700003F184781440214309010E4C0678A155D0
:10308000047804F01F050124AC4005786D11AD00F3
:1030900005F1E025C5F8004109E0047804F01F05BA
:1030A0000124AC40044D0678761145F8264070BDE9
:1030B0000CED00E000E400E080E100E002490143A3
:1030C000024A1160704700000000FA050CED00E0B4
:1030D00070B504460D4605F1B001C8B200F00CF819
:1030E000102141EA141000F007F804F00F0141F03C
:1030F000010000F001F870BD10B50446102105482C
:10310000FFF795FD204600F07BFB10210148FFF7FB
:1031100090FD10BD0008014010B50446204600F0A7
:103120006FFB10BD1CB504460020019001200090EB
:1031300027E09DF80000204018B1012014490860E4
:1031400002E000201249086000201149083108609F
:103150001020FEF771F90F48D0F8000128B19DF852
:1031600004009DF80010084301900120084908312F
:1031700008601020FEF760F99DF800004006000E80
:1031800000909DF800000028D3DC9DF804001CBDD1
:10319000840122420000224200BF05F0C3FB0D491A
:1031A000086016E014210B4804F0C4FC0A48FEF73E
:1031B000C5FE0A48007801280BD007484078082847
:1031C00007D10548807920B90120044908700449D5
:1031D0000870E7E78C000020710000207D000020CF
:1031E0007000002001460020034A506820F440404F
:1031F00008435060704700000010024029B1064AA1
:10320000D2690243044BDA6104E0034AD269824383
:10321000014BDA61704700000010024029B1064AF4
:1032200012690243044B1A6104E0034A12698243A3
:10323000014B1A61704700000010024029B1064A94
:1032400092690243044B9A6104E0034A9269824303
:10325000014B9A61704700000010024029B1064AF4
:10326000D2680243044BDA6004E0034AD268824326
:10327000014BDA60704700000010024030B50021B9
:103280000022002400232D4D6D6805F00C0121B1B2
:10329000042905D0082923D105E0294D056022E045
:1032A000274D05601FE0254D6D6805F47012234D14
:1032B0006D6805F48034022505EB92421CB9214D5E
:1032C000554305600BE01D4D6D6805F400351DB1DB
:1032D0001C4D5543056002E0194D5543056002E061
:1032E000174D056000BF00BF144D6D6805F0F0017B
:1032F0000909154D6B5C0568DD4045600F4D6D6833
:1033000005F4E061090A104D6B5C4568DD4085609D
:103310000A4D6D6805F46051C90A0B4D6B5C456838
:10332000DD40C560054D6D6805F44041890B074DD2
:103330006B5CC568B5FBF3F5056130BD001002405C
:1033400000127A0000093D00700100208001002079
:103350002DE9F04F8FB0FEF793F800B20990FDF71A
:10336000BAF98246D24AD34BFDF7CBF881F000413F
:10337000CDE90A01FDF745FA0D90FDF72FFACE4A87
:1033800003C20020FEF7DEF8FEF7E0F800B2099075
:10339000FDF7A1F9C64AC74BCDE90A01FDF7B1F81F
:1033A0008246FDF72EFA0D90FDF718FAC34A03C2C4
:1033B0000020FEF723F9C248B0F9060040F2DC51C4
:1033C000884202DD0846BE49C880BD48B0F9060003
:1033D000BC49884203DA4FF62420B949C880B8496D
:1033E000B1F90600FDF777F90022B74BCDE90C01E2
:1033F000FDF7F9F88246FDF704FA0446B348B0F940
:103400000000FDF768F90022AF4BCDE90C01FDF794
:10341000EAF88246FDF7F5F906463046FDF7DEF993
:10342000CDE90A0104F062F902460B46CDE90C0130
:103430004FF06040A649FDF7D6F88246FDF7E1F966
:103440008046A248008800287CD04046FDF7C6F997
:10345000CDE90A014046FDF7C1F982469D4A9E4BDF
:10346000FDF749F8CDE906012046FDF7B7F9CDE9AA
:103470000401DDE90623FDF744F8CDE90801DDE9A3
:103480000A23FDF7B0F8CDE90C01FDF7BAF98A4936
:1034900088604046FDF7A2F9CDE90A014046FDF7F4
:1034A0009DF98C4A8C4BCDE90401FCF783FFCDE9F3
:1034B00008012046FDF792F9CDE90601DDE9082370
:1034C000FDF71FF88246DDE90A23FDF78CF8CDE908
:1034D0000C01FDF796F9794988603046FDF77EF9D1
:1034E0007E4A7F4BCDE90001FDF70BF8824604F0E0
:1034F000FDF802460B46CDE902014FF060407449E9
:10350000FDF771F8734A744BCDE90401FCF752FFE3
:1035100002460B46CDE906014FF060406C49FDF7CD
:1035200062F8CDE9080103F02FF86E4A6E4BCDE941
:103530000A01FCF7E6FFCDE90C01FDF762F905464B
:1035400005E0FFE75C4884605C488460002528460D
:10355000FDF744F98246654A654BFCF7D2FFCDE999
:1035600006012846FDF73AF9CDE902012846FDF7A4
:1035700035F982465F4A604BFCF7C3FFCDE9000195
:10358000DDE90223FCF7BDFFCDE90401DDE90623F7
:10359000FCF710FF81F000410022584BCDE90801F3
:1035A000FCF7AFFF564A574BCDE90A01FDF71BF870
:1035B000CDE90C01FDF725F9074653493846FCF7DC
:1035C00089FE83460021FCF72DFE8246FDF7A1F817
:1035D0000FFA80F94846FEF715FE3748D0E900217A
:1035E0001046FDF70EF98246334988685146FEF7CA
:1035F00033FE314988813149D1E900211046FDF778
:1036000000F982462D4988685146FEF789FE2B490C
:10361000888129498989494208B2FEF751F827492A
:10362000B1F90C00FEF776F82349D1E900A181F049
:103630000043224903C95246CDE90601FCF7BAFE10
:1036400000224FF08043CDE90801FCF7CCFF0022B7
:103650001D4BCDE90A01FCF754FFCDE90C01FDF744
:1036600085F800B216490880002048801249D1E947
:1036700000A181F00043114803C85246CDE906017C
:10368000FCF798FE134A214BCDE90801FCF7ABFF8C
:1036900000220D4BCDE90A01FCF733FFCDE90C0107
:1036A000FDF764F800B2064988800FB0BDE8F08FDE
:1036B000E3775F723A55733FB8010020C8010020DC
:1036C0009001002024FAFFFF00408F407E00002080
:1036D000CEF7C33F1F85EB51B81EB53FCAC342ADFD
:1036E00069DE913F144C77B6D7A54C409BE61DA7E9
:1036F000E848F33F091B9E5E29CB703F008066407F
:10370000A7E8482EFF21094000002041B81EC53F10
:1037100010B51B48FEF78CF81948408819490880F5
:1037200017480088404200B2488015488088888049
:103730001548FEF79DF81448008814490988084484
:1037400000B2114908800846408810494988084459
:1037500000B20D494880084680880C498988084491
:1037600000B209498880084640880649C880064852
:103770000088404200B2088103488088488110BD1B
:1037800058000020D80100205E00002064000020C6
:1037900000BF05F0C7F8184908602CE0142116484E
:1037A00004F0C8F91548007808B3144800780128D7
:1037B00002D1FDF79BFC1AE010480078022802D1E4
:1037C000FDF7E0FB13E00D480078032802D1FDF778
:1037D00097FD0CE009480078042802D1FFF70AF9A8
:1037E00005E006480078052801D1FFF7C3F8FEF789
:1037F000D7FBFFF78DFFD1E7840000207D0000207C
:1038000010B5044600BF02210A4800F021F8002844
:10381000F9D02146074800F027F800BF01210548EC
:1038200000F016F80028F9D0024800F01AF8C0B2EB
:1038300010BD00000030014021B1028842F040027A
:10384000028004E002884FF6BF731A40028070477E
:103850000246002013890B400BB1012000E000203C
:1038600070470146888970478181704710B50022F2
:10387000028802F441520B884C8823438C882343EE
:10388000CC8823430C8923434C8923438C892343CD
:10389000CC8923431A430280838B4FF2FF74234069
:1038A00083830B8A038210BD10B500F001F810BDB0
:1038B0000CB50020019000903348006840F480303F
:1038C0003149086000BF3048006800F400300090C3
:1038D0000198401C0190009818B90198B0F5A06FAC
:1038E000F1D12948006800F4003010B101200090A7
:1038F00001E0002000900098012843D1234800688F
:1039000040F01000214908600846006820F00300DC
:1039100008600846006840F0020008601A484068E5
:10392000194948600846406848600846406840F4C5
:10393000806048600846406820F47C104860084673
:10394000406840F4E81048600846006840F0807025
:10395000086000BF0C48006800F000700028F9D033
:103960000948406820F0030007494860084640685D
:1039700040F00200486000BF0348406800F00C00BF
:103980000828F9D10CBD00000010024000200240C0
:103990002DE9FF41074655260020FEF7DFFB0020FA
:1039A000FEF706FC0020FEF72DFC00252BE04FF46F
:1039B00080717E48FFF73BF91420FDF733FD4FF48B
:1039C00080717A48FFF735F91420FDF72BFD02A826
:1039D000FDF74EFF76480088BDF80810084400B295
:1039E0007349088008464088BDF80A10084400B2B0
:1039F0006F49488008468088BDF80C10084400B222
:103A00006B4988806D1C0A2DD1DB6948B0F9000034
:103A100040420A2190FBF1F000B265490880084657
:103A2000B0F9020040420A2190FBF1F000B2604977
:103A300048800846B0F9040040420A2190FBF1F0AA
:103A400000B25B498880002522E000240BE0E006FC
:103A5000060E4FF480715548FFF7E9F81420FDF782
:103A6000E1FC601CC4B21E2CF1DB14240DE004EB5D
:103A700044008006060E4FF480714C48FFF7D9F8D9
:103A80001420FDF7CFFC601EC4B2002CEFDC6D1CCF
:103A9000032DDADB4FF480714448FFF7C8F84FF488
:103AA00000514448FFF7C5F86420FDF7BBFC4FF414
:103AB00000514048FFF7BBF8FDF76CFF00233EA222
:103AC00019461846FEF71EF8002340A201211846A9
:103AD000FEF718F8002343A202211846FEF712F859
:103AE000002346A202211E20FEF70CF8002345A267
:103AF00003211846FEF706F8002348A204211846C1
:103B0000FEF700F800234BA205211846FDF7FAFF47
:103B100000234EA206211846FDF7F4FF03F062FED3
:103B20005048032100234FF48072CDE900104EA1CC
:103B3000504804F0B7FE5048042100238022CDE90C
:103B400000104EA1504804F0ADFE5048062100235D
:103B50008022CDE900104EA1504804F0A3FE504849
:103B60000A2100238022CDE900104EA1504804F024
:103B700099FE50480B2100238022CDE900104EA170
:103B8000504804F08FFE50480B2100234FF4807200
:103B9000CDE900104DA1504804F084FE4F48006864
:103BA00004F038F803F060FEBDE8FF810008014032
:103BB00064000020001001402020202A2046534DA0
:103BC00020414B4D202A2020200000002D2D2D2D9E
:103BD0002D2D2D2D2D2D2D2D2D2D2D2D2D2D2D2D15
:103BE0002D000000205665723A56302E3030204DA0
:103BF0006F643A524F5320202000000056312E307F
:103C00003000000020566F6C3A31322E3256204779
:103C1000797A3A3030303030200000002064313A78
:103C200030302E3030302064323A30302E30303068
:103C30000000000020416E673A3030302E303020D6
:103C400056656C3A302E303030200000204D544103
:103C50003A30302E3030204D54423A2D302E303014
:103C60002000000004000020526F626F745F5461F6
:103C7000736B000091370008080000204B65795FE6
:103C80005461736B00000000C92E00080C00002076
:103C9000446973705F5461736B0000006D26000807
:103CA000100000205472697669615F5461736B0083
:103CB000CD460008140000205073325F5461736BCE
:103CC00000000000993100081C0000204136395FD7
:103CD0005461736B00000000510C000800000020CC
:103CE000042808D14FF0E021096941F004014FF0A8
:103CF000E022116107E04FF0E021096921F00401A1
:103D00004FF0E0221161704710B504F0FBFD01286F
:103D100001D004F071FA10BD10B51348006840F0EE
:103D200001001149086008464068104908400E49E2
:103D30004860084600680E4908400B49086008467C
:103D4000006820F4802008600846406820F4FE00E7
:103D500048604FF41F008860FFF7A6FD4FF0006039
:103D60000449086010BD0000001002400000FFF888
:103D7000FFFFF6FE08ED00E0F0B50C461546002208
:103D80000021068C4FF6FE773E400684028B018CA4
:103D90004FF60C7632407E1C06EA03162E43324361
:103DA000104EB0420ED0104EB0420BD0B0F1804F4A
:103DB00008D00E4EB04205D00D4EB04202D00D4E8E
:103DC000B04206D14FF6FD76314044F00106314352
:103DD00005E04FF6F576314044F0010631430283A9
:103DE0000184F0BD002C014000340140000400407B
:103DF00000080040000C0040F0B50C4615460022BB
:103E000000210026078C4FF6EF7C07EA0C07078499
:103E1000028B018C4FF6FF7707EA041640F6FF4746
:103E20003A404FF6FF7707EA03373A434FF6FF77FA
:103E300007EA05273A43114FB8420ED0104FB84257
:103E40000BD0B0F1804F08D00E4FB84205D00E4FC6
:103E5000B84202D00D4FB84206D14FF6DF77394055
:103E600046F01007394305E04FF65F77394044F0DC
:103E70001007394302830184F0BD0000002C01408B
:103E8000003401400004004000080040000C0040E5
:103E9000F0B50C461546002200210026078C4FF68F
:103EA000FF6C07EA0C070784828B018C4FF6FF77C3
:103EB00007EA04264FF60C773A404FF6FF7707EAF9
:103EC00003172F433A43114FB8420ED0104FB84258
:103ED0000BD0B0F1804F08D00E4FB84205D00E4F36
:103EE000B84202D00D4FB84206D14FF6FF573940C5
:103EF00046F48077394305E04FF2FF57394044F4E8
:103F00008077394382830184F0BD0000002C01409A
:103F1000003401400004004000080040000C004054
:103F2000F0B50C461546002200210026078C4EF6FF
:103F3000FF7C07EA0C070784828B018C4FF6FF7722
:103F400007EA043640F6FF473A404FF6FF7707EAA4
:103F500005273A434FF6FF7707EA03373A43114FF5
:103F6000B8420ED0104FB8420BD0B0F1804F08D0FD
:103F70000E4FB84205D00E4FB84202D00D4FB84296
:103F800006D14DF6FF77394046F48057394305E0B6
:103F900047F6FF57394044F4805739438283018400
:103FA000F0BD0000002C014000340140000400403E
:103FB00000080040000C004021B1028842F080025D
:103FC000028004E002884FF67F731A400280704737
:103FD00021B1028842F00102028004E002884FF61B
:103FE000FE731A400280704731B1B0F8442042F4A9
:103FF0000042A0F8442005E0B0F84420C2F30E02CD
:10400000A0F844207047000010B504466848844278
:1040100008D10121C014FFF721F90021E014FFF7B6
:104020001DF9C4E0B4F1804F08D101210846FFF723
:10403000F5F800210120FFF7F1F8B8E05D4884426F
:1040400008D101210220FFF7E9F800210220FFF743
:10405000E5F8ACE05848844208D101210420FFF77C
:10406000DDF800210420FFF7D9F8A0E0534884428E
:1040700008D101210820FFF7D1F800210820FFF71F
:10408000CDF894E04E48844208D101211020FFF77A
:10409000C5F800211020FFF7C1F888E049488442A4
:1040A00008D101212020FFF7B9F800212020FFF7D7
:1040B000B5F87CE04448844208D101214014FFF760
:1040C000CDF800216014FFF7C9F870E03F48844242
:1040D00009D10121C804FFF7C1F800214FF40020E5
:1040E000FFF7BCF863E03A48844209D10121080592
:1040F000FFF7B4F800214FF48010FFF7AFF856E057
:104100003448844209D101214805FFF7A7F800216E
:104110004FF40010FFF7A2F849E02F48844208D17D
:1041200001214020FFF77AF800214020FFF776F8C0
:104130003DE02A48844208D101218020FFF76EF833
:1041400000218020FFF76AF831E02548844208D139
:1041500001218015FFF762F80021A015FFF75EF836
:1041600025E02048844209D101210804FFF776F8B0
:1041700000214FF48030FFF771F818E01A488442AC
:1041800009D101214804FFF769F800214FF40030FC
:10419000FFF764F80BE01548844208D10121880438
:1041A000FFF75CF800214FF48020FFF757F810BDAF
:1041B000002C01400004004000080040000C0040BA
:1041C000001000400014004000340140004C014049
:1041D000005001400054014000180040001C004005
:1041E00000200040004001400044014000480140E0
:1041F000F0B50C4615461E46002100220023018919
:10420000028B038C4FF6F877394021434FF6FC4779
:104210003A4040F201173A434FF6DD773B404FF604
:10422000FF7707EA06172F433B430181028303848C
:10423000F0BD000070B505460C46244885420ED0FE
:10424000234885420BD0B5F1804F08D021488542E4
:1042500005D02148854202D02048854200D100E0A7
:1042600000BF208850B92389A28861882846FFF7BB
:1042700083FDE188284600F0A1F925E02088042884
:104280000AD12389A28861882846FFF7B5FDE18815
:10429000284600F09CF917E0208808280AD12389D5
:1042A000A28861882846FFF7F3FDE188284600F0E0
:1042B0009BF909E02389A28861882846FFF730FE30
:1042C000E188284600F099F970BD0000002C0140FB
:1042D000003401400004004000080040000C004091
:1042E000002101804180012181800021C180018164
:1042F0007047000070B5002400220023058C4FF6A3
:10430000FE7635400584028C8388048B4FF68F75CA
:104310002C40B51E2C400D882C43751E2A400D895B
:104320002A434D882A43144DA8420BD0134DA8426E
:1043300008D0134DA84205D0124DA84202D0124D0C
:10434000A84213D14FF6F7752A404D892A434FF6FC
:10435000FB752A408D882A434FF6FF652B404FF6A8
:10436000FF552B408D892B43CD892B4383800483BC
:10437000CD888586028470BD002C01400034014048
:104380000040014000440140004801400A4600212D
:10439000018B4FF6F77319401143018370470000FA
:1043A00070B5002400220023058C4FF6EF763540CF
:1043B0000584028C8388048B48F6FF752C404FF6E9
:1043C000FF452C400D884FF6FF7606EA05252C4365
:1043D0004FF6DF752A400D8906EA05152A434D88F8
:1043E00006EA05152A43154DA84202D0144DA842ED
:1043F0001DD14FF67F752A404D894FF6FF7606EAAC
:1044000005152A434FF6BF752A408D8806EA051523
:104410002A434FF6FF352B404FF2FF752B408D8915
:1044200006EA85052B43CD8906EA85052B43838063
:104430000483CD880587028470BD0000002C0140F4
:10444000003401400A460021018B4FF2FF731940EE
:104450004FF6FF7303EA02231943018370470000FC
:1044600070B5002400220023058C4FF6FF6635400E
:104470000584028C8388848B4FF68F752C404FF611
:10448000FC752C400D882C434FF6FF552A400D89B2
:104490004FF6FF7606EA05252A434D8806EA0525EC
:1044A0002A43154DA84202D0144DA8421DD14FF207
:1044B000FF752A404D894FF6FF7606EA05252A4307
:1044C0004FF6FF352A408D8806EA05252A434EF629
:1044D000FF752B404DF6FF752B408D8906EA0515BB
:1044E0002B43CD8906EA05152B4383808483CD8831
:1044F0008587028470BD0000002C0140003401401B
:104500000A460021818B4FF6F773194011438183CE
:104510007047000070B5002200230024058C4EF681
:10452000FF7635400584038C8488828B48F6FF75BE
:104530002A404FF6FF452A400D884FF6FF7606EADF
:1045400005252A434DF6FF752B400D8906EA0535F2
:104550002B434D8806EA05352B430B4DA84202D06C
:104560000A4DA84208D14BF6FF752C408D894FF6B5
:10457000FF7606EA85152C4384808283CD88A0F8D7
:104580004050038470BD0000002C01400034014005
:104590000A460021818B4FF2FF7319404FF6FF73DB
:1045A00003EA02231943818370478186704701879C
:1045B000704781877047A0F840107047028B4FF614
:1045C000F3731A400283028B0A4302837047028B03
:1045D0004FF2FF331A400283028B4FF6FF7303EA58
:1045E00001231A4302837047828B4FF6F3731A40FC
:1045F0008283828B0A4382837047828B4FF2FF3320
:104600001A408283828B4FF6FF7303EA01231A4319
:1046100082837047002202881D4B98420ED01D4BAA
:1046200098420BD0B0F1804F08D01B4B984205D078
:104630001A4B984202D01A4B984204D14FF68F730E
:104640001A404B881A43174B984207D0164B984292
:1046500004D04FF6FF431A40CB881A4302808B8860
:1046600083850B8803850A4B98420BD0094B9842EF
:1046700008D00E4B984205D00D4B984202D00D4BFE
:10468000984201D10B7A0386012383827047000090
:10469000002C0140003401400004004000080040AC
:1046A000000C004000100040001400400040014099
:1046B00000440140004801404FF6FF718180002115
:1046C0000180C1804180017270470000ABE0FDF7BE
:1046D0004FFF5549088008460088B0F5856F64DCB7
:1046E00010215248FEF79AFAC0F10100C4B22246E6
:1046F00010214E48FEF79FFA4B480088B0F57D7FA9
:1047000057DA10214948FEF792FA47480088B0F579
:10471000767F46DA46480088401C454908800846AE
:1047200000880A2845DD4FF480714248FEF781FA7F
:1047300010213E48FEF77BFA3F48006803F02CFC4E
:104740003E48006803F028FC0020FCF7B9FF002079
:10475000FCF7E0FFFDF71EF922E0002338A2032159
:104760001846FDF7CFF900233BA205211846FDF7B7
:10477000C9F94FF400512D48FEF75BFA1E2003F0F3
:104780009DF94FF400512948FEF751FA4FF47A7021
:1047900003F094F9FDF7FEF84FF47A7003F08EF908
:1047A000DBE700202249088003E010211F48FEF7C4
:1047B00040FA2F48007820B32D48007801280FD107
:1047C00041031A48FEF735FAC82003F077F94FF491
:1047D00000511648FEF72BFA00202549087010E01A
:1047E0004FF400511148FEF724FA4FF47A7003F0A9
:1047F00065F94FF400510D48FEF719FA00201C49E5
:1048000008704FF480710B48FEF708FAC0F1010000
:10481000C4B222464FF480710648FEF70CFA4FF4FA
:10482000FA7003F04BF952E75600002000100140E7
:104830008800002000080140040000200C00002037
:1048400020202020204C6F7720706F776572202009
:1048500020202020000000002020526F626F742072
:104860006861732073746F707065642000000000CD
:104870007000002010B540F22551F64800F0E6FF28
:1048800000287CD0F34801F09DF8C4B240F22551D5
:10489000F04800F0B3FFF048007804280BDAAA2CA7
:1048A00005D1ED480078401CEB490870CBE00020B2
:1048B000E9490870C7E0E84800780A2870DAE64855
:1048C000007803286CDDE4480078001F062868D2D1
:1048D000DFE800F003156E80929F54B9DE4800783F
:1048E000401CDD490870DD4800782044DB49087031
:1048F000A1E00020D8490870D849087000BF022CF8
:104900000DD10220D6490870D3480078401CD24906
:104910000870D24800782044D04908708BE00D2CF4
:104920000DD10D20CE490870CB480078401CCA49F3
:104930000870CA4800782044C84908707BE00F2CF2
:104940000DD10F20C6490870C3480078401CC249E9
:104950000870C24800782044C04908706BE0102CF1
:104960000ED11020BE490870BB480078401CBA49DF
:104970000870BA4800782044B84908705BE0E5E068
:10498000142C0FD11420B6490870B3480078401C8D
:10499000B1490870B14800782044B04908704AE035
:1049A0004AE047E00020AC490870AC49087000BFFD
:1049B00054B9A9480078401CA7490870A748007856
:1049C0002044A649087036E00020A3490870A34996
:1049D000087000BF54B9A0480078401C9E49087078
:1049E0009E48007820449D49087024E000209A49A0
:1049F00008709A49087000BF9A4804709648007879
:104A0000401C9549087095480078204493490870E7
:104A100011E09448007800EB0420924908708E4819
:104A20000078401C8C4908708C48007820448B49E1
:104A3000087000E000BF06E0874800780A2802D12D
:104A40000020894908708648007802287ED186486F
:104A500000780028FAD180480078092876DD7E4861
:104A60000078BE2873DA7C4800780A380F2190FB62
:104A7000F1F201FB12007D490870084600780F280A
:104A800066D2DFE800F0081A36496A7D9AB7D4FF8B
:104A9000FDFCFBFAF9007648007800EB80007549D0
:104AA00021F820406D48007820446C4908706A481D
:104AB0000078401C6849087085E16D48007800EB7B
:104AC00080006C4931F8200000EB042000B26849F6
:104AD000097801EB8101674A22F821005F480078DC
:104AE00020445E4908705C480078401C5A490870B0
:104AF00069E15F48007800EB80005E4901EB8000CF
:104B00004480564800782044544908705248007840
:104B1000401C5149087056E15548007800EB800070
:104B2000544901EB8000408800EB0420504909788B
:104B300001EB81014F4A02EB810148804748007830
:104B40002044464908704448007802E0AAE13BE16D
:104B500038E1401C4049087035E14548007800EBD9
:104B60008000444901EB800044603C4800782044C8
:104B70003A49087038480078401C3749087022E1EB
:104B80003B48007800EB80003A4901EB8000406828
:104B900000EB04203649097801EB8101354A02EB2C
:104BA000810148602D48007820442C4908702A482B
:104BB0000078401C2849087005E12D48007800EB7A
:104BC00080002C4901EB8000406800EB044028493C
:104BD000097801EB8101274A02EB810148601F48F7
:104BE000007820441D4908701B480078401C1A4971
:104BF0000870E8E01E48007800EB80001D4901EBDA
:104C00008000406800EB04601949097801EB8101DC
:104C1000184A02EB810148601048007820440F498F
:104C200008700D480078401C0B490870CBE0104814
:104C3000007800EB80000F4901EB80000472074808
:104C4000007820440549087003480078401C024958
:104C50000870B8E0004C0040EC000020ED0000209F
:104C6000EF000020F0000020F8000020F9000020F4
:104C7000EE0000207004002081E06DE04FE031E0A4
:104C800013E0FFE78848007800EB8000874901EBDC
:104C90008000C460864800782044854908708548B3
:104CA0000078401C834908708DE07F48007800EB55
:104CB00080007E4901EB8000C06800EB04207A4947
:104CC000097801EB8101794A02EB8101C8607848DB
:104CD000007820447649087076480078401C754971
:104CE000087070E07048007800EB80006F4901EBBD
:104CF0008000C06800EB04406B49097801EB81013A
:104D00006A4A02EB8101C86069480078204468491A
:104D1000087068480078401C6649087053E0624893
:104D2000007800EB8000614901EB8000C06800EB77
:104D300004605D49097801EB81015C4A02EB810165
:104D4000C8605B4800782044594908705948007889
:104D5000401C5849087036E05348007800EB80004A
:104D6000524901EB800004825148007820445049A8
:104D7000087050480078401C4E49087023E04A48AB
:104D8000007800EB8000494901EB8000008A00EBCD
:104D9000042000B24449097801EB8101434A02EB47
:104DA0008101088242480078204441490870414806
:104DB0000078401C3F4908703B480078401C3A4945
:104DC000087000E000BF00BF3A480078BE280CD150
:104DD0003948046037480078401C36490870344828
:104DE00000782044324908705CE032480078BF28DF
:104DF00010D13148006800EB04202F4908602D488D
:104E00000078401C2B490870294800782044284924
:104E1000087047E027480078C02810D1264800686D
:104E200000EB04402449086022480078401C2149D6
:104E300008701F48007820441D49087032E01D4862
:104E40000078C12810D11C48006800EB04601A49A2
:104E5000086018480078401C16490870144800780B
:104E60002044134908701DE012480078C22819D167
:104E70000F480078844206D101F006FD0F480088F3
:104E8000401C0E490880094800880D490880002010
:104E9000074908700749087001200A490870002076
:104EA0000149087010BD0000EE00002070040020D1
:104EB000ED000020EC000020F4000020260000207F
:104EC00022000020F800002070B540F225511B4858
:104ED00000F0BCFC002830D0184800F073FDC5B2CB
:104EE00017490988481CC11700EB5161C911A0EB93
:104EF000C1118CB213480088844206D01248104970
:104F0000098845540E48048016E000230FA20121B1
:104F10001846FCF7F7FD0B490988481CC11700EB40
:104F20005161C911A0EBC111064A1180064804491C
:104F3000098845540248048000BF70BD00500040FD
:104F4000D0000020D2000020E90200202062756617
:104F5000665F6F7665727772697465212120000043
:104F600010B540F225514C4800F070FC002874D078
:104F7000494800F027FDC4B248480078032823DAE6
:104F80004648007838B9AA2C7ED1454804700120E3
:104F90004249087078E04148007801280BD1552C2F
:104FA00005D13F48447002203C4908706CE0002065
:104FB0003A49087068E03A4884700320374908701D
:104FC000601E384908705FE035488078401E3349DC
:104FD000097888420EDD32483049097844542F4818
:104FE0000078401C2D4908702E48007820442D4937
:104FF000087049E00020294908702A480078844256
:1050000042D10020284908702548C078502825D171
:10501000234840792249097940EA012000B2234916
:10502000C8801F48C0791E49897940EA012000B232
:105030001E4908811A48407A1949097A40EA012034
:1050400000B21A4948810A46B2F90A10B2F90600BC
:10505000FBF72CFF1649088016E01BE01048C078CB
:10506000602811D10E4840790D49097940EA0120A4
:1050700000B2104908800A48C0790949897940EA94
:10508000012000B20B494880012240F2255102481C
:1050900000F006FC10BD000000380140C5000020F3
:1050A00018020020C60000207D0000209001002092
:1050B0007E0000208000002010B540F225513348CA
:1050C00000F0C4FB00285FD0304800F07BFCC4B285
:1050D0002F480078032823DA2D48007838B9AA2C05
:1050E0004CD12C48047001202949087046E028481A
:1050F000007801280BD1552C05D126484470022098
:10510000234908703AE000202149087036E0214820
:10511000847003201E490870601E1F4908702DE02E
:105120001C488078401E1A49097888420EDD1948CB
:1051300017490978445416480078401C14490870EF
:105140001548007820441449087017E000201049E1
:10515000087011480078844210D101200F4908706E
:105160000C48C078302809D10A480079552805D163
:1051700002200B49087001200A490870012240F200
:105180002551024800F08CFB10BD00000044004097
:10519000C800002068020020C9000020C7000020CD
:1051A0007D0000207000002010B540F22551F64827
:1051B00000F04CFB00287CD0F34800F003FCC4B2A4
:1051C00040F22551F04800F019FBF048007804281F
:1051D0000BDAAA2C05D1ED480078401CEB49087089
:1051E000CBE00020E9490870C7E0E84800780A28C9
:1051F00070DAE648007803286CDDE4480078001F88
:10520000062868D2DFE800F003156E80929F54B93B
:10521000DE480078401CDD490870DD4800782044F5
:10522000DB490870A1E00020D8490870D84908700F
:1052300000BF022C0DD10220D6490870D348007857
:10524000401CD2490870D24800782044D0490870E8
:105250008BE00D2C0DD10D20CE490870CB48007885
:10526000401CCA490870CA4800782044C8490870E0
:105270007BE00F2C0DD10F20C6490870C348007881
:10528000401CC2490870C24800782044C0490870D8
:105290006BE0102C0ED11020BE490870BB4800787E
:1052A000401CBA490870BA4800782044B8490870D0
:1052B0005BE0E5E0142C0FD11420B6490870B34828
:1052C0000078401CB1490870B14800782044B049CA
:1052D00008704AE04AE047E00020AC490870AC4959
:1052E000087000BF54B9A9480078401CA74908704D
:1052F000A74800782044A649087036E00020A3495A
:105300000870A349087000BF54B9A0480078401C39
:105310009E4908709E48007820449D49087024E00A
:1053200000209A4908709A49087000BF9A48047092
:1053300096480078401C95490870954800782044AC
:105340009349087011E09448007800EB04209249DA
:1053500008708E480078401C8C4908708C48007892
:1053600020448B49087000E000BF06E087480078C1
:105370000A2802D10020894908708648007802284E
:105380007ED1864800780028FAD180480078092824
:1053900076DD7E480078BE2873DA7C4800780A38CB
:1053A0000F2190FBF1F201FB12007D4908700846C5
:1053B00000780F2866D2DFE800F0081A36496A7DC7
:1053C0009AB7D4FFFDFCFBFAF9007648007800EBB1
:1053D0008000754921F820406D48007820446C49D0
:1053E00008706A480078401C6849087085E16D487B
:1053F000007800EB80006C4931F8200000EB0420BD
:1054000000B26849097801EB8101674A22F821005E
:105410005F48007820445E4908705C480078401C72
:105420005A49087069E15F48007800EB80005E49E6
:1054300001EB8000448056480078204454490870AD
:1054400052480078401C5149087056E15548007890
:1054500000EB8000544901EB8000408800EB042001
:105460005049097801EB81014F4A02EB81014880E4
:10547000474800782044464908704448007802E0D4
:10548000AAE13BE138E1401C4049087035E145485C
:10549000007800EB8000444901EB800044603C4808
:1054A000007820443A49087038480078401C374951
:1054B000087022E13B48007800EB80003A4901EB9C
:1054C0008000406800EB04203649097801EB810137
:1054D000354A02EB810148602D48007820442C4970
:1054E00008702A480078401C2849087005E12D48BA
:1054F000007800EB80002C4901EB8000406800EB55
:1055000004402849097801EB8101274A02EB810117
:1055100048601F48007820441D4908701B480078E7
:10552000401C1A490870E8E01E48007800EB800033
:105530001D4901EB8000406800EB046019490978BF
:1055400001EB8101184A02EB8101486010480078A4
:1055500020440F4908700D480078401C0B49087022
:10556000CBE01048007800EB80000F4901EB800091
:105570000472074800782044054908700348007801
:10558000401C02490870B8E000480040D4000020E8
:10559000D5000020D7000020D8000020E000002027
:1055A000E1000020D60000206C03002081E06DE0C7
:1055B0004FE031E013E0FFE78848007800EB80001F
:1055C000874901EB8000C460864800782044854903
:1055D000087085480078401C834908708DE07F483A
:1055E000007800EB80007E4901EB8000C06800EB92
:1055F00004207A49097801EB8101794A02EB8101A3
:10560000C860784800782044764908707648007869
:10561000401C7549087070E07048007800EB80000D
:105620006F4901EB8000C06800EB04406B490978CA
:1056300001EB81016A4A02EB8101C8606948007888
:1056400020446849087068480078401C6649087022
:1056500053E06248007800EB8000614901EB800074
:10566000C06800EB04605D49097801EB81015C4A88
:1056700002EB8101C8605B480078204459490870FA
:1056800059480078401C5849087036E05348007863
:1056900000EB8000524901EB800004825148007801
:1056A00020445049087050480078401C4E4908700A
:1056B00023E04A48007800EB8000494901EB800074
:1056C000008A00EB042000B24449097801EB810113
:1056D000434A02EB81010882424800782044414954
:1056E000087041480078401C3F4908703B480078EA
:1056F000401C3A49087000E000BF00BF3A480078FB
:10570000BE280CD13948046037480078401C36491F
:105710000870344800782044324908705CE0324810
:105720000078BF2810D13148006800EB04202F49D1
:1057300008602D480078401C2B49087029480078E3
:1057400020442849087047E027480078C02810D135
:105750002648006800EB044024490860224800788D
:10576000401C214908701F48007820441D490870DA
:1057700032E01D480078C12810D11C48006800EBB9
:1057800004601A49086018480078401C16490870DF
:10579000144800782044134908701DE0124800782E
:1057A000C22819D10F480078844206D100F0FCFFCE
:1057B0000F480088401C0E490880094800880D49A0
:1057C00008800020074908700749087001200A492D
:1057D000087000200149087010BD0000D6000020AC
:1057E0006C030020D5000020D4000020DC00002045
:1057F0002400002020000020E000002010B500223E
:10580000002340F66A14A14200D100BF0A1201240D
:105810009440A3B2DC43048010BD21B1828942F4DC
:105820000052828104E082894DF6FF731A40828122
:10583000704702460020B1F5007F00D100BF1388F9
:105840000B400BB1012000E00020704770B502460C
:10585000002400230025002040F66A16B14200D142
:1058600000BFC1F3421501F01F03012606FA03F33E
:10587000012D02D19689334006E0022D02D1168A0D
:10588000334001E0968A33400C12012606FA04F4F4
:105890001688344013B10CB1012000E0002070BD27
:1058A000F0B50346002400260025002040F66A17C4
:1058B000B94200D100BF1846C1F3421401F01F06DF
:1058C000012707FA06F5012C01D10C3004E0022C67
:1058D00001D1103000E014301AB107682F4307607F
:1058E00002E00768AF430760F0BD00002DE9F04714
:1058F00086B005460E460024A24600BFA1460027FA
:10590000B08900B100BF2F462C8A4CF6FF700440CE
:10591000F08804432C82AC894EF6F3100440B08822
:1059200031890843718908430443AC81AC8A4FF63E
:10593000FF400440B0890443AC8201A8FDF79EFCFF
:105940001F48874202D1DDF810A001E0DDF80CA06D
:10595000A88900F4004040B10AEBCA0000EB0A102D
:1059600031684900B0FBF1F807E00AEBCA0000EB30
:105970000A1031688900B0FBF1F86420B8FBF0F040
:1059800004012009642101FB1089A88900F400406A
:1059900040B1322000EBC900B0FBF1F000F007008D
:1059A000044308E0322000EB09106421B0FBF1F061
:1059B00000F00F0004432C8106B0BDE8F087000022
:1059C0000038014001468888C0F308007047C1F3E1
:1059D00008028280704700BFFEE700000FB4054B4D
:1059E00010B503A9044A029800F09CFB10BC5DF8B6
:1059F00014FB00006969000884010020490050EA96
:105A0000C12018BF04204A0D18BF40F0010040F229
:105A1000FF72B2EB515F08BF40F00200012808BFDF
:105A2000052070472DE9F74F144694B00021C4E9D2
:105A300002111599079121F00045C9498D4206DCF4
:105A40001599C4E9000117B00020BDE8F08FC549E1
:105A5000DFF814A3A9423CDD0799C44E0029C44FC6
:105A6000C44A1599534619DDFAF745FD554506D048
:105A7000C14AC24BFAF73FFDC4E900010AE04FF00A
:105A8000D352BE4BFAF737FD32463B46FAF733FDA9
:105A9000C4E9000117B00120BDE8F08FFAF78AFCD5
:105AA000554506D0B44AB54BFAF784FCC4E9000169
:105AB0000AE04FF0D352B14BFAF77CFC32463B463A
:105AC000FAF778FCC4E9000117B04FF0FF30BDE8E9
:105AD000F08FAB49A942159978DB21F0004183464C
:105AE0008846A84AA84BFAF70CFD0022A74BFAF704
:105AF00061FCFAF73BFE0990FAF7EDFD06460F460A
:105B00009C4A5346FAF7FDFC43465A46FAF7F6FC20
:105B100080468A46984A994B30463946FAF7F1FC56
:105B20002A0D01250B9242465346FAF7E7FC032D56
:105B3000C4E9000139D00B98C1F30A51401A05EBB2
:105B400045111139814230DA9148C346784400EB5F
:105B50000510CDF80CA00C90D0E900233046394652
:105B6000FAF7CFFC02460B4604910690584603997B
:105B7000FAF7C1FC80468A4602460B46584603990E
:105B8000FAF7B9FC049B069AFAF7B5FC83460C9821
:105B900003913946D0E902233046FAF7B2FC5A465F
:105BA000039BFAF7A8FC6D1CBDE707980028A2BF6D
:105BB000099817B0BDE8F08F616881F0004161601D
:105BC000099817B04042BDE8F08FFFE7844615986A
:105BD000C1F31301C0F30A50A0F2F5304FEA601888
:105BE00000F01F06C6F120001390002006900790D9
:105BF00041F4801E05206D4676B1664A08EB00012F
:105C00007A4452F8213002EB8101B3404A6813997B
:105C100022FA01F1194305E05F4908EB00027944DB
:105C200051F82210A1FB0E27A1FB0C131A449A4233
:105C300034BF0123002303EB070A05EB8003D3E9FC
:105C400001B70F448F4234BF0121002193448B449C
:105C500011B1934502D903E0934501D2012100E03F
:105C60000021C3E901B7514445F82010011EA0F1FD
:105C70000100C1DC0298059F00F10050800F1290D6
:105C80000298DDE903568000FAF725FD8346284691
:105C90000D91FAF731FD6FF01D02FAF7D9FECDE94B
:105CA0000E013046FAF728FD6FF03D02FAF7D0FEFC
:105CB00080468A463846FAF71FFD6FF05D02FAF714
:105CC000C7FE0746424653461191FAF773FBDDE9DA
:105CD0000E23FAF76FFB5A460D9BFAF76BFB002574
:105CE0000E465A4628460D9BFAF705FCDDE90E23C1
:105CF000FAF701FC42465346FAF7FDFB3A46119B80
:105D0000FAF7FCFBDFF898A0244A5346FAF7F9FBB0
:105D100007468846234A244B31462846FAF7F1FBCA
:105D20003A464346FAF746FB074688464FF0A842F4
:105D3000534631462846FAF7E4FB3A464346FAF71B
:105D400039FB159A12F0004F04D0129A81F00041ED
:105D500052421292C4E90001129817B0BDE8F08FC8
:105D6000FB21E93F7CD90240FB21F93F7370032EF0
:105D70008A19A33B000040543163621A61B4D03DDC
:105D8000FB21394183C8C96D305FE43F0000E03F2B
:105D9000D83F0000543F0000363F0000182D445407
:105DA000FB21F93D3326A611460B113C2DE9F041AC
:105DB0004F1E00EBC7010446D1E9000115461E46FF
:105DC00037F006020DD02A463346FAF79AFB7F1EBB
:105DD00004EBC703D3E90023FAF7ECFA37F0060225
:105DE000F1D1022F25D0042F13D0062F18BFBDE804
:105DF000F0812A463346FAF784FBD4E90A23FAF7FE
:105E0000D9FA2A463346FAF77CFBD4E90823FAF795
:105E1000D1FA2A463346FAF774FBD4E90623FAF797
:105E2000C9FA2A463346FAF76CFBD4E90423FAF799
:105E3000C1FA2A463346FAF764FBD4E90223FAF79B
:105E4000B9FA2A463346FAF75CFBD4E90023BDE8E9
:105E5000F041FAF7AFBA00002DE9F04D04468CB0DE
:105E6000904821F00047164698460D460991874212
:105E700006DA20462946FAF779FC002800F0AE80C1
:105E80008948B8421CDC09980028BCBF85F0004551
:105E900088F00048854A864B20462946FAF72EFBB3
:105EA00004460D463246434682488349FAF723FBAF
:105EB00022462B46FAF77EFA002604460D46B046E7
:105EC00022462B4610461946FAF71BFB8B468246A4
:105ED00002460B46FAF715FB0246089077480B4638
:105EE000009106217844FFF761FFCDE90310744863
:105EF00006217844009B089AFFF758FF52465B46FC
:105F0000FAF7FFFACDE9051052465B4620462946CE
:105F1000FAF7F7FA07910090DDE90310DDE90532A1
:105F2000FAF748FA079B009AFAF7EBFA324643462B
:105F3000FAF740FA52465B46FAF7E3FA324643462E
:105F4000FAF738FA80460E465E4A5F4B079900988A
:105F5000FAF7D7FA42463346FAF72CFA82468B46CE
:105F600022462B46FAF726FA80464F480E46B8429C
:105F700014985BDCFAF7AFFB0746424633460591BF
:105F8000FAF718FACDE90110424633461046194691
:105F9000FAF7B7FADDE90132FAF725FB52465B461C
:105FA000FAF7A9FA22462B46FAF7A8FA0122FAF7DD
:105FB0004FFD3A46059BFAF7A1FA04460D460998AB
:105FC000022101EAA070C0F10100FAF784FB0CB0D5
:105FD00022462B46BDE8F04DFAF793BA1498401CC0
:105FE000384320430BD01498012812D00CB022461D
:105FF0002B46BDE8F04D00203449FAF7F4BA0CB056
:1060000025F000432246BDE8F04D00203049FAF764
:10601000EABA20462946FFF7F1FC042808BF00F041
:1060200063F820460CB02946BDE8F08D012802BF78
:1060300040460CB0BDE8F08D00270B463A4620469E
:106040002946FAF75BFA52465B46FAF757FA0446D6
:106050000D464246334600201C49FAF7C4FA8346EF
:106060003A46884633461046FAF74BFA0022184B58
:10607000FAF7A0F906468A4622462B46384641469C
:10608000FAF73FFA32465346FAF794F95A4643462E
:10609000FAF737FA0CB03A464346BDE8F04DFAF746
:1060A00089B900000000303E2894E53F182D445483
:1060B000FB21E93F075C143326A6813C083D000024
:1060C0002A3D0000635555555555D53F0000F0BF9A
:1060D0000000F03F0122FAF7BBBC00221346104635
:1060E0001146FAF780BA0000024A00201107FAF7B9
:1060F000AFBC000001FDFFFF02E008C8121F08C18D
:10610000002AFAD170477047002001E001C1121F38
:10611000002AFBD170470000014908607047000069
:10612000880100202DE9FF4F8DB00F46054600265F
:1061300006E025280BD0DDE90F1290476D1C761C78
:1061400028780028F5D111B03046BDE8F08F002442
:10615000A246A1460122EC4900E0044315F8013FA4
:10616000203B02FA03F00842F7D128782A2810D001
:106170006FF02F022878A0F13001092914D80AEB1A
:106180008A0102EB410144F0020400EB010A6D1C9C
:10619000F0E701CF5FEA000A03D544F40054CAF1E6
:1061A000000A44F002046D1C28782E2817D115F837
:1061B000010F44F004042A280ED06FF02F02287833
:1061C000A0F1300109290AD809EB890102EB41014C
:1061D00000EB01096D1CF2E757F8049B6D1C287851
:1061E0006C280FD006DC4C2817D068280DD06A2800
:1061F00014D104E0742810D07A280FD10DE044F4B3
:1062000000140AE044F4801401E044F44014697876
:10621000814202D104F580146D1C6D1C2A786E2A0F
:106220001FD00CDC632A31D004DC002A8BD0582A22
:1062300011D1A3E0642A68D0692A0CD165E0732AE1
:106240002ED004DC6F2A73D0702A04D19BE0752A0B
:106250006FD0782A6ED01046DDE90F129047761C79
:1062600050E1C4F30250022806D0032809D00428C4
:1062700001CF09D0066045E101CFF117C0E9006107
:1062800040E101CF06803DE106703BE117F8040BC9
:106290008DF8000000208DF80100EB46012003E09E
:1062A00057F804BB4FF0FF3061074FF0000102D4F4
:1062B0000DE008F10101884649450FDA8045F8DB19
:1062C0001BF808100029F4D108E008F10101884604
:1062D0008142FADB1BF808100029F6D1DDE90F2313
:1062E000AAEB08008146214600F036F9304400EB65
:1062F000080604E0DDE90F121BF8010B9047B8F126
:106300000108F7D221464846F7E00A21C4F30253B8
:106310004FF0000B0891022B04D001CFC117032BC3
:1063200009D00AE0FF1D27F00707F7E8020108E09F
:1063300032E01FE020E000B2C117042B01D140B2CF
:10634000C117031E71F1000307DA4FF0000CD0EB08
:106350000C006CEB01012D2302E0230504D52B2357
:106360008DF82430012303E0E30701D02023F7E771
:10637000984658E00A2110E010210EE010204FF05E
:10638000000B08900CE010214FF0000B44F00404C7
:106390004FF00809089103E008214FF0000B089125
:1063A000C4F30253022B04D001CF0021032B06D0EB
:1063B00006E0FF1D27F00707F7E8020103E080B2BF
:1063C000042B00D1C0B24FF0000823072BD5702A50
:1063D00007D0DDF820C08CF0100C5CEA0B0C05D067
:1063E0000EE040238DF82430012308E050EA010339
:1063F00006D030238DF824308DF8252002239846CE
:10640000DDF820C08CF0080C5CEA0B0C0BD150EAD4
:10641000010301D1630706D530238DF824304FF0F6
:106420000108A9F10109582A04D038A20B9208AA40
:106430000A920BE03AA2F9E75B46089AFAF712FAD9
:106440000B9B9B5C0A9A521E0A92137050EA01023F
:10645000F2D10A98ADEB000000F1200B600702D5E5
:1064600024F4803401E04FF00109D94502DDA9EBA5
:106470000B0000E0002000EB0B0141440890AAEB68
:10648000010AE00306D4DDE90F232146504600F05F
:1064900063F806444FF0000908E009A911F8090063
:1064A000DDE90F12904709F10109761CC145F4DBC3
:1064B000E0030CD5DDE90F232146504600F04CF8EF
:1064C000064404E0DDE90F1230209047761C08995D
:1064D000481E08900029F5DC08E00A980A9900781F
:1064E000491C0A91DDE90F129047761CBBF10001AF
:1064F000ABF1010BF1DC21465046DDE90F2300F042
:1065000019F806446D1C1BE60928010030313233AE
:1065100034353637383961626364656600000000DF
:1065200030313233343536373839414243444546C9
:10653000000000002DE9F041044600251E461746E4
:10654000880404D405E039462020B0476D1C641E41
:10655000F9D52846BDE8F0812DE9F0410446002533
:106560001E469046C80301D5302700E02027880446
:1065700004D505E041463846B0476D1C641EF9D588
:106580002846BDE8F08100002DE9F84F04460D468D
:1065900021F0004000917349814211DC7249884228
:1065A00001DC06D12CB120462946BDE8F84FFFF7A3
:1065B00091BD6E48002DCCBF6D496E49BDE8F88F86
:1065C0006D49814211DD6D498142D8BF4FF0FF36E0
:1065D0006DDD20462946FFF711FA042808BFFFF7B2
:1065E00083FD20462946BDE8F88F6549654F25F0B3
:1065F0000045814233DD6449814219DD002632467F
:106600004FF0804320462946F9F7D4FE80468A465B
:10661000012220462946FAF71BFA00223B46F9F7E9
:106620006AFF42465346F9F7DEFF04460D463EE058
:1066300001260022BA463B4620462946F9F7BAFE13
:1066400080460F460022534620462946F9F753FF5D
:1066500042463B46F9F7C7FF04460D4627E04B4943
:1066600081421BDDDFF828A1022600225346204686
:106670002946F9F746FF00223B46F9F79BFE804684
:106680000F460022534620462946F9F734FF42467A
:106690003B46F9F7A8FF04460D4608E003262246CC
:1066A0002B4600203B49F9F79EFF04460D46224643
:1066B0002B4610461946F9F724FF8B4682460246C0
:1066C0000B46F9F71EFF07460246334888460B463D
:1066D00006217844FFF76AFB52465B46F9F711FF43
:1066E00082462E488B463A46434605217844FFF7BA
:1066F0005DFB3A464346F9F704FF02460B46002E7F
:10670000504659460CDAF9F755FE22462B46F9F762
:10671000F8FE01B022462B46BDE8F04FF9F7EEBE79
:10672000F9F748FE22462B46F9F7EBFE1C4A7A445D
:1067300002EBC603D3E90023F9F7DDFE22462B4620
:10674000F9F7D9FE174A7A4402EBC603D3E90023CE
:10675000F9F7D4FE009A002AB8BF81F00041BDE8E5
:10676000F88F0000000010440000F07F182D445402
:10677000FB21F93FFB21F9BF0000DC3F0000203E78
:106780000000F33F0000F03F0000E63F00800340C0
:106790000000F83F0000F0BF22340000E0330000AA
:1067A0007E3300004633000085B000204AE000EB55
:1067B0008001324A32F82110F1B331490988491C6D
:1067C0002F4A1180BDF8001000EB80022B4B33F8EC
:1067D0002220114409B2ADF80010BDF8021000EB00
:1067E000800203EB82025288114489B2ADF8021094
:1067F00000EB800203EB820201995268114401917F
:106800009DF8081000EB800203EB8202127A11441B
:10681000C9B28DF8081000EB800203EB82020399E5
:10682000D26811440391BDF8101000EB800203EB15
:106830008202128A114400E002E009B2ADF81010A1
:10684000411CC8B20C28B2DB0D490988A1B1BDF9C1
:1068500000100B4A128891FBF2F10A4A11800021C4
:10686000ADF80010ADF8021001918DF808100391F9
:10687000ADF81010024A118005B070476C0300207B
:10688000E40000202000002000204BE000EB80010D
:10689000314A32F82110002942D030490988491C78
:1068A0002E4A11802E49098800EB80022A4B33F8CA
:1068B0002220114409B22A4A11801146498800EB6E
:1068C000800203EB820252881144254A518011460E
:1068D000496800EB800203EB820252681144204AAF
:1068E00051601146097A00EB800203EB8202127AB2
:1068F00011441B4A11721146C96800EB800203EB78
:106900008202D2681144164AD1601146098A00EB0E
:10691000800203EB8202128A114409B2104A1182EA
:10692000411CC8B20C28B1DB0C49098891B10C4953
:10693000B1F90010094A128891FBF2F1094A11805D
:106940000021074A1180518051601172D16011827B
:10695000024A11807047000070040020FA000020F5
:10696000600500202200002070B504460D46E1B20B
:106970000548FFF72CF800BF40210348FEF759FFF8
:106980000028F9D0204670BD003801401CB54FF4F6
:10699000A060FCF793FBFBF779FBFAF7E5FEFAF74B
:1069A00019FD0220FAF730FE0120FAF72DFEFAF762
:1069B0005FFEFAF741FEFBF709FEFAF7C7FA4FF45C
:1069C000E130FBF711FD4FF4E130FBF77FFDFBF702
:1069D00073FAFAF759FDFAF7BFFDFAF7CBF8FBF7B0
:1069E000ADF90020194908238022CDE900100146A5
:1069F000FBF73EF8FAF75CFF0020FAF79FFF012053
:106A0000FAF7ABFFC820FAF7B0FF0220FAF79EFFB3
:106A10004FF400510E48FCF70CF96420FAF702FD20
:106A20004FF400510A48FCF702F96420FAF7FAFC27
:106A30000848012100238022CDE9001006A1094861
:106A400001F030FF01F050FA00BFFEE76C8E000845
:106A5000001001400000002053746172745F5461A3
:106A6000736B0000913900082DE9F04105460E4690
:106A70001C4807681C480068001D00F069FE50B9FA
:106A80001948006890F82C100120884017490968BF
:106A9000814316480160681C38B936B11248016854
:106AA000091D134800F092FE1AE07C190E48006898
:106AB0004460BC4207D20C480168091D0D480068BB
:106AC00000F06AFE0CE008480168091D0A480068E9
:106AD00000F062FE09480068844201D20748046061
:106AE000BDE8F08110010020FC000020140100200E
:106AF0008408002004010020000100202C01002057
:106B000010B5044600F06EFE23480068401C224980
:106B100008602248006840B92048046008460068C0
:106B200001280DD100F0E6F90AE01D48006838B9E7
:106B30001A480068C06AE16A884201D817480460B0
:106B400018480068401C1749086094F82C10012070
:106B5000884015490968084313490860E16A01EB58
:106B60008101124A02EB8100211D00F02FFE00F08E
:106B70007BFE0B48006868B108480068C06AE16A9B
:106B8000884207D24FF0805009490860BFF34F8F09
:106B9000BFF36F8F10BD00000C010020FC0000202F
:106BA000180100202801002014010020B405002055
:106BB00004ED00E010B500F015FE10480068D0B9F3
:106BC0000F4800F0D9FD0F4800F0D6FD0C480E49E3
:106BD00008600C480D49086000221021052001F0D2
:106BE00025FB064908600846006820B108A1034853
:106BF000006800F027FF00F037FE10BD40010020C4
:106C000098080020AC080020380100203C0100203A
:106C1000546D72510000000070B523E001F03EFA9F
:106C20001348006808B9012000E00020054601F083
:106C3000FBFFBDB900F0D6FD0D48C068C468201D3B
:106C400000F086FD0B480068401E0A4908600A48AB
:106C50000068401E0849086000F006FE204600F06B
:106C600060F800BF044800680028D7D170BD00005C
:106C7000700800200C0100200801002070B50446B7
:106C80000D46206C70B1216CE0680844E0606168DA
:106C9000E068884201D32068E0602846226CE16801
:106CA000F9F7AEFA70BD2DE9F04104460F461546DE
:106CB0004FF00008A66B206C40B9206860BB60688C
:106CC00001F0E8FE80460020606025E07DB939468D
:106CD000226CA068F9F794FA216CA0680844A060BF
:106CE000D4E90110884217D32068A06014E0394627
:106CF000226CE068F9F784FA216CE068401AE060E1
:106D00002168E068884203D2216C6068401AE06024
:106D1000022D01D106B1761E701CA0634046BDE86D
:106D2000F08110B50446206B00F0D4FD204600F041
:106D3000D1FD10BD0146084A126812680AB9012245
:106D400000E000220A600A6822B9034A1268D26889
:106D5000106800E0002070473801002030B54FF483
:106D6000A043174800F007042CB1C01D20F0070015
:106D7000134C041B1B1B0246124C22600024114DB5
:106D80006C60D018083820F007000F4C20600024F9
:106D90000D4D2D686C600C4D2D682C601146441A09
:106DA0004C60094C24680C60084D4C682C60084D00
:106DB0004C682C604FF00044064D2C6030BD000044
:106DC000C00800204C010020540100205C0100207C
:106DD000580100206001002000BFFFF71DFF06489A
:106DE00000680128F9D94FF0805004490860BFF3CA
:106DF0004F8FBFF36F8FF0E7B405002004ED00E084
:106E00002DE9F04106460D4617469846069C0DB9F9
:106E1000246000E02760E66325640121204601F03C
:106E200027FB0020A064BDE8F08100002DE9FF5F92
:106E300081460F469246DDE90E6B109CAAF10100D7
:106E4000216B01EB800828F0070808F0070008B95B
:106E5000012000E0002028B940F22B321BA121A024
:106E6000FEF7BCFD002507E0795D04F134004155D3
:106E7000785D00B902E06D1C102DF5D300BF002134
:106E800043200155202E00D31F26E66266640020B1
:106E9000A064201D00F07DFC04F1180000F079FCD6
:106EA0002461C6F12000A06164620020E06484F8DF
:106EB000500049464046039A00F006FC2060BBF1B2
:106EC000000F01D0CBF80040BDE8FF9F2E2E5C469E
:106ED00072656552544F535C7372635C7461736B7B
:106EE000732E63004572726F723A25732C25640D00
:106EF0000A00000010B5002407E004EB84010F4AEB
:106F000002EB810000F038FC641C202CF5D30C4807
:106F100000F032FC0B4800F02FFC0B4800F02CFC7A
:106F20000A4800F029FC0A4800F026FC04480949F8
:106F3000086004480849086010BD0000B40500203E
:106F400034080020480800205C0800207008002059
:106F500084080020000100200401002010B5014633
:106F6000164800E0006803688B42FBD30246436882
:106F700013448B4204D143684C6823444360014668
:106F80000A464B6813440468A34211D10C4C0368B1
:106F90002468A34208D04B680468646823444B60AB
:106FA00003681B680B6005E0054B1B680B6001E084
:106FB00003680B60884200D0016010BD4C010020C6
:106FC000540100202DE9F04104460D4616461F46A7
:106FD0004FF0000865602461B5420CD8F01BA16930
:106FE000884202D34FF0010811E0211D09480068D2
:106FF00000F0D2FB0BE0BE4204D2BD4202D34FF000
:10700000010804E0211D0448006800F0C5FB40466B
:10701000BDE8F0813C0100203801002070B5054634
:1070200000F0E0FBA86B08B9012400E0002400F0A8
:107030001BFC204670BD70B5054600F0D3FBA86B65
:10704000E96B884201D1012400E0002400F00CFC2F
:10705000204670BD2DE9F3410D460098846C002751
:107060002CB940F6CE121AA11FA0FEF7B7FCA06BF8
:10707000E16B884201D2012000E0002028B940F6EF
:10708000CF1213A118A0FEF7A9FCA06BE16B8842F8
:107090001BD294F945602A4669462046FFF703FE55
:1070A0000746701C60B9606A08B9012000E0002042
:1070B00050B904F1240001F05BFD28B1012703E081
:1070C000701C40B284F8450000BF3846BDE8FC8122
:1070D0002E2E5C4672656552544F535C7372635C2E
:1070E00071756575652E63004572726F723A25730E
:1070F0002C25640D0A000000F8B505460F4613481C
:107100000068C068C468201D00F022FBE069012807
:1071100018D1A06941192B463A462046FFF752FF85
:1071200080B1002003462A4601460090204601F027
:1071300049FE06462EB94FF4027205A10BA0FEF7D8
:107140004DFC00BF2046616A8847F8BD3801002029
:107150002E2E5C4672656552544F535C7372635CAD
:1071600074696D6572732E63000000004572726F62
:10717000723A25732C25640D0A000000F0B587B023
:1071800070E0039800280CDA04AE2EB940F2E72232
:107190003AA141A0FEF722FCD6E90020B168904751
:1071A00000BF039800285DDB059C606908B90120D9
:1071B00000E0002010B9201D00F0CAFA02A800F07B
:1071C000C9F8054603980A284AD2DFE800F0090505
:1071D000072C2E4506082D2F00BF00BF00BF00BFA3
:1071E0000498A269811803462A462046FFF7EAFE62
:1071F000C0B12046616A8847E069012812D10020A9
:1072000000900498A169421800231946204601F015
:10721000D9FD07462FB940F2213218A11EA0FEF772
:10722000DDFB00BF1DE000BF1BE000BF0498A061B4
:10723000A06908B1012000E0002028B94FF44E7287
:107240000EA115A0FEF7CAFBA06941192B462A46DC
:107250002046FFF7B7FE04E0204600F03BFB00E0CD
:1072600000BF00BF00231A4603A90F48006801F0C1
:1072700019F8002885D107B0F0BD00002E2E5C461D
:1072800072656552544F535C7372635C74696D65CB
:1072900072732E63000000004572726F723A25739C
:1072A0002C25640D0A00000040010020F8B50546B9
:1072B0000C4600F0F3FE684600F04CF806460098D5
:1072C00020BB44B9B54206D801F0AEFC3146284691
:1072D000FFF712FF1CE03CB10E480068006808B9D7
:1072E000012000E000200446A91B22460A4800684D
:1072F00000F0BEFB01F098FC50B94FF080500749F8
:107300000860BFF34F8FBFF36F8F01E001F08CFC7B
:10731000F8BD00003C0100204001002004ED00E029
:107320000A490968096809B9012100E0002121B171
:107330004FF0FF31064A116006E004490968C96848
:10734000C868034A416811607047000000010020CE
:107350002C01002070B5044601F0E4FA0546074808
:107360000068854204D200F00BF80120206001E0A3
:107370000020206001480560284670BD48010020BB
:107380002DE9F8432DE021480068C06805681F48D2
:107390000068C068C468201D00F0DAF92046616A00
:1073A0008847E06901281CD1A0694619AE4207D977
:1073B00066602461211D1548006800F0EDF910E0B9
:1073C000002003462A4601460090204601F0FAFCC0
:1073D00007462FB940F292320DA114A0FEF7FEFA33
:1073E00000BF0A480068006808B9012000E00020DA
:1073F0000028C8D00548D0F800801048006803492C
:1074000008600E48C0F80080BDE8F883380100200D
:107410002E2E5C4672656552544F535C7372635CEA
:1074200074696D6572732E63000000004572726F9F
:10743000723A25732C25640D0A0000003C010020DF
:107440000B480068401C08B9012000E0002020B96A
:10745000F42208A111A0FEF7C1FA00BF502080F36A
:107460001188BFF34F8FBFF36F8F00BF00BFFEE7E0
:10747000640100202E2E5C4672656552544F535CA9
:10748000706F72745C525644535C41524D5F434D71
:10749000335C706F72742E63000000004572726F6F
:1074A000723A25732C25640D0A00000008B500BF50
:1074B0006846FFF73FFC044620460099FFF7F6FEBA
:1074C000FFF75CFEF4E770B5044600F08BF994F921
:1074D00045501AE0A06C38B100212046FFF7BAFDF4
:1074E00088B100F01FFC0EE0606A08B9012000E0DE
:1074F000002038B904F1240001F03AFB18B100F083
:1075000011FC00E003E0681E45B2002DE2DC00BF84
:10751000FF2084F8450000F0A7F900F063F994F922
:10752000445010E0206908B9012000E0002048B96B
:1075300004F1100001F01CFB08B100F0F3FB681E21
:1075400045B200E001E0002DECDC00BFFF2084F834
:10755000440000F089F970BD2DE9F04104464FF078
:10756000000800F09BFD3E48006808B9FFF7F6FBF5
:107570003C480068204000285FD1A4B1083404F0E2
:10758000070080B104F00700C0F10800044404F0D3
:10759000070008B9012000E0002020B9BF2232A175
:1075A0003AA0FEF71BFA002C47D03C480068844202
:1075B00043D83B4E3046056801E02E462D6868688A
:1075C000A04202D228680028F7D1254800688542E9
:1075D00033D0306800F10808286830606868001B04
:1075E000102813D92F1907F0070008B9012000E06F
:1075F000002020B9EC221CA124A0FEF7EFF9686856
:10760000001B78606C603846FFF7A8FC2349686867
:107610000968081A21490860084600682149096874
:10762000884203D21D4800681E4908600D496868F9
:107630000968084368600020286001F0F5FA08F046
:10764000070008B9012000E0002028B94FF4967225
:1076500005A10EA0FEF7C2F94046BDE8F08100008A
:1076600054010020600100202E2E5C467265655298
:10767000544F535C706F72745C4D656D4D616E67F5
:107680005C686561705F342E630000004572726F44
:10769000723A25732C25640D0A0000005801002061
:1076A0004C0100205C0100200648006830B105490B
:1076B000096801F14800896C491C016001480068B3
:1076C00070470000FC000020001F4FF08073036033
:1076D000001F21F001030360001F034B03601438F7
:1076E00002602038704700004174000810B5164B46
:1076F00021F00042012486B09A4203DC00221346A6
:1077000000941CE0114B9A4208D140B94FF001009F
:10771000FEF702FDFEF7E1FC06B010BD03DBFEF74D
:10772000D9FC06B010BD02AAFEF77CF900F00100FA
:10773000A4EB40000DF1080C00909CE80F00FEF750
:107740008BFB06B010BD0000FB21E93F0000F07F7D
:1077500001460A69D1E901309860D1E90103586016
:107760005068884201D18868506000200861106824
:10777000401E10601068704700F1080141604FF032
:10778000FF31816000F10801C160016100210160E9
:10779000704700210161704710B502460B685C1C00
:1077A0000CB9106907E002F1080000E04068446885
:1077B00024689C42FAD944684C604C68A160886097
:1077C00041600A611468641C146010BD42684A601C
:1077D00093688B60936859609160086103685B1CD3
:1077E0000360704710B500BF502080F31188BFF3CD
:1077F0004F8FBFF36F8F00BF0B480068401C0A49D2
:1078000008600846006801280DD108480068C0B229
:1078100008B9012000E0002028B94FF4BD7204A18E
:107820000DA0FEF7DBF810BD6401002004ED00E0C0
:107830002E2E5C4672656552544F535C706F7274A5
:107840005C525644535C41524D5F434D335C706F04
:1078500072742E63000000004572726F723A2573D5
:107860002C25640D0A00000010B50B48006828B9EB
:1078700040F2811209A113A0FEF7B0F80648006893
:10788000401E054908600846006820B9002080F3C2
:10789000118800BF00BF10BD640100202E2E5C4681
:1078A00072656552544F535C706F72745C525644EB
:1078B000535C41524D5F434D335C706F72742E6365
:1078C000000000004572726F723A25732C25640D1A
:1078D0000A00000070B506463546002E35D0083D3A
:1078E0002C461A4960680968084008B1012000E088
:1078F000002028B94FF4A07215A11EA0FEF76EF863
:10790000206808B9012000E0002028B940F24112A7
:107910000FA118A0FEF762F80C49606809680840DA
:1079200098B1206888B9094960680968884360602F
:1079300000F0B4FB13496068096808441149086005
:107940002046FFF70BFB01F06FF970BD60010020CE
:107950002E2E5C4672656552544F535C706F727484
:107960005C4D656D4D616E675C686561705F342E5E
:10797000630000004572726F723A25732C25640D06
:107980000A00000058010020064800684FF47A7190
:10799000B0FBF1F0401E4FF0E02148610720086184
:1079A000704700003C00002070B5F8F713FC054656
:1079B000102D11D305F1E02090F8F0431048007825
:1079C000844201DB012000E0002028B94FF42A7234
:1079D0000CA116A0FEF702F81848006800F4E06059
:1079E00017490968884201D8012000E0002028B921
:1079F0004FF42E7203A10DA0FDF7F0FF70BD000043
:107A0000680100202E2E5C4672656552544F535C0F
:107A1000706F72745C525644535C41524D5F434DDB
:107A2000335C706F72742E63000000004572726FD9
:107A3000723A25732C25640D0A0000000CED00E05D
:107A40006C010020024600200BE0084B53F8303058
:107A500033B9064B43F8301003EBC0035A6002E021
:107A6000401C0828F1D300BF7047000074050020B7
:107A70002DE9F04105460E4617462C46FFF7B2FEAB
:107A800094F94400401C10B9002084F8440094F993
:107A90004500401C10B9002084F84500FFF7E4FEC3
:107AA000A06B28B93A46314604F1240000F06CF985
:107AB0002046FFF708FDBDE8F081000070B50446E0
:107AC0000025ACB10F48006808B9012000E0002093
:107AD00028B940F2CF420CA111A0FDF77FFF00F0C2
:107AE000DDFA00212046FEF7BFFF01F09DF80546B4
:107AF0003DB94FF080500E490860BFF34F8FBFF380
:107B00006F8F70BD340100202E2E5C467265655269
:107B1000544F535C7372635C7461736B732E6300B8
:107B20004572726F723A25732C25640D0A000000AD
:107B300004ED00E02DE9F04704460F464FF0000940
:107B40002CB940F2794226A12BA0FDF747FF0FB1D7
:107B5000012000E0002028B940F27A4220A126A0AE
:107B6000FDF73CFF2848006808B9012000E000202C
:107B700028B940F27B421AA11FA0FDF72FFF00F0A9
:107B80008DFA224806682068C5192068B04207D9D6
:107B90002068A8420BD9B54209D94FF0010906E087
:107BA0002068A84201D8B54201D94FF001092560EB
:107BB000B9F1000F03D0A81B0021FEF755FF01F01B
:107BC00033F88046B8F1000F07D14FF080501049CC
:107BD0000860BFF34F8FBFF36F8FBDE8F0870000E1
:107BE0002E2E5C4672656552544F535C7372635C13
:107BF0007461736B732E63004572726F723A2573F2
:107C00002C25640D0A000000340100201001002022
:107C100004ED00E070B50546FFF7E4FD15B92D4809
:107C2000006800E028460446201DFFF791FD78B962
:107C3000E06A00EB8000284951F8200040B994F830
:107C40002C100120884025490968814323480160A0
:107C5000A06A18B104F11800FFF77AFD2048006807
:107C6000401C1F4908601B480068844209D1211D3F
:107C70001C48FFF7ABFD1C480068401C1A4908600F
:107C800009E01A480068401E184908602046FFF7BE
:107C900048F8FFF745FBFFF7E7FD15480068C0B15E
:107CA0000C480068844214D11248006808B90120C9
:107CB00000E0002028B940F265420FA114A0FDF7B2
:107CC0008DFE4FF0805016490860BFF34F8FBFF311
:107CD0006F8F70BDFC000020B4050020140100204F
:107CE0002801002070080020080100200C0100205D
:107CF00018010020340100202E2E5C46726565526A
:107D0000544F535C7372635C7461736B732E6300C6
:107D10004572726F723A25732C25640D0A000000BB
:107D200004ED00E0012001490860704720010020B7
:107D300070B504460D462CB940F6063207A10DA0D9
:107D4000FDF74CFE0F48016818312046FFF724FD6F
:107D500001212846FEF788FE70BD00002E2E5C46ED
:107D600072656552544F535C7372635C7461736BDC
:107D7000732E63004572726F723A25732C25640D61
:107D80000A000000FC00002070B505460E461446AF
:107D90002DB940F6313209A10EA0FDF71FFE1148A2
:107DA000016818312846FFF711FD0CB14FF0FF367E
:107DB00021463046FEF758FE70BD00002E2E5C4670
:107DC00072656552544F535C7372635C7461736B7C
:107DD000732E63004572726F723A25732C25640D01
:107DE0000A000000FC00002070B505462C46002D5E
:107DF0004BD02649E06A0968C96A884245D2A06921
:107E000000F0004028B921480068C06AC0F1200095
:107E1000A061E16A01EB81011D4A02EB8101606909
:107E2000884201D1012000E0002050B3201DFFF75F
:107E30008FFC78B9E06A00EB8000154951F820000A
:107E400040B994F82C1001208840124909688143F8
:107E5000104801600D480068C06AE06294F82C1078
:107E6000012088400B49096808430A490860E16A13
:107E700001EB8101064A02EB8100211DFFF7A6FC00
:107E800003E002480068C06AE06270BDFC000020A8
:107E9000B40500201401002010B504462CB940F6AA
:107EA000C13205A10AA0FDF799FD0D4800682060C8
:107EB0000C480068606010BD2E2E5C4672656552ED
:107EC000544F535C7372635C7461736B732E630005
:107ED0004572726F723A25732C25640D0A000000FA
:107EE00024010020100100201CB51A4800210B4677
:107EF0008022CDE9001018A1194800F0D3FC0446F7
:107F0000012C02D100F022FF0446012C15D100BF44
:107F1000502080F31188BFF34F8FBFF36F8F00BFE6
:107F20004FF0FF300F49086001200F490860002022
:107F30000E49086000F010F90BE0601C08B1012048
:107F400000E0002028B940F2847209A10EA0FDF7DC
:107F500045FD1CBD3001002049444C450000000097
:107F6000D96D00082C01002018010020100100200C
:107F70002E2E5C4672656552544F535C7372635C7F
:107F80007461736B732E63004572726F723A25735E
:107F90002C25640D0A00000070B50546FFF722FC91
:107FA00015B92C48006800E028460446201DFFF75C
:107FB000CFFB78B9E06A00EB8000274951F8200038
:107FC00040B994F82C100120884024490968814365
:107FD00022480160A06A18B104F11800FFF7B8FB4D
:107FE000211D1F48FFF7F2FBFFF73EFC1D4800680C
:107FF00028B1FFF7F7FBFFF793F9FFF735FC1548BA
:108000000068844224D117480068A8B11648006867
:1080100008B9012000E0002028B940F2576213A1FE
:1080200018A0FDF7DBFC4FF080501A490860BFF341
:108030004F8FBFF36F8F0BE009480068164909683E
:10804000884203D100200349086001E000F02EF8C7
:1080500070BD0000FC000020B405002014010020C9
:108060008408002018010020340100202E2E5C46D8
:1080700072656552544F535C7372635C7461736BC9
:10808000732E63004572726F723A25732C25640D4E
:108090000A00000004ED00E00C0100200248006826
:1080A000401C0149086070473401002010B51B488E
:1080B000006818B101201A4908602DE00020184915
:1080C000086018480068B0FA80F0C0F11F0404EBA3
:1080D0008400154951F8200008B1012000E000207B
:1080E00028B940F6F62211A116A0FDF777FC04EBA3
:1080F00084010D4A02EB810041684968416000F14A
:10810000080142688A4202D1416849684160416879
:10811000C968104A116000BF10BD00003401002082
:108120002001002014010020B40500202E2E5C4602
:1081300072656552544F535C7372635C7461736B08
:10814000732E63004572726F723A25732C25640D8D
:108150000A000000FC0000201CB5224801460978F6
:108160000191FF21024611700146097800919DF8A6
:10817000001001F050011C4A117007211B4A1160C8
:1081800009E01A490968491E184A11609DF8001053
:108190004906090E00919DF8001001F08001802928
:1081A000EFD0124909680902104A11601146098886
:1081B00001F4E06111600B4A019911700C480068EC
:1081C00040F470000A4908600846006840F07040BA
:1081D0000860FFF7D9FB002006490860F7F7C4FFE5
:1081E00000201CBD00E400E0680100206C010020BC
:1081F00020ED00E06401002010B500BF502080F3A6
:108200001188BFF34F8FBFF36F8F00BF00F090FB5B
:1082100018B14FF080500449086000BF002080F37F
:10822000118800BF10BD000004ED00E02DE9F84307
:1082300005460E4690460DB1012000E0002028B909
:108240004FF4C4720DA113A0FDF7C8FB0EB90027AF
:1082500001E005FB06F707F14C00FFF77DF9044646
:1082600044B104F14C0943464A463146284600943D
:10827000FEF7C6FD2046BDE8F88300002E2E5C46C2
:1082800072656552544F535C7372635C71756575AA
:10829000652E63004572726F723A25732C25640D4A
:1082A0000A0000002DE9FF4782B005460E461F4632
:1082B0004FF0000A2C462CB940F2DC4261A167A0C5
:1082C000FDF78CFB0EB9206C08B9012000E00020FE
:1082D00028B940F2DD425BA160A0FDF77FFB00F012
:1082E00011FB08B9049808B9012000E0002028B962
:1082F0004FF49C6253A159A0FDF770FB00BFFFF73C
:1083000071FAD4F83890B9F1000F3DD0D4F80C8050
:1083100031462046FEF7B2FCDFB9A9F10100A063A7
:10832000206810B9FFF7C0F96060206908B9012022
:1083300000E0002010BB04F1100000F019FCE8B1CF
:108340004FF0805049490860BFF34F8FBFF36F8FE4
:1083500014E0C4F80C80606A08B9012000E0002035
:1083600060B904F1240000F003FC38B14FF08050F4
:108370003E490860BFF34F8FBFF36F8FFFF774FA6A
:10838000012006B0BDE8F087049818B9FFF76CFA31
:108390000020F6E7BAF1000F04D16846FFF77CFD34
:1083A0004FF0010AFFF760FAFFF778FEFFF71AFABD
:1083B00094F94400401C10B9002084F8440094F95A
:1083C0004500401C10B9002084F84500FFF74CFA26
:1083D00004A9684600F014FA40BB2046FEF71EFED2
:1083E000F0B1206830B9FFF7FDF96068FFF7FCFCD9
:1083F000FFF73AFA04F124000499FFF799FC2046AC
:10840000FFF761F800F010FC00287FF478AF4FF020
:10841000805016490860BFF34F8FBFF36F8F6EE730
:108420002046FFF750F800F0FFFB68E72046FFF713
:108430004AF800F0F9FB2046FEF7F0FD0028EED0E8
:1084400000209EE72E2E5C4672656552544F535CA9
:108450007372635C71756575652E63004572726F2A
:10846000723A25732C25640D0A00000004ED00E02B
:1084700070B505460E462C462CB940F21B121EA1C3
:1084800023A0FDF7ABFAFFF7ADF9D4E90F1220688E
:1084900001FB020060600020A0632068A060E06B28
:1084A000401E226C216800FB0210E060FF2084F86F
:1084B000440084F845009EB9206908B9012000E015
:1084C0000020A8B904F1100000F052FB80B14FF079
:1084D000805013490860BFF34F8FBFF36F8F07E0E1
:1084E00004F11000FFF748F904F12400FFF744F904
:1084F000FFF7BAF9012070BD2E2E5C4672656552F9
:10850000544F535C7372635C71756575652E6300BF
:108510004572726F723A25732C25640D0A000000B3
:1085200004ED00E02DE9FF4383B0064688461D4672
:108530004FF0000934462CB940F2D92260A166A060
:10854000FDF74CFAB8F1000F01D1206C08B90120F9
:1085500000E0002028B940F2DA2259A15EA0FDF720
:108560003DFA022D02D1E06B012801D1012000E08B
:10857000002028B940F2DB2251A157A0FDF72EFAC6
:1085800000F0C0F908B9059808B9012000E0002002
:1085900028B940F2DE224AA14FA0FDF71FFA00BF22
:1085A000FFF720F9A06BE16B884201D3022D38D18F
:1085B0002A4641462046FEF776FB0746A06C68B186
:1085C00029462046FEF746FD28B34FF08050464925
:1085D0000860BFF34F8FBFF36F8F1CE0606A08B96C
:1085E000012000E0002068B904F1240000F0C0FA86
:1085F00088B14FF080503C490860BFF34F8FBFF304
:108600006F8F08E03FB14FF0805037490860BFF3EB
:108610004F8FBFF36F8FFFF727F9012007B0BDE839
:10862000F083059818B9FFF71FF90020F6E7B9F1B4
:10863000000F04D101A8FFF72FFC4FF00109FFF74D
:1086400013F9FFF72BFDFFF7CDF894F94400401C18
:1086500010B9002084F8440094F94500401C10B97A
:10866000002084F84500FFF7FFF805A901A800F0F5
:10867000C7F8F0B92046FEF7DEFCA0B104F1100007
:108680000599FFF755FB2046FEF71DFF00F0CCFAD9
:10869000002885D14FF0805013490860BFF34F8FF9
:1086A000BFF36F8F7CE72046FEF70DFF00F0BCFAAA
:1086B00076E72046FEF707FF00F0B6FA0020ADE7A8
:1086C0002E2E5C4672656552544F535C7372635C28
:1086D00071756575652E63004572726F723A257308
:1086E0002C25640D0A00000004ED00E02DE9F05F88
:1086F00080468A4615461E4644462CB940F29F32B3
:1087000035A13BA0FDF76AF9BAF1000F01D1206C49
:1087100008B9012000E0002028B94FF468722EA1AA
:1087200033A0FDF75BF9022E02D1E06B012801D1E5
:10873000012000E0002028B940F2A13226A12CA09F
:10874000FDF74CF9FFF730F900BF5021EFF311802E
:1087500081F31188BFF34F8FBFF36F8F00BF0746C0
:10876000A06BE16B884201D3022E2BD194F945B066
:10877000324651462046FEF796FA0BF10100C8B981
:10878000A06C40B131462046FEF764FCB8B1B5B1EB
:108790000120286013E0606A08B9012000E0002091
:1087A00068B904F1240000F0E3F940B13DB10120C3
:1087B000286004E00BF1010040B284F845004FF05E
:1087C000010901E04FF0000900BF87F3118800BFE5
:1087D0004846BDE8F09F00002E2E5C46726565524B
:1087E000544F535C7372635C71756575652E6300DD
:1087F0004572726F723A25732C25640D0A000000D1
:108800002DE9F04104460D462CB940F6CB3219A1B2
:108810001EA0FDF7E3F82DB940F6CC3215A11BA040
:10882000FDF7DCF8FEF7DEFF1C4807682868401CEF
:1088300008B9002619E01A4920680968884204D05E
:108840006068B84201D801260FE06068381A2968CC
:10885000884209D228686168791A401A286020463F
:10886000FFF71AFB002600E00126FEF7FDFF304669
:10887000BDE8F0812E2E5C4672656552544F535C04
:108880007372635C7461736B732E63004572726FF5
:10889000723A25732C25640D0A0000001001002097
:1088A000240100202DE9FF4F85B0804689461746F8
:1088B000DDE912ABB800FEF74FFE064656B1542074
:1088C000FEF74AFE04460CB1266304E03046FFF78B
:1088D00001F800E000247CB10020CDE900ABCDE937
:1088E00002403A4649464046089BFEF79FFA20461A
:1088F000FEF706F9012501E04FF0FF35284609B0E3
:10890000BDE8F08F0549096809B9012005E004496F
:10891000096809B9022000E0002070471801002012
:108920003401002001490868704700001001002050
:108930002DE9F0414FF0000841480068002872D14D
:1089400040480068451C3F480560EDB93E48006856
:10895000006808B9012000E0002028B940F6D912CB
:108960003AA140A0FDF73AF8374807684148006847
:10897000354908603F4807603F480068401C3E4951
:108980000860FEF7CDFC00BF3C48006885423CD340
:1089900000BF2D480068006808B9012000E00020F1
:1089A00020B14FF0FF30354908602DE026480068BF
:1089B000C068C4686668B54202D23048066023E0E9
:1089C000201DFEF7C5FEA06A18B104F11800FEF7DD
:1089D000BFFE94F82C1001208840294909680843FB
:1089E00027490860E16A01EB8101264A02EB810018
:1089F000211DFEF7EBFE2449E06A0968C96A884236
:108A0000C7D34FF00108C4E700BF1F480068C06A21
:108A100000EB80001B4951F82000012801D94FF0DC
:108A2000010805E0FFE719480068401C1749086085
:108A30001748006808B14FF001084046BDE8F081D2
:108A40003401002010010020000100202E2E5C4681
:108A500072656552544F535C7372635C7461736BDF
:108A6000732E63004572726F723A25732C25640D64
:108A70000A00000004010020240100202C01002035
:108A800014010020B4050020FC0000201C0100207F
:108A90002001002070B505462C460026002D4BD045
:108AA00026480068844201D1012000E0002028B956
:108AB00040F6C76222A128A0FCF790FFA06C28B95D
:108AC00040F6C9621EA124A0FCF788FFA06C401EDE
:108AD000A064616CE06A88422ED0A06C60BB201D4F
:108AE000FEF736FE78B9E06A00EB80001E4951F8C7
:108AF000200040B994F82C10012088401B490968D7
:108B000081431A480160606CE062E06AC0F12000B5
:108B1000A06194F82C10012088401449096808438A
:108B200012490860E16A01EB81010F4A02EB810002
:108B3000211DFEF74BFE0126304670BDFC000020D3
:108B40002E2E5C4672656552544F535C7372635CA3
:108B50007461736B732E63004572726F723A257382
:108B60002C25640D0A000000B4050020140100202B
:108B700070B50646F068C4682CB940F661321AA197
:108B80001FA0FCF72BFF04F11800FEF7E1FD2048C1
:108B90000068A8B9201DFEF7DBFD94F82C10012019
:108BA00088401C49096808431A490860E16A01EBDA
:108BB0008101194A02EB8100211DFEF707FE04E046
:108BC00004F118011548FEF701FE1549E06A09682D
:108BD000C96A884204D9012501201249086000E0D1
:108BE0000025284670BD00002E2E5C467265655239
:108BF000544F535C7372635C7461736B732E6300C8
:108C00004572726F723A25732C25640D0A000000BC
:108C10003401002014010020B40500205C0800206D
:108C2000FC0000202001002070B5002400263448FC
:108C3000006828B94FF4FD6232A138A0FCF7CEFEDF
:108C4000FEF7D0FD2E480068401E2D4908600846FA
:108C5000006800284FD13548006800284BD024E038
:108C60003348C068C46804F11800FEF771FD201D88
:108C7000FEF76EFD94F82C10012088402D490968FC
:108C800008432C490860E16A01EB81012A4A02EBA2
:108C90008100211DFEF79AFD2849E06A0968C96A2A
:108CA000884202D30120264908602148006808B99B
:108CB000012000E000200028D2D00CB1FEF730FBEC
:108CC0002048056865B100BFFFF732FE10B10120F2
:108CD0001B4908606D1E002DF6D10020194908605F
:108CE0001748006838B10126300717490860BFF3FC
:108CF0004F8FBFF36F8FFEF7B7FD304670BD00009A
:108D0000340100202E2E5C4672656552544F535C30
:108D10007372635C7461736B732E63004572726F60
:108D2000723A25732C25640D0A0000000C01002006
:108D30005C08002014010020B4050020FC00002085
:108D4000200100201C01002004ED00E01CB50024DF
:108D5000FDF730FF0B48006858B10B481F21002376
:108D60004FF48072CDE9001008A10A48FFF79AFD80
:108D700004462CB940F2331207A10EA0FCF72EFED8
:108D800020461CBD4001002044010020546D72208B
:108D900053766300AD7400082E2E5C4672656552F2
:108DA000544F535C7372635C74696D6572732E63A8
:108DB000000000004572726F723A25732C25640D15
:108DC0000A0000002DE9FF4704460D4616461F46DF
:108DD000DDF830804FF000092CB94FF4D37217A1A1
:108DE0001DA0FCF7FBFD2048006810B3009501961C
:108DF0000294062D15DAFFF785FD022808D100231D
:108E00004246694618480068FFF78CFB814610E02F
:108E100000231A46694614480068FFF783FB814621
:108E200007E000233A4669460F480068FFF75EFCFA
:108E30008146484604B0BDE8F08700002E2E5C460F
:108E400072656552544F535C7372635C74696D65EF
:108E500072732E63000000004572726F723A2573C0
:108E60002C25640D0A0000004001002000000000D5
:108E700000000000000000000000000000000000F2
:108E800000000000000000000000000000000000E2
:108E900000000000000000000000000000000000D2
:108EA00000000000000000000000000000000000C2
:108EB00000000000000000000000000000000000B2
:108EC00000000000000000000000000000000000A2
:108ED0000000000000000000000000000000000092
:108EE0000000000000000000000000000000000082
:108EF0000000000000000000000000000000000072
:108F00000000000000000000000000000000000061
:108F10000000000000000000000000000000000051
:108F20000000000000000000000000000000000041
:108F30000000000000000000000000000000000031
:108F40000000000000000000000000000000000021
:108F50000000000000000000000000000000000011
:108F60000000000000000000000000000000000001
:108F70000000020E1E7EFEFEFEF8E000000080E013
:108F8000F8FCFEFE7E1E0602001E1E1E1E1E1E1E7B
:108F9000FEFEFEFEFE1E1E1E1E1E1E1E0000000009
:108FA00000000000E0FCFEFE7EFEFEFEFCE0000095
:108FB000000000000000000000FEFEFEFEFE1E1E7F
:108FC0001E1E1E1E3EFEFCFCFCF8E0000000000021
:108FD000FEFEFEFEFE0000000080E0F0F8FEFE7ED9
:108FE0001E0E06020000000000000000000000004D
:108FF0000000000000000107CFFFFFFFFCFEFFFFA5
:10900000DF07030000000000000000000000000077
:10901000FFFFFFFFFF000000000000000000000055
:1090200000E0F8FFFFFF1F030000073FFFFFFFF80E
:10903000E00000000000000000FFFFFFFFFFF0F075
:10904000F0F0F0F8FCBFBF3F1F0F0300000000006E
:10905000FFFFFFFFFF70F8FEFFFFFFCF870100005B
:109060000000000000000000000000000000000000
:10907000000000C0E0F8FCFFFF3F0F0700030F3FB8
:10908000FFFFFEF8F0C0000000000000000000003C
:10909000FFFFFFFFFF000000000000000000C0F81D
:1090A000FFFFFF7F0F0F0F0F0F0F0F0F0F0F7FFF30
:1090B000FFFFF8C00000000000FFFFFFFFFF0000FF
:1090C000000101071F3FFFFFFEF8F0C00000000095
:1090D000FFFFFFFFFF000001070F1F3FFFFEFCF82F
:1090E000F0C0800000000000000000000000000050
:1090F000000203030303030300000000000000005C
:10910000000303030303030200000000000000004B
:109110000303030303000000000000000002030338
:109120000303030000000000000000000000000333
:109130000303030302000000000303030303000012
:10914000000000000000000303030303030200000B
:1091500003030303030000000000000000010303F9
:1091600003030303020000000000000000000000F1
:1091700000000000000000000000000000000000EF
:1091800000000000000000000000000000000000DF
:1091900000000000000000000000000000000000CF
:1091A00000000000000000000000000000000000BF
:1091B00000000000000000000000000000000000AF
:1091C000000000000000000000000000000000009F
:1091D000000000000000000000000000000000008F
:1091E000000000000000000000000000000000007F
:1091F000000000000000000000000000000000006F
:10920000000000000000000000000000000000005E
:10921000000000000000000000000000000000004E
:10922000000000000000000000000000000000003E
:10923000000000000000000000000000000000002E
:10924000000000000000000000000000000000001E
:10925000000000000000000000000000000000000E
:1092600000000000000000000000000000000000FE
:10927000000000000000000000000000000000F8F6
:1092800000000000000000333000000000100C0659
:10929000100C0600000000000000000040C07840F4
:1092A000C0784000043F04043F040400007088FCC0
:1092B00008300000001820FF211E0000F008F00018
:1092C000E018000000211C031E211E0000F0088889
:1092D000700000001E2123241927211010160E00F3
:1092E000000000000000000000000000000000E09E
:1092F00018040200000000071820400000020418B3
:10930000E00000000040201807000000404080F00E
:10931000804040000202010F01020200000000F044
:10932000000000000101011F010101000000000018
:109330000000000080B0700000000000000000008D
:109340000000000000010101010101010000000016
:1093500000000000003030000000000000000000AD
:1093600080601804006018060100000000E010088A
:109370000810E000000F102020100F00001010F85F
:10938000000000000020203F20200000007008089E
:10939000088870000030282422213000003008881E
:1093A000884830000018202020110E000000C02046
:1093B00010F8000000070424243F240000F8088867
:1093C000880808000019212020110E0000E01088F4
:1093D00088180000000F112020110E000038080826
:1093E000C83808000000003F000000000070880836
:1093F00008887000001C222121221C0000E01008B7
:109400000810E0000000312222110F00000000C00F
:10941000C0000000000000303000000000000080AC
:10942000000000000000806000000000000080409C
:1094300020100800000102040810200040404040B5
:109440004040400004040404040404000008102008
:10945000408000000020100804020100007048084D
:109460000808F0000000003036010000C030C828B5
:10947000E810E0000718272423140B000000C03870
:10948000E0000000203C23020227382008F88888EA
:1094900088700000203F202020110E00C0300808F6
:1094A00008083800071820202010080008F80808CD
:1094B0000810E000203F202020100F0008F88888C6
:1094C000E8081000203F20202320180008F8888892
:1094D000E8081000203F200003000000C03008080A
:1094E0000838000007182020221E020008F8080093
:1094F0000008F808203F210101213F20000808F85A
:10950000080800000020203F20200000000008087C
:10951000F8080800C08080807F00000008F888C03C
:1095200028180800203F20012638200008F80800ED
:1095300000000000203F20202020300008F8F80024
:10954000F8F80800203F003F003F200008F830C036
:109550000008F808203F200007183F00E010080826
:109560000810E0000F10202020100F0008F8080855
:109570000808F000203F210101010000E010080868
:109580000810E0000F18242438504F0008F888888D
:1095900088887000203F2000030C3020007088086D
:1095A000080838000038202121221C00180808F87B
:1095B000080818000000203F2000000008F80800FC
:1095C0000008F808001F202020201F0008788800CD
:1095D00000C83808000007380E010000F80800F83D
:1095E0000008F800033C0700073C030008186880E7
:1095F0008068180820302C03032C30200838C8005D
:10960000C83808000000203F2000000010080808AB
:10961000C83808002038262120201800000000FE4D
:10962000020202000000007F40404000000C30C0F9
:1096300000000000000000010638C0000002020225
:10964000FE000000004040407F00000000000402D7
:109650000202040000000000000000000000000002
:1096600000000000808080808080808000020204F2
:1096700000000000000000000000000000008080EA
:10968000808000000019242222223F2008F8008058
:1096900080000000003F112020110E00000000801B
:1096A00080800000000E11202020110000000080AA
:1096B0008088F800000E112020103F2000008080DC
:1096C00080800000001F222222221300008080F0F0
:1096D000888888180020203F20200000000080801B
:1096E00080808000006B94949493600008F8008060
:1096F00080800000203F210000203F2000809898BB
:10970000000000000020203F20200000000000801A
:109710009898000000C08080807F000008F800005A
:1097200080808000203F24022D302000000808F8AF
:10973000000000000020203F20200000808080806A
:1097400080808000203F20003F20003F80800080FC
:1097500080800000203F210000203F20000080800A
:1097600080800000001F202020201F0080800080BB
:109770008000000080FFA12020110E00000000806A
:1097800080808000000E112020A0FF80808080005B
:109790008080800020203F21200001000000808088
:1097A000808080000033242424241900008080E07D
:1097B000808000000000001F20200000808000004A
:1097C00000808000001F202020103F20808080002B
:1097D0000080808000010E3008060100808000803B
:1097E000008080800F300C030C300F000080800060
:1097F000808080000020312E0E312000808080008B
:109800000080808080818E7018060100008080803A
:10981000808080000021302C2221300000000000D8
:10982000807C020200000000003F40400000000079
:10983000FF00000000000000FF0000000002027CAA
:10984000800000000040403F0000000000060101D1
:1098500002020404000000000000000000000000FC
:1098600000000000002F00000000070007000014A7
:109870007F147F1400242A7F2A12006264081323B5
:1098800000364955225000000503000000001C224C
:109890004100000041221C000014083E081400088A
:1098A000083E0808000000A060000008080808083A
:1098B000000060600000002010080402003E5149D2
:1098C000453E0000427F4000004261514946002170
:1098D00041454B31001814127F100027454545398A
:1098E000003C4A49493000017109050300364949E5
:1098F000493600064949291E00003636000000009E
:1099000056360000000814224100001414141414E8
:109910000000412214080002015109060032495991
:10992000513E007C1211127C007F49494936003EAD
:1099300041414122007F4141221C007F4949494168
:10994000007F09090901003E4149497A007F080862
:10995000087F0000417F4100002040413F01007F1F
:1099600008142241007F40404040007F020C027FEB
:10997000007F0408107F003E4141413E007F0909FD
:109980000906003E4151215E007F09192946004623
:10999000494949310001017F0101003F4040403FFA
:1099A000001F2040201F003F4038403F0063140844
:1099B000146300070870080700615149454300001F
:1099C0007F41410000552A552A55000041417F0042
:1099D0000004020102040040404040400000010237
:1099E0000400002054545478007F48444438003820
:1099F0004444442000384444487F003854545418A8
:109A000000087E0901020018A4A4A47C007F0804B9
:109A100004780000447D4000004080847D00007F89
:109A2000102844000000417F4000007C04180478A6
:109A3000007C0804047800384444443800FC2424A2
:109A400024180018242418FC007C0804040800488A
:109A50005454542000043F444020003C4040207CAB
:109A6000001C2040201C003C4030403C004428109A
:109A70002844001CA0A0A07C004464544C4414144E
:109A80001414141401420000000000000000000043
:109A90004FBB610567ACDD3F182D4454FB21E93F06
:109AA0009BF681D20B73EF3F182D4454FB21F93FF5
:109AB000E2652F227F2B7A3C075C143326A6813C7B
:109AC000BDCBF07A8807703C075C143326A6913C26
:109AD000C4EB98999999C9BF711623FEC671BCBF92
:109AE0006D9A74AFF2B0B3BF9AFDDE522DDEADBFFA
:109AF0002F6C6A2C44B4A2BF0D5555555555D53F12
:109B0000FF8300922449C23F6E204CC5CD45B73F2C
:109B1000513DD0A0660DB13FEB0D76244B7BA93FA4
:109B200011DA22E33AAD903F00004054FB21F93FA7
:109B30003163621A61B4D03D0000601A61B4D03D57
:109B40007370032E8A19A33B0000002E8A19A33BD1
:109B5000C14920259A837B390000000000000000E5
:109B60006E83F9A22915444ED15727FCC0DD34F588
:109B7000999562DB4190433CAB6351FE61C5BBDE0E
:109B80003A6E24B7E0D24D42EA2E49061C92D10922
:109B90001CEB1DFE3EA729B1F53582E88444BB2E9F
:109BA00026709CE9417E5FB439D69139F4395383EC
:109BB0008B5F849C3B28F9BDFF97F81F0F9805DE4B
:109BC0008B112FEF1F6D0A5ACF7E366DB709CB2749
:109BD000663F464F2DEA5F9EC7BA27757BF1E5EBDE
:109BE000F739073DEA92528AB15FFB6B085D8D1F22
:109BF0007AFE10111111C13F37D60684F464963FE6
:109C0000280356C9226D6D3F0165F2F2D844433FE7
:109C1000A69237A0887E143F735360DBCB75F3BEEA
:109C2000FE41B31BBAA1AB3F93846EE9E326823FAA
:109C30001583E0FEC8DB573F68108D1AF726303FCA
:109C4000E9A7F0320FB8123FD47ABF74702AFB3EF6
:109C5000709C0008000000208C010000A40A00088D
:109C6000B09C00088C010020345B000008610008F3
:109C7000013E94A24A04091B0102030406070809D5
:109C80000746BC0284030101A3040F051D0405045B
:109C900005021801026C01D5AAAAAAAA9011010214
:109CA0000304010203040607080902040608000071
:0400000508000131BD
:00000001FF
